match_id,game_id,datetime,fold,role
580027,128049,2023-10-25 18:00:00,1,train
557633,115876,2023-10-25 20:00:00,1,train
557626,115874,2023-10-25 20:30:00,1,train
557626,115877,2023-10-25 20:30:00,1,train
557626,115878,2023-10-25 20:30:00,1,train
487656,115881,2023-10-26 12:00:00,1,train
487656,115882,2023-10-26 12:00:00,1,train
487656,115883,2023-10-26 12:00:00,1,train
588338,115879,2023-10-26 12:00:00,1,train
588338,115880,2023-10-26 12:00:00,1,train
589226,115884,2023-10-26 15:00:00,1,train
589226,115887,2023-10-26 15:00:00,1,train
566813,115886,2023-10-26 16:00:00,1,train
566813,115888,2023-10-26 16:00:00,1,train
566815,115885,2023-10-26 16:00:00,1,train
566815,115889,2023-10-26 16:00:00,1,train
589725,115892,2023-10-26 18:00:00,1,train
566812,115893,2023-10-26 19:00:00,1,train
566812,115895,2023-10-26 19:00:00,1,train
566812,115897,2023-10-26 19:00:00,1,train
566814,115894,2023-10-26 19:00:00,1,train
566814,115896,2023-10-26 19:00:00,1,train
585168,115898,2023-10-26 21:00:00,1,train
585168,115899,2023-10-26 21:00:00,1,train
585168,115900,2023-10-26 21:00:00,1,train
589049,115901,2023-10-27 11:00:00,1,train
589049,115902,2023-10-27 11:00:00,1,train
589049,115903,2023-10-27 11:00:00,1,train
593763,115905,2023-10-27 13:30:00,1,train
593763,115907,2023-10-27 13:30:00,1,train
589047,115904,2023-10-27 14:15:00,1,train
589047,115906,2023-10-27 14:15:00,1,train
589732,115908,2023-10-27 15:00:00,1,train
589732,115909,2023-10-27 15:00:00,1,train
589734,115910,2023-10-27 16:00:00,1,train
589734,115911,2023-10-27 16:00:00,1,train
589734,115914,2023-10-27 16:00:00,1,train
592593,115913,2023-10-27 16:30:00,1,train
592593,115916,2023-10-27 16:30:00,1,train
592593,115918,2023-10-27 16:30:00,1,train
589048,115912,2023-10-27 17:30:00,1,train
589048,115915,2023-10-27 17:30:00,1,train
589048,115921,2023-10-27 17:30:00,1,train
589731,115917,2023-10-27 19:00:00,1,train
589731,115920,2023-10-27 19:00:00,1,train
589731,115922,2023-10-27 19:00:00,1,train
589733,115919,2023-10-27 19:00:00,1,train
589733,115923,2023-10-27 19:00:00,1,train
589733,115927,2023-10-27 19:00:00,1,train
487653,115925,2023-10-27 20:00:00,1,train
589046,115924,2023-10-27 21:00:00,1,train
589046,115926,2023-10-27 21:00:00,1,train
557551,115928,2023-10-28 10:30:00,1,train
597061,115929,2023-10-28 11:00:00,1,train
597061,115931,2023-10-28 11:00:00,1,train
597060,115932,2023-10-28 14:00:00,1,train
597060,115933,2023-10-28 14:00:00,1,train
597060,115934,2023-10-28 14:00:00,1,train
593237,115937,2023-10-28 16:00:00,1,train
593237,115939,2023-10-28 16:00:00,1,train
593237,115941,2023-10-28 16:00:00,1,train
593332,115935,2023-10-28 16:00:00,1,train
593332,115936,2023-10-28 16:00:00,1,train
597458,115938,2023-10-28 17:00:00,1,train
597458,115940,2023-10-28 17:00:00,1,train
597458,115942,2023-10-28 17:00:00,1,train
593331,115943,2023-10-28 19:00:00,1,train
593331,115944,2023-10-28 19:00:00,1,train
593331,115948,2023-10-28 19:00:00,1,train
593236,115946,2023-10-28 19:30:00,1,train
593236,115950,2023-10-28 19:30:00,1,train
593236,115952,2023-10-28 19:30:00,1,train
597457,115945,2023-10-28 20:00:00,1,train
597457,115947,2023-10-28 20:00:00,1,train
601536,115953,2023-10-29 10:30:00,1,train
601536,115954,2023-10-29 10:30:00,1,train
601210,115955,2023-10-29 12:00:00,1,train
601210,115956,2023-10-29 12:00:00,1,train
601210,115957,2023-10-29 12:00:00,1,train
597261,115958,2023-10-29 17:00:00,1,train
597261,115960,2023-10-29 17:00:00,1,train
597261,115963,2023-10-29 17:00:00,1,train
597459,115959,2023-10-29 17:00:00,1,train
597459,115962,2023-10-29 17:00:00,1,train
597459,115965,2023-10-29 17:00:00,1,train
589045,115961,2023-10-29 18:00:00,1,train
589045,115964,2023-10-29 18:00:00,1,train
602151,115966,2023-10-29 20:00:00,1,train
602151,115968,2023-10-29 20:00:00,1,train
602151,115971,2023-10-29 20:00:00,1,train
602567,115967,2023-10-29 20:25:00,1,train
602567,115970,2023-10-29 20:25:00,1,train
602150,115969,2023-10-29 21:00:00,1,train
602150,115972,2023-10-29 21:00:00,1,train
589043,115973,2023-10-30 12:00:00,1,train
589043,115974,2023-10-30 12:00:00,1,train
589043,115975,2023-10-30 12:00:00,1,train
607261,115976,2023-10-30 14:00:00,1,train
607261,115978,2023-10-30 14:00:00,1,train
606592,115977,2023-10-30 15:00:00,1,train
606592,115979,2023-10-30 15:00:00,1,train
607260,115980,2023-10-30 17:00:00,1,train
607260,115982,2023-10-30 17:00:00,1,train
589042,115981,2023-10-30 18:00:00,1,train
589042,115983,2023-10-30 18:00:00,1,train
606591,115984,2023-10-30 21:30:00,1,train
606591,115986,2023-10-30 21:30:00,1,train
557650,115985,2023-10-30 22:00:00,1,train
609845,115987,2023-10-31 12:00:00,1,train
609845,115988,2023-10-31 12:00:00,1,train
609844,115989,2023-10-31 15:00:00,1,train
609844,115990,2023-10-31 15:00:00,1,train
609844,115992,2023-10-31 15:00:00,1,train
607263,115991,2023-10-31 17:00:00,1,train
607263,115993,2023-10-31 17:00:00,1,train
607262,115995,2023-10-31 20:00:00,1,train
607262,115998,2023-10-31 20:00:00,1,train
557637,116004,2023-10-31 21:00:00,1,train
557638,116005,2023-10-31 21:00:00,1,train
557639,116003,2023-10-31 21:00:00,1,train
557645,116001,2023-10-31 21:00:00,1,train
557645,116002,2023-10-31 21:00:00,1,train
557647,115997,2023-10-31 21:00:00,1,train
557647,115999,2023-10-31 21:00:00,1,train
557647,116006,2023-10-31 21:00:00,1,train
613289,115996,2023-10-31 21:10:00,1,train
613289,116000,2023-10-31 21:10:00,1,train
613289,116007,2023-10-31 21:10:00,1,train
557642,116008,2023-11-01 14:00:00,1,train
557642,116009,2023-11-01 14:00:00,1,train
557642,116010,2023-11-01 14:00:00,1,train
609846,116011,2023-11-01 17:00:00,1,train
609846,116012,2023-11-01 17:00:00,1,train
609846,116013,2023-11-01 17:00:00,1,train
613791,116014,2023-11-01 20:10:00,1,train
613791,116017,2023-11-01 20:10:00,1,train
613791,116018,2023-11-01 20:10:00,1,train
557623,116019,2023-11-01 21:00:00,1,train
557625,116015,2023-11-01 21:00:00,1,train
557632,116016,2023-11-01 21:00:00,1,train
618020,116020,2023-11-02 20:00:00,1,train
618020,116021,2023-11-02 20:00:00,1,train
618020,116022,2023-11-02 20:00:00,1,train
614391,116023,2023-11-03 12:00:00,1,train
614391,116024,2023-11-03 12:00:00,1,train
614389,116026,2023-11-03 18:10:00,1,train
614389,116027,2023-11-03 18:10:00,1,train
614388,116028,2023-11-03 21:00:00,1,train
614388,116029,2023-11-03 21:00:00,1,train
614388,116030,2023-11-03 21:00:00,1,train
614390,116025,2023-11-04 15:00:00,1,train
614390,116031,2023-11-04 15:00:00,1,train
624609,116032,2023-11-04 18:00:00,1,train
624609,116033,2023-11-04 18:00:00,1,train
624609,116034,2023-11-04 18:00:00,1,train
626378,116035,2023-11-04 21:30:00,1,train
626378,116036,2023-11-04 21:30:00,1,train
626378,116037,2023-11-04 21:30:00,1,train
627533,116038,2023-11-05 21:30:00,1,train
627533,116039,2023-11-05 21:30:00,1,train
630731,116040,2023-11-07 12:30:00,1,train
630731,116041,2023-11-07 12:30:00,1,train
630731,116042,2023-11-07 12:30:00,1,train
630728,116043,2023-11-07 15:30:00,1,train
625803,116048,2023-11-07 21:00:00,1,train
625805,116044,2023-11-07 21:00:00,1,train
625806,116045,2023-11-07 21:00:00,1,train
625809,116046,2023-11-07 21:00:00,1,train
625810,116047,2023-11-07 21:00:00,1,train
611950,116049,2023-11-08 08:30:00,1,train
640016,116050,2023-11-08 11:35:00,1,train
640016,116051,2023-11-08 11:35:00,1,train
640016,116053,2023-11-08 11:35:00,1,train
634158,116052,2023-11-08 12:30:00,1,train
634158,116054,2023-11-08 12:30:00,1,train
637705,116056,2023-11-08 15:30:00,1,train
637705,116057,2023-11-08 15:30:00,1,train
638391,116058,2023-11-08 18:30:00,1,train
638391,116059,2023-11-08 18:30:00,1,train
638391,116060,2023-11-08 18:30:00,1,train
638216,116066,2023-11-08 21:00:00,1,train
638216,116069,2023-11-08 21:00:00,1,train
638216,116074,2023-11-08 21:00:00,1,train
638217,116065,2023-11-08 21:00:00,1,train
638217,116072,2023-11-08 21:00:00,1,train
638217,116078,2023-11-08 21:00:00,1,train
638380,116064,2023-11-08 21:00:00,1,train
638380,116077,2023-11-08 21:00:00,1,train
638381,116061,2023-11-08 21:00:00,1,train
638381,116068,2023-11-08 21:00:00,1,train
638387,116063,2023-11-08 21:00:00,1,train
638387,116070,2023-11-08 21:00:00,1,train
638387,116075,2023-11-08 21:00:00,1,train
638557,116062,2023-11-08 21:00:00,1,train
638557,116071,2023-11-08 21:00:00,1,train
637062,116067,2023-11-08 21:30:00,1,train
637062,116073,2023-11-08 21:30:00,1,train
637062,116076,2023-11-08 21:30:00,1,train
611949,116079,2023-11-09 07:00:00,1,train
611948,116084,2023-11-09 08:30:00,1,train
644047,116085,2023-11-09 12:30:00,1,train
644047,116086,2023-11-09 12:30:00,1,train
644047,116087,2023-11-09 12:30:00,1,train
641382,116088,2023-11-09 14:30:00,1,train
641382,116090,2023-11-09 14:30:00,1,train
641382,116092,2023-11-09 14:30:00,1,train
644046,116089,2023-11-09 16:15:00,1,train
644046,116091,2023-11-09 16:15:00,1,train
642324,116093,2023-11-09 18:15:00,1,train
642324,116094,2023-11-09 18:15:00,1,train
645591,116095,2023-11-09 20:40:00,1,train
645591,116096,2023-11-09 20:40:00,1,train
645504,116097,2023-11-11 07:00:00,1,train
645504,116098,2023-11-11 07:00:00,1,train
645503,116099,2023-11-11 10:00:00,1,train
645503,116100,2023-11-11 10:00:00,1,train
645503,116101,2023-11-11 10:00:00,1,train
632665,116102,2023-11-11 17:55:00,1,train
632665,116103,2023-11-11 17:55:00,1,train
642313,116106,2023-11-11 21:00:00,1,train
642322,116104,2023-11-11 21:00:00,1,train
642322,116105,2023-11-11 21:00:00,1,train
650639,116107,2023-11-12 07:00:00,1,train
650639,116108,2023-11-12 07:00:00,1,train
650639,116109,2023-11-12 07:00:00,1,train
651309,116110,2023-11-12 10:30:00,1,train
651309,116111,2023-11-12 10:30:00,1,train
651309,116112,2023-11-12 10:30:00,1,train
655887,116113,2023-11-12 16:15:00,1,train
655887,116114,2023-11-12 16:15:00,1,train
632664,116115,2023-11-12 17:55:00,1,train
632664,116116,2023-11-12 17:55:00,1,train
625956,116117,2023-11-12 21:00:00,1,train
625956,116118,2023-11-12 21:00:00,1,train
625957,116119,2023-11-12 21:00:00,1,train
625957,116121,2023-11-12 21:00:00,1,train
625959,116122,2023-11-12 21:00:00,1,train
653253,116120,2023-11-12 21:00:00,1,train
653253,116123,2023-11-12 21:00:00,1,train
651571,116124,2023-11-13 13:30:00,1,train
651571,116125,2023-11-13 13:30:00,1,train
651571,116126,2023-11-13 13:30:00,1,train
651399,116127,2023-11-13 15:00:00,1,train
651570,116128,2023-11-13 16:30:00,1,train
651570,116129,2023-11-13 16:30:00,1,train
651570,116130,2023-11-13 16:30:00,1,train
656853,116132,2023-11-13 17:55:00,1,train
651398,116131,2023-11-13 18:00:00,1,train
651398,116133,2023-11-13 18:00:00,1,train
651398,116135,2023-11-13 18:00:00,1,train
651569,116134,2023-11-13 19:30:00,1,train
651569,116136,2023-11-13 19:30:00,1,train
651569,116137,2023-11-13 19:30:00,1,train
651568,116138,2023-11-13 23:00:00,1,train
651568,116139,2023-11-13 23:00:00,1,train
651568,116140,2023-11-13 23:00:00,1,train
662108,116141,2023-11-14 13:30:00,1,train
662108,116142,2023-11-14 13:30:00,1,train
662108,116144,2023-11-14 13:30:00,1,train
656852,116143,2023-11-14 14:55:00,1,train
656852,116145,2023-11-14 14:55:00,1,train
662109,116146,2023-11-14 17:00:00,1,train
662109,116149,2023-11-14 17:00:00,1,train
651396,116147,2023-11-14 18:00:00,1,train
651396,116148,2023-11-14 18:00:00,1,train
662110,116150,2023-11-14 20:00:00,1,train
662110,116151,2023-11-14 20:00:00,1,train
662111,116152,2023-11-14 22:30:00,1,train
662111,116153,2023-11-14 22:30:00,1,train
656430,116154,2023-11-15 13:30:00,1,train
656430,116155,2023-11-15 13:30:00,1,train
656430,116157,2023-11-15 13:30:00,1,train
651395,116156,2023-11-15 15:00:00,1,train
651395,116158,2023-11-15 15:00:00,1,train
660879,116159,2023-11-15 17:00:00,1,train
660879,116160,2023-11-15 17:00:00,1,train
657483,116161,2023-11-15 19:30:00,1,train
661959,116162,2023-11-15 22:30:00,1,train
664715,116164,2023-11-16 13:00:00,1,train
664715,116166,2023-11-16 13:00:00,1,train
664715,116169,2023-11-16 13:00:00,1,train
669660,116163,2023-11-16 13:30:00,1,train
669660,116165,2023-11-16 13:30:00,1,train
651393,116167,2023-11-16 15:00:00,1,train
651393,116168,2023-11-16 15:00:00,1,train
670527,116171,2023-11-16 16:30:00,1,train
664714,116170,2023-11-16 16:55:00,1,train
664714,116172,2023-11-16 16:55:00,1,train
664713,116174,2023-11-16 19:30:00,1,train
664713,116175,2023-11-16 19:30:00,1,train
669835,116173,2023-11-16 19:30:00,1,train
664712,116178,2023-11-16 22:00:00,1,train
673619,116176,2023-11-16 22:00:00,1,train
673619,116177,2023-11-16 22:00:00,1,train
671591,116179,2023-11-16 23:30:00,1,train
674022,116180,2023-11-17 10:30:00,1,train
674022,116181,2023-11-17 10:30:00,1,train
674023,116182,2023-11-17 10:30:00,1,train
674023,116183,2023-11-17 10:30:00,1,train
673567,116184,2023-11-17 13:00:00,1,train
673567,116185,2023-11-17 13:00:00,1,train
674356,116187,2023-11-17 13:30:00,1,train
674356,116188,2023-11-17 13:30:00,1,train
673566,116186,2023-11-17 14:10:00,1,train
673566,116189,2023-11-17 14:10:00,1,train
673566,116190,2023-11-17 14:10:00,1,train
676206,116191,2023-11-17 15:00:00,1,train
676206,116192,2023-11-17 15:00:00,1,train
673506,116193,2023-11-17 16:30:00,1,train
673506,116195,2023-11-17 16:30:00,1,train
674377,116194,2023-11-17 17:30:00,1,train
674377,116197,2023-11-17 17:30:00,1,train
674377,116200,2023-11-17 17:30:00,1,train
674833,116196,2023-11-17 17:30:00,1,train
674833,116199,2023-11-17 17:30:00,1,train
674487,116198,2023-11-17 19:00:00,1,train
670009,116201,2023-11-17 19:30:00,1,train
670009,116202,2023-11-17 19:30:00,1,train
670009,116203,2023-11-17 19:30:00,1,train
677665,116206,2023-11-17 22:00:00,1,train
670522,116207,2023-11-17 22:30:00,1,train
674486,116204,2023-11-17 23:00:00,1,train
674486,116205,2023-11-17 23:00:00,1,train
677273,116208,2023-11-18 10:30:00,1,train
677273,116209,2023-11-18 10:30:00,1,train
678440,116210,2023-11-18 17:00:00,1,train
681265,116211,2023-11-18 22:00:00,1,train
682582,116212,2023-11-19 17:00:00,1,train
682582,116214,2023-11-19 17:00:00,1,train
682582,116215,2023-11-19 17:00:00,1,train
682152,116213,2023-11-19 18:00:00,1,train
682152,116216,2023-11-19 18:00:00,1,train
684959,116217,2023-11-19 21:00:00,1,train
684959,116218,2023-11-19 21:00:00,1,train
678163,116220,2023-11-20 14:55:00,1,train
678163,116222,2023-11-20 14:55:00,1,train
685242,116223,2023-11-20 18:15:00,1,train
685242,116225,2023-11-20 18:15:00,1,train
685210,116224,2023-11-20 19:00:00,1,train
685210,116226,2023-11-20 19:00:00,1,train
688032,116227,2023-11-20 20:55:00,1,train
688032,116228,2023-11-20 20:55:00,1,train
679896,116229,2023-11-21 15:00:00,1,train
688340,116230,2023-11-21 17:55:00,1,train
688340,116232,2023-11-21 17:55:00,1,train
657209,116233,2023-11-21 21:00:00,1,train
657380,116231,2023-11-21 21:00:00,1,train
644620,116234,2023-11-22 12:00:00,1,train
644620,116235,2023-11-22 12:00:00,1,train
644619,116236,2023-11-22 14:10:00,1,train
644619,116238,2023-11-22 14:10:00,1,train
644619,116240,2023-11-22 14:10:00,1,train
679894,116237,2023-11-22 15:00:00,1,train
679894,116239,2023-11-22 15:00:00,1,train
644618,116241,2023-11-22 17:50:00,1,train
644618,116243,2023-11-22 17:50:00,1,train
679893,116242,2023-11-22 18:00:00,1,train
679893,116244,2023-11-22 18:00:00,1,train
644787,116245,2023-11-22 19:45:00,1,train
644787,116246,2023-11-22 19:45:00,1,train
694317,116247,2023-11-23 12:00:00,1,train
694317,116248,2023-11-23 12:00:00,1,train
694316,116249,2023-11-23 14:30:00,1,train
694316,116251,2023-11-23 14:30:00,1,train
694316,116253,2023-11-23 14:30:00,1,train
679892,116250,2023-11-23 15:00:00,1,train
679892,116252,2023-11-23 15:00:00,1,train
676202,116255,2023-11-23 18:00:00,1,train
676202,116257,2023-11-23 18:00:00,1,train
676202,116260,2023-11-23 18:00:00,1,train
679891,116254,2023-11-23 18:00:00,1,train
679891,116259,2023-11-23 18:00:00,1,train
695007,116256,2023-11-23 18:15:00,1,train
695007,116258,2023-11-23 18:15:00,1,train
695006,116261,2023-11-23 20:55:00,1,train
695006,116262,2023-11-23 20:55:00,1,train
695006,116264,2023-11-23 20:55:00,1,train
676204,116263,2023-11-23 21:00:00,1,train
676204,116265,2023-11-23 21:00:00,1,train
676200,116271,2023-11-24 12:00:00,1,train
676199,116272,2023-11-24 13:25:00,1,train
676198,116273,2023-11-24 14:50:00,1,train
676197,116274,2023-11-24 16:45:00,1,train
697699,116275,2023-11-24 17:30:00,1,train
697699,116278,2023-11-24 17:30:00,1,train
698192,116276,2023-11-24 18:00:00,1,train
698192,116279,2023-11-24 18:00:00,1,train
698192,116280,2023-11-24 18:00:00,1,train
699513,116277,2023-11-24 18:30:00,1,train
699860,116282,2023-11-24 20:00:00,1,train
698004,116281,2023-11-24 20:10:00,1,train
698004,116283,2023-11-24 20:10:00,1,train
698004,116286,2023-11-24 20:10:00,1,train
698605,116285,2023-11-24 21:30:00,1,train
699859,116284,2023-11-24 22:20:00,1,train
699859,116287,2023-11-24 22:20:00,1,train
699859,116288,2023-11-24 22:20:00,1,train
698604,116289,2023-11-24 23:00:00,1,train
698604,116290,2023-11-24 23:00:00,1,train
698604,116291,2023-11-24 23:00:00,1,train
698193,116292,2023-11-25 01:30:00,1,train
698193,116293,2023-11-25 01:30:00,1,train
698193,116294,2023-11-25 01:30:00,1,train
699512,116295,2023-11-25 12:00:00,1,train
699512,116296,2023-11-25 12:00:00,1,train
700790,116297,2023-11-25 14:35:00,1,train
700790,116298,2023-11-25 14:35:00,1,train
702291,116299,2023-11-25 17:15:00,1,train
702291,116301,2023-11-25 17:15:00,1,train
700107,116300,2023-11-25 17:30:00,1,train
700107,116302,2023-11-25 17:30:00,1,train
700107,116303,2023-11-25 17:30:00,1,train
701026,116304,2023-11-25 18:00:00,1,train
701381,116305,2023-11-25 21:30:00,1,train
701381,116307,2023-11-25 21:30:00,1,train
701381,116309,2023-11-25 21:30:00,1,train
700568,116306,2023-11-25 21:40:00,1,train
700568,116308,2023-11-25 21:40:00,1,train
700568,116310,2023-11-25 21:40:00,1,train
703259,116311,2023-11-26 01:00:00,1,train
703259,116312,2023-11-26 01:00:00,1,train
703471,116313,2023-11-26 03:30:00,1,train
703471,116314,2023-11-26 03:30:00,1,train
702946,116315,2023-11-26 11:00:00,1,train
702946,116316,2023-11-26 11:00:00,1,train
702946,116317,2023-11-26 11:00:00,1,train
702945,116318,2023-11-26 15:00:00,1,train
702945,116319,2023-11-26 15:00:00,1,train
702945,116320,2023-11-26 15:00:00,1,train
703484,116321,2023-11-26 19:00:00,1,train
703484,116322,2023-11-26 19:00:00,1,train
703893,116323,2023-11-26 21:20:00,1,train
703893,116324,2023-11-26 21:20:00,1,train
703893,116325,2023-11-26 21:20:00,1,train
700057,116328,2023-11-28 15:00:00,1,train
700057,116329,2023-11-28 15:00:00,1,train
700056,116330,2023-11-28 18:00:00,1,train
686700,116331,2023-11-29 14:00:00,1,train
700055,116333,2023-11-29 15:00:00,1,train
700055,116334,2023-11-29 15:00:00,1,train
686699,116332,2023-11-29 15:15:00,1,train
700054,116335,2023-11-29 18:00:00,1,train
700054,116337,2023-11-29 18:00:00,1,train
713239,116336,2023-11-29 18:00:00,1,train
713239,116338,2023-11-29 18:00:00,1,train
713239,116339,2023-11-29 18:00:00,1,train
713238,116340,2023-11-29 21:15:00,1,train
713238,116341,2023-11-29 21:15:00,1,train
713238,116342,2023-11-29 21:15:00,1,train
705447,116343,2023-11-30 13:30:00,1,train
705447,116345,2023-11-30 13:30:00,1,train
705447,116346,2023-11-30 13:30:00,1,train
686698,116344,2023-11-30 14:00:00,1,train
700053,116348,2023-11-30 15:00:00,1,train
686697,116347,2023-11-30 16:00:00,1,train
715731,116349,2023-11-30 18:00:00,1,train
715731,116350,2023-11-30 18:00:00,1,train
705443,116351,2023-11-30 19:30:00,1,train
705443,116352,2023-11-30 19:30:00,1,train
715730,116353,2023-11-30 20:30:00,1,train
715730,116354,2023-11-30 20:30:00,1,train
715730,116355,2023-11-30 20:30:00,1,train
705442,116356,2023-12-01 13:30:00,1,train
705442,116357,2023-12-01 13:30:00,1,train
705442,116358,2023-12-01 13:30:00,1,train
705446,116359,2023-12-01 16:30:00,1,train
705446,116361,2023-12-01 16:30:00,1,train
714117,116360,2023-12-01 17:00:00,1,train
714117,116362,2023-12-01 17:00:00,1,train
714117,116364,2023-12-01 17:00:00,1,train
710108,116363,2023-12-01 18:20:00,1,train
710108,116365,2023-12-01 18:20:00,1,train
705445,116366,2023-12-01 19:30:00,1,train
705445,116367,2023-12-01 19:30:00,1,train
716325,116368,2023-12-01 20:50:00,1,train
716325,116370,2023-12-01 20:50:00,1,train
710107,116369,2023-12-01 21:00:00,1,train
710107,116372,2023-12-01 21:00:00,1,train
712803,116371,2023-12-01 22:30:00,1,train
718350,116373,2023-12-02 16:30:00,1,train
718350,116375,2023-12-02 16:30:00,1,train
718273,116374,2023-12-02 17:00:00,1,train
718273,116376,2023-12-02 17:00:00,1,train
716310,116377,2023-12-02 19:30:00,1,train
716310,116380,2023-12-02 19:30:00,1,train
718274,116378,2023-12-02 20:00:00,1,train
718274,116379,2023-12-02 20:00:00,1,train
717650,116381,2023-12-02 22:30:00,1,train
717826,116382,2023-12-03 13:30:00,1,train
717826,116383,2023-12-03 13:30:00,1,train
718354,116384,2023-12-03 17:10:00,1,train
718354,116386,2023-12-03 17:10:00,1,train
720310,116385,2023-12-03 18:00:00,1,train
720310,116387,2023-12-03 18:00:00,1,train
720310,116389,2023-12-03 18:00:00,1,train
720310,116390,2023-12-03 18:00:00,1,train
717652,116388,2023-12-03 20:30:00,1,train
716311,116391,2023-12-03 22:30:00,1,train
716311,116392,2023-12-03 22:30:00,1,train
722448,116393,2023-12-04 13:30:00,1,train
722448,116394,2023-12-04 13:30:00,1,train
722448,116395,2023-12-04 13:30:00,1,train
722284,116397,2023-12-04 16:45:00,1,train
722284,116399,2023-12-04 16:45:00,1,train
722034,116400,2023-12-04 19:30:00,1,train
722034,116401,2023-12-04 19:30:00,1,train
722700,116402,2023-12-04 22:30:00,1,train
722700,116403,2023-12-04 22:30:00,1,train
722700,116404,2023-12-04 22:30:00,1,train
724305,116405,2023-12-05 13:30:00,1,train
724305,116407,2023-12-05 13:30:00,1,train
714458,116406,2023-12-05 14:15:00,1,train
714458,116408,2023-12-05 14:15:00,1,train
718164,116409,2023-12-05 15:00:00,1,train
718164,116411,2023-12-05 15:00:00,1,train
724676,116410,2023-12-05 16:30:00,1,train
724676,116412,2023-12-05 16:30:00,1,train
714457,116413,2023-12-05 17:25:00,1,train
714457,116414,2023-12-05 17:25:00,1,train
718163,116415,2023-12-05 18:15:00,1,train
718163,116416,2023-12-05 18:15:00,1,train
722282,116417,2023-12-05 19:30:00,1,train
665459,116418,2023-12-05 21:00:00,1,train
665459,116421,2023-12-05 21:00:00,1,train
718165,116419,2023-12-05 21:00:00,1,train
665456,116423,2023-12-05 22:00:00,1,train
722695,116420,2023-12-05 22:30:00,1,train
722695,116422,2023-12-05 22:30:00,1,train
714456,116424,2023-12-06 12:25:00,1,train
714456,116425,2023-12-06 12:25:00,1,train
714456,116427,2023-12-06 12:25:00,1,train
727022,116426,2023-12-06 13:30:00,1,train
727022,116428,2023-12-06 13:30:00,1,train
726727,116429,2023-12-06 16:30:00,1,train
726727,116431,2023-12-06 16:30:00,1,train
726727,116433,2023-12-06 16:30:00,1,train
714455,116430,2023-12-06 17:00:00,1,train
714455,116432,2023-12-06 17:00:00,1,train
718161,116434,2023-12-06 18:30:00,1,train
718161,116435,2023-12-06 18:30:00,1,train
718161,116438,2023-12-06 18:30:00,1,train
727021,116436,2023-12-06 19:30:00,1,train
727021,116437,2023-12-06 19:30:00,1,train
726930,116441,2023-12-06 21:00:00,1,train
726930,116444,2023-12-06 21:00:00,1,train
727033,116439,2023-12-06 21:00:00,1,train
727033,116443,2023-12-06 21:00:00,1,train
727033,116446,2023-12-06 21:00:00,1,train
727282,116440,2023-12-06 21:00:00,1,train
727282,116442,2023-12-06 21:00:00,1,train
727282,116445,2023-12-06 21:00:00,1,train
729100,116447,2023-12-07 12:00:00,1,train
729100,116448,2023-12-07 12:00:00,1,train
729555,116450,2023-12-07 15:00:00,1,train
729555,116451,2023-12-07 15:00:00,1,train
729555,116452,2023-12-07 15:00:00,1,train
726504,116449,2023-12-07 16:00:00,1,train
726504,116453,2023-12-07 16:00:00,1,train
726504,116456,2023-12-07 16:00:00,1,train
729554,116455,2023-12-07 18:00:00,1,train
729554,116457,2023-12-07 18:00:00,1,train
729783,116454,2023-12-07 18:00:00,1,train
729783,116458,2023-12-07 18:00:00,1,train
729783,116459,2023-12-07 18:00:00,1,train
729099,116460,2023-12-07 20:10:00,1,train
729099,116463,2023-12-07 20:10:00,1,train
729553,116466,2023-12-07 21:00:00,1,train
729673,116461,2023-12-07 21:00:00,1,train
729673,116464,2023-12-07 21:00:00,1,train
729674,116462,2023-12-07 21:00:00,1,train
729674,116465,2023-12-07 21:00:00,1,train
729675,116467,2023-12-07 21:00:00,1,train
721563,116468,2023-12-08 13:25:00,1,train
731974,116469,2023-12-08 16:10:00,1,train
731974,116470,2023-12-08 16:10:00,1,train
721561,116471,2023-12-08 17:00:00,1,train
733305,116472,2023-12-08 19:05:00,1,train
732062,116473,2023-12-08 21:15:00,1,train
732062,116476,2023-12-08 21:15:00,1,train
733533,116474,2023-12-08 22:00:00,1,train
733533,116475,2023-12-08 22:00:00,1,train
733242,116477,2023-12-09 14:30:00,1,train
733242,116480,2023-12-09 14:30:00,1,train
733782,116479,2023-12-09 16:00:00,1,train
733782,116482,2023-12-09 16:00:00,1,train
733929,116478,2023-12-09 16:00:00,1,train
733929,116481,2023-12-09 16:00:00,1,train
734026,116483,2023-12-09 21:00:00,1,train
734026,116484,2023-12-09 21:00:00,1,train
735354,116485,2023-12-10 12:00:00,1,train
735426,116486,2023-12-10 13:55:00,1,train
735426,116487,2023-12-10 13:55:00,1,train
735426,116488,2023-12-10 13:55:00,1,train
735426,116489,2023-12-10 13:55:00,1,train
735426,116490,2023-12-10 13:55:00,1,train
735864,116491,2023-12-10 21:00:00,1,train
734773,116495,2023-12-11 15:00:00,1,train
734773,116496,2023-12-11 15:00:00,1,train
734773,116497,2023-12-11 15:00:00,1,train
734771,116498,2023-12-11 21:00:00,1,train
734771,116499,2023-12-11 21:00:00,1,train
734771,116500,2023-12-11 21:00:00,1,train
739218,116501,2023-12-12 12:00:00,1,train
739218,116502,2023-12-12 12:00:00,1,train
738902,116503,2023-12-12 18:00:00,1,train
738902,116505,2023-12-12 18:00:00,1,train
738902,116507,2023-12-12 18:00:00,1,train
739488,116504,2023-12-12 18:00:00,1,train
738803,116506,2023-12-12 21:00:00,1,train
718511,116508,2023-12-13 09:00:00,1,train
718511,116509,2023-12-13 09:00:00,1,train
718510,116510,2023-12-13 11:25:00,1,train
718510,116511,2023-12-13 11:25:00,1,train
718509,116512,2023-12-13 13:35:00,1,train
718509,116513,2023-12-13 13:35:00,1,train
718508,116514,2023-12-13 16:10:00,1,train
718508,116515,2023-12-13 16:10:00,1,train
741744,116516,2023-12-13 18:00:00,1,train
743206,116517,2023-12-14 09:00:00,1,train
743206,116518,2023-12-14 09:00:00,1,train
743206,116519,2023-12-14 09:00:00,1,train
743205,116520,2023-12-14 12:00:00,1,train
743205,116521,2023-12-14 12:00:00,1,train
743698,116522,2023-12-14 14:30:00,1,train
743698,116523,2023-12-14 14:30:00,1,train
743697,116524,2023-12-14 16:30:00,1,train
743697,116525,2023-12-14 16:30:00,1,train
743697,116526,2023-12-14 16:30:00,1,train
745398,116527,2023-12-15 12:00:00,1,train
745398,116528,2023-12-15 12:00:00,1,train
745730,116529,2023-12-15 14:15:00,1,train
745730,116530,2023-12-15 14:15:00,1,train
745730,116531,2023-12-15 14:15:00,1,train
729299,116532,2023-12-15 18:00:00,1,train
729298,116533,2023-12-15 19:50:00,1,train
729300,116534,2023-12-15 21:10:00,1,train
729301,116535,2023-12-15 22:40:00,1,train
747512,116536,2023-12-16 00:30:00,1,train
746971,116537,2023-12-16 14:30:00,1,train
746971,116538,2023-12-16 14:30:00,1,train
747276,116539,2023-12-16 17:30:00,1,train
747276,116541,2023-12-16 17:30:00,1,train
747511,116542,2023-12-16 18:00:00,1,train
748298,116543,2023-12-16 20:45:00,1,train
748298,116544,2023-12-16 20:45:00,1,train
749416,116545,2023-12-16 23:15:00,1,train
749416,116546,2023-12-16 23:15:00,1,train
749339,116547,2023-12-17 17:00:00,1,train
749339,116549,2023-12-17 17:00:00,1,train
749770,116548,2023-12-17 17:00:00,1,train
749770,116550,2023-12-17 17:00:00,1,train
749769,116551,2023-12-17 19:45:00,1,train
749769,116552,2023-12-17 19:45:00,1,train
749769,116553,2023-12-17 19:45:00,1,train
751439,116554,2023-12-18 00:15:00,1,train
751439,116555,2023-12-18 00:15:00,1,train
759392,116558,2023-12-27 16:30:00,1,train
759392,116559,2023-12-27 16:30:00,1,train
759391,116560,2023-12-27 19:45:00,1,train
759391,116561,2023-12-27 19:45:00,1,train
759391,116562,2023-12-27 19:45:00,1,train
762276,116563,2023-12-28 13:00:00,1,train
762276,116564,2023-12-28 13:00:00,1,train
762276,116565,2023-12-28 13:00:00,1,train
762528,116566,2023-12-28 18:00:00,1,train
762528,116567,2023-12-28 18:00:00,1,train
763322,116568,2023-12-29 13:00:00,1,train
762527,116569,2023-12-29 15:30:00,1,train
762527,116570,2023-12-29 15:30:00,1,train
762527,116571,2023-12-29 15:30:00,1,train
764514,116572,2023-12-30 13:00:00,1,train
764514,116573,2023-12-30 13:00:00,1,train
765392,116574,2023-12-30 18:00:00,1,train
765392,116575,2023-12-30 18:00:00,1,train
778713,116579,2024-01-11 18:00:00,1,train
778715,116578,2024-01-11 18:00:00,1,train
778716,116580,2024-01-11 18:00:00,1,train
778717,116576,2024-01-11 18:00:00,1,train
778766,116577,2024-01-11 18:00:00,1,train
780414,116584,2024-01-13 05:00:00,1,train
780415,116583,2024-01-13 05:00:00,1,train
780416,116582,2024-01-13 05:00:00,1,train
780410,116587,2024-01-13 06:00:00,1,train
780411,116585,2024-01-13 06:00:00,1,train
780412,116586,2024-01-13 06:00:00,1,train
780413,116588,2024-01-13 06:00:00,1,train
781003,116589,2024-01-13 16:30:00,1,train
781057,116591,2024-01-13 18:00:00,1,train
781060,116590,2024-01-13 18:00:00,1,train
790966,116593,2024-01-18 19:05:00,1,train
790976,116592,2024-01-18 19:15:00,1,train
794080,116596,2024-01-18 22:00:00,1,train
794081,116597,2024-01-18 22:00:00,1,train
794083,116598,2024-01-18 22:00:00,1,train
794088,116595,2024-01-18 22:00:00,1,train
794090,116594,2024-01-18 22:00:00,1,train
794092,116599,2024-01-18 22:00:00,1,train
792766,116604,2024-01-19 02:00:00,1,train
792768,116602,2024-01-19 02:00:00,1,train
792769,116601,2024-01-19 02:00:00,1,train
781521,116606,2024-01-19 08:00:00,1,train
781520,116605,2024-01-19 09:00:00,1,train
794641,116608,2024-01-19 18:00:00,1,train
794642,116607,2024-01-19 18:00:00,1,train
794644,116609,2024-01-19 18:00:00,1,train
794645,116611,2024-01-19 18:00:00,1,train
794647,116610,2024-01-19 18:00:00,1,train
794635,116614,2024-01-19 19:15:00,1,train
794635,116616,2024-01-19 19:15:00,1,train
794635,116625,2024-01-19 19:15:00,1,train
794636,116612,2024-01-19 19:15:00,1,train
794636,116615,2024-01-19 19:15:00,1,train
794636,116618,2024-01-19 19:15:00,1,train
794639,116613,2024-01-19 19:15:00,1,train
794639,116617,2024-01-19 19:15:00,1,train
787191,116621,2024-01-19 22:00:00,1,train
787192,116622,2024-01-19 22:00:00,1,train
794633,116624,2024-01-19 22:00:00,1,train
794633,116630,2024-01-19 22:00:00,1,train
794637,116619,2024-01-19 22:10:00,1,train
794637,116628,2024-01-19 22:10:00,1,train
794638,116623,2024-01-19 22:10:00,1,train
794638,116631,2024-01-19 22:10:00,1,train
787187,116629,2024-01-19 23:10:00,1,train
787188,116634,2024-01-20 01:00:00,1,train
787190,116633,2024-01-20 01:00:00,1,train
795943,116635,2024-01-20 08:00:00,1,train
795943,116636,2024-01-20 08:00:00,1,train
795995,116637,2024-01-20 08:00:00,1,train
795995,116638,2024-01-20 08:00:00,1,train
796377,116643,2024-01-20 11:00:00,1,train
796377,116649,2024-01-20 11:00:00,1,train
796378,116641,2024-01-20 11:00:00,1,train
796378,116647,2024-01-20 11:00:00,1,train
796378,116648,2024-01-20 11:00:00,1,train
796381,116640,2024-01-20 11:00:00,1,train
796381,116645,2024-01-20 11:00:00,1,train
796508,116642,2024-01-20 11:00:00,1,train
796508,116646,2024-01-20 11:00:00,1,train
796508,116650,2024-01-20 11:00:00,1,train
798969,116639,2024-01-20 11:00:00,1,train
798969,116644,2024-01-20 11:00:00,1,train
797873,116655,2024-01-20 15:00:00,1,train
797873,116661,2024-01-20 15:00:00,1,train
797873,116665,2024-01-20 15:00:00,1,train
797874,116652,2024-01-20 15:00:00,1,train
797874,116656,2024-01-20 15:00:00,1,train
797879,116653,2024-01-20 15:00:00,1,train
797879,116658,2024-01-20 15:00:00,1,train
797880,116651,2024-01-20 15:00:00,1,train
797880,116660,2024-01-20 15:00:00,1,train
797881,116654,2024-01-20 15:00:00,1,train
797881,116657,2024-01-20 15:00:00,1,train
799496,116659,2024-01-20 15:30:00,1,train
799496,116662,2024-01-20 15:30:00,1,train
797870,116664,2024-01-20 18:00:00,1,train
797870,116669,2024-01-20 18:00:00,1,train
797872,116666,2024-01-20 18:00:00,1,train
797872,116671,2024-01-20 18:00:00,1,train
797876,116667,2024-01-20 18:05:00,1,train
797876,116670,2024-01-20 18:05:00,1,train
797878,116668,2024-01-20 18:05:00,1,train
797878,116672,2024-01-20 18:05:00,1,train
800315,116674,2024-01-20 21:20:00,1,train
800316,116673,2024-01-20 21:20:00,1,train
800317,116675,2024-01-20 21:20:00,1,train
800317,116676,2024-01-20 21:20:00,1,train
799131,116678,2024-01-21 02:00:00,1,train
799132,116677,2024-01-21 02:00:00,1,train
796253,116680,2024-01-21 06:00:00,1,train
799363,116679,2024-01-21 06:00:00,1,train
799363,116681,2024-01-21 06:00:00,1,train
796336,116682,2024-01-21 08:00:00,1,train
796336,116683,2024-01-21 08:00:00,1,train
799585,116684,2024-01-21 11:00:00,1,train
799585,116685,2024-01-21 11:00:00,1,train
800038,116686,2024-01-21 12:00:00,1,train
800038,116689,2024-01-21 12:00:00,1,train
802131,116687,2024-01-21 12:00:00,1,train
802131,116688,2024-01-21 12:00:00,1,train
802329,116690,2024-01-21 14:00:00,1,train
802329,116691,2024-01-21 14:00:00,1,train
802329,116692,2024-01-21 14:00:00,1,train
801291,116695,2024-01-21 16:00:00,1,train
801292,116693,2024-01-21 16:00:00,1,train
801292,116694,2024-01-21 16:00:00,1,train
802166,116696,2024-01-21 20:00:00,1,train
802162,116701,2024-01-21 23:00:00,1,train
802162,116702,2024-01-21 23:00:00,1,train
802163,116697,2024-01-21 23:00:00,1,train
802164,116698,2024-01-21 23:00:00,1,train
802164,116699,2024-01-21 23:00:00,1,train
802164,116700,2024-01-21 23:00:00,1,train
805127,116703,2024-01-22 13:15:00,1,train
805127,116707,2024-01-22 13:15:00,1,train
805127,116709,2024-01-22 13:15:00,1,train
805128,116704,2024-01-22 13:15:00,1,train
805128,116705,2024-01-22 13:15:00,1,train
787382,116706,2024-01-22 14:00:00,1,train
787382,116708,2024-01-22 14:00:00,1,train
787381,116710,2024-01-22 15:50:00,1,train
787381,116711,2024-01-22 15:50:00,1,train
787384,116712,2024-01-22 18:30:00,1,train
787384,116713,2024-01-22 18:30:00,1,train
787383,116715,2024-01-22 20:25:00,1,train
805765,116716,2024-01-23 08:30:00,1,train
805765,116717,2024-01-23 08:30:00,1,train
805765,116718,2024-01-23 08:30:00,1,train
806178,116719,2024-01-23 14:00:00,1,train
806178,116720,2024-01-23 14:00:00,1,train
806178,116721,2024-01-23 14:00:00,1,train
806177,116722,2024-01-23 17:40:00,1,train
806177,116723,2024-01-23 17:40:00,1,train
806778,116724,2024-01-23 19:30:00,1,train
806778,116725,2024-01-23 19:30:00,1,train
806778,116726,2024-01-23 19:30:00,1,train
806777,116727,2024-01-23 22:50:00,1,train
806777,116728,2024-01-23 22:50:00,1,train
787380,116729,2024-01-24 14:00:00,1,train
787380,116730,2024-01-24 14:00:00,1,train
787379,116731,2024-01-24 16:35:00,1,train
787379,116732,2024-01-24 16:35:00,1,train
787379,116733,2024-01-24 16:35:00,1,train
787378,116734,2024-01-24 20:00:00,1,train
787378,116735,2024-01-24 20:00:00,1,train
787377,116736,2024-01-24 22:15:00,1,train
787377,116737,2024-01-24 22:15:00,1,train
812850,116738,2024-01-25 14:00:00,1,train
812850,116739,2024-01-25 14:00:00,1,train
812849,116740,2024-01-25 16:10:00,1,train
812849,116741,2024-01-25 16:10:00,1,train
813406,116742,2024-01-25 18:30:00,1,train
813406,116743,2024-01-25 18:30:00,1,train
813406,116744,2024-01-25 18:30:00,1,train
813405,116745,2024-01-25 22:00:00,1,train
813405,116746,2024-01-25 22:00:00,1,train
813405,116747,2024-01-25 22:00:00,1,train
810096,116748,2024-01-26 14:00:00,1,train
810096,116749,2024-01-26 14:00:00,1,train
810096,116750,2024-01-26 14:00:00,1,train
809464,116751,2024-01-26 17:30:00,1,train
809464,116752,2024-01-26 17:30:00,1,train
815409,116753,2024-01-26 19:45:00,1,train
815409,116754,2024-01-26 19:45:00,1,train
815409,116755,2024-01-26 19:45:00,1,train
816384,116756,2024-01-26 23:00:00,1,train
816384,116757,2024-01-26 23:00:00,1,train
818252,116758,2024-01-27 14:00:00,1,train
818252,116759,2024-01-27 14:00:00,1,train
818252,116760,2024-01-27 14:00:00,1,train
818472,116761,2024-01-27 17:25:00,1,train
818472,116762,2024-01-27 17:25:00,1,train
818886,116763,2024-01-27 19:30:00,1,train
818886,116764,2024-01-27 19:30:00,1,train
819092,116765,2024-01-27 21:40:00,1,train
819092,116766,2024-01-27 21:40:00,1,train
821411,116767,2024-01-28 16:30:00,1,train
821411,116768,2024-01-28 16:30:00,1,train
821411,116769,2024-01-28 16:30:00,1,train
821095,116770,2024-01-28 20:30:00,1,train
821095,116771,2024-01-28 20:30:00,1,train
822509,116772,2024-01-29 17:00:00,1,train
822509,116773,2024-01-29 17:00:00,1,train
822508,116774,2024-01-30 14:00:00,1,train
822508,116775,2024-01-30 14:00:00,1,train
826771,116778,2024-01-30 20:00:00,1,train
822506,116779,2024-01-31 14:00:00,1,train
822505,116780,2024-01-31 17:00:00,1,train
822505,116782,2024-01-31 17:00:00,1,train
822505,116783,2024-01-31 17:00:00,1,train
800026,116781,2024-01-31 17:30:00,1,train
800025,116784,2024-01-31 18:45:00,1,train
800023,116785,2024-01-31 19:55:00,1,train
800022,116786,2024-01-31 20:00:00,1,train
800024,116787,2024-01-31 20:45:00,1,train
800021,116788,2024-01-31 21:00:00,1,train
831944,116789,2024-01-31 22:10:00,1,train
831944,116790,2024-01-31 22:10:00,1,train
831944,116791,2024-01-31 22:10:00,1,train
822504,116794,2024-02-01 14:00:00,1,train
822504,116795,2024-02-01 14:00:00,1,train
822504,116796,2024-02-01 14:00:00,1,train
832380,116793,2024-02-01 15:30:00,1,train
832380,116798,2024-02-01 15:30:00,1,train
832380,116800,2024-02-01 15:30:00,1,train
832381,116792,2024-02-01 15:30:00,1,train
832381,116797,2024-02-01 15:30:00,1,train
822503,116799,2024-02-01 17:00:00,1,train
822503,116801,2024-02-01 17:00:00,1,train
822503,116802,2024-02-01 17:00:00,1,train
832377,116803,2024-02-01 18:45:00,1,train
832377,116804,2024-02-01 18:45:00,1,train
832378,116805,2024-02-01 21:30:00,1,train
832378,116806,2024-02-01 21:30:00,1,train
832378,116809,2024-02-01 21:30:00,1,train
831943,116807,2024-02-01 22:30:00,1,train
831943,116808,2024-02-01 22:30:00,1,train
835097,116810,2024-02-02 18:30:00,1,train
835097,116812,2024-02-02 18:30:00,1,train
835097,116814,2024-02-02 18:30:00,1,train
835283,116811,2024-02-02 18:30:00,1,train
835283,116813,2024-02-02 18:30:00,1,train
835283,116815,2024-02-02 18:30:00,1,train
835282,116816,2024-02-02 22:00:00,1,train
835282,116817,2024-02-02 22:00:00,1,train
835282,116818,2024-02-02 22:00:00,1,train
837314,116820,2024-02-03 15:30:00,1,train
837314,116822,2024-02-03 15:30:00,1,train
837314,116823,2024-02-03 15:30:00,1,train
837316,116819,2024-02-03 15:30:00,1,train
837316,116821,2024-02-03 15:30:00,1,train
837315,116824,2024-02-03 19:25:00,1,train
837315,116825,2024-02-03 19:25:00,1,train
837315,116827,2024-02-03 19:25:00,1,train
837661,116826,2024-02-03 21:30:00,1,train
837661,116828,2024-02-03 21:30:00,1,train
837660,116829,2024-02-03 23:00:00,1,train
837660,116830,2024-02-03 23:00:00,1,train
837660,116831,2024-02-03 23:00:00,1,train
837313,116832,2024-02-04 15:30:00,1,train
837313,116834,2024-02-04 15:30:00,1,train
837659,116833,2024-02-04 15:30:00,1,train
837659,116835,2024-02-04 15:30:00,1,train
839543,116837,2024-02-04 18:30:00,1,train
839541,116838,2024-02-04 19:30:00,1,train
839541,116839,2024-02-04 19:30:00,1,train
839541,116840,2024-02-04 19:30:00,1,train
839270,116841,2024-02-04 23:00:00,1,train
839270,116842,2024-02-04 23:00:00,1,train
839270,116843,2024-02-04 23:00:00,1,train
839723,116847,2024-02-05 15:30:00,1,train
839723,116849,2024-02-05 15:30:00,1,train
839723,116850,2024-02-05 15:30:00,1,train
841470,116846,2024-02-05 15:30:00,1,train
841470,116848,2024-02-05 15:30:00,1,train
841469,116853,2024-02-05 18:30:00,1,train
839722,116852,2024-02-05 19:30:00,1,train
839722,116854,2024-02-05 19:30:00,1,train
841904,116855,2024-02-05 21:30:00,1,train
841904,116859,2024-02-05 21:30:00,1,train
841734,116856,2024-02-05 21:45:00,1,train
841734,116858,2024-02-05 21:45:00,1,train
841734,116860,2024-02-05 21:45:00,1,train
844176,116862,2024-02-06 15:30:00,1,train
844176,116865,2024-02-06 15:30:00,1,train
844329,116861,2024-02-06 15:30:00,1,train
844329,116864,2024-02-06 15:30:00,1,train
844329,116866,2024-02-06 15:30:00,1,train
837895,116867,2024-02-06 17:00:00,1,train
837895,116870,2024-02-06 17:00:00,1,train
842070,116868,2024-02-06 18:30:00,1,train
842070,116871,2024-02-06 18:30:00,1,train
844897,116869,2024-02-06 18:30:00,1,train
844897,116872,2024-02-06 18:30:00,1,train
844328,116873,2024-02-06 21:30:00,1,train
844328,116875,2024-02-06 21:30:00,1,train
847132,116874,2024-02-06 21:30:00,1,train
847132,116876,2024-02-06 21:30:00,1,train
837894,116877,2024-02-07 14:00:00,1,train
837894,116878,2024-02-07 14:00:00,1,train
837893,116879,2024-02-07 17:00:00,1,train
837893,116880,2024-02-07 17:00:00,1,train
837893,116881,2024-02-07 17:00:00,1,train
837892,116882,2024-02-08 14:00:00,1,train
837892,116883,2024-02-08 14:00:00,1,train
837891,116886,2024-02-08 17:30:00,1,train
837891,116890,2024-02-08 17:30:00,1,train
851025,116884,2024-02-08 17:30:00,1,train
851025,116888,2024-02-08 17:30:00,1,train
851026,116887,2024-02-08 17:30:00,1,train
851026,116891,2024-02-08 17:30:00,1,train
851027,116885,2024-02-08 17:30:00,1,train
851027,116889,2024-02-08 17:30:00,1,train
854449,116892,2024-02-08 21:30:00,1,train
854449,116894,2024-02-08 21:30:00,1,train
854449,116896,2024-02-08 21:30:00,1,train
854451,116893,2024-02-08 21:30:00,1,train
854452,116895,2024-02-08 21:30:00,1,train
849274,116897,2024-02-09 16:00:00,1,train
855147,116898,2024-02-09 17:30:00,1,train
847918,116899,2024-02-09 18:15:00,1,train
847918,116900,2024-02-09 18:15:00,1,train
847919,116901,2024-02-09 21:30:00,1,train
847919,116904,2024-02-09 21:30:00,1,train
847919,116905,2024-02-09 21:30:00,1,train
855148,116903,2024-02-09 21:30:00,1,train
857715,116902,2024-02-09 21:30:00,1,train
849272,116906,2024-02-10 16:00:00,1,train
858102,116908,2024-02-10 17:30:00,1,train
858102,116910,2024-02-10 17:30:00,1,train
857776,116907,2024-02-10 18:15:00,1,train
857776,116909,2024-02-10 18:15:00,1,train
858291,116911,2024-02-10 21:30:00,1,train
858291,116912,2024-02-10 21:30:00,1,train
861321,116913,2024-02-10 23:00:00,1,train
861529,116915,2024-02-11 19:00:00,1,train
861529,116916,2024-02-11 19:00:00,1,train
861529,116918,2024-02-11 19:00:00,1,train
862188,116917,2024-02-11 19:30:00,1,train
864737,116919,2024-02-11 22:00:00,1,train
864737,116920,2024-02-11 22:00:00,1,train
864737,116921,2024-02-11 22:00:00,1,train
849621,116923,2024-02-14 14:00:00,1,train
849622,116922,2024-02-14 14:00:00,1,train
849619,116924,2024-02-14 15:00:00,1,train
849618,116925,2024-02-14 16:00:00,1,train
849615,116927,2024-02-14 17:15:00,1,train
877145,116928,2024-02-14 19:00:00,1,train
877146,116929,2024-02-14 19:00:00,1,train
877142,116930,2024-02-14 20:40:00,1,train
877139,116931,2024-02-14 21:40:00,1,train
877141,116932,2024-02-14 22:10:00,1,train
878398,116934,2024-02-15 14:00:00,1,train
878396,116935,2024-02-15 14:55:00,1,train
878395,116936,2024-02-15 16:15:00,1,train
878395,116938,2024-02-15 16:15:00,1,train
878394,116937,2024-02-15 16:25:00,1,train
878394,116939,2024-02-15 16:25:00,1,train
878393,116940,2024-02-15 18:35:00,1,train
878393,116943,2024-02-15 18:35:00,1,train
878392,116941,2024-02-15 18:40:00,1,train
878392,116942,2024-02-15 18:40:00,1,train
878392,116944,2024-02-15 18:40:00,1,train
882161,116945,2024-02-16 14:00:00,1,train
882161,116946,2024-02-16 14:00:00,1,train
882161,116947,2024-02-16 14:00:00,1,train
882159,116949,2024-02-16 16:40:00,1,train
882159,116950,2024-02-16 16:40:00,1,train
882160,116948,2024-02-16 17:00:00,1,train
882160,116951,2024-02-16 17:00:00,1,train
882160,116952,2024-02-16 17:00:00,1,train
885878,116955,2024-02-17 14:00:00,1,train
885878,116956,2024-02-17 14:00:00,1,train
885878,116957,2024-02-17 14:00:00,1,train
885877,116958,2024-02-17 17:25:00,1,train
885877,116959,2024-02-17 17:25:00,1,train
889069,116960,2024-02-18 16:00:00,1,train
889068,116961,2024-02-18 19:00:00,1,train
853203,116963,2024-02-19 14:00:00,1,train
853204,116962,2024-02-19 14:00:00,1,train
853202,116964,2024-02-19 14:50:00,1,train
853201,116965,2024-02-19 15:10:00,1,train
853199,116966,2024-02-19 15:35:00,1,train
853200,116967,2024-02-19 16:15:00,1,train
853198,116968,2024-02-19 16:25:00,1,train
853197,116969,2024-02-19 17:20:00,1,train
894207,116971,2024-02-19 20:30:00,1,train
894208,116970,2024-02-19 20:30:00,1,train
894034,116973,2024-02-19 21:40:00,1,train
894206,116972,2024-02-19 21:40:00,1,train
894033,116974,2024-02-19 22:45:00,1,train
894993,116975,2024-02-20 14:00:00,1,train
894994,116976,2024-02-20 14:00:00,1,train
894991,116977,2024-02-20 15:00:00,1,train
894992,116978,2024-02-20 15:00:00,1,train
894989,116979,2024-02-20 16:20:00,1,train
894989,116981,2024-02-20 16:20:00,1,train
894989,116983,2024-02-20 16:20:00,1,train
894990,116980,2024-02-20 16:25:00,1,train
894990,116982,2024-02-20 16:25:00,1,train
894990,116984,2024-02-20 16:25:00,1,train
894987,116985,2024-02-20 19:20:00,1,train
894987,116987,2024-02-20 19:20:00,1,train
894988,116986,2024-02-20 19:45:00,1,train
894988,116988,2024-02-20 19:45:00,1,train
894988,116989,2024-02-20 19:45:00,1,train
898159,116991,2024-02-21 14:00:00,1,train
898159,116993,2024-02-21 14:00:00,1,train
898159,116995,2024-02-21 14:00:00,1,train
898160,116990,2024-02-21 14:00:00,1,train
898160,116992,2024-02-21 14:00:00,1,train
898160,116994,2024-02-21 14:00:00,1,train
898158,116996,2024-02-21 17:00:00,1,train
898158,116998,2024-02-21 17:00:00,1,train
898157,116997,2024-02-21 17:40:00,1,train
898157,116999,2024-02-21 17:40:00,1,train
898155,117000,2024-02-21 19:00:00,1,train
898155,117003,2024-02-21 19:00:00,1,train
898156,117001,2024-02-21 19:30:00,1,train
898156,117002,2024-02-21 19:30:00,1,train
901929,117004,2024-02-22 14:00:00,1,train
901929,117005,2024-02-22 14:00:00,1,train
901928,117006,2024-02-22 19:00:00,1,train
901928,117007,2024-02-22 19:00:00,1,train
904917,117008,2024-02-23 14:00:00,1,train
904917,117009,2024-02-23 14:00:00,1,train
904916,117010,2024-02-23 16:20:00,1,train
904916,117011,2024-02-23 16:20:00,1,train
904915,117012,2024-02-23 18:25:00,1,train
904915,117013,2024-02-23 18:25:00,1,train
908532,117014,2024-02-24 02:30:00,1,train
908532,117015,2024-02-24 02:30:00,1,train
908532,117016,2024-02-24 02:30:00,1,train
908100,117017,2024-02-24 14:00:00,1,train
908100,117018,2024-02-24 14:00:00,1,train
910831,117019,2024-02-24 16:50:00,1,train
910831,117020,2024-02-24 16:50:00,1,train
910831,117021,2024-02-24 16:50:00,1,train
858555,117022,2024-02-26 14:00:00,1,train
858555,117023,2024-02-26 14:00:00,1,train
917106,117026,2024-02-26 22:00:00,1,train
917106,117027,2024-02-26 22:00:00,1,train
916250,117028,2024-02-27 05:00:00,1,train
916250,117029,2024-02-27 05:00:00,1,train
916645,117030,2024-02-27 08:00:00,1,train
916645,117031,2024-02-27 08:00:00,1,train
858553,117032,2024-02-27 14:00:00,1,train
858553,117033,2024-02-27 14:00:00,1,train
920689,117034,2024-02-27 14:00:00,1,train
920689,117035,2024-02-27 14:00:00,1,train
917104,117036,2024-02-27 22:00:00,1,train
917104,117037,2024-02-27 22:00:00,1,train
916982,117038,2024-02-28 05:00:00,1,train
916982,117039,2024-02-28 05:00:00,1,train
921537,117040,2024-02-28 08:00:00,1,train
921537,117041,2024-02-28 08:00:00,1,train
924485,117042,2024-02-28 11:00:00,1,train
924485,117043,2024-02-28 11:00:00,1,train
924485,117044,2024-02-28 11:00:00,1,train
858550,117045,2024-02-28 17:00:00,1,train
858550,117046,2024-02-28 17:00:00,1,train
858550,117047,2024-02-28 17:00:00,1,train
923736,117048,2024-02-28 19:00:00,1,train
923736,117049,2024-02-28 19:00:00,1,train
926163,117050,2024-02-28 21:30:00,1,train
907491,117051,2024-02-29 13:00:00,1,train
858549,117052,2024-02-29 14:00:00,1,train
858549,117053,2024-02-29 14:00:00,1,train
907489,117054,2024-02-29 16:00:00,1,train
858548,117056,2024-02-29 17:00:00,1,train
858548,117057,2024-02-29 17:00:00,1,train
858548,117059,2024-02-29 17:00:00,1,train
926742,117055,2024-02-29 17:30:00,1,train
926742,117058,2024-02-29 17:30:00,1,train
907490,117060,2024-02-29 19:00:00,1,train
907490,117061,2024-02-29 19:00:00,1,train
907490,117062,2024-02-29 19:00:00,1,train
926740,117063,2024-02-29 21:30:00,1,train
926740,117064,2024-02-29 21:30:00,1,train
926740,117065,2024-02-29 21:30:00,1,train
907488,117066,2024-02-29 22:00:00,1,train
907488,117067,2024-02-29 22:00:00,1,train
926360,117068,2024-03-01 13:00:00,1,train
929683,117069,2024-03-01 17:30:00,1,train
926359,117070,2024-03-01 19:00:00,1,train
926359,117071,2024-03-01 19:00:00,1,train
931781,117073,2024-03-01 21:30:00,1,train
931781,117078,2024-03-01 21:30:00,1,train
917102,117072,2024-03-01 22:00:00,1,train
917103,117074,2024-03-01 22:00:00,1,train
917101,117075,2024-03-01 23:00:00,1,train
917100,117076,2024-03-01 23:15:00,1,train
917098,117077,2024-03-02 00:00:00,1,train
917099,117079,2024-03-02 00:25:00,1,train
917096,117080,2024-03-02 00:50:00,1,train
917097,117081,2024-03-02 01:15:00,1,train
929389,117082,2024-03-02 13:00:00,1,train
929389,117083,2024-03-02 13:00:00,1,train
929696,117084,2024-03-02 16:00:00,1,train
932760,117086,2024-03-02 19:00:00,1,train
932761,117085,2024-03-02 19:00:00,1,train
932758,117087,2024-03-02 20:00:00,1,train
932759,117088,2024-03-02 20:00:00,1,train
932756,117090,2024-03-02 21:00:00,1,train
932756,117091,2024-03-02 21:00:00,1,train
932757,117089,2024-03-02 21:10:00,1,train
932757,117092,2024-03-02 21:10:00,1,train
932755,117093,2024-03-02 23:00:00,1,train
932755,117096,2024-03-02 23:00:00,1,train
932755,117097,2024-03-02 23:00:00,1,train
932754,117094,2024-03-02 23:20:00,1,train
932754,117095,2024-03-02 23:20:00,1,train
932754,117098,2024-03-02 23:20:00,1,train
934251,117099,2024-03-03 13:00:00,1,train
932256,117100,2024-03-03 16:00:00,1,train
934079,117103,2024-03-03 19:00:00,1,train
934504,117101,2024-03-03 19:00:00,1,train
934504,117104,2024-03-03 19:00:00,1,train
934504,117110,2024-03-03 19:00:00,1,train
934505,117102,2024-03-03 19:00:00,1,train
934505,117105,2024-03-03 19:00:00,1,train
934855,117109,2024-03-03 20:00:00,1,train
934857,117107,2024-03-03 20:00:00,1,train
934859,117106,2024-03-03 20:00:00,1,train
934860,117108,2024-03-03 20:00:00,1,train
934503,117111,2024-03-03 21:00:00,1,train
934503,117112,2024-03-03 21:00:00,1,train
931893,117114,2024-03-03 22:00:00,1,train
931893,117117,2024-03-03 22:00:00,1,train
934501,117113,2024-03-03 22:00:00,1,train
934501,117115,2024-03-03 22:00:00,1,train
934501,117118,2024-03-03 22:00:00,1,train
934502,117116,2024-03-03 22:45:00,1,train
934502,117119,2024-03-03 22:45:00,1,train
934502,117121,2024-03-03 22:45:00,1,train
934500,117120,2024-03-04 00:25:00,1,train
934500,117122,2024-03-04 00:25:00,1,train
933171,117123,2024-03-04 14:00:00,1,train
933171,117124,2024-03-04 14:00:00,1,train
937140,117125,2024-03-04 16:00:00,1,train
937140,117126,2024-03-04 16:00:00,1,train
937140,117127,2024-03-04 16:00:00,1,train
937141,117129,2024-03-04 19:00:00,1,train
937372,117128,2024-03-04 19:00:00,1,train
937372,117130,2024-03-04 19:00:00,1,train
937371,117131,2024-03-04 20:50:00,1,train
937371,117132,2024-03-04 20:50:00,1,train
937371,117133,2024-03-04 20:50:00,1,train
937370,117134,2024-03-05 00:10:00,1,train
937370,117135,2024-03-05 00:10:00,1,train
937370,117136,2024-03-05 00:10:00,1,train
939991,117139,2024-03-05 16:00:00,1,train
939991,117140,2024-03-05 16:00:00,1,train
939991,117141,2024-03-05 16:00:00,1,train
933169,117142,2024-03-05 17:00:00,1,train
933169,117143,2024-03-05 17:00:00,1,train
933169,117145,2024-03-05 17:00:00,1,train
939518,117144,2024-03-05 19:00:00,1,train
939518,117146,2024-03-05 19:00:00,1,train
939518,117148,2024-03-05 19:00:00,1,train
942893,117147,2024-03-05 20:00:00,1,train
935368,117149,2024-03-05 22:00:00,1,validation
933168,117150,2024-03-06 14:00:00,1,validation
933168,117151,2024-03-06 14:00:00,1,validation
933167,117152,2024-03-06 17:00:00,1,validation
922895,117153,2024-03-06 17:30:00,1,validation
922895,117154,2024-03-06 17:30:00,1,validation
944724,117155,2024-03-06 19:00:00,1,validation
944724,117158,2024-03-06 19:00:00,1,validation
944724,117160,2024-03-06 19:00:00,1,validation
948419,117156,2024-03-06 19:00:00,1,validation
948419,117159,2024-03-06 19:00:00,1,validation
948419,117162,2024-03-06 19:00:00,1,validation
922894,117157,2024-03-06 19:55:00,1,validation
922894,117161,2024-03-06 19:55:00,1,validation
935361,117164,2024-03-06 22:00:00,1,validation
935362,117166,2024-03-06 22:00:00,1,validation
935362,117167,2024-03-06 22:00:00,1,validation
939136,117169,2024-03-06 22:00:00,1,validation
922891,117163,2024-03-06 22:15:00,1,validation
922891,117165,2024-03-06 22:15:00,1,validation
922891,117168,2024-03-06 22:15:00,1,validation
950496,117170,2024-03-07 17:15:00,1,validation
950496,117172,2024-03-07 17:15:00,1,validation
950496,117174,2024-03-07 17:15:00,1,validation
922893,117171,2024-03-07 17:30:00,1,validation
922893,117173,2024-03-07 17:30:00,1,validation
922893,117175,2024-03-07 17:30:00,1,validation
950495,117176,2024-03-07 20:15:00,1,validation
922892,117177,2024-03-07 21:15:00,1,validation
922892,117178,2024-03-07 21:15:00,1,validation
922892,117179,2024-03-07 21:15:00,1,validation
922890,117180,2024-03-08 00:45:00,1,validation
922890,117181,2024-03-08 00:45:00,1,validation
922889,117182,2024-03-08 17:30:00,1,validation
922889,117183,2024-03-08 17:30:00,1,validation
922888,117184,2024-03-08 19:20:00,1,validation
922888,117185,2024-03-08 19:20:00,1,validation
922888,117186,2024-03-08 19:20:00,1,validation
950455,117187,2024-03-08 22:15:00,1,validation
950455,117188,2024-03-08 22:15:00,1,validation
955933,117189,2024-03-09 19:20:00,1,validation
955933,117190,2024-03-09 19:20:00,1,validation
959458,117191,2024-03-09 22:00:00,1,validation
959458,117192,2024-03-09 22:00:00,1,validation
963502,117193,2024-03-10 20:00:00,1,validation
963502,117194,2024-03-10 20:00:00,1,validation
964523,117195,2024-03-10 22:15:00,1,validation
964523,117196,2024-03-10 22:15:00,1,validation
964523,117197,2024-03-10 22:15:00,1,validation
956501,129536,2024-03-11 17:30:00,1,validation
956501,129537,2024-03-11 17:30:00,1,validation
956501,129538,2024-03-11 17:30:00,1,validation
956502,117199,2024-03-11 17:30:00,1,validation
956502,117203,2024-03-11 17:30:00,1,validation
956504,117201,2024-03-11 17:30:00,1,validation
948418,117204,2024-03-11 20:00:00,1,validation
948418,117205,2024-03-11 20:00:00,1,validation
973537,117207,2024-03-11 21:30:00,1,validation
973537,117210,2024-03-11 21:30:00,1,validation
973537,117213,2024-03-11 21:30:00,1,validation
973538,117206,2024-03-11 21:30:00,1,validation
973538,117208,2024-03-11 21:30:00,1,validation
973538,117212,2024-03-11 21:30:00,1,validation
973749,117209,2024-03-11 22:00:00,1,validation
973749,117211,2024-03-11 22:00:00,1,validation
973749,117214,2024-03-11 22:00:00,1,validation
974357,117215,2024-03-12 17:30:00,1,validation
974357,117218,2024-03-12 17:30:00,1,validation
974357,117220,2024-03-12 17:30:00,1,validation
974561,117216,2024-03-12 17:30:00,1,validation
974561,117217,2024-03-12 17:30:00,1,validation
974561,117219,2024-03-12 17:30:00,1,validation
974560,117221,2024-03-12 21:30:00,1,validation
974560,117239,2024-03-12 21:30:00,1,validation
979450,117240,2024-03-13 17:30:00,1,validation
979450,117241,2024-03-13 17:30:00,1,validation
963335,117242,2024-03-13 18:00:00,1,validation
963335,117243,2024-03-13 18:00:00,1,validation
963335,117244,2024-03-13 18:00:00,1,validation
963332,117245,2024-03-13 21:00:00,1,validation
963332,117247,2024-03-13 21:00:00,1,validation
963337,117246,2024-03-13 22:00:00,1,validation
963337,117249,2024-03-13 22:00:00,1,validation
963337,117252,2024-03-13 22:00:00,1,validation
963338,117248,2024-03-13 22:00:00,1,validation
963338,117250,2024-03-13 22:00:00,1,validation
963338,117251,2024-03-13 22:00:00,1,validation
963331,117253,2024-03-14 22:00:00,1,validation
963331,117254,2024-03-14 22:00:00,1,validation
941778,117255,2024-03-17 15:00:00,1,validation
941779,117256,2024-03-17 15:00:00,1,validation
941776,117257,2024-03-17 16:00:00,1,validation
941777,117259,2024-03-17 16:15:00,1,validation
941775,117258,2024-03-17 17:05:00,1,validation
941772,117260,2024-03-17 19:10:00,1,validation
1001022,117262,2024-03-17 21:00:00,1,validation
1001029,117261,2024-03-17 21:00:00,1,validation
1001025,117264,2024-03-17 22:00:00,1,validation
1001027,117263,2024-03-17 22:00:00,1,validation
1001028,117265,2024-03-17 23:20:00,1,validation
1001026,117266,2024-03-18 00:30:00,1,validation
1001023,117267,2024-03-18 00:45:00,1,validation
1001798,117268,2024-03-18 15:00:00,1,validation
1001799,117269,2024-03-18 15:00:00,1,validation
1001796,117271,2024-03-18 15:50:00,1,validation
1001797,117270,2024-03-18 16:00:00,1,validation
1001794,117273,2024-03-18 16:55:00,1,validation
1001794,117275,2024-03-18 16:55:00,1,validation
1001795,117272,2024-03-18 16:55:00,1,validation
1001795,117274,2024-03-18 16:55:00,1,validation
1001795,117276,2024-03-18 16:55:00,1,validation
1001792,117278,2024-03-18 19:30:00,1,validation
1001792,117298,2024-03-18 19:30:00,1,validation
1005006,117279,2024-03-19 15:00:00,1,validation
1005006,117281,2024-03-19 15:00:00,1,validation
1005006,117283,2024-03-19 15:00:00,1,validation
1005007,117280,2024-03-19 15:00:00,1,validation
1005007,117282,2024-03-19 15:00:00,1,validation
1005004,117284,2024-03-19 17:00:00,1,validation
1005004,117285,2024-03-19 17:00:00,1,validation
1005005,117286,2024-03-19 17:55:00,1,validation
1005005,117287,2024-03-19 17:55:00,1,validation
1005002,117289,2024-03-19 20:30:00,1,validation
1005002,117290,2024-03-19 20:30:00,1,validation
1005003,117288,2024-03-19 20:30:00,1,validation
1005003,117291,2024-03-19 20:30:00,1,validation
1005003,117292,2024-03-19 20:30:00,1,validation
1008949,117293,2024-03-20 16:55:00,1,validation
1008949,117294,2024-03-20 16:55:00,1,validation
1008949,117295,2024-03-20 16:55:00,1,validation
1008948,117296,2024-03-20 20:30:00,1,validation
1008948,117297,2024-03-20 20:30:00,1,validation
1012605,117299,2024-03-21 15:00:00,1,validation
1012683,117300,2024-03-21 15:00:00,1,validation
1012604,117301,2024-03-21 16:00:00,1,validation
1012607,117302,2024-03-21 16:15:00,1,validation
1008273,117305,2024-03-21 17:00:00,1,validation
1008273,117309,2024-03-21 17:00:00,1,validation
1008273,117311,2024-03-21 17:00:00,1,validation
1012606,117303,2024-03-21 17:05:00,1,validation
1012684,117304,2024-03-21 17:25:00,1,validation
988041,117307,2024-03-21 18:00:00,1,validation
988041,117310,2024-03-21 18:00:00,1,validation
988041,117314,2024-03-21 18:00:00,1,validation
1012603,117306,2024-03-21 18:05:00,1,validation
1012685,117308,2024-03-21 18:30:00,1,validation
1015695,117312,2024-03-21 20:25:00,1,validation
1015696,117313,2024-03-21 20:25:00,1,validation
1015693,117315,2024-03-21 21:25:00,1,validation
1015694,117316,2024-03-21 21:25:00,1,validation
1015691,117317,2024-03-21 22:35:00,1,validation
1015692,117318,2024-03-21 23:00:00,1,validation
1015689,117319,2024-03-21 23:25:00,1,validation
1015690,117320,2024-03-22 00:10:00,1,validation
1011804,117321,2024-03-22 14:00:00,1,validation
1011804,117324,2024-03-22 14:00:00,1,validation
1016577,117322,2024-03-22 15:00:00,1,validation
1016578,117323,2024-03-22 15:00:00,1,validation
1016575,117325,2024-03-22 16:05:00,1,validation
1016576,117326,2024-03-22 16:10:00,1,validation
1012431,117330,2024-03-22 17:00:00,1,validation
1012431,117331,2024-03-22 17:00:00,1,validation
1016573,117327,2024-03-22 17:05:00,1,validation
1016573,117329,2024-03-22 17:05:00,1,validation
1016574,117328,2024-03-22 17:10:00,1,validation
1016574,117332,2024-03-22 17:10:00,1,validation
1016574,117334,2024-03-22 17:10:00,1,validation
1016571,117333,2024-03-22 19:30:00,1,validation
1016571,117335,2024-03-22 19:30:00,1,validation
1016571,117337,2024-03-22 19:30:00,1,validation
1016572,117336,2024-03-22 21:20:00,1,validation
1016572,117338,2024-03-22 21:20:00,1,validation
1016572,117339,2024-03-22 21:20:00,1,validation
988040,117340,2024-03-22 22:00:00,1,validation
988040,117341,2024-03-22 22:00:00,1,validation
1019859,117342,2024-03-23 15:00:00,1,validation
1019859,117345,2024-03-23 15:00:00,1,validation
1019859,117346,2024-03-23 15:00:00,1,validation
1019860,117343,2024-03-23 15:00:00,1,validation
1019860,117344,2024-03-23 15:00:00,1,validation
1019860,117347,2024-03-23 15:00:00,1,validation
1018923,117350,2024-03-23 17:00:00,1,validation
1018923,117351,2024-03-23 17:00:00,1,validation
1019857,117348,2024-03-23 18:30:00,1,validation
1019857,117352,2024-03-23 18:30:00,1,validation
1019857,117354,2024-03-23 18:30:00,1,validation
1019858,117349,2024-03-23 18:30:00,1,validation
1019858,117353,2024-03-23 18:30:00,1,validation
1019858,117355,2024-03-23 18:30:00,1,validation
1019855,117356,2024-03-23 21:45:00,1,validation
1019855,117358,2024-03-23 21:45:00,1,validation
1019856,117357,2024-03-23 22:15:00,1,validation
1019856,117359,2024-03-23 22:15:00,1,validation
1019856,117360,2024-03-23 22:15:00,1,validation
1023010,117361,2024-03-24 15:00:00,1,validation
1023010,117362,2024-03-24 15:00:00,1,validation
1023009,117363,2024-03-24 16:50:00,1,validation
1023009,117364,2024-03-24 16:50:00,1,validation
1023009,117365,2024-03-24 16:50:00,1,validation
1023008,117366,2024-03-24 21:00:00,1,validation
1023008,117367,2024-03-24 21:00:00,1,validation
996611,117368,2024-03-25 19:00:00,1,validation
996611,117371,2024-03-25 19:00:00,1,validation
996611,117372,2024-03-25 19:00:00,1,validation
929390,117369,2024-03-25 20:00:00,1,validation
929390,117374,2024-03-25 20:00:00,1,validation
929390,117376,2024-03-25 20:00:00,1,validation
996604,117370,2024-03-25 20:00:00,1,validation
996604,117373,2024-03-25 20:00:00,1,validation
996604,117375,2024-03-25 20:00:00,1,validation
1030252,117377,2024-03-26 16:00:00,1,validation
1030252,117378,2024-03-26 16:00:00,1,validation
996617,117379,2024-03-26 22:00:00,1,validation
996617,117380,2024-03-26 22:00:00,1,validation
1038684,117381,2024-03-27 22:45:00,1,validation
1038684,117382,2024-03-27 22:45:00,1,validation
1038684,117383,2024-03-27 22:45:00,1,validation
1030251,117384,2024-03-28 17:00:00,1,validation
1030251,117385,2024-03-28 17:00:00,1,validation
988042,117387,2024-03-28 19:00:00,1,validation
988042,117390,2024-03-28 19:00:00,1,validation
988042,117392,2024-03-28 19:00:00,1,validation
1026923,117386,2024-03-28 19:00:00,1,validation
1026923,117389,2024-03-28 19:00:00,1,validation
996605,117388,2024-03-28 20:00:00,1,validation
996605,117391,2024-03-28 20:00:00,1,validation
996605,117394,2024-03-28 20:00:00,1,validation
996598,117393,2024-03-28 22:00:00,1,validation
996598,117396,2024-03-28 22:00:00,1,validation
1026922,117395,2024-03-28 22:00:00,1,validation
1026922,117397,2024-03-28 22:00:00,1,validation
1026922,117398,2024-03-28 22:00:00,1,validation
963334,117399,2024-03-29 19:00:00,1,validation
963334,117402,2024-03-29 19:00:00,1,validation
1026921,117400,2024-03-29 19:00:00,1,validation
1026921,117403,2024-03-29 19:00:00,1,validation
935364,117401,2024-03-29 20:00:00,1,validation
1022702,117405,2024-03-29 22:00:00,1,validation
1026920,117404,2024-03-29 22:20:00,1,validation
1026920,117406,2024-03-29 22:20:00,1,validation
1042496,117407,2024-03-30 19:00:00,1,validation
1042496,117408,2024-03-30 19:00:00,1,validation
1042496,117409,2024-03-30 19:00:00,1,validation
1045502,117410,2024-03-30 22:50:00,1,validation
1045502,117411,2024-03-30 22:50:00,1,validation
1045502,117412,2024-03-30 22:50:00,1,validation
996609,117413,2024-03-31 16:00:00,1,validation
996609,117414,2024-03-31 16:00:00,1,validation
996614,117415,2024-03-31 19:00:00,1,validation
1048414,117416,2024-03-31 21:00:00,1,validation
1048414,117417,2024-03-31 21:00:00,1,validation
1048414,117418,2024-03-31 21:00:00,1,validation
996616,117419,2024-04-01 19:00:00,1,validation
996616,117420,2024-04-01 19:00:00,1,validation
996616,117421,2024-04-01 19:00:00,1,validation
1024294,117423,2024-04-02 11:30:00,1,validation
1024294,117424,2024-04-02 11:30:00,1,validation
1050860,117425,2024-04-02 13:00:00,1,validation
1050860,117426,2024-04-02 13:00:00,1,validation
1056786,117427,2024-04-02 15:30:00,1,validation
1056786,117433,2024-04-02 15:30:00,1,validation
1050859,117428,2024-04-02 16:00:00,1,validation
1050859,117434,2024-04-02 16:00:00,1,validation
1041667,117432,2024-04-02 16:30:00,1,validation
1041667,117437,2024-04-02 16:30:00,1,validation
1041667,117441,2024-04-02 16:30:00,1,validation
1041668,117429,2024-04-02 16:30:00,1,validation
1041668,117435,2024-04-02 16:30:00,1,validation
1041668,117440,2024-04-02 16:30:00,1,validation
1041669,117431,2024-04-02 16:30:00,1,validation
1041669,117438,2024-04-02 16:30:00,1,validation
1041670,117430,2024-04-02 16:30:00,1,validation
1041670,117436,2024-04-02 16:30:00,1,validation
1038333,117439,2024-04-02 18:30:00,1,validation
1038333,117442,2024-04-02 18:30:00,1,validation
1038333,117446,2024-04-02 18:30:00,1,validation
996599,117443,2024-04-02 20:00:00,1,validation
996599,117448,2024-04-02 20:00:00,1,validation
996599,117454,2024-04-02 20:00:00,1,validation
1057896,117444,2024-04-02 20:30:00,1,validation
1057896,117451,2024-04-02 20:30:00,1,validation
1057897,117447,2024-04-02 20:30:00,1,validation
1057897,117452,2024-04-02 20:30:00,1,validation
1058170,117450,2024-04-02 20:45:00,1,validation
1058170,117453,2024-04-02 20:45:00,1,validation
1058170,117460,2024-04-02 20:45:00,1,validation
1058171,117445,2024-04-02 20:45:00,1,validation
1058171,117455,2024-04-02 20:45:00,1,validation
1057598,117449,2024-04-02 21:00:00,1,validation
1057598,117457,2024-04-02 21:00:00,1,validation
1057598,117459,2024-04-02 21:00:00,1,validation
1024298,117456,2024-04-02 22:30:00,1,validation
1024298,117462,2024-04-02 22:30:00,1,validation
1024299,117458,2024-04-02 22:30:00,1,validation
1024299,117461,2024-04-02 22:30:00,1,validation
1024299,117463,2024-04-02 22:30:00,1,validation
1024296,117466,2024-04-03 00:30:00,1,validation
1024296,117467,2024-04-03 00:30:00,1,validation
1024296,117468,2024-04-03 00:30:00,1,validation
1024297,117464,2024-04-03 00:30:00,1,validation
1024297,117465,2024-04-03 00:30:00,1,validation
1038335,117469,2024-04-03 12:30:00,1,validation
1038335,117471,2024-04-03 12:30:00,1,validation
1038335,117472,2024-04-03 12:30:00,1,validation
996606,117470,2024-04-03 13:00:00,1,validation
996606,117473,2024-04-03 13:00:00,1,validation
1038338,117474,2024-04-03 15:30:00,1,validation
1038338,117478,2024-04-03 15:30:00,1,validation
1063038,117485,2024-04-03 15:30:00,1,validation
963330,117475,2024-04-03 16:00:00,1,validation
963330,117481,2024-04-03 16:00:00,1,validation
1058984,117477,2024-04-03 16:30:00,1,validation
1058984,117483,2024-04-03 16:30:00,1,validation
1058984,117488,2024-04-03 16:30:00,1,validation
1059257,117476,2024-04-03 16:30:00,1,validation
1059257,117484,2024-04-03 16:30:00,1,validation
996608,117480,2024-04-03 17:00:00,1,validation
996608,117489,2024-04-03 17:00:00,1,validation
996612,117479,2024-04-03 17:00:00,1,validation
996612,117486,2024-04-03 17:00:00,1,validation
996612,117491,2024-04-03 17:00:00,1,validation
1059240,117482,2024-04-03 17:00:00,1,validation
1059240,117490,2024-04-03 17:00:00,1,validation
1059240,117492,2024-04-03 17:00:00,1,validation
1050005,117494,2024-04-03 20:00:00,1,validation
1050005,117498,2024-04-03 20:00:00,1,validation
1058983,117495,2024-04-03 20:30:00,1,validation
1064605,117496,2024-04-03 20:30:00,1,validation
940693,117497,2024-04-03 21:00:00,1,validation
1038339,117499,2024-04-03 21:30:00,1,validation
1038339,117500,2024-04-03 21:30:00,1,validation
1061158,117501,2024-04-04 00:30:00,1,validation
1061158,117502,2024-04-04 00:30:00,1,validation
1061158,117503,2024-04-04 00:30:00,1,validation
1038344,117504,2024-04-04 12:30:00,1,validation
1038344,117505,2024-04-04 12:30:00,1,validation
1038348,117506,2024-04-04 15:30:00,1,validation
1038348,117508,2024-04-04 15:30:00,1,validation
1050856,117507,2024-04-04 16:00:00,1,validation
1050856,117510,2024-04-04 16:00:00,1,validation
1055090,117509,2024-04-04 16:00:00,1,validation
1065362,117512,2024-04-04 16:30:00,1,validation
1065362,117514,2024-04-04 16:30:00,1,validation
1065362,117515,2024-04-04 16:30:00,1,validation
996610,117511,2024-04-04 17:00:00,1,validation
996603,117513,2024-04-04 18:00:00,1,validation
996603,117516,2024-04-04 18:00:00,1,validation
996603,117517,2024-04-04 18:00:00,1,validation
1067890,117518,2024-04-04 20:30:00,1,validation
1067890,117521,2024-04-04 20:30:00,1,validation
996596,117519,2024-04-04 21:00:00,1,validation
996596,117522,2024-04-04 21:00:00,1,validation
996600,117523,2024-04-04 21:00:00,1,validation
1065685,117520,2024-04-04 21:30:00,1,validation
1065685,117524,2024-04-04 21:30:00,1,validation
1065685,117525,2024-04-04 21:30:00,1,validation
1038336,117526,2024-04-05 12:30:00,1,validation
1038336,117527,2024-04-05 12:30:00,1,validation
1038342,117528,2024-04-05 15:30:00,1,validation
1038342,117529,2024-04-05 15:30:00,1,validation
1068537,117530,2024-04-05 17:00:00,1,validation
1068537,117531,2024-04-05 17:00:00,1,validation
1038343,117532,2024-04-05 18:30:00,1,validation
1038343,117534,2024-04-05 18:30:00,1,validation
1065684,117533,2024-04-05 19:00:00,1,validation
1065684,117535,2024-04-05 19:00:00,1,validation
1072512,117536,2024-04-05 20:00:00,1,validation
1072512,117537,2024-04-05 20:00:00,1,validation
1065683,117538,2024-04-05 21:30:00,1,validation
1065683,117539,2024-04-05 21:30:00,1,validation
1065683,117540,2024-04-05 21:30:00,1,validation
1073609,117541,2024-04-06 21:30:00,1,validation
1073609,117542,2024-04-06 21:30:00,1,validation
1068635,117543,2024-04-07 01:30:00,1,validation
1068635,117544,2024-04-07 01:30:00,1,validation
1068634,117552,2024-04-08 00:30:00,1,validation
1068634,117553,2024-04-08 00:30:00,1,validation
1073608,117549,2024-04-08 02:30:00,1,validation
1073608,117550,2024-04-08 02:30:00,1,validation
1073608,117551,2024-04-08 02:30:00,1,validation
1034845,117546,2024-04-08 07:30:00,1,validation
1035035,117545,2024-04-08 07:30:00,1,validation
1034843,117548,2024-04-08 08:30:00,1,validation
1034844,117547,2024-04-08 08:30:00,1,validation
1034840,117554,2024-04-08 09:55:00,1,validation
1034839,117555,2024-04-08 10:20:00,1,validation
1034842,117556,2024-04-08 11:30:00,1,validation
1086379,117557,2024-04-08 12:00:00,1,validation
1086379,117559,2024-04-08 12:00:00,1,validation
1086379,117561,2024-04-08 12:00:00,1,validation
1086378,117558,2024-04-08 12:45:00,1,validation
1086378,117560,2024-04-08 12:45:00,1,validation
1086653,117563,2024-04-08 15:05:00,1,validation
1086653,117565,2024-04-08 15:05:00,1,validation
1086655,117562,2024-04-08 15:30:00,1,validation
1086655,117567,2024-04-08 15:30:00,1,validation
1086655,117571,2024-04-08 15:30:00,1,validation
1075385,117564,2024-04-08 16:00:00,1,validation
1075385,117569,2024-04-08 16:00:00,1,validation
1038177,117566,2024-04-08 16:30:00,1,validation
1038177,117570,2024-04-08 16:30:00,1,validation
1038177,117572,2024-04-08 16:30:00,1,validation
1055087,117568,2024-04-08 17:00:00,1,validation
1038176,117573,2024-04-08 19:45:00,1,validation
1038176,117574,2024-04-08 19:45:00,1,validation
1088992,117575,2024-04-08 21:00:00,1,validation
1088992,117580,2024-04-08 21:00:00,1,validation
1085711,117577,2024-04-08 21:30:00,1,validation
1085711,117578,2024-04-08 21:30:00,1,validation
1089234,117576,2024-04-08 21:50:00,1,validation
1089234,117579,2024-04-08 21:50:00,1,validation
1084635,117582,2024-04-09 00:30:00,1,validation
1084635,117583,2024-04-09 00:30:00,1,validation
1087197,117581,2024-04-09 08:30:00,1,validation
1087197,117585,2024-04-09 08:30:00,1,validation
1087198,117584,2024-04-09 08:30:00,1,validation
1087198,117586,2024-04-09 08:30:00,1,validation
1087198,117587,2024-04-09 08:30:00,1,validation
1087466,117588,2024-04-09 11:30:00,1,validation
1087466,117590,2024-04-09 11:30:00,1,validation
1075791,117592,2024-04-09 12:00:00,1,validation
1075791,117593,2024-04-09 12:00:00,1,validation
1087467,117589,2024-04-09 12:15:00,1,validation
1087467,117591,2024-04-09 12:15:00,1,validation
1090184,117594,2024-04-09 14:00:00,1,validation
1090184,117597,2024-04-09 14:00:00,1,validation
1088756,117596,2024-04-09 14:30:00,1,validation
1088756,117601,2024-04-09 14:30:00,1,validation
1089004,117595,2024-04-09 14:30:00,1,validation
1089004,117599,2024-04-09 14:30:00,1,validation
1089004,117603,2024-04-09 14:30:00,1,validation
1075790,117598,2024-04-09 15:00:00,1,validation
1075790,117600,2024-04-09 15:00:00,1,validation
1091491,117605,2024-04-09 18:30:00,1,validation
1091491,117606,2024-04-09 18:30:00,1,validation
1075382,117608,2024-04-09 19:00:00,1,validation
1075382,117610,2024-04-09 19:00:00,1,validation
1050891,117607,2024-04-09 19:55:00,1,validation
1050891,117609,2024-04-09 19:55:00,1,validation
1071998,117612,2024-04-09 21:00:00,1,validation
1071998,117622,2024-04-09 21:00:00,1,validation
1072000,117611,2024-04-09 21:00:00,1,validation
1072000,117621,2024-04-09 21:00:00,1,validation
1072002,117614,2024-04-09 21:00:00,1,validation
1072002,117618,2024-04-09 21:00:00,1,validation
1072003,117616,2024-04-09 21:00:00,1,validation
1072003,117619,2024-04-09 21:00:00,1,validation
1072004,117615,2024-04-09 21:00:00,1,validation
1095538,117613,2024-04-09 21:30:00,1,validation
1091490,117617,2024-04-09 22:30:00,1,validation
1091490,117620,2024-04-09 22:30:00,1,validation
1093354,117624,2024-04-10 08:30:00,1,validation
1093354,117626,2024-04-10 08:30:00,1,validation
1093916,117623,2024-04-10 08:30:00,1,validation
1093916,117625,2024-04-10 08:30:00,1,validation
1089003,117628,2024-04-10 11:30:00,1,validation
1089003,117630,2024-04-10 11:30:00,1,validation
1093915,117627,2024-04-10 11:30:00,1,validation
1093915,117629,2024-04-10 11:30:00,1,validation
1075789,117631,2024-04-10 12:00:00,1,validation
1075789,117632,2024-04-10 12:00:00,1,validation
1094736,117636,2024-04-10 14:30:00,1,validation
1094736,117638,2024-04-10 14:30:00,1,validation
1099111,117635,2024-04-10 14:30:00,1,validation
1099111,117637,2024-04-10 14:30:00,1,validation
1075380,117639,2024-04-10 16:00:00,1,validation
1075380,117641,2024-04-10 16:00:00,1,validation
1075380,117643,2024-04-10 16:00:00,1,validation
1089718,117640,2024-04-10 16:30:00,1,validation
1089718,117642,2024-04-10 16:30:00,1,validation
1089718,117645,2024-04-10 16:30:00,1,validation
1096520,117644,2024-04-10 18:30:00,1,validation
1096520,117646,2024-04-10 18:30:00,1,validation
1095811,117647,2024-04-10 20:00:00,1,validation
1095811,117648,2024-04-10 20:00:00,1,validation
1096404,117653,2024-04-10 21:00:00,1,validation
1096404,117659,2024-04-10 21:00:00,1,validation
1096405,117651,2024-04-10 21:00:00,1,validation
1096405,117656,2024-04-10 21:00:00,1,validation
1096405,117660,2024-04-10 21:00:00,1,validation
1096406,117650,2024-04-10 21:00:00,1,validation
1096406,117655,2024-04-10 21:00:00,1,validation
1096407,117649,2024-04-10 21:00:00,1,validation
1096407,117657,2024-04-10 21:00:00,1,validation
1096407,117658,2024-04-10 21:00:00,1,validation
1096606,117652,2024-04-10 21:00:00,1,validation
1096519,117654,2024-04-10 21:30:00,1,validation
1075378,117665,2024-04-11 16:00:00,1,validation
1089719,117664,2024-04-11 16:00:00,1,validation
1089719,117666,2024-04-11 16:00:00,1,validation
1102040,117668,2024-04-11 18:30:00,1,validation
1102040,117669,2024-04-11 18:30:00,1,validation
1102040,117673,2024-04-11 18:30:00,1,validation
1075379,117671,2024-04-11 19:00:00,1,validation
1075379,117672,2024-04-11 19:00:00,1,validation
1075379,117674,2024-04-11 19:00:00,1,validation
1100503,117675,2024-04-12 10:00:00,1,validation
1100503,117676,2024-04-12 10:00:00,1,validation
1100502,117677,2024-04-12 13:15:00,1,validation
1100502,117678,2024-04-12 13:15:00,1,validation
1100502,117679,2024-04-12 13:15:00,1,validation
1105444,117680,2024-04-12 16:30:00,1,validation
1105444,117681,2024-04-12 16:30:00,1,validation
1105287,117682,2024-04-12 19:05:00,1,validation
1105287,117683,2024-04-12 19:05:00,1,validation
1105287,117685,2024-04-12 19:05:00,1,validation
1105435,117684,2024-04-12 21:00:00,1,validation
1105435,117686,2024-04-12 21:00:00,1,validation
1105883,117687,2024-04-13 10:00:00,1,validation
1105883,117688,2024-04-13 10:00:00,1,validation
1105883,117689,2024-04-13 10:00:00,1,validation
1106483,117690,2024-04-13 13:45:00,1,validation
1106483,117691,2024-04-13 13:45:00,1,validation
1107430,117692,2024-04-13 14:30:00,1,validation
1107430,117693,2024-04-13 14:30:00,1,validation
1107430,117694,2024-04-13 14:30:00,1,validation
1110327,117697,2024-04-14 13:30:00,1,validation
1110327,117698,2024-04-14 13:30:00,1,validation
1111439,117699,2024-04-14 17:30:00,1,validation
1111439,117700,2024-04-14 17:30:00,1,validation
1111439,117701,2024-04-14 17:30:00,1,validation
1106381,117702,2024-04-15 15:00:00,1,validation
1106381,117703,2024-04-15 15:00:00,1,validation
1106381,117704,2024-04-15 15:00:00,1,validation
1109060,117705,2024-04-15 21:00:00,1,validation
1109060,117706,2024-04-15 21:00:00,1,validation
1106380,117707,2024-04-16 12:00:00,1,validation
1106380,117708,2024-04-16 12:00:00,1,validation
1114847,117709,2024-04-16 13:00:00,1,validation
1077657,117710,2024-04-16 13:30:00,1,validation
1077657,117711,2024-04-16 13:30:00,1,validation
1077657,117713,2024-04-16 13:30:00,1,validation
1106379,117712,2024-04-16 15:00:00,1,validation
1077656,117714,2024-04-16 16:30:00,1,validation
1077656,117715,2024-04-16 16:30:00,1,validation
1114845,117716,2024-04-16 19:00:00,1,validation
1114845,117717,2024-04-16 19:00:00,1,validation
1114845,117718,2024-04-16 19:00:00,1,validation
1106378,117719,2024-04-17 12:00:00,1,validation
1106378,117720,2024-04-17 12:00:00,1,validation
1077655,117721,2024-04-17 12:30:00,1,validation
1077655,117722,2024-04-17 12:30:00,1,validation
1114843,117723,2024-04-17 13:00:00,1,validation
1114843,117725,2024-04-17 13:00:00,1,validation
1114843,117728,2024-04-17 13:00:00,1,validation
1126452,117724,2024-04-17 14:30:00,1,validation
1126452,117726,2024-04-17 14:30:00,1,validation
1114844,117731,2024-04-17 17:35:00,1,validation
1125269,117734,2024-04-18 00:00:00,1,validation
1125270,117732,2024-04-18 00:00:00,1,validation
1125271,117733,2024-04-18 00:00:00,1,validation
1106372,117735,2024-04-18 12:00:00,1,validation
1106372,117736,2024-04-18 12:00:00,1,validation
1077652,117737,2024-04-18 12:30:00,1,validation
1077652,117738,2024-04-18 12:30:00,1,validation
1106375,117743,2024-04-18 15:00:00,1,validation
1106375,117745,2024-04-18 15:00:00,1,validation
1077651,117742,2024-04-18 15:30:00,1,validation
1077651,117744,2024-04-18 15:30:00,1,validation
1077651,117746,2024-04-18 15:30:00,1,validation
1063387,117748,2024-04-18 18:30:00,1,validation
1077650,117747,2024-04-18 18:30:00,1,validation
1077650,117752,2024-04-18 18:30:00,1,validation
1129083,117750,2024-04-18 19:00:00,1,validation
1129085,117751,2024-04-18 19:00:00,1,validation
1129087,117749,2024-04-18 19:00:00,1,validation
1129088,117756,2024-04-18 19:00:00,1,validation
1129089,117754,2024-04-18 19:00:00,1,validation
1131800,117753,2024-04-18 19:30:00,1,validation
1131800,117757,2024-04-18 19:30:00,1,validation
1131801,117755,2024-04-18 19:30:00,1,validation
1131801,117760,2024-04-18 19:30:00,1,validation
1021780,117759,2024-04-18 20:00:00,1,validation
1132142,117758,2024-04-18 20:15:00,1,validation
1021781,117761,2024-04-18 21:30:00,1,validation
1021778,117763,2024-04-18 23:30:00,1,validation
1130932,117762,2024-04-18 23:30:00,1,validation
1130932,117764,2024-04-18 23:30:00,1,validation
1130932,117765,2024-04-18 23:30:00,1,validation
1130929,117771,2024-04-19 00:30:00,1,validation
1130929,117772,2024-04-19 00:30:00,1,validation
1130930,117769,2024-04-19 00:30:00,1,validation
1130930,117770,2024-04-19 00:30:00,1,validation
1130931,117766,2024-04-19 00:45:00,1,validation
1130931,117767,2024-04-19 00:45:00,1,validation
1130931,117768,2024-04-19 00:45:00,1,validation
1132775,117773,2024-04-19 03:00:00,1,validation
1131452,117775,2024-04-19 09:30:00,1,validation
1131452,117777,2024-04-19 09:30:00,1,validation
1131452,117778,2024-04-19 09:30:00,1,validation
1131453,117774,2024-04-19 09:30:00,1,validation
1131453,117776,2024-04-19 09:30:00,1,validation
1131971,117779,2024-04-19 12:30:00,1,validation
1131971,117780,2024-04-19 12:30:00,1,validation
1131971,117785,2024-04-19 12:30:00,1,validation
1132429,117784,2024-04-19 13:30:00,1,validation
1132429,117787,2024-04-19 13:30:00,1,validation
1134799,117782,2024-04-19 13:30:00,1,validation
1134799,117783,2024-04-19 13:30:00,1,validation
1134800,117781,2024-04-19 13:30:00,1,validation
1134800,117786,2024-04-19 13:30:00,1,validation
1128362,117788,2024-04-19 15:30:00,1,validation
1128362,117789,2024-04-19 15:30:00,1,validation
1128362,117792,2024-04-19 15:30:00,1,validation
1132478,117790,2024-04-19 15:30:00,1,validation
1132478,117791,2024-04-19 15:30:00,1,validation
1132432,117793,2024-04-19 16:30:00,1,validation
1132432,117796,2024-04-19 16:30:00,1,validation
1132774,117794,2024-04-19 17:00:00,1,validation
1132774,117797,2024-04-19 17:00:00,1,validation
1132774,117802,2024-04-19 17:00:00,1,validation
1127762,117795,2024-04-19 18:00:00,1,validation
1127762,117798,2024-04-19 18:00:00,1,validation
1127762,117800,2024-04-19 18:00:00,1,validation
1133122,117799,2024-04-19 19:30:00,1,validation
1135898,117801,2024-04-19 19:30:00,1,validation
1135898,117803,2024-04-19 19:30:00,1,validation
1134232,117808,2024-04-19 20:30:00,1,validation
1128361,117804,2024-04-19 21:00:00,1,validation
1128361,117807,2024-04-19 21:00:00,1,validation
1132987,117805,2024-04-19 22:00:00,1,validation
1132987,117806,2024-04-19 22:00:00,1,validation
1132987,117809,2024-04-19 22:00:00,1,validation
1134231,117810,2024-04-20 00:30:00,1,validation
1134231,117811,2024-04-20 00:30:00,1,validation
1136668,117814,2024-04-20 01:15:00,1,validation
1136668,117815,2024-04-20 01:15:00,1,validation
1137054,117812,2024-04-20 02:30:00,1,validation
1137054,117813,2024-04-20 02:30:00,1,validation
1137159,117816,2024-04-20 04:30:00,1,validation
1137159,117817,2024-04-20 04:30:00,1,validation
1137160,117818,2024-04-20 07:00:00,1,validation
1137160,117819,2024-04-20 07:00:00,1,validation
1137160,117821,2024-04-20 07:00:00,1,validation
1135543,117820,2024-04-20 09:30:00,1,validation
1135543,117822,2024-04-20 09:30:00,1,validation
1139060,117826,2024-04-20 13:30:00,1,validation
1139060,117827,2024-04-20 13:30:00,1,validation
1132870,117828,2024-04-20 15:00:00,1,validation
1132870,117829,2024-04-20 15:00:00,1,validation
1132870,117833,2024-04-20 15:00:00,1,validation
1071996,117830,2024-04-20 16:00:00,1,validation
1071996,117832,2024-04-20 16:00:00,1,validation
1071996,117836,2024-04-20 16:00:00,1,validation
1138144,117831,2024-04-20 16:25:00,1,validation
1138144,117834,2024-04-20 16:25:00,1,validation
1138144,117837,2024-04-20 16:25:00,1,validation
1132355,117835,2024-04-20 18:00:00,1,validation
1132355,117838,2024-04-20 18:00:00,1,validation
1132355,117839,2024-04-20 18:00:00,1,validation
1140210,117840,2024-04-20 20:35:00,1,validation
1140210,117846,2024-04-20 20:35:00,1,validation
1071994,117842,2024-04-20 21:00:00,1,validation
1071994,117847,2024-04-20 21:00:00,1,validation
1071995,117843,2024-04-20 21:00:00,1,validation
1071995,117845,2024-04-20 21:00:00,1,validation
1071995,117849,2024-04-20 21:00:00,1,validation
1132869,117841,2024-04-20 21:00:00,1,validation
1132869,117844,2024-04-20 21:00:00,1,validation
1132869,117848,2024-04-20 21:00:00,1,validation
1140635,117850,2024-04-20 23:45:00,1,validation
1140635,117851,2024-04-20 23:45:00,1,validation
1140635,117852,2024-04-20 23:45:00,1,validation
1140209,117853,2024-04-21 14:00:00,1,validation
1140209,117854,2024-04-21 14:00:00,1,validation
1139629,117855,2024-04-21 16:30:00,1,validation
1139629,117856,2024-04-21 16:30:00,1,validation
1139629,117858,2024-04-21 16:30:00,1,validation
1140301,117857,2024-04-21 18:00:00,1,validation
1140301,117859,2024-04-21 18:00:00,1,validation
1140734,117860,2024-04-21 21:00:00,1,validation
1140734,117861,2024-04-21 21:00:00,1,validation
1138351,117863,2024-04-22 12:00:00,1,validation
1144026,117862,2024-04-22 12:00:00,1,validation
1144026,117864,2024-04-22 12:00:00,1,validation
1144173,117865,2024-04-22 15:00:00,1,validation
1143694,117866,2024-04-22 15:30:00,1,validation
1143694,117867,2024-04-22 15:30:00,1,validation
1144025,117868,2024-04-22 18:00:00,1,validation
1144025,117870,2024-04-22 18:00:00,1,validation
1137216,117869,2024-04-22 19:00:00,1,validation
1137216,117871,2024-04-22 19:00:00,1,validation
1137216,117873,2024-04-22 19:00:00,1,validation
1144024,117872,2024-04-22 21:00:00,1,validation
1123907,117876,2024-04-23 14:30:00,1,validation
1123907,117880,2024-04-23 14:30:00,1,validation
1123906,117883,2024-04-23 17:45:00,1,validation
1123906,117884,2024-04-23 17:45:00,1,validation
1123909,117882,2024-04-23 18:05:00,1,validation
1123909,117885,2024-04-23 18:05:00,1,validation
1123910,117886,2024-04-23 20:30:00,1,validation
1123910,117887,2024-04-23 20:30:00,1,validation
1137213,117888,2024-04-24 13:00:00,1,validation
1137213,117891,2024-04-24 13:00:00,1,validation
1137213,117892,2024-04-24 13:00:00,1,validation
1123903,117889,2024-04-24 14:30:00,1,validation
1123903,117890,2024-04-24 14:30:00,1,validation
1137212,117894,2024-04-24 16:00:00,1,validation
1137212,117899,2024-04-24 16:00:00,1,validation
1137212,117901,2024-04-24 16:00:00,1,validation
1138346,117893,2024-04-24 16:00:00,1,validation
1138346,117896,2024-04-24 16:00:00,1,validation
1138346,117898,2024-04-24 16:00:00,1,validation
1151268,117895,2024-04-24 17:30:00,1,validation
1151268,117902,2024-04-24 17:30:00,1,validation
1151269,117897,2024-04-24 17:45:00,1,validation
1151269,117903,2024-04-24 17:45:00,1,validation
1151746,117900,2024-04-24 18:00:00,1,validation
1151746,117904,2024-04-24 18:00:00,1,validation
1152084,117905,2024-04-24 20:30:00,1,validation
1152084,117907,2024-04-24 20:30:00,1,validation
1152084,117909,2024-04-24 20:30:00,1,validation
1152085,117906,2024-04-24 20:30:00,1,validation
1152085,117908,2024-04-24 20:30:00,1,validation
1138345,117910,2024-04-25 12:00:00,1,validation
1138345,117911,2024-04-25 12:00:00,1,validation
1155514,117913,2024-04-25 14:30:00,1,validation
1155514,117915,2024-04-25 14:30:00,1,validation
1155514,117917,2024-04-25 14:30:00,1,validation
1155515,117912,2024-04-25 14:30:00,1,validation
1155515,117914,2024-04-25 14:30:00,1,validation
1138344,117916,2024-04-25 15:00:00,1,validation
1156279,117918,2024-04-25 17:00:00,1,validation
1156279,117920,2024-04-25 17:00:00,1,validation
1152081,117919,2024-04-25 18:00:00,1,validation
1152081,117921,2024-04-25 18:00:00,1,validation
1152081,117922,2024-04-25 18:00:00,1,validation
1156278,117923,2024-04-25 20:00:00,1,validation
1156278,117925,2024-04-25 20:00:00,1,validation
1156278,117928,2024-04-25 20:00:00,1,validation
1155905,117924,2024-04-25 20:30:00,1,validation
1155905,117926,2024-04-25 20:30:00,1,validation
1156662,117927,2024-04-25 21:15:00,1,validation
1156662,117929,2024-04-25 21:15:00,1,validation
1156662,117930,2024-04-25 21:15:00,1,validation
1136379,117931,2024-04-26 03:00:00,1,validation
1136378,117932,2024-04-26 04:25:00,1,validation
1136377,117933,2024-04-26 05:50:00,1,validation
1136376,117934,2024-04-26 07:15:00,1,validation
1161837,117935,2024-04-26 12:15:00,1,validation
1159882,117937,2024-04-26 14:30:00,1,validation
1159882,117938,2024-04-26 14:30:00,1,validation
1160198,117936,2024-04-26 14:30:00,1,validation
1160198,117939,2024-04-26 14:30:00,1,validation
1156663,117940,2024-04-26 17:30:00,1,validation
1156663,117941,2024-04-26 17:30:00,1,validation
1160814,117942,2024-04-26 18:55:00,1,validation
1160197,117943,2024-04-26 20:30:00,1,validation
1160197,117944,2024-04-26 20:30:00,1,validation
1161393,117945,2024-04-27 06:00:00,1,validation
1161393,117946,2024-04-27 06:00:00,1,validation
1162745,117947,2024-04-27 09:15:00,1,validation
1162745,117948,2024-04-27 09:15:00,1,validation
1165547,117949,2024-04-27 10:45:00,1,validation
1165547,117950,2024-04-27 10:45:00,1,validation
1163204,117952,2024-04-27 14:30:00,1,validation
1163204,117954,2024-04-27 14:30:00,1,validation
1163527,117951,2024-04-27 14:30:00,1,validation
1163527,117953,2024-04-27 14:30:00,1,validation
1163527,117955,2024-04-27 14:30:00,1,validation
1164606,117956,2024-04-27 17:30:00,1,validation
1164606,117958,2024-04-27 17:30:00,1,validation
1164606,117960,2024-04-27 17:30:00,1,validation
1156472,117957,2024-04-27 17:45:00,1,validation
1156472,117959,2024-04-27 17:45:00,1,validation
1163998,117961,2024-04-27 20:30:00,1,validation
1163998,117962,2024-04-27 20:30:00,1,validation
1166527,117963,2024-04-28 09:15:00,1,validation
1166527,117964,2024-04-28 09:15:00,1,validation
1159883,117965,2024-04-28 14:30:00,1,validation
1159883,117966,2024-04-28 14:30:00,1,validation
1167783,117967,2024-04-28 17:30:00,1,validation
1167783,117968,2024-04-28 17:30:00,1,validation
1167484,117969,2024-04-28 20:30:00,1,validation
1163508,117971,2024-04-29 15:00:00,1,validation
1163508,117972,2024-04-29 15:00:00,1,validation
1163508,117973,2024-04-29 15:00:00,1,validation
1165862,117974,2024-04-29 17:00:00,1,validation
1165862,117975,2024-04-29 17:00:00,1,validation
1165862,117976,2024-04-29 17:00:00,1,validation
1165861,117977,2024-04-29 20:20:00,1,validation
1165861,117978,2024-04-29 20:20:00,1,validation
1165861,117979,2024-04-29 20:20:00,1,validation
1174437,117980,2024-04-30 11:00:00,1,validation
1174437,117981,2024-04-30 11:00:00,1,validation
1163507,117982,2024-04-30 12:00:00,1,validation
1163507,117983,2024-04-30 12:00:00,1,validation
1123901,117985,2024-04-30 14:30:00,1,validation
1123901,117988,2024-04-30 14:30:00,1,validation
1123902,117984,2024-04-30 14:30:00,1,validation
1123902,117986,2024-04-30 14:30:00,1,validation
1163506,117987,2024-04-30 15:00:00,1,validation
1163506,117989,2024-04-30 15:00:00,1,validation
1163506,117990,2024-04-30 15:00:00,1,validation
1123897,117992,2024-04-30 17:30:00,1,validation
1123897,117994,2024-04-30 17:30:00,1,validation
1123898,117991,2024-04-30 17:30:00,1,validation
1123898,117993,2024-04-30 17:30:00,1,validation
1176213,117995,2024-04-30 20:10:00,1,validation
1176213,117999,2024-04-30 20:10:00,1,validation
1123899,117996,2024-04-30 20:30:00,1,validation
1123899,118000,2024-04-30 20:30:00,1,validation
1123900,117997,2024-04-30 20:30:00,1,validation
1123900,117998,2024-04-30 20:30:00,1,validation
1123900,118001,2024-04-30 20:30:00,1,validation
1163505,118002,2024-05-01 12:00:00,1,validation
1163505,118003,2024-05-01 12:00:00,1,validation
1123895,118005,2024-05-01 14:30:00,1,validation
1123896,118004,2024-05-01 14:30:00,1,validation
1123896,118006,2024-05-01 14:30:00,1,validation
1179053,118007,2024-05-01 17:15:00,1,validation
1179053,118013,2024-05-01 17:15:00,1,validation
1179053,118015,2024-05-01 17:15:00,1,validation
1179247,118008,2024-05-01 17:30:00,1,validation
1179247,118010,2024-05-01 17:30:00,1,validation
1179247,118012,2024-05-01 17:30:00,1,validation
1179248,118009,2024-05-01 17:30:00,1,validation
1179248,118011,2024-05-01 17:30:00,1,validation
1179057,118014,2024-05-01 20:00:00,1,validation
1179057,118017,2024-05-01 20:00:00,1,validation
1179057,118020,2024-05-01 20:00:00,1,validation
1180392,118016,2024-05-01 20:30:00,1,validation
1180392,118019,2024-05-01 20:30:00,1,validation
1180393,118018,2024-05-01 20:30:00,1,validation
1180393,118021,2024-05-01 20:30:00,1,validation
1179055,118022,2024-05-02 11:00:00,1,validation
1179055,118024,2024-05-02 11:00:00,1,validation
1184773,118023,2024-05-02 12:00:00,1,validation
1184773,118025,2024-05-02 12:00:00,1,validation
1179062,118030,2024-05-02 14:00:00,1,validation
1179062,118031,2024-05-02 14:00:00,1,validation
1183798,118026,2024-05-02 14:30:00,1,validation
1183798,118029,2024-05-02 14:30:00,1,validation
1183799,118027,2024-05-02 14:30:00,1,validation
1183799,118028,2024-05-02 14:30:00,1,validation
1183799,118032,2024-05-02 14:30:00,1,validation
1179060,118033,2024-05-02 17:00:00,1,validation
1179060,118036,2024-05-02 17:00:00,1,validation
1179743,118034,2024-05-02 17:30:00,1,validation
1179743,118037,2024-05-02 17:30:00,1,validation
1179743,118042,2024-05-02 17:30:00,1,validation
1179744,118035,2024-05-02 17:30:00,1,validation
1179744,118038,2024-05-02 17:30:00,1,validation
1179744,118041,2024-05-02 17:30:00,1,validation
1184771,118039,2024-05-02 18:30:00,1,validation
1184771,118040,2024-05-02 18:30:00,1,validation
1184970,118043,2024-05-02 20:45:00,1,validation
1184970,118047,2024-05-02 20:45:00,1,validation
1184407,118044,2024-05-02 21:00:00,1,validation
1184407,118046,2024-05-02 21:00:00,1,validation
1184407,118049,2024-05-02 21:00:00,1,validation
1179061,118045,2024-05-02 21:15:00,1,validation
1179061,118048,2024-05-02 21:15:00,1,validation
1184962,118050,2024-05-03 11:00:00,1,validation
1184962,118051,2024-05-03 11:00:00,1,validation
1188098,118053,2024-05-03 14:00:00,1,validation
1188098,118057,2024-05-03 14:00:00,1,validation
1187811,118054,2024-05-03 14:30:00,1,validation
1187811,118056,2024-05-03 14:30:00,1,validation
1188388,118052,2024-05-03 14:30:00,1,validation
1188388,118055,2024-05-03 14:30:00,1,validation
1188388,118058,2024-05-03 14:30:00,1,validation
1188807,118059,2024-05-03 17:00:00,1,validation
1188807,118064,2024-05-03 17:00:00,1,validation
1185996,118060,2024-05-03 17:30:00,1,validation
1185996,118062,2024-05-03 17:30:00,1,validation
1188812,118061,2024-05-03 17:30:00,1,validation
1188812,118063,2024-05-03 17:30:00,1,validation
1188386,118066,2024-05-03 20:30:00,1,validation
1188386,118068,2024-05-03 20:30:00,1,validation
1188386,118071,2024-05-03 20:30:00,1,validation
1191203,118065,2024-05-03 20:30:00,1,validation
1191203,118069,2024-05-03 20:30:00,1,validation
1191203,118072,2024-05-03 20:30:00,1,validation
1187208,118067,2024-05-03 21:00:00,1,validation
1187208,118070,2024-05-03 21:00:00,1,validation
1187208,118073,2024-05-03 21:00:00,1,validation
1191735,118074,2024-05-04 13:00:00,1,validation
1191735,118075,2024-05-04 13:00:00,1,validation
1188811,118077,2024-05-04 14:30:00,1,validation
1188811,118079,2024-05-04 14:30:00,1,validation
1188811,118081,2024-05-04 14:30:00,1,validation
1191202,118076,2024-05-04 14:30:00,1,validation
1191202,118078,2024-05-04 14:30:00,1,validation
1191202,118080,2024-05-04 14:30:00,1,validation
1191607,118082,2024-05-04 17:45:00,1,validation
1191607,118084,2024-05-04 17:45:00,1,validation
1192128,118083,2024-05-04 18:05:00,1,validation
1192128,118085,2024-05-04 18:05:00,1,validation
1192128,118086,2024-05-04 18:05:00,1,validation
1184972,118087,2024-05-04 20:30:00,1,validation
1184972,118088,2024-05-04 20:30:00,1,validation
1195047,118089,2024-05-05 14:30:00,1,validation
1195047,118090,2024-05-05 14:30:00,1,validation
1194905,118091,2024-05-05 17:30:00,1,validation
1194905,118092,2024-05-05 17:30:00,1,validation
1194905,118093,2024-05-05 17:30:00,1,validation
1188389,118094,2024-05-05 21:20:00,1,validation
1188389,118095,2024-05-05 21:20:00,1,validation
1188389,118096,2024-05-05 21:20:00,1,validation
1199751,118097,2024-05-07 17:15:00,1,validation
1199751,118099,2024-05-07 17:15:00,1,validation
1199751,118101,2024-05-07 17:15:00,1,validation
1199753,118098,2024-05-07 17:15:00,1,validation
1199753,118100,2024-05-07 17:15:00,1,validation
1199750,118102,2024-05-07 20:30:00,1,validation
1199750,118104,2024-05-07 20:30:00,1,validation
1199750,118106,2024-05-07 20:30:00,1,validation
1199752,118103,2024-05-07 21:00:00,1,validation
1199752,118105,2024-05-07 21:00:00,1,validation
1208435,118107,2024-05-08 17:15:00,1,validation
1208435,118109,2024-05-08 17:15:00,1,validation
1208435,118111,2024-05-08 17:15:00,1,validation
1208613,118108,2024-05-08 17:15:00,1,validation
1208613,118110,2024-05-08 17:15:00,1,validation
1208613,118112,2024-05-08 17:15:00,1,validation
1208961,118113,2024-05-08 21:00:00,1,validation
1208961,118115,2024-05-08 21:00:00,1,validation
1208961,118117,2024-05-08 21:00:00,1,validation
1209149,118114,2024-05-08 21:00:00,1,validation
1209149,118116,2024-05-08 21:00:00,1,validation
1214108,118118,2024-05-09 17:15:00,1,validation
1214108,118119,2024-05-09 17:15:00,1,validation
1213483,118120,2024-05-09 20:30:00,1,validation
1213483,118121,2024-05-09 20:30:00,1,validation
1213483,118122,2024-05-09 20:30:00,1,validation
1213482,118123,2024-05-10 17:15:00,1,validation
1213482,118124,2024-05-10 17:15:00,1,validation
1214107,118125,2024-05-10 20:30:00,1,validation
1221621,118126,2024-05-11 17:15:00,1,validation
1221621,118127,2024-05-11 17:15:00,1,validation
1221621,118128,2024-05-11 17:15:00,1,validation
1218144,118129,2024-05-11 21:15:00,1,validation
1218144,118130,2024-05-11 21:15:00,1,validation
1218144,118131,2024-05-11 21:15:00,1,validation
1225352,118132,2024-05-12 18:00:00,1,validation
1225352,118133,2024-05-12 18:00:00,1,validation
1225352,118134,2024-05-12 18:00:00,1,validation
1228034,118135,2024-05-14 13:00:00,1,validation
1228034,118136,2024-05-14 13:00:00,1,validation
1228036,118137,2024-05-14 16:00:00,1,validation
1228036,118138,2024-05-14 16:00:00,1,validation
1228036,118139,2024-05-14 16:00:00,1,validation
1196844,118140,2024-05-14 19:35:00,1,validation
1196844,118141,2024-05-14 19:35:00,1,validation
1190137,118142,2024-05-14 21:00:00,1,validation
1190137,118147,2024-05-14 21:00:00,1,validation
1190137,118148,2024-05-14 21:00:00,1,validation
1190280,118144,2024-05-14 21:00:00,1,validation
1190280,118145,2024-05-14 21:00:00,1,validation
1190282,118143,2024-05-14 21:00:00,1,validation
1190282,118146,2024-05-14 21:00:00,1,validation
1190282,118149,2024-05-14 21:00:00,1,validation
1196842,118150,2024-05-15 13:00:00,1,validation
1196842,118151,2024-05-15 13:00:00,1,validation
1196841,118152,2024-05-15 16:00:00,1,validation
1196841,118155,2024-05-15 16:00:00,1,validation
1196841,118157,2024-05-15 16:00:00,1,validation
1228033,118153,2024-05-15 16:00:00,1,validation
1228033,118154,2024-05-15 16:00:00,1,validation
1228033,118156,2024-05-15 16:00:00,1,validation
1240288,118164,2024-05-15 19:50:00,1,validation
1240288,118170,2024-05-15 19:50:00,1,validation
1228887,118167,2024-05-15 21:00:00,1,validation
1228887,118169,2024-05-15 21:00:00,1,validation
1242635,118165,2024-05-15 21:00:00,1,validation
1242635,118168,2024-05-15 21:00:00,1,validation
1223286,118171,2024-05-16 12:30:00,1,validation
1223286,118174,2024-05-16 12:30:00,1,validation
1223286,118176,2024-05-16 12:30:00,1,validation
1237946,118173,2024-05-16 13:00:00,1,validation
1237946,118175,2024-05-16 13:00:00,1,validation
1228884,118178,2024-05-16 15:00:00,1,validation
1228884,118181,2024-05-16 15:00:00,1,validation
1223285,118182,2024-05-16 15:30:00,1,validation
1239053,118180,2024-05-16 16:00:00,1,validation
1239053,118183,2024-05-16 16:00:00,1,validation
1239053,118185,2024-05-16 16:00:00,1,validation
1244215,118184,2024-05-16 17:15:00,1,validation
1244215,118187,2024-05-16 17:15:00,1,validation
1228885,118186,2024-05-16 18:00:00,1,validation
1228885,118188,2024-05-16 18:00:00,1,validation
1244214,118189,2024-05-16 20:25:00,1,validation
1244214,118190,2024-05-16 20:25:00,1,validation
1248115,118191,2024-05-16 20:45:00,1,validation
1248115,118193,2024-05-16 20:45:00,1,validation
1228883,118192,2024-05-16 21:15:00,1,validation
1228883,118194,2024-05-16 21:15:00,1,validation
1248116,118195,2024-05-16 23:30:00,1,validation
1249250,118196,2024-05-17 12:30:00,1,validation
1249250,118197,2024-05-17 12:30:00,1,validation
1249250,118199,2024-05-17 12:30:00,1,validation
1244987,118200,2024-05-17 15:00:00,1,validation
1244987,118203,2024-05-17 15:00:00,1,validation
1244987,118204,2024-05-17 15:00:00,1,validation
1247983,118198,2024-05-17 15:00:00,1,validation
1247983,118201,2024-05-17 15:00:00,1,validation
1247983,118205,2024-05-17 15:00:00,1,validation
1223284,118202,2024-05-17 16:30:00,1,validation
1223284,118208,2024-05-17 16:30:00,1,validation
1248694,118209,2024-05-17 18:45:00,1,validation
1248694,118210,2024-05-17 18:45:00,1,validation
1248694,118211,2024-05-17 18:45:00,1,validation
1223283,118212,2024-05-17 19:00:00,1,validation
1223283,118214,2024-05-17 19:00:00,1,validation
1244986,118213,2024-05-17 21:00:00,1,validation
1244986,118215,2024-05-17 21:00:00,1,validation
1244986,118216,2024-05-17 21:00:00,1,validation
1252452,118217,2024-05-17 23:30:00,1,validation
1252452,118218,2024-05-17 23:30:00,1,validation
1252451,118219,2024-05-18 12:30:00,1,validation
1252451,118220,2024-05-18 12:30:00,1,validation
1252451,118225,2024-05-18 12:30:00,1,validation
1251498,118226,2024-05-18 13:00:00,1,validation
1251498,118227,2024-05-18 13:00:00,1,validation
1248799,118229,2024-05-18 15:00:00,1,validation
1252299,118228,2024-05-18 15:00:00,1,validation
1252300,118230,2024-05-18 18:00:00,1,validation
1223282,118231,2024-05-18 20:15:00,1,validation
1223282,118233,2024-05-18 20:15:00,1,validation
1248798,118232,2024-05-18 21:00:00,1,validation
1248798,118234,2024-05-18 21:00:00,1,validation
1223281,118235,2024-05-18 23:00:00,1,validation
1223281,118236,2024-05-18 23:00:00,1,validation
1223281,118237,2024-05-18 23:00:00,1,validation
1251945,118238,2024-05-19 12:00:00,1,validation
1251945,118239,2024-05-19 12:00:00,1,validation
1256763,118240,2024-05-19 12:30:00,1,validation
1256763,118241,2024-05-19 12:30:00,1,validation
1256763,118242,2024-05-19 12:30:00,1,validation
1252599,118245,2024-05-19 15:00:00,1,validation
1256762,118243,2024-05-19 15:30:00,1,validation
1255833,118244,2024-05-19 16:00:00,1,validation
1255833,118246,2024-05-19 16:00:00,1,validation
1255833,118247,2024-05-19 16:00:00,1,validation
1259516,118248,2024-05-19 18:30:00,1,validation
1259516,118249,2024-05-19 18:30:00,1,validation
1256273,118252,2024-05-19 21:25:00,1,validation
1256273,118253,2024-05-19 21:25:00,1,validation
1223280,118250,2024-05-19 21:30:00,1,validation
1223280,118251,2024-05-19 21:30:00,1,validation
1260662,118255,2024-05-20 15:30:00,1,validation
1260662,118256,2024-05-20 15:30:00,1,validation
1263290,118254,2024-05-20 15:30:00,1,validation
1263290,118257,2024-05-20 15:30:00,1,validation
1263290,118258,2024-05-20 15:30:00,1,validation
1260170,118259,2024-05-20 21:15:00,1,validation
1260170,118260,2024-05-20 21:15:00,1,validation
1260672,118261,2024-05-21 13:00:00,1,validation
1260672,118262,2024-05-21 13:00:00,1,validation
1264579,118263,2024-05-21 15:00:00,1,validation
1264579,118265,2024-05-21 15:00:00,1,validation
1264579,118267,2024-05-21 15:00:00,1,validation
1266476,118264,2024-05-21 15:30:00,1,validation
1266476,118266,2024-05-21 15:30:00,1,validation
1266476,118268,2024-05-21 15:30:00,1,validation
1265246,118269,2024-05-21 18:00:00,1,validation
1265246,118270,2024-05-21 18:00:00,1,validation
1260671,118271,2024-05-21 21:30:00,1,validation
1260671,118272,2024-05-21 21:30:00,1,validation
1260671,118273,2024-05-21 21:30:00,1,validation
1268906,118274,2024-05-22 13:30:00,1,validation
1268906,118275,2024-05-22 13:30:00,1,validation
1268906,118276,2024-05-22 13:30:00,1,validation
1270125,118277,2024-05-22 17:30:00,1,validation
1270125,118279,2024-05-22 17:30:00,1,validation
1269278,118278,2024-05-22 18:00:00,1,validation
1269278,118280,2024-05-22 18:00:00,1,validation
1269278,118281,2024-05-22 18:00:00,1,validation
1270061,118282,2024-05-23 14:00:00,1,validation
1270061,118283,2024-05-23 14:00:00,1,validation
1273635,118284,2024-05-23 16:30:00,1,validation
1273635,118286,2024-05-23 16:30:00,1,validation
1273635,118289,2024-05-23 16:30:00,1,validation
1273635,118291,2024-05-23 16:30:00,1,validation
1270060,118285,2024-05-23 17:00:00,1,validation
1270060,118288,2024-05-23 17:00:00,1,validation
1269879,118287,2024-05-23 18:00:00,1,validation
1269879,118290,2024-05-23 18:00:00,1,validation
1274673,118292,2024-05-24 01:00:00,1,validation
1274673,118293,2024-05-24 01:00:00,1,validation
1275005,118294,2024-05-24 04:00:00,1,validation
1275005,118295,2024-05-24 04:00:00,1,validation
1275005,118296,2024-05-24 04:00:00,1,validation
1270057,118297,2024-05-24 14:00:00,1,validation
1270057,118298,2024-05-24 14:00:00,1,validation
1270057,118299,2024-05-24 14:00:00,1,validation
1270056,118300,2024-05-24 17:00:00,1,validation
1270056,118301,2024-05-24 17:00:00,1,validation
1277422,118302,2024-05-25 04:00:00,1,validation
1277422,118303,2024-05-25 04:00:00,1,validation
1277422,118304,2024-05-25 04:00:00,1,validation
1277316,118305,2024-05-25 11:00:00,1,validation
1277316,118306,2024-05-25 11:00:00,1,validation
1277316,118307,2024-05-25 11:00:00,1,validation
1276074,118310,2024-05-25 14:00:00,1,validation
1276074,118312,2024-05-25 14:00:00,1,validation
1276074,118314,2024-05-25 14:00:00,1,validation
1276807,118311,2024-05-25 15:00:00,1,validation
1276807,118313,2024-05-25 15:00:00,1,validation
1276806,118315,2024-05-25 18:00:00,1,validation
1276806,118316,2024-05-25 18:00:00,1,validation
1276806,118317,2024-05-25 18:00:00,1,validation
1276509,118318,2024-05-25 20:45:00,1,validation
1276509,118320,2024-05-25 20:45:00,1,validation
1276805,118319,2024-05-25 21:50:00,1,validation
1276805,118321,2024-05-25 21:50:00,1,validation
1276805,118322,2024-05-25 21:50:00,1,validation
1280449,118323,2024-05-26 13:00:00,1,validation
1280449,118324,2024-05-26 13:00:00,1,validation
1280449,118325,2024-05-26 13:00:00,1,validation
1280853,118326,2024-05-26 15:00:00,1,validation
1280853,118327,2024-05-26 15:00:00,1,validation
1280853,118328,2024-05-26 15:00:00,1,validation
1280852,118329,2024-05-26 18:00:00,1,validation
1280852,118331,2024-05-26 18:00:00,1,validation
1282145,118330,2024-05-26 19:00:00,1,validation
1282145,118332,2024-05-26 19:00:00,1,validation
1280851,118333,2024-05-27 12:00:00,1,validation
1280851,118334,2024-05-27 12:00:00,1,validation
1280849,118338,2024-05-27 18:00:00,1,validation
1280849,118339,2024-05-27 18:00:00,1,validation
1280849,118340,2024-05-27 18:00:00,1,validation
1251704,118341,2024-05-27 20:30:00,1,validation
1251705,118342,2024-05-27 20:30:00,1,validation
1251706,118343,2024-05-27 21:55:00,1,validation
1251707,118344,2024-05-27 21:55:00,1,validation
1251700,118345,2024-05-27 22:50:00,1,validation
1251703,118346,2024-05-27 23:20:00,1,validation
1251701,118347,2024-05-27 23:55:00,1,validation
1251702,118348,2024-05-28 00:20:00,1,validation
1284638,118349,2024-05-28 00:50:00,1,validation
1284638,118351,2024-05-28 00:50:00,1,validation
1284637,118350,2024-05-28 01:20:00,1,validation
1284637,118352,2024-05-28 01:20:00,1,validation
1284730,118353,2024-05-28 03:30:00,1,validation
1284730,118356,2024-05-28 03:30:00,1,validation
1284730,118357,2024-05-28 03:30:00,1,validation
1284731,118354,2024-05-28 03:30:00,1,validation
1284731,118355,2024-05-28 03:30:00,1,validation
1284731,118358,2024-05-28 03:30:00,1,validation
1263578,118359,2024-05-28 10:00:00,1,validation
1263578,118360,2024-05-28 10:00:00,1,validation
1263577,118361,2024-05-28 13:15:00,1,validation
1263577,118362,2024-05-28 13:15:00,1,validation
1284816,118365,2024-05-28 18:00:00,1,validation
1284816,118366,2024-05-28 18:00:00,1,validation
1284816,118369,2024-05-28 18:00:00,1,validation
1284913,118368,2024-05-28 20:00:00,1,validation
1284913,118371,2024-05-28 20:00:00,1,validation
1284914,118367,2024-05-28 20:00:00,1,validation
1284914,118370,2024-05-28 20:00:00,1,validation
1284912,118372,2024-05-28 23:00:00,1,validation
1284912,118374,2024-05-28 23:00:00,1,validation
1284915,118373,2024-05-28 23:00:00,1,validation
1284915,118375,2024-05-28 23:00:00,1,validation
1284915,118376,2024-05-28 23:00:00,1,validation
1285089,118377,2024-05-29 02:00:00,1,validation
1285089,118378,2024-05-29 02:00:00,1,validation
1285089,118380,2024-05-29 02:00:00,1,validation
1285418,118379,2024-05-29 03:10:00,1,validation
1285418,118381,2024-05-29 03:10:00,1,validation
1285418,118382,2024-05-29 03:10:00,1,validation
1263575,118383,2024-05-29 10:15:00,1,validation
1263575,118384,2024-05-29 10:15:00,1,validation
1263575,118385,2024-05-29 10:15:00,1,validation
1286088,118386,2024-05-29 13:30:00,1,validation
1286088,118387,2024-05-29 13:30:00,1,validation
1286649,118389,2024-05-29 20:00:00,1,validation
1286649,118390,2024-05-29 20:00:00,1,validation
1287065,118388,2024-05-29 20:00:00,1,validation
1287065,118391,2024-05-29 20:00:00,1,validation
1287065,118392,2024-05-29 20:00:00,1,validation
1287066,118393,2024-05-29 23:00:00,1,validation
1287066,118395,2024-05-29 23:00:00,1,validation
1285419,118394,2024-05-29 23:15:00,1,validation
1285419,118396,2024-05-29 23:15:00,1,validation
1287313,118398,2024-05-30 02:00:00,1,validation
1287313,118400,2024-05-30 02:00:00,1,validation
1287313,118401,2024-05-30 02:00:00,1,validation
1289035,118397,2024-05-30 02:00:00,1,validation
1289035,118399,2024-05-30 02:00:00,1,validation
1288000,118402,2024-05-30 07:30:00,1,validation
1288000,118403,2024-05-30 07:30:00,1,validation
1288000,118404,2024-05-30 07:30:00,1,validation
1286089,118405,2024-05-30 10:45:00,1,validation
1286089,118406,2024-05-30 10:45:00,1,validation
1286089,118407,2024-05-30 10:45:00,1,validation
1288001,118408,2024-05-30 14:30:00,1,validation
1288001,118409,2024-05-30 14:30:00,1,validation
1288001,118410,2024-05-30 14:30:00,1,validation
1293495,118411,2024-05-31 18:30:00,1,validation
1290307,118412,2024-05-31 21:00:00,1,validation
1290307,118413,2024-05-31 21:00:00,1,validation
1289612,118414,2024-05-31 21:30:00,1,validation
1289612,118415,2024-05-31 21:30:00,1,validation
1282216,118416,2024-05-31 22:45:00,1,validation
1290306,118417,2024-06-01 00:15:00,1,validation
1290306,118418,2024-06-01 00:15:00,1,validation
1294282,118419,2024-06-01 01:55:00,1,validation
1294281,118420,2024-06-01 02:30:00,1,validation
1294281,118421,2024-06-01 02:30:00,1,validation
1290683,118422,2024-06-01 05:30:00,1,validation
1290683,118423,2024-06-01 05:30:00,1,validation
1291050,118424,2024-06-01 08:45:00,1,validation
1291050,118425,2024-06-01 08:45:00,1,validation
1291050,118426,2024-06-01 08:45:00,1,validation
1295665,118427,2024-06-01 15:15:00,1,validation
1294179,118428,2024-06-01 21:00:00,1,validation
1294179,118429,2024-06-01 21:00:00,1,validation
1294521,118430,2024-06-02 00:15:00,1,validation
1294521,118431,2024-06-02 00:15:00,1,validation
1296292,118432,2024-06-02 07:00:00,1,validation
1296292,118433,2024-06-02 07:00:00,1,validation
1296292,118434,2024-06-02 07:00:00,1,validation
1296293,118435,2024-06-02 15:00:00,1,validation
1296293,118436,2024-06-02 15:00:00,1,validation
1297143,118437,2024-06-02 21:00:00,1,validation
1297143,118438,2024-06-02 21:00:00,1,validation
1297143,118439,2024-06-02 21:00:00,1,validation
1298684,118440,2024-06-03 17:00:00,1,validation
1298684,118441,2024-06-03 17:00:00,1,validation
1298683,118442,2024-06-03 20:00:00,1,validation
1298682,118443,2024-06-04 11:00:00,1,validation
1298682,118444,2024-06-04 11:00:00,1,validation
1280228,118446,2024-06-04 20:00:00,1,validation
1280229,118448,2024-06-04 20:00:00,1,validation
1280229,118451,2024-06-04 20:00:00,1,validation
1280230,118450,2024-06-04 20:00:00,1,validation
1280231,118445,2024-06-04 20:00:00,1,validation
1280231,118447,2024-06-04 20:00:00,1,validation
1298679,118449,2024-06-04 20:00:00,1,validation
1290447,118453,2024-06-05 11:00:00,1,validation
1290462,118452,2024-06-05 11:10:00,1,validation
1298486,118454,2024-06-05 12:00:00,1,validation
1298486,118455,2024-06-05 12:00:00,1,validation
1290446,118456,2024-06-05 12:55:00,1,validation
1303271,118458,2024-06-05 14:00:00,1,validation
1303271,118459,2024-06-05 14:00:00,1,validation
1298484,118460,2024-06-05 15:00:00,1,validation
1298484,118461,2024-06-05 15:00:00,1,validation
1290460,118457,2024-06-05 15:10:00,1,validation
1290444,118463,2024-06-05 16:55:00,1,validation
1303270,118462,2024-06-05 17:00:00,1,validation
1303270,118464,2024-06-05 17:00:00,1,validation
1303270,118467,2024-06-05 17:00:00,1,validation
1298485,118465,2024-06-05 18:00:00,1,validation
1298485,118468,2024-06-05 18:00:00,1,validation
1290458,118466,2024-06-05 18:10:00,1,validation
1290457,118469,2024-06-05 19:55:00,1,validation
1290442,118471,2024-06-05 20:00:00,1,validation
1303213,118472,2024-06-05 20:00:00,1,validation
1303213,118479,2024-06-05 20:00:00,1,validation
1303214,118473,2024-06-05 20:00:00,1,validation
1303214,118476,2024-06-05 20:00:00,1,validation
1303307,118470,2024-06-05 20:00:00,1,validation
1303307,118475,2024-06-05 20:00:00,1,validation
1303307,118477,2024-06-05 20:00:00,1,validation
1298483,118474,2024-06-05 21:00:00,1,validation
1298483,118478,2024-06-05 21:00:00,1,validation
1298483,118480,2024-06-05 21:00:00,1,validation
1290440,118482,2024-06-06 11:00:00,1,validation
1290455,118481,2024-06-06 11:00:00,1,validation
1290439,118483,2024-06-06 12:30:00,1,validation
1290454,118484,2024-06-06 12:30:00,1,validation
1290437,118485,2024-06-06 14:00:00,1,validation
1304155,118487,2024-06-06 14:00:00,1,validation
1304155,118488,2024-06-06 14:00:00,1,validation
1290453,118486,2024-06-06 15:30:00,1,validation
1290436,118489,2024-06-06 17:00:00,1,validation
1290451,118490,2024-06-06 17:00:00,1,validation
1304154,118491,2024-06-06 17:00:00,1,validation
1302997,118492,2024-06-06 18:00:00,1,validation
1302997,118494,2024-06-06 18:00:00,1,validation
1290449,118493,2024-06-06 18:30:00,1,validation
1290450,118496,2024-06-06 20:00:00,1,validation
1304153,118499,2024-06-06 20:00:00,1,validation
1305573,118498,2024-06-06 20:00:00,1,validation
1305573,118501,2024-06-06 20:00:00,1,validation
1305665,118495,2024-06-06 20:00:00,1,validation
1305665,118502,2024-06-06 20:00:00,1,validation
1290435,118497,2024-06-06 20:10:00,1,validation
1290433,118500,2024-06-06 21:30:00,1,validation
1307549,118503,2024-06-07 11:00:00,1,validation
1307549,118505,2024-06-07 11:00:00,1,validation
1305263,118504,2024-06-07 12:00:00,1,validation
1305263,118506,2024-06-07 12:00:00,1,validation
1307548,118507,2024-06-07 14:00:00,1,validation
1307548,118508,2024-06-07 14:00:00,1,validation
1305633,118509,2024-06-07 15:00:00,1,validation
1305633,118510,2024-06-07 15:00:00,1,validation
1281530,118511,2024-06-07 16:10:00,1,validation
1307547,118512,2024-06-07 17:00:00,1,validation
1307547,118513,2024-06-07 17:00:00,1,validation
1307547,118516,2024-06-07 17:00:00,1,validation
1305262,118514,2024-06-07 18:00:00,1,validation
1305262,118515,2024-06-07 18:00:00,1,validation
1307493,118518,2024-06-07 20:30:00,1,validation
1307493,118519,2024-06-07 20:30:00,1,validation
1307624,118517,2024-06-07 20:40:00,1,validation
1307624,118520,2024-06-07 20:40:00,1,validation
1307536,118521,2024-06-07 21:30:00,1,validation
1307536,118522,2024-06-07 21:30:00,1,validation
1307669,118523,2024-06-08 00:30:00,1,validation
1307669,118524,2024-06-08 00:30:00,1,validation
1305882,118525,2024-06-08 03:30:00,1,validation
1305882,118526,2024-06-08 03:30:00,1,validation
1307266,118527,2024-06-08 12:00:00,1,validation
1307266,118528,2024-06-08 12:00:00,1,validation
1307266,118529,2024-06-08 12:00:00,1,validation
1307544,118530,2024-06-08 14:00:00,1,validation
1307544,118531,2024-06-08 14:00:00,1,validation
1307544,118533,2024-06-08 14:00:00,1,validation
1281529,118532,2024-06-08 15:00:00,1,validation
1308984,118535,2024-06-08 16:00:00,1,validation
1308984,118536,2024-06-08 16:00:00,1,validation
1308984,118540,2024-06-08 16:00:00,1,validation
1281528,118534,2024-06-08 16:30:00,1,validation
1308973,118538,2024-06-08 18:00:00,1,validation
1308973,118539,2024-06-08 18:00:00,1,validation
1308973,118541,2024-06-08 18:00:00,1,validation
1307542,118545,2024-06-08 20:00:00,1,validation
1307542,118546,2024-06-08 20:00:00,1,validation
1309175,118544,2024-06-08 20:00:00,1,validation
1309175,118548,2024-06-08 20:00:00,1,validation
1309172,118542,2024-06-08 20:30:00,1,validation
1309172,118543,2024-06-08 20:30:00,1,validation
1309161,118547,2024-06-08 21:00:00,1,validation
1310746,118549,2024-06-09 12:00:00,1,validation
1310746,118550,2024-06-09 12:00:00,1,validation
1310746,118555,2024-06-09 12:00:00,1,validation
1310778,118554,2024-06-09 13:00:00,1,validation
1310779,118553,2024-06-09 13:00:00,1,validation
1310780,118551,2024-06-09 13:00:00,1,validation
1310781,118552,2024-06-09 13:00:00,1,validation
1310774,118559,2024-06-09 14:30:00,1,validation
1310775,118556,2024-06-09 14:30:00,1,validation
1310776,118557,2024-06-09 14:30:00,1,validation
1310777,118558,2024-06-09 14:30:00,1,validation
1311217,118560,2024-06-09 14:30:00,1,validation
1311217,118565,2024-06-09 14:30:00,1,validation
1310589,118561,2024-06-09 15:00:00,1,validation
1310589,118563,2024-06-09 15:00:00,1,validation
1310589,118569,2024-06-09 15:00:00,1,validation
1310745,118562,2024-06-09 15:00:00,1,validation
1310745,118568,2024-06-09 15:00:00,1,validation
1310745,118570,2024-06-09 15:00:00,1,validation
1310771,118567,2024-06-09 16:00:00,1,validation
1310772,118566,2024-06-09 16:00:00,1,validation
1310773,118564,2024-06-09 16:00:00,1,validation
1310767,118573,2024-06-09 17:30:00,1,validation
1310768,118571,2024-06-09 17:30:00,1,validation
1310769,118574,2024-06-09 17:30:00,1,validation
1311216,118572,2024-06-09 17:30:00,1,validation
1311216,118576,2024-06-09 17:30:00,1,validation
1310698,118578,2024-06-09 18:00:00,1,validation
1310698,118581,2024-06-09 18:00:00,1,validation
1310698,118582,2024-06-09 18:00:00,1,validation
1310744,118575,2024-06-09 18:00:00,1,validation
1310744,118579,2024-06-09 18:00:00,1,validation
1310590,118577,2024-06-09 18:20:00,1,validation
1310590,118580,2024-06-09 18:20:00,1,validation
1310976,118585,2024-06-10 04:00:00,1,validation
1310976,118586,2024-06-10 04:00:00,1,validation
1310976,118587,2024-06-10 04:00:00,1,validation
1311215,118588,2024-06-10 11:30:00,1,validation
1312040,118590,2024-06-10 13:00:00,1,validation
1312041,118591,2024-06-10 13:00:00,1,validation
1312042,118592,2024-06-10 13:00:00,1,validation
1312043,118589,2024-06-10 13:00:00,1,validation
1312036,118593,2024-06-10 14:30:00,1,validation
1312037,118597,2024-06-10 14:30:00,1,validation
1312038,118594,2024-06-10 14:30:00,1,validation
1312039,118596,2024-06-10 14:30:00,1,validation
1312150,118595,2024-06-10 15:00:00,1,validation
1312150,118599,2024-06-10 15:00:00,1,validation
1312150,118602,2024-06-10 15:00:00,1,validation
1312032,118601,2024-06-10 16:00:00,1,validation
1312033,118600,2024-06-10 16:00:00,1,validation
1312034,118598,2024-06-10 16:00:00,1,validation
1311213,118603,2024-06-10 17:30:00,1,validation
1311213,118605,2024-06-10 17:30:00,1,validation
1311213,118607,2024-06-10 17:30:00,1,validation
1313815,118608,2024-06-11 14:00:00,1,validation
1313815,118609,2024-06-11 14:00:00,1,validation
1313815,118610,2024-06-11 14:00:00,1,validation
1313814,118612,2024-06-11 17:25:00,1,validation
1313814,118613,2024-06-11 17:25:00,1,validation
1313768,118611,2024-06-11 17:30:00,1,validation
1313768,118614,2024-06-11 17:30:00,1,validation
1313768,118617,2024-06-11 17:30:00,1,validation
1315173,118618,2024-06-11 21:00:00,1,validation
1315173,118619,2024-06-11 21:00:00,1,validation
1292754,118620,2024-06-12 14:00:00,1,validation
1292754,118621,2024-06-12 14:00:00,1,validation
1315049,118622,2024-06-12 15:45:00,1,validation
1315049,118624,2024-06-12 15:45:00,1,validation
1292753,118623,2024-06-12 16:25:00,1,validation
1292753,118625,2024-06-12 16:25:00,1,validation
1292752,118626,2024-06-12 18:45:00,1,validation
1292752,118629,2024-06-12 18:45:00,1,validation
1292752,118632,2024-06-12 18:45:00,1,validation
1315508,118627,2024-06-12 20:00:00,1,validation
1315508,118631,2024-06-12 20:00:00,1,validation
1315508,118633,2024-06-12 20:00:00,1,validation
1315510,118628,2024-06-12 20:00:00,1,validation
1315510,118630,2024-06-12 20:00:00,1,validation
1315510,118634,2024-06-12 20:00:00,1,validation
1292751,118635,2024-06-12 23:00:00,1,validation
1292751,118636,2024-06-12 23:00:00,1,validation
1292751,118637,2024-06-12 23:00:00,1,validation
1315577,118638,2024-06-13 11:00:00,1,validation
1315577,118639,2024-06-13 11:00:00,1,validation
1315048,118641,2024-06-13 13:00:00,1,validation
1315048,118643,2024-06-13 13:00:00,1,validation
1315576,118642,2024-06-13 14:00:00,1,validation
1315576,118646,2024-06-13 14:00:00,1,validation
1317125,118640,2024-06-13 14:00:00,1,validation
1317125,118644,2024-06-13 14:00:00,1,validation
1315047,118648,2024-06-13 15:50:00,1,validation
1315047,118651,2024-06-13 15:50:00,1,validation
1315047,118655,2024-06-13 15:50:00,1,validation
1317126,118647,2024-06-13 15:50:00,1,validation
1317126,118650,2024-06-13 15:50:00,1,validation
1317126,118654,2024-06-13 15:50:00,1,validation
1315575,118652,2024-06-13 17:00:00,1,validation
1315575,118656,2024-06-13 17:00:00,1,validation
1315575,118657,2024-06-13 17:00:00,1,validation
1314508,118659,2024-06-13 18:40:00,1,validation
1314508,118661,2024-06-13 18:40:00,1,validation
1314508,118664,2024-06-13 18:40:00,1,validation
1317591,118658,2024-06-13 19:00:00,1,validation
1317591,118660,2024-06-13 19:00:00,1,validation
1317591,118663,2024-06-13 19:00:00,1,validation
1317358,118662,2024-06-13 21:00:00,1,validation
1317592,118665,2024-06-13 22:15:00,1,validation
1317592,118666,2024-06-13 22:15:00,1,validation
1315573,118667,2024-06-14 11:00:00,1,validation
1308703,118668,2024-06-14 12:25:00,1,validation
1316992,118669,2024-06-14 13:00:00,1,validation
1314507,118670,2024-06-14 15:00:00,1,validation
1314507,118674,2024-06-14 15:00:00,1,validation
1308701,118671,2024-06-14 15:25:00,1,validation
1315572,118672,2024-06-14 16:05:00,1,validation
1318586,118673,2024-06-14 16:30:00,1,validation
1318586,118676,2024-06-14 16:30:00,1,validation
1318586,118680,2024-06-14 16:30:00,1,validation
1315571,118675,2024-06-14 17:00:00,1,validation
1315571,118679,2024-06-14 17:00:00,1,validation
1319699,118677,2024-06-14 17:00:00,1,validation
1318827,118678,2024-06-14 18:00:00,1,validation
1318827,118681,2024-06-14 18:00:00,1,validation
1318827,118683,2024-06-14 18:00:00,1,validation
1319869,118682,2024-06-14 18:30:00,1,validation
1296498,118684,2024-06-14 20:00:00,1,validation
1318898,118685,2024-06-14 20:00:00,1,validation
1318898,118688,2024-06-14 20:00:00,1,validation
1318899,118686,2024-06-14 20:00:00,1,validation
1318900,118687,2024-06-14 20:00:00,1,validation
1318900,118690,2024-06-14 20:00:00,1,validation
1318946,118689,2024-06-14 21:40:00,1,validation
1318946,118692,2024-06-14 21:40:00,1,validation
1296497,118691,2024-06-14 22:00:00,1,validation
1296496,118694,2024-06-15 00:10:00,1,validation
1320243,118693,2024-06-15 02:00:00,1,validation
1319698,118695,2024-06-15 11:00:00,1,validation
1319698,118696,2024-06-15 11:00:00,1,validation
1320009,118697,2024-06-15 13:00:00,1,validation
1320009,118698,2024-06-15 13:00:00,1,validation
1320009,118701,2024-06-15 13:00:00,1,validation
1320009,118704,2024-06-15 13:00:00,1,validation
1320137,118700,2024-06-15 13:55:00,1,validation
1320137,118702,2024-06-15 13:55:00,1,validation
1320137,118705,2024-06-15 13:55:00,1,validation
1318821,118699,2024-06-15 14:00:00,1,validation
1318821,118703,2024-06-15 14:00:00,1,validation
1320242,118706,2024-06-15 16:15:00,1,validation
1320242,118707,2024-06-15 16:15:00,1,validation
1318671,118708,2024-06-15 18:00:00,1,validation
1318671,118711,2024-06-15 18:00:00,1,validation
1318671,118714,2024-06-15 18:00:00,1,validation
1320042,118710,2024-06-15 18:00:00,1,validation
1320042,118716,2024-06-15 18:00:00,1,validation
1320042,118720,2024-06-15 18:00:00,1,validation
1320094,118709,2024-06-15 18:00:00,1,validation
1320094,118712,2024-06-15 18:00:00,1,validation
1320094,118717,2024-06-15 18:00:00,1,validation
1320381,118713,2024-06-15 19:10:00,1,validation
1320381,118715,2024-06-15 19:10:00,1,validation
1320381,118721,2024-06-15 19:10:00,1,validation
1320108,118718,2024-06-15 20:00:00,1,validation
1320108,118722,2024-06-15 20:00:00,1,validation
1320109,118719,2024-06-15 20:00:00,1,validation
1320244,118723,2024-06-15 22:10:00,1,validation
1320244,118724,2024-06-15 22:10:00,1,validation
1321217,118725,2024-06-16 02:30:00,1,validation
1321217,118726,2024-06-16 02:30:00,1,validation
1321217,118727,2024-06-16 02:30:00,1,validation
1321115,118728,2024-06-16 11:00:00,1,validation
1321115,118729,2024-06-16 11:00:00,1,validation
1321115,118730,2024-06-16 11:00:00,1,validation
1321149,118732,2024-06-16 13:00:00,1,validation
1321149,118734,2024-06-16 13:00:00,1,validation
1321114,118733,2024-06-16 14:15:00,1,validation
1321114,118735,2024-06-16 14:15:00,1,validation
1321216,118736,2024-06-16 16:15:00,1,validation
1321216,118739,2024-06-16 16:15:00,1,validation
1321251,118738,2024-06-16 17:00:00,1,validation
1321251,118741,2024-06-16 17:00:00,1,validation
1321251,118742,2024-06-16 17:00:00,1,validation
1321251,118746,2024-06-16 17:00:00,1,validation
1321809,118737,2024-06-16 17:00:00,1,validation
1321809,118740,2024-06-16 17:00:00,1,validation
1321871,118743,2024-06-16 19:00:00,1,validation
1321871,118748,2024-06-16 19:00:00,1,validation
1321161,118744,2024-06-16 20:00:00,1,validation
1321161,118749,2024-06-16 20:00:00,1,validation
1321195,118745,2024-06-16 20:00:00,1,validation
1321195,118747,2024-06-16 20:00:00,1,validation
1321195,118750,2024-06-16 20:00:00,1,validation
1321563,118751,2024-06-16 22:30:00,1,validation
1321563,118752,2024-06-16 22:30:00,1,validation
1321563,118753,2024-06-16 22:30:00,1,validation
1321776,118754,2024-06-17 14:00:00,1,validation
1321776,118755,2024-06-17 14:00:00,1,validation
1321776,118756,2024-06-17 14:00:00,1,validation
1333704,118757,2024-07-17 14:30:00,1,validation
1333705,118759,2024-07-17 14:30:00,1,validation
1333710,118758,2024-07-17 14:30:00,1,validation
1333710,118760,2024-07-17 14:30:00,1,validation
1333710,118761,2024-07-17 14:30:00,1,validation
1333707,118762,2024-07-17 17:45:00,1,validation
1333707,118764,2024-07-17 17:45:00,1,validation
1333709,118763,2024-07-17 17:45:00,1,validation
1333709,118765,2024-07-17 17:45:00,1,validation
1333706,118766,2024-07-17 21:00:00,1,validation
1333706,118768,2024-07-17 21:00:00,1,validation
1333708,118767,2024-07-17 21:00:00,1,validation
1333708,118769,2024-07-17 21:00:00,1,validation
1380480,118770,2024-07-18 13:30:00,1,validation
1380481,118771,2024-07-18 13:30:00,1,validation
1380479,118772,2024-07-18 15:00:00,1,validation
1384234,118773,2024-07-18 17:00:00,1,validation
1384669,118774,2024-07-18 19:00:00,1,validation
580027,128049,2023-10-25 18:00:00,2,train
557633,115876,2023-10-25 20:00:00,2,train
557626,115874,2023-10-25 20:30:00,2,train
557626,115877,2023-10-25 20:30:00,2,train
557626,115878,2023-10-25 20:30:00,2,train
487656,115881,2023-10-26 12:00:00,2,train
487656,115882,2023-10-26 12:00:00,2,train
487656,115883,2023-10-26 12:00:00,2,train
588338,115879,2023-10-26 12:00:00,2,train
588338,115880,2023-10-26 12:00:00,2,train
589226,115884,2023-10-26 15:00:00,2,train
589226,115887,2023-10-26 15:00:00,2,train
566813,115886,2023-10-26 16:00:00,2,train
566813,115888,2023-10-26 16:00:00,2,train
566815,115885,2023-10-26 16:00:00,2,train
566815,115889,2023-10-26 16:00:00,2,train
589725,115892,2023-10-26 18:00:00,2,train
566812,115893,2023-10-26 19:00:00,2,train
566812,115895,2023-10-26 19:00:00,2,train
566812,115897,2023-10-26 19:00:00,2,train
566814,115894,2023-10-26 19:00:00,2,train
566814,115896,2023-10-26 19:00:00,2,train
585168,115898,2023-10-26 21:00:00,2,train
585168,115899,2023-10-26 21:00:00,2,train
585168,115900,2023-10-26 21:00:00,2,train
589049,115901,2023-10-27 11:00:00,2,train
589049,115902,2023-10-27 11:00:00,2,train
589049,115903,2023-10-27 11:00:00,2,train
593763,115905,2023-10-27 13:30:00,2,train
593763,115907,2023-10-27 13:30:00,2,train
589047,115904,2023-10-27 14:15:00,2,train
589047,115906,2023-10-27 14:15:00,2,train
589732,115908,2023-10-27 15:00:00,2,train
589732,115909,2023-10-27 15:00:00,2,train
589734,115910,2023-10-27 16:00:00,2,train
589734,115911,2023-10-27 16:00:00,2,train
589734,115914,2023-10-27 16:00:00,2,train
592593,115913,2023-10-27 16:30:00,2,train
592593,115916,2023-10-27 16:30:00,2,train
592593,115918,2023-10-27 16:30:00,2,train
589048,115912,2023-10-27 17:30:00,2,train
589048,115915,2023-10-27 17:30:00,2,train
589048,115921,2023-10-27 17:30:00,2,train
589731,115917,2023-10-27 19:00:00,2,train
589731,115920,2023-10-27 19:00:00,2,train
589731,115922,2023-10-27 19:00:00,2,train
589733,115919,2023-10-27 19:00:00,2,train
589733,115923,2023-10-27 19:00:00,2,train
589733,115927,2023-10-27 19:00:00,2,train
487653,115925,2023-10-27 20:00:00,2,train
589046,115924,2023-10-27 21:00:00,2,train
589046,115926,2023-10-27 21:00:00,2,train
557551,115928,2023-10-28 10:30:00,2,train
597061,115929,2023-10-28 11:00:00,2,train
597061,115931,2023-10-28 11:00:00,2,train
597060,115932,2023-10-28 14:00:00,2,train
597060,115933,2023-10-28 14:00:00,2,train
597060,115934,2023-10-28 14:00:00,2,train
593237,115937,2023-10-28 16:00:00,2,train
593237,115939,2023-10-28 16:00:00,2,train
593237,115941,2023-10-28 16:00:00,2,train
593332,115935,2023-10-28 16:00:00,2,train
593332,115936,2023-10-28 16:00:00,2,train
597458,115938,2023-10-28 17:00:00,2,train
597458,115940,2023-10-28 17:00:00,2,train
597458,115942,2023-10-28 17:00:00,2,train
593331,115943,2023-10-28 19:00:00,2,train
593331,115944,2023-10-28 19:00:00,2,train
593331,115948,2023-10-28 19:00:00,2,train
593236,115946,2023-10-28 19:30:00,2,train
593236,115950,2023-10-28 19:30:00,2,train
593236,115952,2023-10-28 19:30:00,2,train
597457,115945,2023-10-28 20:00:00,2,train
597457,115947,2023-10-28 20:00:00,2,train
601536,115953,2023-10-29 10:30:00,2,train
601536,115954,2023-10-29 10:30:00,2,train
601210,115955,2023-10-29 12:00:00,2,train
601210,115956,2023-10-29 12:00:00,2,train
601210,115957,2023-10-29 12:00:00,2,train
597261,115958,2023-10-29 17:00:00,2,train
597261,115960,2023-10-29 17:00:00,2,train
597261,115963,2023-10-29 17:00:00,2,train
597459,115959,2023-10-29 17:00:00,2,train
597459,115962,2023-10-29 17:00:00,2,train
597459,115965,2023-10-29 17:00:00,2,train
589045,115961,2023-10-29 18:00:00,2,train
589045,115964,2023-10-29 18:00:00,2,train
602151,115966,2023-10-29 20:00:00,2,train
602151,115968,2023-10-29 20:00:00,2,train
602151,115971,2023-10-29 20:00:00,2,train
602567,115967,2023-10-29 20:25:00,2,train
602567,115970,2023-10-29 20:25:00,2,train
602150,115969,2023-10-29 21:00:00,2,train
602150,115972,2023-10-29 21:00:00,2,train
589043,115973,2023-10-30 12:00:00,2,train
589043,115974,2023-10-30 12:00:00,2,train
589043,115975,2023-10-30 12:00:00,2,train
607261,115976,2023-10-30 14:00:00,2,train
607261,115978,2023-10-30 14:00:00,2,train
606592,115977,2023-10-30 15:00:00,2,train
606592,115979,2023-10-30 15:00:00,2,train
607260,115980,2023-10-30 17:00:00,2,train
607260,115982,2023-10-30 17:00:00,2,train
589042,115981,2023-10-30 18:00:00,2,train
589042,115983,2023-10-30 18:00:00,2,train
606591,115984,2023-10-30 21:30:00,2,train
606591,115986,2023-10-30 21:30:00,2,train
557650,115985,2023-10-30 22:00:00,2,train
609845,115987,2023-10-31 12:00:00,2,train
609845,115988,2023-10-31 12:00:00,2,train
609844,115989,2023-10-31 15:00:00,2,train
609844,115990,2023-10-31 15:00:00,2,train
609844,115992,2023-10-31 15:00:00,2,train
607263,115991,2023-10-31 17:00:00,2,train
607263,115993,2023-10-31 17:00:00,2,train
607262,115995,2023-10-31 20:00:00,2,train
607262,115998,2023-10-31 20:00:00,2,train
557637,116004,2023-10-31 21:00:00,2,train
557638,116005,2023-10-31 21:00:00,2,train
557639,116003,2023-10-31 21:00:00,2,train
557645,116001,2023-10-31 21:00:00,2,train
557645,116002,2023-10-31 21:00:00,2,train
557647,115997,2023-10-31 21:00:00,2,train
557647,115999,2023-10-31 21:00:00,2,train
557647,116006,2023-10-31 21:00:00,2,train
613289,115996,2023-10-31 21:10:00,2,train
613289,116000,2023-10-31 21:10:00,2,train
613289,116007,2023-10-31 21:10:00,2,train
557642,116008,2023-11-01 14:00:00,2,train
557642,116009,2023-11-01 14:00:00,2,train
557642,116010,2023-11-01 14:00:00,2,train
609846,116011,2023-11-01 17:00:00,2,train
609846,116012,2023-11-01 17:00:00,2,train
609846,116013,2023-11-01 17:00:00,2,train
613791,116014,2023-11-01 20:10:00,2,train
613791,116017,2023-11-01 20:10:00,2,train
613791,116018,2023-11-01 20:10:00,2,train
557623,116019,2023-11-01 21:00:00,2,train
557625,116015,2023-11-01 21:00:00,2,train
557632,116016,2023-11-01 21:00:00,2,train
618020,116020,2023-11-02 20:00:00,2,train
618020,116021,2023-11-02 20:00:00,2,train
618020,116022,2023-11-02 20:00:00,2,train
614391,116023,2023-11-03 12:00:00,2,train
614391,116024,2023-11-03 12:00:00,2,train
614389,116026,2023-11-03 18:10:00,2,train
614389,116027,2023-11-03 18:10:00,2,train
614388,116028,2023-11-03 21:00:00,2,train
614388,116029,2023-11-03 21:00:00,2,train
614388,116030,2023-11-03 21:00:00,2,train
614390,116025,2023-11-04 15:00:00,2,train
614390,116031,2023-11-04 15:00:00,2,train
624609,116032,2023-11-04 18:00:00,2,train
624609,116033,2023-11-04 18:00:00,2,train
624609,116034,2023-11-04 18:00:00,2,train
626378,116035,2023-11-04 21:30:00,2,train
626378,116036,2023-11-04 21:30:00,2,train
626378,116037,2023-11-04 21:30:00,2,train
627533,116038,2023-11-05 21:30:00,2,train
627533,116039,2023-11-05 21:30:00,2,train
630731,116040,2023-11-07 12:30:00,2,train
630731,116041,2023-11-07 12:30:00,2,train
630731,116042,2023-11-07 12:30:00,2,train
630728,116043,2023-11-07 15:30:00,2,train
625803,116048,2023-11-07 21:00:00,2,train
625805,116044,2023-11-07 21:00:00,2,train
625806,116045,2023-11-07 21:00:00,2,train
625809,116046,2023-11-07 21:00:00,2,train
625810,116047,2023-11-07 21:00:00,2,train
611950,116049,2023-11-08 08:30:00,2,train
640016,116050,2023-11-08 11:35:00,2,train
640016,116051,2023-11-08 11:35:00,2,train
640016,116053,2023-11-08 11:35:00,2,train
634158,116052,2023-11-08 12:30:00,2,train
634158,116054,2023-11-08 12:30:00,2,train
637705,116056,2023-11-08 15:30:00,2,train
637705,116057,2023-11-08 15:30:00,2,train
638391,116058,2023-11-08 18:30:00,2,train
638391,116059,2023-11-08 18:30:00,2,train
638391,116060,2023-11-08 18:30:00,2,train
638216,116066,2023-11-08 21:00:00,2,train
638216,116069,2023-11-08 21:00:00,2,train
638216,116074,2023-11-08 21:00:00,2,train
638217,116065,2023-11-08 21:00:00,2,train
638217,116072,2023-11-08 21:00:00,2,train
638217,116078,2023-11-08 21:00:00,2,train
638380,116064,2023-11-08 21:00:00,2,train
638380,116077,2023-11-08 21:00:00,2,train
638381,116061,2023-11-08 21:00:00,2,train
638381,116068,2023-11-08 21:00:00,2,train
638387,116063,2023-11-08 21:00:00,2,train
638387,116070,2023-11-08 21:00:00,2,train
638387,116075,2023-11-08 21:00:00,2,train
638557,116062,2023-11-08 21:00:00,2,train
638557,116071,2023-11-08 21:00:00,2,train
637062,116067,2023-11-08 21:30:00,2,train
637062,116073,2023-11-08 21:30:00,2,train
637062,116076,2023-11-08 21:30:00,2,train
611949,116079,2023-11-09 07:00:00,2,train
611948,116084,2023-11-09 08:30:00,2,train
644047,116085,2023-11-09 12:30:00,2,train
644047,116086,2023-11-09 12:30:00,2,train
644047,116087,2023-11-09 12:30:00,2,train
641382,116088,2023-11-09 14:30:00,2,train
641382,116090,2023-11-09 14:30:00,2,train
641382,116092,2023-11-09 14:30:00,2,train
644046,116089,2023-11-09 16:15:00,2,train
644046,116091,2023-11-09 16:15:00,2,train
642324,116093,2023-11-09 18:15:00,2,train
642324,116094,2023-11-09 18:15:00,2,train
645591,116095,2023-11-09 20:40:00,2,train
645591,116096,2023-11-09 20:40:00,2,train
645504,116097,2023-11-11 07:00:00,2,train
645504,116098,2023-11-11 07:00:00,2,train
645503,116099,2023-11-11 10:00:00,2,train
645503,116100,2023-11-11 10:00:00,2,train
645503,116101,2023-11-11 10:00:00,2,train
632665,116102,2023-11-11 17:55:00,2,train
632665,116103,2023-11-11 17:55:00,2,train
642313,116106,2023-11-11 21:00:00,2,train
642322,116104,2023-11-11 21:00:00,2,train
642322,116105,2023-11-11 21:00:00,2,train
650639,116107,2023-11-12 07:00:00,2,train
650639,116108,2023-11-12 07:00:00,2,train
650639,116109,2023-11-12 07:00:00,2,train
651309,116110,2023-11-12 10:30:00,2,train
651309,116111,2023-11-12 10:30:00,2,train
651309,116112,2023-11-12 10:30:00,2,train
655887,116113,2023-11-12 16:15:00,2,train
655887,116114,2023-11-12 16:15:00,2,train
632664,116115,2023-11-12 17:55:00,2,train
632664,116116,2023-11-12 17:55:00,2,train
625956,116117,2023-11-12 21:00:00,2,train
625956,116118,2023-11-12 21:00:00,2,train
625957,116119,2023-11-12 21:00:00,2,train
625957,116121,2023-11-12 21:00:00,2,train
625959,116122,2023-11-12 21:00:00,2,train
653253,116120,2023-11-12 21:00:00,2,train
653253,116123,2023-11-12 21:00:00,2,train
651571,116124,2023-11-13 13:30:00,2,train
651571,116125,2023-11-13 13:30:00,2,train
651571,116126,2023-11-13 13:30:00,2,train
651399,116127,2023-11-13 15:00:00,2,train
651570,116128,2023-11-13 16:30:00,2,train
651570,116129,2023-11-13 16:30:00,2,train
651570,116130,2023-11-13 16:30:00,2,train
656853,116132,2023-11-13 17:55:00,2,train
651398,116131,2023-11-13 18:00:00,2,train
651398,116133,2023-11-13 18:00:00,2,train
651398,116135,2023-11-13 18:00:00,2,train
651569,116134,2023-11-13 19:30:00,2,train
651569,116136,2023-11-13 19:30:00,2,train
651569,116137,2023-11-13 19:30:00,2,train
651568,116138,2023-11-13 23:00:00,2,train
651568,116139,2023-11-13 23:00:00,2,train
651568,116140,2023-11-13 23:00:00,2,train
662108,116141,2023-11-14 13:30:00,2,train
662108,116142,2023-11-14 13:30:00,2,train
662108,116144,2023-11-14 13:30:00,2,train
656852,116143,2023-11-14 14:55:00,2,train
656852,116145,2023-11-14 14:55:00,2,train
662109,116146,2023-11-14 17:00:00,2,train
662109,116149,2023-11-14 17:00:00,2,train
651396,116147,2023-11-14 18:00:00,2,train
651396,116148,2023-11-14 18:00:00,2,train
662110,116150,2023-11-14 20:00:00,2,train
662110,116151,2023-11-14 20:00:00,2,train
662111,116152,2023-11-14 22:30:00,2,train
662111,116153,2023-11-14 22:30:00,2,train
656430,116154,2023-11-15 13:30:00,2,train
656430,116155,2023-11-15 13:30:00,2,train
656430,116157,2023-11-15 13:30:00,2,train
651395,116156,2023-11-15 15:00:00,2,train
651395,116158,2023-11-15 15:00:00,2,train
660879,116159,2023-11-15 17:00:00,2,train
660879,116160,2023-11-15 17:00:00,2,train
657483,116161,2023-11-15 19:30:00,2,train
661959,116162,2023-11-15 22:30:00,2,train
664715,116164,2023-11-16 13:00:00,2,train
664715,116166,2023-11-16 13:00:00,2,train
664715,116169,2023-11-16 13:00:00,2,train
669660,116163,2023-11-16 13:30:00,2,train
669660,116165,2023-11-16 13:30:00,2,train
651393,116167,2023-11-16 15:00:00,2,train
651393,116168,2023-11-16 15:00:00,2,train
670527,116171,2023-11-16 16:30:00,2,train
664714,116170,2023-11-16 16:55:00,2,train
664714,116172,2023-11-16 16:55:00,2,train
664713,116174,2023-11-16 19:30:00,2,train
664713,116175,2023-11-16 19:30:00,2,train
669835,116173,2023-11-16 19:30:00,2,train
664712,116178,2023-11-16 22:00:00,2,train
673619,116176,2023-11-16 22:00:00,2,train
673619,116177,2023-11-16 22:00:00,2,train
671591,116179,2023-11-16 23:30:00,2,train
674022,116180,2023-11-17 10:30:00,2,train
674022,116181,2023-11-17 10:30:00,2,train
674023,116182,2023-11-17 10:30:00,2,train
674023,116183,2023-11-17 10:30:00,2,train
673567,116184,2023-11-17 13:00:00,2,train
673567,116185,2023-11-17 13:00:00,2,train
674356,116187,2023-11-17 13:30:00,2,train
674356,116188,2023-11-17 13:30:00,2,train
673566,116186,2023-11-17 14:10:00,2,train
673566,116189,2023-11-17 14:10:00,2,train
673566,116190,2023-11-17 14:10:00,2,train
676206,116191,2023-11-17 15:00:00,2,train
676206,116192,2023-11-17 15:00:00,2,train
673506,116193,2023-11-17 16:30:00,2,train
673506,116195,2023-11-17 16:30:00,2,train
674377,116194,2023-11-17 17:30:00,2,train
674377,116197,2023-11-17 17:30:00,2,train
674377,116200,2023-11-17 17:30:00,2,train
674833,116196,2023-11-17 17:30:00,2,train
674833,116199,2023-11-17 17:30:00,2,train
674487,116198,2023-11-17 19:00:00,2,train
670009,116201,2023-11-17 19:30:00,2,train
670009,116202,2023-11-17 19:30:00,2,train
670009,116203,2023-11-17 19:30:00,2,train
677665,116206,2023-11-17 22:00:00,2,train
670522,116207,2023-11-17 22:30:00,2,train
674486,116204,2023-11-17 23:00:00,2,train
674486,116205,2023-11-17 23:00:00,2,train
677273,116208,2023-11-18 10:30:00,2,train
677273,116209,2023-11-18 10:30:00,2,train
678440,116210,2023-11-18 17:00:00,2,train
681265,116211,2023-11-18 22:00:00,2,train
682582,116212,2023-11-19 17:00:00,2,train
682582,116214,2023-11-19 17:00:00,2,train
682582,116215,2023-11-19 17:00:00,2,train
682152,116213,2023-11-19 18:00:00,2,train
682152,116216,2023-11-19 18:00:00,2,train
684959,116217,2023-11-19 21:00:00,2,train
684959,116218,2023-11-19 21:00:00,2,train
678163,116220,2023-11-20 14:55:00,2,train
678163,116222,2023-11-20 14:55:00,2,train
685242,116223,2023-11-20 18:15:00,2,train
685242,116225,2023-11-20 18:15:00,2,train
685210,116224,2023-11-20 19:00:00,2,train
685210,116226,2023-11-20 19:00:00,2,train
688032,116227,2023-11-20 20:55:00,2,train
688032,116228,2023-11-20 20:55:00,2,train
679896,116229,2023-11-21 15:00:00,2,train
688340,116230,2023-11-21 17:55:00,2,train
688340,116232,2023-11-21 17:55:00,2,train
657209,116233,2023-11-21 21:00:00,2,train
657380,116231,2023-11-21 21:00:00,2,train
644620,116234,2023-11-22 12:00:00,2,train
644620,116235,2023-11-22 12:00:00,2,train
644619,116236,2023-11-22 14:10:00,2,train
644619,116238,2023-11-22 14:10:00,2,train
644619,116240,2023-11-22 14:10:00,2,train
679894,116237,2023-11-22 15:00:00,2,train
679894,116239,2023-11-22 15:00:00,2,train
644618,116241,2023-11-22 17:50:00,2,train
644618,116243,2023-11-22 17:50:00,2,train
679893,116242,2023-11-22 18:00:00,2,train
679893,116244,2023-11-22 18:00:00,2,train
644787,116245,2023-11-22 19:45:00,2,train
644787,116246,2023-11-22 19:45:00,2,train
694317,116247,2023-11-23 12:00:00,2,train
694317,116248,2023-11-23 12:00:00,2,train
694316,116249,2023-11-23 14:30:00,2,train
694316,116251,2023-11-23 14:30:00,2,train
694316,116253,2023-11-23 14:30:00,2,train
679892,116250,2023-11-23 15:00:00,2,train
679892,116252,2023-11-23 15:00:00,2,train
676202,116255,2023-11-23 18:00:00,2,train
676202,116257,2023-11-23 18:00:00,2,train
676202,116260,2023-11-23 18:00:00,2,train
679891,116254,2023-11-23 18:00:00,2,train
679891,116259,2023-11-23 18:00:00,2,train
695007,116256,2023-11-23 18:15:00,2,train
695007,116258,2023-11-23 18:15:00,2,train
695006,116261,2023-11-23 20:55:00,2,train
695006,116262,2023-11-23 20:55:00,2,train
695006,116264,2023-11-23 20:55:00,2,train
676204,116263,2023-11-23 21:00:00,2,train
676204,116265,2023-11-23 21:00:00,2,train
676200,116271,2023-11-24 12:00:00,2,train
676199,116272,2023-11-24 13:25:00,2,train
676198,116273,2023-11-24 14:50:00,2,train
676197,116274,2023-11-24 16:45:00,2,train
697699,116275,2023-11-24 17:30:00,2,train
697699,116278,2023-11-24 17:30:00,2,train
698192,116276,2023-11-24 18:00:00,2,train
698192,116279,2023-11-24 18:00:00,2,train
698192,116280,2023-11-24 18:00:00,2,train
699513,116277,2023-11-24 18:30:00,2,train
699860,116282,2023-11-24 20:00:00,2,train
698004,116281,2023-11-24 20:10:00,2,train
698004,116283,2023-11-24 20:10:00,2,train
698004,116286,2023-11-24 20:10:00,2,train
698605,116285,2023-11-24 21:30:00,2,train
699859,116284,2023-11-24 22:20:00,2,train
699859,116287,2023-11-24 22:20:00,2,train
699859,116288,2023-11-24 22:20:00,2,train
698604,116289,2023-11-24 23:00:00,2,train
698604,116290,2023-11-24 23:00:00,2,train
698604,116291,2023-11-24 23:00:00,2,train
698193,116292,2023-11-25 01:30:00,2,train
698193,116293,2023-11-25 01:30:00,2,train
698193,116294,2023-11-25 01:30:00,2,train
699512,116295,2023-11-25 12:00:00,2,train
699512,116296,2023-11-25 12:00:00,2,train
700790,116297,2023-11-25 14:35:00,2,train
700790,116298,2023-11-25 14:35:00,2,train
702291,116299,2023-11-25 17:15:00,2,train
702291,116301,2023-11-25 17:15:00,2,train
700107,116300,2023-11-25 17:30:00,2,train
700107,116302,2023-11-25 17:30:00,2,train
700107,116303,2023-11-25 17:30:00,2,train
701026,116304,2023-11-25 18:00:00,2,train
701381,116305,2023-11-25 21:30:00,2,train
701381,116307,2023-11-25 21:30:00,2,train
701381,116309,2023-11-25 21:30:00,2,train
700568,116306,2023-11-25 21:40:00,2,train
700568,116308,2023-11-25 21:40:00,2,train
700568,116310,2023-11-25 21:40:00,2,train
703259,116311,2023-11-26 01:00:00,2,train
703259,116312,2023-11-26 01:00:00,2,train
703471,116313,2023-11-26 03:30:00,2,train
703471,116314,2023-11-26 03:30:00,2,train
702946,116315,2023-11-26 11:00:00,2,train
702946,116316,2023-11-26 11:00:00,2,train
702946,116317,2023-11-26 11:00:00,2,train
702945,116318,2023-11-26 15:00:00,2,train
702945,116319,2023-11-26 15:00:00,2,train
702945,116320,2023-11-26 15:00:00,2,train
703484,116321,2023-11-26 19:00:00,2,train
703484,116322,2023-11-26 19:00:00,2,train
703893,116323,2023-11-26 21:20:00,2,train
703893,116324,2023-11-26 21:20:00,2,train
703893,116325,2023-11-26 21:20:00,2,train
700057,116328,2023-11-28 15:00:00,2,train
700057,116329,2023-11-28 15:00:00,2,train
700056,116330,2023-11-28 18:00:00,2,train
686700,116331,2023-11-29 14:00:00,2,train
700055,116333,2023-11-29 15:00:00,2,train
700055,116334,2023-11-29 15:00:00,2,train
686699,116332,2023-11-29 15:15:00,2,train
700054,116335,2023-11-29 18:00:00,2,train
700054,116337,2023-11-29 18:00:00,2,train
713239,116336,2023-11-29 18:00:00,2,train
713239,116338,2023-11-29 18:00:00,2,train
713239,116339,2023-11-29 18:00:00,2,train
713238,116340,2023-11-29 21:15:00,2,train
713238,116341,2023-11-29 21:15:00,2,train
713238,116342,2023-11-29 21:15:00,2,train
705447,116343,2023-11-30 13:30:00,2,train
705447,116345,2023-11-30 13:30:00,2,train
705447,116346,2023-11-30 13:30:00,2,train
686698,116344,2023-11-30 14:00:00,2,train
700053,116348,2023-11-30 15:00:00,2,train
686697,116347,2023-11-30 16:00:00,2,train
715731,116349,2023-11-30 18:00:00,2,train
715731,116350,2023-11-30 18:00:00,2,train
705443,116351,2023-11-30 19:30:00,2,train
705443,116352,2023-11-30 19:30:00,2,train
715730,116353,2023-11-30 20:30:00,2,train
715730,116354,2023-11-30 20:30:00,2,train
715730,116355,2023-11-30 20:30:00,2,train
705442,116356,2023-12-01 13:30:00,2,train
705442,116357,2023-12-01 13:30:00,2,train
705442,116358,2023-12-01 13:30:00,2,train
705446,116359,2023-12-01 16:30:00,2,train
705446,116361,2023-12-01 16:30:00,2,train
714117,116360,2023-12-01 17:00:00,2,train
714117,116362,2023-12-01 17:00:00,2,train
714117,116364,2023-12-01 17:00:00,2,train
710108,116363,2023-12-01 18:20:00,2,train
710108,116365,2023-12-01 18:20:00,2,train
705445,116366,2023-12-01 19:30:00,2,train
705445,116367,2023-12-01 19:30:00,2,train
716325,116368,2023-12-01 20:50:00,2,train
716325,116370,2023-12-01 20:50:00,2,train
710107,116369,2023-12-01 21:00:00,2,train
710107,116372,2023-12-01 21:00:00,2,train
712803,116371,2023-12-01 22:30:00,2,train
718350,116373,2023-12-02 16:30:00,2,train
718350,116375,2023-12-02 16:30:00,2,train
718273,116374,2023-12-02 17:00:00,2,train
718273,116376,2023-12-02 17:00:00,2,train
716310,116377,2023-12-02 19:30:00,2,train
716310,116380,2023-12-02 19:30:00,2,train
718274,116378,2023-12-02 20:00:00,2,train
718274,116379,2023-12-02 20:00:00,2,train
717650,116381,2023-12-02 22:30:00,2,train
717826,116382,2023-12-03 13:30:00,2,train
717826,116383,2023-12-03 13:30:00,2,train
718354,116384,2023-12-03 17:10:00,2,train
718354,116386,2023-12-03 17:10:00,2,train
720310,116385,2023-12-03 18:00:00,2,train
720310,116387,2023-12-03 18:00:00,2,train
720310,116389,2023-12-03 18:00:00,2,train
720310,116390,2023-12-03 18:00:00,2,train
717652,116388,2023-12-03 20:30:00,2,train
716311,116391,2023-12-03 22:30:00,2,train
716311,116392,2023-12-03 22:30:00,2,train
722448,116393,2023-12-04 13:30:00,2,train
722448,116394,2023-12-04 13:30:00,2,train
722448,116395,2023-12-04 13:30:00,2,train
722284,116397,2023-12-04 16:45:00,2,train
722284,116399,2023-12-04 16:45:00,2,train
722034,116400,2023-12-04 19:30:00,2,train
722034,116401,2023-12-04 19:30:00,2,train
722700,116402,2023-12-04 22:30:00,2,train
722700,116403,2023-12-04 22:30:00,2,train
722700,116404,2023-12-04 22:30:00,2,train
724305,116405,2023-12-05 13:30:00,2,train
724305,116407,2023-12-05 13:30:00,2,train
714458,116406,2023-12-05 14:15:00,2,train
714458,116408,2023-12-05 14:15:00,2,train
718164,116409,2023-12-05 15:00:00,2,train
718164,116411,2023-12-05 15:00:00,2,train
724676,116410,2023-12-05 16:30:00,2,train
724676,116412,2023-12-05 16:30:00,2,train
714457,116413,2023-12-05 17:25:00,2,train
714457,116414,2023-12-05 17:25:00,2,train
718163,116415,2023-12-05 18:15:00,2,train
718163,116416,2023-12-05 18:15:00,2,train
722282,116417,2023-12-05 19:30:00,2,train
665459,116418,2023-12-05 21:00:00,2,train
665459,116421,2023-12-05 21:00:00,2,train
718165,116419,2023-12-05 21:00:00,2,train
665456,116423,2023-12-05 22:00:00,2,train
722695,116420,2023-12-05 22:30:00,2,train
722695,116422,2023-12-05 22:30:00,2,train
714456,116424,2023-12-06 12:25:00,2,train
714456,116425,2023-12-06 12:25:00,2,train
714456,116427,2023-12-06 12:25:00,2,train
727022,116426,2023-12-06 13:30:00,2,train
727022,116428,2023-12-06 13:30:00,2,train
726727,116429,2023-12-06 16:30:00,2,train
726727,116431,2023-12-06 16:30:00,2,train
726727,116433,2023-12-06 16:30:00,2,train
714455,116430,2023-12-06 17:00:00,2,train
714455,116432,2023-12-06 17:00:00,2,train
718161,116434,2023-12-06 18:30:00,2,train
718161,116435,2023-12-06 18:30:00,2,train
718161,116438,2023-12-06 18:30:00,2,train
727021,116436,2023-12-06 19:30:00,2,train
727021,116437,2023-12-06 19:30:00,2,train
726930,116441,2023-12-06 21:00:00,2,train
726930,116444,2023-12-06 21:00:00,2,train
727033,116439,2023-12-06 21:00:00,2,train
727033,116443,2023-12-06 21:00:00,2,train
727033,116446,2023-12-06 21:00:00,2,train
727282,116440,2023-12-06 21:00:00,2,train
727282,116442,2023-12-06 21:00:00,2,train
727282,116445,2023-12-06 21:00:00,2,train
729100,116447,2023-12-07 12:00:00,2,train
729100,116448,2023-12-07 12:00:00,2,train
729555,116450,2023-12-07 15:00:00,2,train
729555,116451,2023-12-07 15:00:00,2,train
729555,116452,2023-12-07 15:00:00,2,train
726504,116449,2023-12-07 16:00:00,2,train
726504,116453,2023-12-07 16:00:00,2,train
726504,116456,2023-12-07 16:00:00,2,train
729554,116455,2023-12-07 18:00:00,2,train
729554,116457,2023-12-07 18:00:00,2,train
729783,116454,2023-12-07 18:00:00,2,train
729783,116458,2023-12-07 18:00:00,2,train
729783,116459,2023-12-07 18:00:00,2,train
729099,116460,2023-12-07 20:10:00,2,train
729099,116463,2023-12-07 20:10:00,2,train
729553,116466,2023-12-07 21:00:00,2,train
729673,116461,2023-12-07 21:00:00,2,train
729673,116464,2023-12-07 21:00:00,2,train
729674,116462,2023-12-07 21:00:00,2,train
729674,116465,2023-12-07 21:00:00,2,train
729675,116467,2023-12-07 21:00:00,2,train
721563,116468,2023-12-08 13:25:00,2,train
731974,116469,2023-12-08 16:10:00,2,train
731974,116470,2023-12-08 16:10:00,2,train
721561,116471,2023-12-08 17:00:00,2,train
733305,116472,2023-12-08 19:05:00,2,train
732062,116473,2023-12-08 21:15:00,2,train
732062,116476,2023-12-08 21:15:00,2,train
733533,116474,2023-12-08 22:00:00,2,train
733533,116475,2023-12-08 22:00:00,2,train
733242,116477,2023-12-09 14:30:00,2,train
733242,116480,2023-12-09 14:30:00,2,train
733782,116479,2023-12-09 16:00:00,2,train
733782,116482,2023-12-09 16:00:00,2,train
733929,116478,2023-12-09 16:00:00,2,train
733929,116481,2023-12-09 16:00:00,2,train
734026,116483,2023-12-09 21:00:00,2,train
734026,116484,2023-12-09 21:00:00,2,train
735354,116485,2023-12-10 12:00:00,2,train
735426,116486,2023-12-10 13:55:00,2,train
735426,116487,2023-12-10 13:55:00,2,train
735426,116488,2023-12-10 13:55:00,2,train
735426,116489,2023-12-10 13:55:00,2,train
735426,116490,2023-12-10 13:55:00,2,train
735864,116491,2023-12-10 21:00:00,2,train
734773,116495,2023-12-11 15:00:00,2,train
734773,116496,2023-12-11 15:00:00,2,train
734773,116497,2023-12-11 15:00:00,2,train
734771,116498,2023-12-11 21:00:00,2,train
734771,116499,2023-12-11 21:00:00,2,train
734771,116500,2023-12-11 21:00:00,2,train
739218,116501,2023-12-12 12:00:00,2,train
739218,116502,2023-12-12 12:00:00,2,train
738902,116503,2023-12-12 18:00:00,2,train
738902,116505,2023-12-12 18:00:00,2,train
738902,116507,2023-12-12 18:00:00,2,train
739488,116504,2023-12-12 18:00:00,2,train
738803,116506,2023-12-12 21:00:00,2,train
718511,116508,2023-12-13 09:00:00,2,train
718511,116509,2023-12-13 09:00:00,2,train
718510,116510,2023-12-13 11:25:00,2,train
718510,116511,2023-12-13 11:25:00,2,train
718509,116512,2023-12-13 13:35:00,2,train
718509,116513,2023-12-13 13:35:00,2,train
718508,116514,2023-12-13 16:10:00,2,train
718508,116515,2023-12-13 16:10:00,2,train
741744,116516,2023-12-13 18:00:00,2,train
743206,116517,2023-12-14 09:00:00,2,train
743206,116518,2023-12-14 09:00:00,2,train
743206,116519,2023-12-14 09:00:00,2,train
743205,116520,2023-12-14 12:00:00,2,train
743205,116521,2023-12-14 12:00:00,2,train
743698,116522,2023-12-14 14:30:00,2,train
743698,116523,2023-12-14 14:30:00,2,train
743697,116524,2023-12-14 16:30:00,2,train
743697,116525,2023-12-14 16:30:00,2,train
743697,116526,2023-12-14 16:30:00,2,train
745398,116527,2023-12-15 12:00:00,2,train
745398,116528,2023-12-15 12:00:00,2,train
745730,116529,2023-12-15 14:15:00,2,train
745730,116530,2023-12-15 14:15:00,2,train
745730,116531,2023-12-15 14:15:00,2,train
729299,116532,2023-12-15 18:00:00,2,train
729298,116533,2023-12-15 19:50:00,2,train
729300,116534,2023-12-15 21:10:00,2,train
729301,116535,2023-12-15 22:40:00,2,train
747512,116536,2023-12-16 00:30:00,2,train
746971,116537,2023-12-16 14:30:00,2,train
746971,116538,2023-12-16 14:30:00,2,train
747276,116539,2023-12-16 17:30:00,2,train
747276,116541,2023-12-16 17:30:00,2,train
747511,116542,2023-12-16 18:00:00,2,train
748298,116543,2023-12-16 20:45:00,2,train
748298,116544,2023-12-16 20:45:00,2,train
749416,116545,2023-12-16 23:15:00,2,train
749416,116546,2023-12-16 23:15:00,2,train
749339,116547,2023-12-17 17:00:00,2,train
749339,116549,2023-12-17 17:00:00,2,train
749770,116548,2023-12-17 17:00:00,2,train
749770,116550,2023-12-17 17:00:00,2,train
749769,116551,2023-12-17 19:45:00,2,train
749769,116552,2023-12-17 19:45:00,2,train
749769,116553,2023-12-17 19:45:00,2,train
751439,116554,2023-12-18 00:15:00,2,train
751439,116555,2023-12-18 00:15:00,2,train
759392,116558,2023-12-27 16:30:00,2,train
759392,116559,2023-12-27 16:30:00,2,train
759391,116560,2023-12-27 19:45:00,2,train
759391,116561,2023-12-27 19:45:00,2,train
759391,116562,2023-12-27 19:45:00,2,train
762276,116563,2023-12-28 13:00:00,2,train
762276,116564,2023-12-28 13:00:00,2,train
762276,116565,2023-12-28 13:00:00,2,train
762528,116566,2023-12-28 18:00:00,2,train
762528,116567,2023-12-28 18:00:00,2,train
763322,116568,2023-12-29 13:00:00,2,train
762527,116569,2023-12-29 15:30:00,2,train
762527,116570,2023-12-29 15:30:00,2,train
762527,116571,2023-12-29 15:30:00,2,train
764514,116572,2023-12-30 13:00:00,2,train
764514,116573,2023-12-30 13:00:00,2,train
765392,116574,2023-12-30 18:00:00,2,train
765392,116575,2023-12-30 18:00:00,2,train
778713,116579,2024-01-11 18:00:00,2,train
778715,116578,2024-01-11 18:00:00,2,train
778716,116580,2024-01-11 18:00:00,2,train
778717,116576,2024-01-11 18:00:00,2,train
778766,116577,2024-01-11 18:00:00,2,train
780414,116584,2024-01-13 05:00:00,2,train
780415,116583,2024-01-13 05:00:00,2,train
780416,116582,2024-01-13 05:00:00,2,train
780410,116587,2024-01-13 06:00:00,2,train
780411,116585,2024-01-13 06:00:00,2,train
780412,116586,2024-01-13 06:00:00,2,train
780413,116588,2024-01-13 06:00:00,2,train
781003,116589,2024-01-13 16:30:00,2,train
781057,116591,2024-01-13 18:00:00,2,train
781060,116590,2024-01-13 18:00:00,2,train
790966,116593,2024-01-18 19:05:00,2,train
790976,116592,2024-01-18 19:15:00,2,train
794080,116596,2024-01-18 22:00:00,2,train
794081,116597,2024-01-18 22:00:00,2,train
794083,116598,2024-01-18 22:00:00,2,train
794088,116595,2024-01-18 22:00:00,2,train
794090,116594,2024-01-18 22:00:00,2,train
794092,116599,2024-01-18 22:00:00,2,train
792766,116604,2024-01-19 02:00:00,2,train
792768,116602,2024-01-19 02:00:00,2,train
792769,116601,2024-01-19 02:00:00,2,train
781521,116606,2024-01-19 08:00:00,2,train
781520,116605,2024-01-19 09:00:00,2,train
794641,116608,2024-01-19 18:00:00,2,train
794642,116607,2024-01-19 18:00:00,2,train
794644,116609,2024-01-19 18:00:00,2,train
794645,116611,2024-01-19 18:00:00,2,train
794647,116610,2024-01-19 18:00:00,2,train
794635,116614,2024-01-19 19:15:00,2,train
794635,116616,2024-01-19 19:15:00,2,train
794635,116625,2024-01-19 19:15:00,2,train
794636,116612,2024-01-19 19:15:00,2,train
794636,116615,2024-01-19 19:15:00,2,train
794636,116618,2024-01-19 19:15:00,2,train
794639,116613,2024-01-19 19:15:00,2,train
794639,116617,2024-01-19 19:15:00,2,train
787191,116621,2024-01-19 22:00:00,2,train
787192,116622,2024-01-19 22:00:00,2,train
794633,116624,2024-01-19 22:00:00,2,train
794633,116630,2024-01-19 22:00:00,2,train
794637,116619,2024-01-19 22:10:00,2,train
794637,116628,2024-01-19 22:10:00,2,train
794638,116623,2024-01-19 22:10:00,2,train
794638,116631,2024-01-19 22:10:00,2,train
787187,116629,2024-01-19 23:10:00,2,train
787188,116634,2024-01-20 01:00:00,2,train
787190,116633,2024-01-20 01:00:00,2,train
795943,116635,2024-01-20 08:00:00,2,train
795943,116636,2024-01-20 08:00:00,2,train
795995,116637,2024-01-20 08:00:00,2,train
795995,116638,2024-01-20 08:00:00,2,train
796377,116643,2024-01-20 11:00:00,2,train
796377,116649,2024-01-20 11:00:00,2,train
796378,116641,2024-01-20 11:00:00,2,train
796378,116647,2024-01-20 11:00:00,2,train
796378,116648,2024-01-20 11:00:00,2,train
796381,116640,2024-01-20 11:00:00,2,train
796381,116645,2024-01-20 11:00:00,2,train
796508,116642,2024-01-20 11:00:00,2,train
796508,116646,2024-01-20 11:00:00,2,train
796508,116650,2024-01-20 11:00:00,2,train
798969,116639,2024-01-20 11:00:00,2,train
798969,116644,2024-01-20 11:00:00,2,train
797873,116655,2024-01-20 15:00:00,2,train
797873,116661,2024-01-20 15:00:00,2,train
797873,116665,2024-01-20 15:00:00,2,train
797874,116652,2024-01-20 15:00:00,2,train
797874,116656,2024-01-20 15:00:00,2,train
797879,116653,2024-01-20 15:00:00,2,train
797879,116658,2024-01-20 15:00:00,2,train
797880,116651,2024-01-20 15:00:00,2,train
797880,116660,2024-01-20 15:00:00,2,train
797881,116654,2024-01-20 15:00:00,2,train
797881,116657,2024-01-20 15:00:00,2,train
799496,116659,2024-01-20 15:30:00,2,train
799496,116662,2024-01-20 15:30:00,2,train
797870,116664,2024-01-20 18:00:00,2,train
797870,116669,2024-01-20 18:00:00,2,train
797872,116666,2024-01-20 18:00:00,2,train
797872,116671,2024-01-20 18:00:00,2,train
797876,116667,2024-01-20 18:05:00,2,train
797876,116670,2024-01-20 18:05:00,2,train
797878,116668,2024-01-20 18:05:00,2,train
797878,116672,2024-01-20 18:05:00,2,train
800315,116674,2024-01-20 21:20:00,2,train
800316,116673,2024-01-20 21:20:00,2,train
800317,116675,2024-01-20 21:20:00,2,train
800317,116676,2024-01-20 21:20:00,2,train
799131,116678,2024-01-21 02:00:00,2,train
799132,116677,2024-01-21 02:00:00,2,train
796253,116680,2024-01-21 06:00:00,2,train
799363,116679,2024-01-21 06:00:00,2,train
799363,116681,2024-01-21 06:00:00,2,train
796336,116682,2024-01-21 08:00:00,2,train
796336,116683,2024-01-21 08:00:00,2,train
799585,116684,2024-01-21 11:00:00,2,train
799585,116685,2024-01-21 11:00:00,2,train
800038,116686,2024-01-21 12:00:00,2,train
800038,116689,2024-01-21 12:00:00,2,train
802131,116687,2024-01-21 12:00:00,2,train
802131,116688,2024-01-21 12:00:00,2,train
802329,116690,2024-01-21 14:00:00,2,train
802329,116691,2024-01-21 14:00:00,2,train
802329,116692,2024-01-21 14:00:00,2,train
801291,116695,2024-01-21 16:00:00,2,train
801292,116693,2024-01-21 16:00:00,2,train
801292,116694,2024-01-21 16:00:00,2,train
802166,116696,2024-01-21 20:00:00,2,train
802162,116701,2024-01-21 23:00:00,2,train
802162,116702,2024-01-21 23:00:00,2,train
802163,116697,2024-01-21 23:00:00,2,train
802164,116698,2024-01-21 23:00:00,2,train
802164,116699,2024-01-21 23:00:00,2,train
802164,116700,2024-01-21 23:00:00,2,train
805127,116703,2024-01-22 13:15:00,2,train
805127,116707,2024-01-22 13:15:00,2,train
805127,116709,2024-01-22 13:15:00,2,train
805128,116704,2024-01-22 13:15:00,2,train
805128,116705,2024-01-22 13:15:00,2,train
787382,116706,2024-01-22 14:00:00,2,train
787382,116708,2024-01-22 14:00:00,2,train
787381,116710,2024-01-22 15:50:00,2,train
787381,116711,2024-01-22 15:50:00,2,train
787384,116712,2024-01-22 18:30:00,2,train
787384,116713,2024-01-22 18:30:00,2,train
787383,116715,2024-01-22 20:25:00,2,train
805765,116716,2024-01-23 08:30:00,2,train
805765,116717,2024-01-23 08:30:00,2,train
805765,116718,2024-01-23 08:30:00,2,train
806178,116719,2024-01-23 14:00:00,2,train
806178,116720,2024-01-23 14:00:00,2,train
806178,116721,2024-01-23 14:00:00,2,train
806177,116722,2024-01-23 17:40:00,2,train
806177,116723,2024-01-23 17:40:00,2,train
806778,116724,2024-01-23 19:30:00,2,train
806778,116725,2024-01-23 19:30:00,2,train
806778,116726,2024-01-23 19:30:00,2,train
806777,116727,2024-01-23 22:50:00,2,train
806777,116728,2024-01-23 22:50:00,2,train
787380,116729,2024-01-24 14:00:00,2,train
787380,116730,2024-01-24 14:00:00,2,train
787379,116731,2024-01-24 16:35:00,2,train
787379,116732,2024-01-24 16:35:00,2,train
787379,116733,2024-01-24 16:35:00,2,train
787378,116734,2024-01-24 20:00:00,2,train
787378,116735,2024-01-24 20:00:00,2,train
787377,116736,2024-01-24 22:15:00,2,train
787377,116737,2024-01-24 22:15:00,2,train
812850,116738,2024-01-25 14:00:00,2,train
812850,116739,2024-01-25 14:00:00,2,train
812849,116740,2024-01-25 16:10:00,2,train
812849,116741,2024-01-25 16:10:00,2,train
813406,116742,2024-01-25 18:30:00,2,train
813406,116743,2024-01-25 18:30:00,2,train
813406,116744,2024-01-25 18:30:00,2,train
813405,116745,2024-01-25 22:00:00,2,train
813405,116746,2024-01-25 22:00:00,2,train
813405,116747,2024-01-25 22:00:00,2,train
810096,116748,2024-01-26 14:00:00,2,train
810096,116749,2024-01-26 14:00:00,2,train
810096,116750,2024-01-26 14:00:00,2,train
809464,116751,2024-01-26 17:30:00,2,train
809464,116752,2024-01-26 17:30:00,2,train
815409,116753,2024-01-26 19:45:00,2,train
815409,116754,2024-01-26 19:45:00,2,train
815409,116755,2024-01-26 19:45:00,2,train
816384,116756,2024-01-26 23:00:00,2,train
816384,116757,2024-01-26 23:00:00,2,train
818252,116758,2024-01-27 14:00:00,2,train
818252,116759,2024-01-27 14:00:00,2,train
818252,116760,2024-01-27 14:00:00,2,train
818472,116761,2024-01-27 17:25:00,2,train
818472,116762,2024-01-27 17:25:00,2,train
818886,116763,2024-01-27 19:30:00,2,train
818886,116764,2024-01-27 19:30:00,2,train
819092,116765,2024-01-27 21:40:00,2,train
819092,116766,2024-01-27 21:40:00,2,train
821411,116767,2024-01-28 16:30:00,2,train
821411,116768,2024-01-28 16:30:00,2,train
821411,116769,2024-01-28 16:30:00,2,train
821095,116770,2024-01-28 20:30:00,2,train
821095,116771,2024-01-28 20:30:00,2,train
822509,116772,2024-01-29 17:00:00,2,train
822509,116773,2024-01-29 17:00:00,2,train
822508,116774,2024-01-30 14:00:00,2,train
822508,116775,2024-01-30 14:00:00,2,train
826771,116778,2024-01-30 20:00:00,2,train
822506,116779,2024-01-31 14:00:00,2,train
822505,116780,2024-01-31 17:00:00,2,train
822505,116782,2024-01-31 17:00:00,2,train
822505,116783,2024-01-31 17:00:00,2,train
800026,116781,2024-01-31 17:30:00,2,train
800025,116784,2024-01-31 18:45:00,2,train
800023,116785,2024-01-31 19:55:00,2,train
800022,116786,2024-01-31 20:00:00,2,train
800024,116787,2024-01-31 20:45:00,2,train
800021,116788,2024-01-31 21:00:00,2,train
831944,116789,2024-01-31 22:10:00,2,train
831944,116790,2024-01-31 22:10:00,2,train
831944,116791,2024-01-31 22:10:00,2,train
822504,116794,2024-02-01 14:00:00,2,train
822504,116795,2024-02-01 14:00:00,2,train
822504,116796,2024-02-01 14:00:00,2,train
832380,116793,2024-02-01 15:30:00,2,train
832380,116798,2024-02-01 15:30:00,2,train
832380,116800,2024-02-01 15:30:00,2,train
832381,116792,2024-02-01 15:30:00,2,train
832381,116797,2024-02-01 15:30:00,2,train
822503,116799,2024-02-01 17:00:00,2,train
822503,116801,2024-02-01 17:00:00,2,train
822503,116802,2024-02-01 17:00:00,2,train
832377,116803,2024-02-01 18:45:00,2,train
832377,116804,2024-02-01 18:45:00,2,train
832378,116805,2024-02-01 21:30:00,2,train
832378,116806,2024-02-01 21:30:00,2,train
832378,116809,2024-02-01 21:30:00,2,train
831943,116807,2024-02-01 22:30:00,2,train
831943,116808,2024-02-01 22:30:00,2,train
835097,116810,2024-02-02 18:30:00,2,train
835097,116812,2024-02-02 18:30:00,2,train
835097,116814,2024-02-02 18:30:00,2,train
835283,116811,2024-02-02 18:30:00,2,train
835283,116813,2024-02-02 18:30:00,2,train
835283,116815,2024-02-02 18:30:00,2,train
835282,116816,2024-02-02 22:00:00,2,train
835282,116817,2024-02-02 22:00:00,2,train
835282,116818,2024-02-02 22:00:00,2,train
837314,116820,2024-02-03 15:30:00,2,train
837314,116822,2024-02-03 15:30:00,2,train
837314,116823,2024-02-03 15:30:00,2,train
837316,116819,2024-02-03 15:30:00,2,train
837316,116821,2024-02-03 15:30:00,2,train
837315,116824,2024-02-03 19:25:00,2,train
837315,116825,2024-02-03 19:25:00,2,train
837315,116827,2024-02-03 19:25:00,2,train
837661,116826,2024-02-03 21:30:00,2,train
837661,116828,2024-02-03 21:30:00,2,train
837660,116829,2024-02-03 23:00:00,2,train
837660,116830,2024-02-03 23:00:00,2,train
837660,116831,2024-02-03 23:00:00,2,train
837313,116832,2024-02-04 15:30:00,2,train
837313,116834,2024-02-04 15:30:00,2,train
837659,116833,2024-02-04 15:30:00,2,train
837659,116835,2024-02-04 15:30:00,2,train
839543,116837,2024-02-04 18:30:00,2,train
839541,116838,2024-02-04 19:30:00,2,train
839541,116839,2024-02-04 19:30:00,2,train
839541,116840,2024-02-04 19:30:00,2,train
839270,116841,2024-02-04 23:00:00,2,train
839270,116842,2024-02-04 23:00:00,2,train
839270,116843,2024-02-04 23:00:00,2,train
839723,116847,2024-02-05 15:30:00,2,train
839723,116849,2024-02-05 15:30:00,2,train
839723,116850,2024-02-05 15:30:00,2,train
841470,116846,2024-02-05 15:30:00,2,train
841470,116848,2024-02-05 15:30:00,2,train
841469,116853,2024-02-05 18:30:00,2,train
839722,116852,2024-02-05 19:30:00,2,train
839722,116854,2024-02-05 19:30:00,2,train
841904,116855,2024-02-05 21:30:00,2,train
841904,116859,2024-02-05 21:30:00,2,train
841734,116856,2024-02-05 21:45:00,2,train
841734,116858,2024-02-05 21:45:00,2,train
841734,116860,2024-02-05 21:45:00,2,train
844176,116862,2024-02-06 15:30:00,2,train
844176,116865,2024-02-06 15:30:00,2,train
844329,116861,2024-02-06 15:30:00,2,train
844329,116864,2024-02-06 15:30:00,2,train
844329,116866,2024-02-06 15:30:00,2,train
837895,116867,2024-02-06 17:00:00,2,train
837895,116870,2024-02-06 17:00:00,2,train
842070,116868,2024-02-06 18:30:00,2,train
842070,116871,2024-02-06 18:30:00,2,train
844897,116869,2024-02-06 18:30:00,2,train
844897,116872,2024-02-06 18:30:00,2,train
844328,116873,2024-02-06 21:30:00,2,train
844328,116875,2024-02-06 21:30:00,2,train
847132,116874,2024-02-06 21:30:00,2,train
847132,116876,2024-02-06 21:30:00,2,train
837894,116877,2024-02-07 14:00:00,2,train
837894,116878,2024-02-07 14:00:00,2,train
837893,116879,2024-02-07 17:00:00,2,train
837893,116880,2024-02-07 17:00:00,2,train
837893,116881,2024-02-07 17:00:00,2,train
837892,116882,2024-02-08 14:00:00,2,train
837892,116883,2024-02-08 14:00:00,2,train
837891,116886,2024-02-08 17:30:00,2,train
837891,116890,2024-02-08 17:30:00,2,train
851025,116884,2024-02-08 17:30:00,2,train
851025,116888,2024-02-08 17:30:00,2,train
851026,116887,2024-02-08 17:30:00,2,train
851026,116891,2024-02-08 17:30:00,2,train
851027,116885,2024-02-08 17:30:00,2,train
851027,116889,2024-02-08 17:30:00,2,train
854449,116892,2024-02-08 21:30:00,2,train
854449,116894,2024-02-08 21:30:00,2,train
854449,116896,2024-02-08 21:30:00,2,train
854451,116893,2024-02-08 21:30:00,2,train
854452,116895,2024-02-08 21:30:00,2,train
849274,116897,2024-02-09 16:00:00,2,train
855147,116898,2024-02-09 17:30:00,2,train
847918,116899,2024-02-09 18:15:00,2,train
847918,116900,2024-02-09 18:15:00,2,train
847919,116901,2024-02-09 21:30:00,2,train
847919,116904,2024-02-09 21:30:00,2,train
847919,116905,2024-02-09 21:30:00,2,train
855148,116903,2024-02-09 21:30:00,2,train
857715,116902,2024-02-09 21:30:00,2,train
849272,116906,2024-02-10 16:00:00,2,train
858102,116908,2024-02-10 17:30:00,2,train
858102,116910,2024-02-10 17:30:00,2,train
857776,116907,2024-02-10 18:15:00,2,train
857776,116909,2024-02-10 18:15:00,2,train
858291,116911,2024-02-10 21:30:00,2,train
858291,116912,2024-02-10 21:30:00,2,train
861321,116913,2024-02-10 23:00:00,2,train
861529,116915,2024-02-11 19:00:00,2,train
861529,116916,2024-02-11 19:00:00,2,train
861529,116918,2024-02-11 19:00:00,2,train
862188,116917,2024-02-11 19:30:00,2,train
864737,116919,2024-02-11 22:00:00,2,train
864737,116920,2024-02-11 22:00:00,2,train
864737,116921,2024-02-11 22:00:00,2,train
849621,116923,2024-02-14 14:00:00,2,train
849622,116922,2024-02-14 14:00:00,2,train
849619,116924,2024-02-14 15:00:00,2,train
849618,116925,2024-02-14 16:00:00,2,train
849615,116927,2024-02-14 17:15:00,2,train
877145,116928,2024-02-14 19:00:00,2,train
877146,116929,2024-02-14 19:00:00,2,train
877142,116930,2024-02-14 20:40:00,2,train
877139,116931,2024-02-14 21:40:00,2,train
877141,116932,2024-02-14 22:10:00,2,train
878398,116934,2024-02-15 14:00:00,2,train
878396,116935,2024-02-15 14:55:00,2,train
878395,116936,2024-02-15 16:15:00,2,train
878395,116938,2024-02-15 16:15:00,2,train
878394,116937,2024-02-15 16:25:00,2,train
878394,116939,2024-02-15 16:25:00,2,train
878393,116940,2024-02-15 18:35:00,2,train
878393,116943,2024-02-15 18:35:00,2,train
878392,116941,2024-02-15 18:40:00,2,train
878392,116942,2024-02-15 18:40:00,2,train
878392,116944,2024-02-15 18:40:00,2,train
882161,116945,2024-02-16 14:00:00,2,train
882161,116946,2024-02-16 14:00:00,2,train
882161,116947,2024-02-16 14:00:00,2,train
882159,116949,2024-02-16 16:40:00,2,train
882159,116950,2024-02-16 16:40:00,2,train
882160,116948,2024-02-16 17:00:00,2,train
882160,116951,2024-02-16 17:00:00,2,train
882160,116952,2024-02-16 17:00:00,2,train
885878,116955,2024-02-17 14:00:00,2,train
885878,116956,2024-02-17 14:00:00,2,train
885878,116957,2024-02-17 14:00:00,2,train
885877,116958,2024-02-17 17:25:00,2,train
885877,116959,2024-02-17 17:25:00,2,train
889069,116960,2024-02-18 16:00:00,2,train
889068,116961,2024-02-18 19:00:00,2,train
853203,116963,2024-02-19 14:00:00,2,train
853204,116962,2024-02-19 14:00:00,2,train
853202,116964,2024-02-19 14:50:00,2,train
853201,116965,2024-02-19 15:10:00,2,train
853199,116966,2024-02-19 15:35:00,2,train
853200,116967,2024-02-19 16:15:00,2,train
853198,116968,2024-02-19 16:25:00,2,train
853197,116969,2024-02-19 17:20:00,2,train
894207,116971,2024-02-19 20:30:00,2,train
894208,116970,2024-02-19 20:30:00,2,train
894034,116973,2024-02-19 21:40:00,2,train
894206,116972,2024-02-19 21:40:00,2,train
894033,116974,2024-02-19 22:45:00,2,train
894993,116975,2024-02-20 14:00:00,2,train
894994,116976,2024-02-20 14:00:00,2,train
894991,116977,2024-02-20 15:00:00,2,train
894992,116978,2024-02-20 15:00:00,2,train
894989,116979,2024-02-20 16:20:00,2,train
894989,116981,2024-02-20 16:20:00,2,train
894989,116983,2024-02-20 16:20:00,2,train
894990,116980,2024-02-20 16:25:00,2,train
894990,116982,2024-02-20 16:25:00,2,train
894990,116984,2024-02-20 16:25:00,2,train
894987,116985,2024-02-20 19:20:00,2,train
894987,116987,2024-02-20 19:20:00,2,train
894988,116986,2024-02-20 19:45:00,2,train
894988,116988,2024-02-20 19:45:00,2,train
894988,116989,2024-02-20 19:45:00,2,train
898159,116991,2024-02-21 14:00:00,2,train
898159,116993,2024-02-21 14:00:00,2,train
898159,116995,2024-02-21 14:00:00,2,train
898160,116990,2024-02-21 14:00:00,2,train
898160,116992,2024-02-21 14:00:00,2,train
898160,116994,2024-02-21 14:00:00,2,train
898158,116996,2024-02-21 17:00:00,2,train
898158,116998,2024-02-21 17:00:00,2,train
898157,116997,2024-02-21 17:40:00,2,train
898157,116999,2024-02-21 17:40:00,2,train
898155,117000,2024-02-21 19:00:00,2,train
898155,117003,2024-02-21 19:00:00,2,train
898156,117001,2024-02-21 19:30:00,2,train
898156,117002,2024-02-21 19:30:00,2,train
901929,117004,2024-02-22 14:00:00,2,train
901929,117005,2024-02-22 14:00:00,2,train
901928,117006,2024-02-22 19:00:00,2,train
901928,117007,2024-02-22 19:00:00,2,train
904917,117008,2024-02-23 14:00:00,2,train
904917,117009,2024-02-23 14:00:00,2,train
904916,117010,2024-02-23 16:20:00,2,train
904916,117011,2024-02-23 16:20:00,2,train
904915,117012,2024-02-23 18:25:00,2,train
904915,117013,2024-02-23 18:25:00,2,train
908532,117014,2024-02-24 02:30:00,2,train
908532,117015,2024-02-24 02:30:00,2,train
908532,117016,2024-02-24 02:30:00,2,train
908100,117017,2024-02-24 14:00:00,2,train
908100,117018,2024-02-24 14:00:00,2,train
910831,117019,2024-02-24 16:50:00,2,train
910831,117020,2024-02-24 16:50:00,2,train
910831,117021,2024-02-24 16:50:00,2,train
858555,117022,2024-02-26 14:00:00,2,train
858555,117023,2024-02-26 14:00:00,2,train
917106,117026,2024-02-26 22:00:00,2,train
917106,117027,2024-02-26 22:00:00,2,train
916250,117028,2024-02-27 05:00:00,2,train
916250,117029,2024-02-27 05:00:00,2,train
916645,117030,2024-02-27 08:00:00,2,train
916645,117031,2024-02-27 08:00:00,2,train
858553,117032,2024-02-27 14:00:00,2,train
858553,117033,2024-02-27 14:00:00,2,train
920689,117034,2024-02-27 14:00:00,2,train
920689,117035,2024-02-27 14:00:00,2,train
917104,117036,2024-02-27 22:00:00,2,train
917104,117037,2024-02-27 22:00:00,2,train
916982,117038,2024-02-28 05:00:00,2,train
916982,117039,2024-02-28 05:00:00,2,train
921537,117040,2024-02-28 08:00:00,2,train
921537,117041,2024-02-28 08:00:00,2,train
924485,117042,2024-02-28 11:00:00,2,train
924485,117043,2024-02-28 11:00:00,2,train
924485,117044,2024-02-28 11:00:00,2,train
858550,117045,2024-02-28 17:00:00,2,train
858550,117046,2024-02-28 17:00:00,2,train
858550,117047,2024-02-28 17:00:00,2,train
923736,117048,2024-02-28 19:00:00,2,train
923736,117049,2024-02-28 19:00:00,2,train
926163,117050,2024-02-28 21:30:00,2,train
907491,117051,2024-02-29 13:00:00,2,train
858549,117052,2024-02-29 14:00:00,2,train
858549,117053,2024-02-29 14:00:00,2,train
907489,117054,2024-02-29 16:00:00,2,train
858548,117056,2024-02-29 17:00:00,2,train
858548,117057,2024-02-29 17:00:00,2,train
858548,117059,2024-02-29 17:00:00,2,train
926742,117055,2024-02-29 17:30:00,2,train
926742,117058,2024-02-29 17:30:00,2,train
907490,117060,2024-02-29 19:00:00,2,train
907490,117061,2024-02-29 19:00:00,2,train
907490,117062,2024-02-29 19:00:00,2,train
926740,117063,2024-02-29 21:30:00,2,train
926740,117064,2024-02-29 21:30:00,2,train
926740,117065,2024-02-29 21:30:00,2,train
907488,117066,2024-02-29 22:00:00,2,train
907488,117067,2024-02-29 22:00:00,2,train
926360,117068,2024-03-01 13:00:00,2,train
929683,117069,2024-03-01 17:30:00,2,train
926359,117070,2024-03-01 19:00:00,2,train
926359,117071,2024-03-01 19:00:00,2,train
931781,117073,2024-03-01 21:30:00,2,train
931781,117078,2024-03-01 21:30:00,2,train
917102,117072,2024-03-01 22:00:00,2,train
917103,117074,2024-03-01 22:00:00,2,train
917101,117075,2024-03-01 23:00:00,2,train
917100,117076,2024-03-01 23:15:00,2,train
917098,117077,2024-03-02 00:00:00,2,train
917099,117079,2024-03-02 00:25:00,2,train
917096,117080,2024-03-02 00:50:00,2,train
917097,117081,2024-03-02 01:15:00,2,train
929389,117082,2024-03-02 13:00:00,2,train
929389,117083,2024-03-02 13:00:00,2,train
929696,117084,2024-03-02 16:00:00,2,train
932760,117086,2024-03-02 19:00:00,2,train
932761,117085,2024-03-02 19:00:00,2,train
932758,117087,2024-03-02 20:00:00,2,train
932759,117088,2024-03-02 20:00:00,2,train
932756,117090,2024-03-02 21:00:00,2,train
932756,117091,2024-03-02 21:00:00,2,train
932757,117089,2024-03-02 21:10:00,2,train
932757,117092,2024-03-02 21:10:00,2,train
932755,117093,2024-03-02 23:00:00,2,train
932755,117096,2024-03-02 23:00:00,2,train
932755,117097,2024-03-02 23:00:00,2,train
932754,117094,2024-03-02 23:20:00,2,train
932754,117095,2024-03-02 23:20:00,2,train
932754,117098,2024-03-02 23:20:00,2,train
934251,117099,2024-03-03 13:00:00,2,train
932256,117100,2024-03-03 16:00:00,2,train
934079,117103,2024-03-03 19:00:00,2,train
934504,117101,2024-03-03 19:00:00,2,train
934504,117104,2024-03-03 19:00:00,2,train
934504,117110,2024-03-03 19:00:00,2,train
934505,117102,2024-03-03 19:00:00,2,train
934505,117105,2024-03-03 19:00:00,2,train
934855,117109,2024-03-03 20:00:00,2,train
934857,117107,2024-03-03 20:00:00,2,train
934859,117106,2024-03-03 20:00:00,2,train
934860,117108,2024-03-03 20:00:00,2,train
934503,117111,2024-03-03 21:00:00,2,train
934503,117112,2024-03-03 21:00:00,2,train
931893,117114,2024-03-03 22:00:00,2,train
931893,117117,2024-03-03 22:00:00,2,train
934501,117113,2024-03-03 22:00:00,2,train
934501,117115,2024-03-03 22:00:00,2,train
934501,117118,2024-03-03 22:00:00,2,train
934502,117116,2024-03-03 22:45:00,2,train
934502,117119,2024-03-03 22:45:00,2,train
934502,117121,2024-03-03 22:45:00,2,train
934500,117120,2024-03-04 00:25:00,2,train
934500,117122,2024-03-04 00:25:00,2,train
933171,117123,2024-03-04 14:00:00,2,train
933171,117124,2024-03-04 14:00:00,2,train
937140,117125,2024-03-04 16:00:00,2,train
937140,117126,2024-03-04 16:00:00,2,train
937140,117127,2024-03-04 16:00:00,2,train
937141,117129,2024-03-04 19:00:00,2,train
937372,117128,2024-03-04 19:00:00,2,train
937372,117130,2024-03-04 19:00:00,2,train
937371,117131,2024-03-04 20:50:00,2,train
937371,117132,2024-03-04 20:50:00,2,train
937371,117133,2024-03-04 20:50:00,2,train
937370,117134,2024-03-05 00:10:00,2,train
937370,117135,2024-03-05 00:10:00,2,train
937370,117136,2024-03-05 00:10:00,2,train
939991,117139,2024-03-05 16:00:00,2,train
939991,117140,2024-03-05 16:00:00,2,train
939991,117141,2024-03-05 16:00:00,2,train
933169,117142,2024-03-05 17:00:00,2,train
933169,117143,2024-03-05 17:00:00,2,train
933169,117145,2024-03-05 17:00:00,2,train
939518,117144,2024-03-05 19:00:00,2,train
939518,117146,2024-03-05 19:00:00,2,train
939518,117148,2024-03-05 19:00:00,2,train
942893,117147,2024-03-05 20:00:00,2,train
935368,117149,2024-03-05 22:00:00,2,train
933168,117150,2024-03-06 14:00:00,2,train
933168,117151,2024-03-06 14:00:00,2,train
933167,117152,2024-03-06 17:00:00,2,train
922895,117153,2024-03-06 17:30:00,2,train
922895,117154,2024-03-06 17:30:00,2,train
944724,117155,2024-03-06 19:00:00,2,train
944724,117158,2024-03-06 19:00:00,2,train
944724,117160,2024-03-06 19:00:00,2,train
948419,117156,2024-03-06 19:00:00,2,train
948419,117159,2024-03-06 19:00:00,2,train
948419,117162,2024-03-06 19:00:00,2,train
922894,117157,2024-03-06 19:55:00,2,train
922894,117161,2024-03-06 19:55:00,2,train
935361,117164,2024-03-06 22:00:00,2,train
935362,117166,2024-03-06 22:00:00,2,train
935362,117167,2024-03-06 22:00:00,2,train
939136,117169,2024-03-06 22:00:00,2,train
922891,117163,2024-03-06 22:15:00,2,train
922891,117165,2024-03-06 22:15:00,2,train
922891,117168,2024-03-06 22:15:00,2,train
950496,117170,2024-03-07 17:15:00,2,train
950496,117172,2024-03-07 17:15:00,2,train
950496,117174,2024-03-07 17:15:00,2,train
922893,117171,2024-03-07 17:30:00,2,train
922893,117173,2024-03-07 17:30:00,2,train
922893,117175,2024-03-07 17:30:00,2,train
950495,117176,2024-03-07 20:15:00,2,train
922892,117177,2024-03-07 21:15:00,2,train
922892,117178,2024-03-07 21:15:00,2,train
922892,117179,2024-03-07 21:15:00,2,train
922890,117180,2024-03-08 00:45:00,2,train
922890,117181,2024-03-08 00:45:00,2,train
922889,117182,2024-03-08 17:30:00,2,train
922889,117183,2024-03-08 17:30:00,2,train
922888,117184,2024-03-08 19:20:00,2,train
922888,117185,2024-03-08 19:20:00,2,train
922888,117186,2024-03-08 19:20:00,2,train
950455,117187,2024-03-08 22:15:00,2,train
950455,117188,2024-03-08 22:15:00,2,train
955933,117189,2024-03-09 19:20:00,2,train
955933,117190,2024-03-09 19:20:00,2,train
959458,117191,2024-03-09 22:00:00,2,train
959458,117192,2024-03-09 22:00:00,2,train
963502,117193,2024-03-10 20:00:00,2,train
963502,117194,2024-03-10 20:00:00,2,train
964523,117195,2024-03-10 22:15:00,2,train
964523,117196,2024-03-10 22:15:00,2,train
964523,117197,2024-03-10 22:15:00,2,train
956501,129536,2024-03-11 17:30:00,2,train
956501,129537,2024-03-11 17:30:00,2,train
956501,129538,2024-03-11 17:30:00,2,train
956502,117199,2024-03-11 17:30:00,2,train
956502,117203,2024-03-11 17:30:00,2,train
956504,117201,2024-03-11 17:30:00,2,train
948418,117204,2024-03-11 20:00:00,2,train
948418,117205,2024-03-11 20:00:00,2,train
973537,117207,2024-03-11 21:30:00,2,train
973537,117210,2024-03-11 21:30:00,2,train
973537,117213,2024-03-11 21:30:00,2,train
973538,117206,2024-03-11 21:30:00,2,train
973538,117208,2024-03-11 21:30:00,2,train
973538,117212,2024-03-11 21:30:00,2,train
973749,117209,2024-03-11 22:00:00,2,train
973749,117211,2024-03-11 22:00:00,2,train
973749,117214,2024-03-11 22:00:00,2,train
974357,117215,2024-03-12 17:30:00,2,train
974357,117218,2024-03-12 17:30:00,2,train
974357,117220,2024-03-12 17:30:00,2,train
974561,117216,2024-03-12 17:30:00,2,train
974561,117217,2024-03-12 17:30:00,2,train
974561,117219,2024-03-12 17:30:00,2,train
974560,117221,2024-03-12 21:30:00,2,train
974560,117239,2024-03-12 21:30:00,2,train
979450,117240,2024-03-13 17:30:00,2,train
979450,117241,2024-03-13 17:30:00,2,train
963335,117242,2024-03-13 18:00:00,2,train
963335,117243,2024-03-13 18:00:00,2,train
963335,117244,2024-03-13 18:00:00,2,train
963332,117245,2024-03-13 21:00:00,2,train
963332,117247,2024-03-13 21:00:00,2,train
963337,117246,2024-03-13 22:00:00,2,train
963337,117249,2024-03-13 22:00:00,2,train
963337,117252,2024-03-13 22:00:00,2,train
963338,117248,2024-03-13 22:00:00,2,train
963338,117250,2024-03-13 22:00:00,2,train
963338,117251,2024-03-13 22:00:00,2,train
963331,117253,2024-03-14 22:00:00,2,train
963331,117254,2024-03-14 22:00:00,2,train
941778,117255,2024-03-17 15:00:00,2,train
941779,117256,2024-03-17 15:00:00,2,train
941776,117257,2024-03-17 16:00:00,2,train
941777,117259,2024-03-17 16:15:00,2,train
941775,117258,2024-03-17 17:05:00,2,train
941772,117260,2024-03-17 19:10:00,2,train
1001022,117262,2024-03-17 21:00:00,2,train
1001029,117261,2024-03-17 21:00:00,2,train
1001025,117264,2024-03-17 22:00:00,2,train
1001027,117263,2024-03-17 22:00:00,2,train
1001028,117265,2024-03-17 23:20:00,2,train
1001026,117266,2024-03-18 00:30:00,2,train
1001023,117267,2024-03-18 00:45:00,2,train
1001798,117268,2024-03-18 15:00:00,2,train
1001799,117269,2024-03-18 15:00:00,2,train
1001796,117271,2024-03-18 15:50:00,2,train
1001797,117270,2024-03-18 16:00:00,2,train
1001794,117273,2024-03-18 16:55:00,2,train
1001794,117275,2024-03-18 16:55:00,2,train
1001795,117272,2024-03-18 16:55:00,2,train
1001795,117274,2024-03-18 16:55:00,2,train
1001795,117276,2024-03-18 16:55:00,2,train
1001792,117278,2024-03-18 19:30:00,2,train
1001792,117298,2024-03-18 19:30:00,2,train
1005006,117279,2024-03-19 15:00:00,2,train
1005006,117281,2024-03-19 15:00:00,2,train
1005006,117283,2024-03-19 15:00:00,2,train
1005007,117280,2024-03-19 15:00:00,2,train
1005007,117282,2024-03-19 15:00:00,2,train
1005004,117284,2024-03-19 17:00:00,2,train
1005004,117285,2024-03-19 17:00:00,2,train
1005005,117286,2024-03-19 17:55:00,2,train
1005005,117287,2024-03-19 17:55:00,2,train
1005002,117289,2024-03-19 20:30:00,2,train
1005002,117290,2024-03-19 20:30:00,2,train
1005003,117288,2024-03-19 20:30:00,2,train
1005003,117291,2024-03-19 20:30:00,2,train
1005003,117292,2024-03-19 20:30:00,2,train
1008949,117293,2024-03-20 16:55:00,2,train
1008949,117294,2024-03-20 16:55:00,2,train
1008949,117295,2024-03-20 16:55:00,2,train
1008948,117296,2024-03-20 20:30:00,2,train
1008948,117297,2024-03-20 20:30:00,2,train
1012605,117299,2024-03-21 15:00:00,2,train
1012683,117300,2024-03-21 15:00:00,2,train
1012604,117301,2024-03-21 16:00:00,2,train
1012607,117302,2024-03-21 16:15:00,2,train
1008273,117305,2024-03-21 17:00:00,2,train
1008273,117309,2024-03-21 17:00:00,2,train
1008273,117311,2024-03-21 17:00:00,2,train
1012606,117303,2024-03-21 17:05:00,2,train
1012684,117304,2024-03-21 17:25:00,2,train
988041,117307,2024-03-21 18:00:00,2,train
988041,117310,2024-03-21 18:00:00,2,train
988041,117314,2024-03-21 18:00:00,2,train
1012603,117306,2024-03-21 18:05:00,2,train
1012685,117308,2024-03-21 18:30:00,2,train
1015695,117312,2024-03-21 20:25:00,2,train
1015696,117313,2024-03-21 20:25:00,2,train
1015693,117315,2024-03-21 21:25:00,2,train
1015694,117316,2024-03-21 21:25:00,2,train
1015691,117317,2024-03-21 22:35:00,2,train
1015692,117318,2024-03-21 23:00:00,2,train
1015689,117319,2024-03-21 23:25:00,2,train
1015690,117320,2024-03-22 00:10:00,2,train
1011804,117321,2024-03-22 14:00:00,2,train
1011804,117324,2024-03-22 14:00:00,2,train
1016577,117322,2024-03-22 15:00:00,2,train
1016578,117323,2024-03-22 15:00:00,2,train
1016575,117325,2024-03-22 16:05:00,2,train
1016576,117326,2024-03-22 16:10:00,2,train
1012431,117330,2024-03-22 17:00:00,2,train
1012431,117331,2024-03-22 17:00:00,2,train
1016573,117327,2024-03-22 17:05:00,2,train
1016573,117329,2024-03-22 17:05:00,2,train
1016574,117328,2024-03-22 17:10:00,2,train
1016574,117332,2024-03-22 17:10:00,2,train
1016574,117334,2024-03-22 17:10:00,2,train
1016571,117333,2024-03-22 19:30:00,2,train
1016571,117335,2024-03-22 19:30:00,2,train
1016571,117337,2024-03-22 19:30:00,2,train
1016572,117336,2024-03-22 21:20:00,2,train
1016572,117338,2024-03-22 21:20:00,2,train
1016572,117339,2024-03-22 21:20:00,2,train
988040,117340,2024-03-22 22:00:00,2,train
988040,117341,2024-03-22 22:00:00,2,train
1019859,117342,2024-03-23 15:00:00,2,train
1019859,117345,2024-03-23 15:00:00,2,train
1019859,117346,2024-03-23 15:00:00,2,train
1019860,117343,2024-03-23 15:00:00,2,train
1019860,117344,2024-03-23 15:00:00,2,train
1019860,117347,2024-03-23 15:00:00,2,train
1018923,117350,2024-03-23 17:00:00,2,train
1018923,117351,2024-03-23 17:00:00,2,train
1019857,117348,2024-03-23 18:30:00,2,train
1019857,117352,2024-03-23 18:30:00,2,train
1019857,117354,2024-03-23 18:30:00,2,train
1019858,117349,2024-03-23 18:30:00,2,train
1019858,117353,2024-03-23 18:30:00,2,train
1019858,117355,2024-03-23 18:30:00,2,train
1019855,117356,2024-03-23 21:45:00,2,train
1019855,117358,2024-03-23 21:45:00,2,train
1019856,117357,2024-03-23 22:15:00,2,train
1019856,117359,2024-03-23 22:15:00,2,train
1019856,117360,2024-03-23 22:15:00,2,train
1023010,117361,2024-03-24 15:00:00,2,train
1023010,117362,2024-03-24 15:00:00,2,train
1023009,117363,2024-03-24 16:50:00,2,train
1023009,117364,2024-03-24 16:50:00,2,train
1023009,117365,2024-03-24 16:50:00,2,train
1023008,117366,2024-03-24 21:00:00,2,train
1023008,117367,2024-03-24 21:00:00,2,train
996611,117368,2024-03-25 19:00:00,2,train
996611,117371,2024-03-25 19:00:00,2,train
996611,117372,2024-03-25 19:00:00,2,train
929390,117369,2024-03-25 20:00:00,2,train
929390,117374,2024-03-25 20:00:00,2,train
929390,117376,2024-03-25 20:00:00,2,train
996604,117370,2024-03-25 20:00:00,2,train
996604,117373,2024-03-25 20:00:00,2,train
996604,117375,2024-03-25 20:00:00,2,train
1030252,117377,2024-03-26 16:00:00,2,train
1030252,117378,2024-03-26 16:00:00,2,train
996617,117379,2024-03-26 22:00:00,2,train
996617,117380,2024-03-26 22:00:00,2,train
1038684,117381,2024-03-27 22:45:00,2,train
1038684,117382,2024-03-27 22:45:00,2,train
1038684,117383,2024-03-27 22:45:00,2,train
1030251,117384,2024-03-28 17:00:00,2,train
1030251,117385,2024-03-28 17:00:00,2,train
988042,117387,2024-03-28 19:00:00,2,train
988042,117390,2024-03-28 19:00:00,2,train
988042,117392,2024-03-28 19:00:00,2,train
1026923,117386,2024-03-28 19:00:00,2,train
1026923,117389,2024-03-28 19:00:00,2,train
996605,117388,2024-03-28 20:00:00,2,train
996605,117391,2024-03-28 20:00:00,2,train
996605,117394,2024-03-28 20:00:00,2,train
996598,117393,2024-03-28 22:00:00,2,train
996598,117396,2024-03-28 22:00:00,2,train
1026922,117395,2024-03-28 22:00:00,2,train
1026922,117397,2024-03-28 22:00:00,2,train
1026922,117398,2024-03-28 22:00:00,2,train
963334,117399,2024-03-29 19:00:00,2,train
963334,117402,2024-03-29 19:00:00,2,train
1026921,117400,2024-03-29 19:00:00,2,train
1026921,117403,2024-03-29 19:00:00,2,train
935364,117401,2024-03-29 20:00:00,2,train
1022702,117405,2024-03-29 22:00:00,2,train
1026920,117404,2024-03-29 22:20:00,2,train
1026920,117406,2024-03-29 22:20:00,2,train
1042496,117407,2024-03-30 19:00:00,2,train
1042496,117408,2024-03-30 19:00:00,2,train
1042496,117409,2024-03-30 19:00:00,2,train
1045502,117410,2024-03-30 22:50:00,2,train
1045502,117411,2024-03-30 22:50:00,2,train
1045502,117412,2024-03-30 22:50:00,2,train
996609,117413,2024-03-31 16:00:00,2,train
996609,117414,2024-03-31 16:00:00,2,train
996614,117415,2024-03-31 19:00:00,2,train
1048414,117416,2024-03-31 21:00:00,2,train
1048414,117417,2024-03-31 21:00:00,2,train
1048414,117418,2024-03-31 21:00:00,2,train
996616,117419,2024-04-01 19:00:00,2,train
996616,117420,2024-04-01 19:00:00,2,train
996616,117421,2024-04-01 19:00:00,2,train
1024294,117423,2024-04-02 11:30:00,2,train
1024294,117424,2024-04-02 11:30:00,2,train
1050860,117425,2024-04-02 13:00:00,2,train
1050860,117426,2024-04-02 13:00:00,2,train
1056786,117427,2024-04-02 15:30:00,2,train
1056786,117433,2024-04-02 15:30:00,2,train
1050859,117428,2024-04-02 16:00:00,2,train
1050859,117434,2024-04-02 16:00:00,2,train
1041667,117432,2024-04-02 16:30:00,2,train
1041667,117437,2024-04-02 16:30:00,2,train
1041667,117441,2024-04-02 16:30:00,2,train
1041668,117429,2024-04-02 16:30:00,2,train
1041668,117435,2024-04-02 16:30:00,2,train
1041668,117440,2024-04-02 16:30:00,2,train
1041669,117431,2024-04-02 16:30:00,2,train
1041669,117438,2024-04-02 16:30:00,2,train
1041670,117430,2024-04-02 16:30:00,2,train
1041670,117436,2024-04-02 16:30:00,2,train
1038333,117439,2024-04-02 18:30:00,2,train
1038333,117442,2024-04-02 18:30:00,2,train
1038333,117446,2024-04-02 18:30:00,2,train
996599,117443,2024-04-02 20:00:00,2,train
996599,117448,2024-04-02 20:00:00,2,train
996599,117454,2024-04-02 20:00:00,2,train
1057896,117444,2024-04-02 20:30:00,2,train
1057896,117451,2024-04-02 20:30:00,2,train
1057897,117447,2024-04-02 20:30:00,2,train
1057897,117452,2024-04-02 20:30:00,2,train
1058170,117450,2024-04-02 20:45:00,2,train
1058170,117453,2024-04-02 20:45:00,2,train
1058170,117460,2024-04-02 20:45:00,2,train
1058171,117445,2024-04-02 20:45:00,2,train
1058171,117455,2024-04-02 20:45:00,2,train
1057598,117449,2024-04-02 21:00:00,2,train
1057598,117457,2024-04-02 21:00:00,2,train
1057598,117459,2024-04-02 21:00:00,2,train
1024298,117456,2024-04-02 22:30:00,2,train
1024298,117462,2024-04-02 22:30:00,2,train
1024299,117458,2024-04-02 22:30:00,2,train
1024299,117461,2024-04-02 22:30:00,2,train
1024299,117463,2024-04-02 22:30:00,2,train
1024296,117466,2024-04-03 00:30:00,2,train
1024296,117467,2024-04-03 00:30:00,2,train
1024296,117468,2024-04-03 00:30:00,2,train
1024297,117464,2024-04-03 00:30:00,2,train
1024297,117465,2024-04-03 00:30:00,2,train
1038335,117469,2024-04-03 12:30:00,2,train
1038335,117471,2024-04-03 12:30:00,2,train
1038335,117472,2024-04-03 12:30:00,2,train
996606,117470,2024-04-03 13:00:00,2,train
996606,117473,2024-04-03 13:00:00,2,train
1038338,117474,2024-04-03 15:30:00,2,train
1038338,117478,2024-04-03 15:30:00,2,train
1063038,117485,2024-04-03 15:30:00,2,train
963330,117475,2024-04-03 16:00:00,2,train
963330,117481,2024-04-03 16:00:00,2,train
1058984,117477,2024-04-03 16:30:00,2,train
1058984,117483,2024-04-03 16:30:00,2,train
1058984,117488,2024-04-03 16:30:00,2,train
1059257,117476,2024-04-03 16:30:00,2,train
1059257,117484,2024-04-03 16:30:00,2,train
996608,117480,2024-04-03 17:00:00,2,train
996608,117489,2024-04-03 17:00:00,2,train
996612,117479,2024-04-03 17:00:00,2,train
996612,117486,2024-04-03 17:00:00,2,train
996612,117491,2024-04-03 17:00:00,2,train
1059240,117482,2024-04-03 17:00:00,2,train
1059240,117490,2024-04-03 17:00:00,2,train
1059240,117492,2024-04-03 17:00:00,2,train
1050005,117494,2024-04-03 20:00:00,2,train
1050005,117498,2024-04-03 20:00:00,2,train
1058983,117495,2024-04-03 20:30:00,2,train
1064605,117496,2024-04-03 20:30:00,2,train
940693,117497,2024-04-03 21:00:00,2,train
1038339,117499,2024-04-03 21:30:00,2,train
1038339,117500,2024-04-03 21:30:00,2,train
1061158,117501,2024-04-04 00:30:00,2,train
1061158,117502,2024-04-04 00:30:00,2,train
1061158,117503,2024-04-04 00:30:00,2,train
1038344,117504,2024-04-04 12:30:00,2,train
1038344,117505,2024-04-04 12:30:00,2,train
1038348,117506,2024-04-04 15:30:00,2,train
1038348,117508,2024-04-04 15:30:00,2,train
1050856,117507,2024-04-04 16:00:00,2,train
1050856,117510,2024-04-04 16:00:00,2,train
1055090,117509,2024-04-04 16:00:00,2,train
1065362,117512,2024-04-04 16:30:00,2,train
1065362,117514,2024-04-04 16:30:00,2,train
1065362,117515,2024-04-04 16:30:00,2,train
996610,117511,2024-04-04 17:00:00,2,train
996603,117513,2024-04-04 18:00:00,2,train
996603,117516,2024-04-04 18:00:00,2,train
996603,117517,2024-04-04 18:00:00,2,train
1067890,117518,2024-04-04 20:30:00,2,train
1067890,117521,2024-04-04 20:30:00,2,train
996596,117519,2024-04-04 21:00:00,2,train
996596,117522,2024-04-04 21:00:00,2,train
996600,117523,2024-04-04 21:00:00,2,train
1065685,117520,2024-04-04 21:30:00,2,train
1065685,117524,2024-04-04 21:30:00,2,train
1065685,117525,2024-04-04 21:30:00,2,train
1038336,117526,2024-04-05 12:30:00,2,train
1038336,117527,2024-04-05 12:30:00,2,train
1038342,117528,2024-04-05 15:30:00,2,train
1038342,117529,2024-04-05 15:30:00,2,train
1068537,117530,2024-04-05 17:00:00,2,train
1068537,117531,2024-04-05 17:00:00,2,train
1038343,117532,2024-04-05 18:30:00,2,train
1038343,117534,2024-04-05 18:30:00,2,train
1065684,117533,2024-04-05 19:00:00,2,train
1065684,117535,2024-04-05 19:00:00,2,train
1072512,117536,2024-04-05 20:00:00,2,train
1072512,117537,2024-04-05 20:00:00,2,train
1065683,117538,2024-04-05 21:30:00,2,train
1065683,117539,2024-04-05 21:30:00,2,train
1065683,117540,2024-04-05 21:30:00,2,train
1073609,117541,2024-04-06 21:30:00,2,train
1073609,117542,2024-04-06 21:30:00,2,train
1068635,117543,2024-04-07 01:30:00,2,train
1068635,117544,2024-04-07 01:30:00,2,train
1068634,117552,2024-04-08 00:30:00,2,train
1068634,117553,2024-04-08 00:30:00,2,train
1073608,117549,2024-04-08 02:30:00,2,train
1073608,117550,2024-04-08 02:30:00,2,train
1073608,117551,2024-04-08 02:30:00,2,train
1034845,117546,2024-04-08 07:30:00,2,train
1035035,117545,2024-04-08 07:30:00,2,train
1034843,117548,2024-04-08 08:30:00,2,train
1034844,117547,2024-04-08 08:30:00,2,train
1034840,117554,2024-04-08 09:55:00,2,train
1034839,117555,2024-04-08 10:20:00,2,train
1034842,117556,2024-04-08 11:30:00,2,train
1086379,117557,2024-04-08 12:00:00,2,train
1086379,117559,2024-04-08 12:00:00,2,train
1086379,117561,2024-04-08 12:00:00,2,train
1086378,117558,2024-04-08 12:45:00,2,train
1086378,117560,2024-04-08 12:45:00,2,train
1086653,117563,2024-04-08 15:05:00,2,train
1086653,117565,2024-04-08 15:05:00,2,train
1086655,117562,2024-04-08 15:30:00,2,train
1086655,117567,2024-04-08 15:30:00,2,train
1086655,117571,2024-04-08 15:30:00,2,train
1075385,117564,2024-04-08 16:00:00,2,train
1075385,117569,2024-04-08 16:00:00,2,train
1038177,117566,2024-04-08 16:30:00,2,train
1038177,117570,2024-04-08 16:30:00,2,train
1038177,117572,2024-04-08 16:30:00,2,train
1055087,117568,2024-04-08 17:00:00,2,train
1038176,117573,2024-04-08 19:45:00,2,train
1038176,117574,2024-04-08 19:45:00,2,train
1088992,117575,2024-04-08 21:00:00,2,train
1088992,117580,2024-04-08 21:00:00,2,train
1085711,117577,2024-04-08 21:30:00,2,train
1085711,117578,2024-04-08 21:30:00,2,train
1089234,117576,2024-04-08 21:50:00,2,train
1089234,117579,2024-04-08 21:50:00,2,train
1084635,117582,2024-04-09 00:30:00,2,train
1084635,117583,2024-04-09 00:30:00,2,train
1087197,117581,2024-04-09 08:30:00,2,train
1087197,117585,2024-04-09 08:30:00,2,train
1087198,117584,2024-04-09 08:30:00,2,train
1087198,117586,2024-04-09 08:30:00,2,train
1087198,117587,2024-04-09 08:30:00,2,train
1087466,117588,2024-04-09 11:30:00,2,train
1087466,117590,2024-04-09 11:30:00,2,train
1075791,117592,2024-04-09 12:00:00,2,train
1075791,117593,2024-04-09 12:00:00,2,train
1087467,117589,2024-04-09 12:15:00,2,train
1087467,117591,2024-04-09 12:15:00,2,train
1090184,117594,2024-04-09 14:00:00,2,train
1090184,117597,2024-04-09 14:00:00,2,train
1088756,117596,2024-04-09 14:30:00,2,train
1088756,117601,2024-04-09 14:30:00,2,train
1089004,117595,2024-04-09 14:30:00,2,train
1089004,117599,2024-04-09 14:30:00,2,train
1089004,117603,2024-04-09 14:30:00,2,train
1075790,117598,2024-04-09 15:00:00,2,train
1075790,117600,2024-04-09 15:00:00,2,train
1091491,117605,2024-04-09 18:30:00,2,train
1091491,117606,2024-04-09 18:30:00,2,train
1075382,117608,2024-04-09 19:00:00,2,train
1075382,117610,2024-04-09 19:00:00,2,train
1050891,117607,2024-04-09 19:55:00,2,train
1050891,117609,2024-04-09 19:55:00,2,train
1071998,117612,2024-04-09 21:00:00,2,train
1071998,117622,2024-04-09 21:00:00,2,train
1072000,117611,2024-04-09 21:00:00,2,train
1072000,117621,2024-04-09 21:00:00,2,train
1072002,117614,2024-04-09 21:00:00,2,train
1072002,117618,2024-04-09 21:00:00,2,train
1072003,117616,2024-04-09 21:00:00,2,train
1072003,117619,2024-04-09 21:00:00,2,train
1072004,117615,2024-04-09 21:00:00,2,train
1095538,117613,2024-04-09 21:30:00,2,train
1091490,117617,2024-04-09 22:30:00,2,train
1091490,117620,2024-04-09 22:30:00,2,train
1093354,117624,2024-04-10 08:30:00,2,train
1093354,117626,2024-04-10 08:30:00,2,train
1093916,117623,2024-04-10 08:30:00,2,train
1093916,117625,2024-04-10 08:30:00,2,train
1089003,117628,2024-04-10 11:30:00,2,train
1089003,117630,2024-04-10 11:30:00,2,train
1093915,117627,2024-04-10 11:30:00,2,train
1093915,117629,2024-04-10 11:30:00,2,train
1075789,117631,2024-04-10 12:00:00,2,train
1075789,117632,2024-04-10 12:00:00,2,train
1094736,117636,2024-04-10 14:30:00,2,train
1094736,117638,2024-04-10 14:30:00,2,train
1099111,117635,2024-04-10 14:30:00,2,train
1099111,117637,2024-04-10 14:30:00,2,train
1075380,117639,2024-04-10 16:00:00,2,train
1075380,117641,2024-04-10 16:00:00,2,train
1075380,117643,2024-04-10 16:00:00,2,train
1089718,117640,2024-04-10 16:30:00,2,train
1089718,117642,2024-04-10 16:30:00,2,train
1089718,117645,2024-04-10 16:30:00,2,train
1096520,117644,2024-04-10 18:30:00,2,train
1096520,117646,2024-04-10 18:30:00,2,train
1095811,117647,2024-04-10 20:00:00,2,train
1095811,117648,2024-04-10 20:00:00,2,train
1096404,117653,2024-04-10 21:00:00,2,train
1096404,117659,2024-04-10 21:00:00,2,train
1096405,117651,2024-04-10 21:00:00,2,train
1096405,117656,2024-04-10 21:00:00,2,train
1096405,117660,2024-04-10 21:00:00,2,train
1096406,117650,2024-04-10 21:00:00,2,train
1096406,117655,2024-04-10 21:00:00,2,train
1096407,117649,2024-04-10 21:00:00,2,train
1096407,117657,2024-04-10 21:00:00,2,train
1096407,117658,2024-04-10 21:00:00,2,train
1096606,117652,2024-04-10 21:00:00,2,train
1096519,117654,2024-04-10 21:30:00,2,train
1075378,117665,2024-04-11 16:00:00,2,train
1089719,117664,2024-04-11 16:00:00,2,train
1089719,117666,2024-04-11 16:00:00,2,train
1102040,117668,2024-04-11 18:30:00,2,train
1102040,117669,2024-04-11 18:30:00,2,train
1102040,117673,2024-04-11 18:30:00,2,train
1075379,117671,2024-04-11 19:00:00,2,train
1075379,117672,2024-04-11 19:00:00,2,train
1075379,117674,2024-04-11 19:00:00,2,train
1100503,117675,2024-04-12 10:00:00,2,train
1100503,117676,2024-04-12 10:00:00,2,train
1100502,117677,2024-04-12 13:15:00,2,train
1100502,117678,2024-04-12 13:15:00,2,train
1100502,117679,2024-04-12 13:15:00,2,train
1105444,117680,2024-04-12 16:30:00,2,train
1105444,117681,2024-04-12 16:30:00,2,train
1105287,117682,2024-04-12 19:05:00,2,train
1105287,117683,2024-04-12 19:05:00,2,train
1105287,117685,2024-04-12 19:05:00,2,train
1105435,117684,2024-04-12 21:00:00,2,train
1105435,117686,2024-04-12 21:00:00,2,train
1105883,117687,2024-04-13 10:00:00,2,train
1105883,117688,2024-04-13 10:00:00,2,train
1105883,117689,2024-04-13 10:00:00,2,train
1106483,117690,2024-04-13 13:45:00,2,train
1106483,117691,2024-04-13 13:45:00,2,train
1107430,117692,2024-04-13 14:30:00,2,train
1107430,117693,2024-04-13 14:30:00,2,train
1107430,117694,2024-04-13 14:30:00,2,train
1110327,117697,2024-04-14 13:30:00,2,train
1110327,117698,2024-04-14 13:30:00,2,train
1111439,117699,2024-04-14 17:30:00,2,train
1111439,117700,2024-04-14 17:30:00,2,train
1111439,117701,2024-04-14 17:30:00,2,train
1106381,117702,2024-04-15 15:00:00,2,train
1106381,117703,2024-04-15 15:00:00,2,train
1106381,117704,2024-04-15 15:00:00,2,train
1109060,117705,2024-04-15 21:00:00,2,train
1109060,117706,2024-04-15 21:00:00,2,train
1106380,117707,2024-04-16 12:00:00,2,train
1106380,117708,2024-04-16 12:00:00,2,train
1114847,117709,2024-04-16 13:00:00,2,train
1077657,117710,2024-04-16 13:30:00,2,train
1077657,117711,2024-04-16 13:30:00,2,train
1077657,117713,2024-04-16 13:30:00,2,train
1106379,117712,2024-04-16 15:00:00,2,train
1077656,117714,2024-04-16 16:30:00,2,train
1077656,117715,2024-04-16 16:30:00,2,train
1114845,117716,2024-04-16 19:00:00,2,train
1114845,117717,2024-04-16 19:00:00,2,train
1114845,117718,2024-04-16 19:00:00,2,train
1106378,117719,2024-04-17 12:00:00,2,train
1106378,117720,2024-04-17 12:00:00,2,train
1077655,117721,2024-04-17 12:30:00,2,train
1077655,117722,2024-04-17 12:30:00,2,train
1114843,117723,2024-04-17 13:00:00,2,train
1114843,117725,2024-04-17 13:00:00,2,train
1114843,117728,2024-04-17 13:00:00,2,train
1126452,117724,2024-04-17 14:30:00,2,train
1126452,117726,2024-04-17 14:30:00,2,train
1114844,117731,2024-04-17 17:35:00,2,train
1125269,117734,2024-04-18 00:00:00,2,train
1125270,117732,2024-04-18 00:00:00,2,train
1125271,117733,2024-04-18 00:00:00,2,train
1106372,117735,2024-04-18 12:00:00,2,train
1106372,117736,2024-04-18 12:00:00,2,train
1077652,117737,2024-04-18 12:30:00,2,train
1077652,117738,2024-04-18 12:30:00,2,train
1106375,117743,2024-04-18 15:00:00,2,train
1106375,117745,2024-04-18 15:00:00,2,train
1077651,117742,2024-04-18 15:30:00,2,train
1077651,117744,2024-04-18 15:30:00,2,train
1077651,117746,2024-04-18 15:30:00,2,train
1063387,117748,2024-04-18 18:30:00,2,train
1077650,117747,2024-04-18 18:30:00,2,train
1077650,117752,2024-04-18 18:30:00,2,train
1129083,117750,2024-04-18 19:00:00,2,train
1129085,117751,2024-04-18 19:00:00,2,train
1129087,117749,2024-04-18 19:00:00,2,train
1129088,117756,2024-04-18 19:00:00,2,train
1129089,117754,2024-04-18 19:00:00,2,train
1131800,117753,2024-04-18 19:30:00,2,train
1131800,117757,2024-04-18 19:30:00,2,train
1131801,117755,2024-04-18 19:30:00,2,train
1131801,117760,2024-04-18 19:30:00,2,train
1021780,117759,2024-04-18 20:00:00,2,train
1132142,117758,2024-04-18 20:15:00,2,train
1021781,117761,2024-04-18 21:30:00,2,train
1021778,117763,2024-04-18 23:30:00,2,train
1130932,117762,2024-04-18 23:30:00,2,train
1130932,117764,2024-04-18 23:30:00,2,train
1130932,117765,2024-04-18 23:30:00,2,train
1130929,117771,2024-04-19 00:30:00,2,train
1130929,117772,2024-04-19 00:30:00,2,train
1130930,117769,2024-04-19 00:30:00,2,train
1130930,117770,2024-04-19 00:30:00,2,train
1130931,117766,2024-04-19 00:45:00,2,train
1130931,117767,2024-04-19 00:45:00,2,train
1130931,117768,2024-04-19 00:45:00,2,train
1132775,117773,2024-04-19 03:00:00,2,train
1131452,117775,2024-04-19 09:30:00,2,train
1131452,117777,2024-04-19 09:30:00,2,train
1131452,117778,2024-04-19 09:30:00,2,train
1131453,117774,2024-04-19 09:30:00,2,train
1131453,117776,2024-04-19 09:30:00,2,train
1131971,117779,2024-04-19 12:30:00,2,train
1131971,117780,2024-04-19 12:30:00,2,train
1131971,117785,2024-04-19 12:30:00,2,train
1132429,117784,2024-04-19 13:30:00,2,train
1132429,117787,2024-04-19 13:30:00,2,train
1134799,117782,2024-04-19 13:30:00,2,train
1134799,117783,2024-04-19 13:30:00,2,train
1134800,117781,2024-04-19 13:30:00,2,train
1134800,117786,2024-04-19 13:30:00,2,train
1128362,117788,2024-04-19 15:30:00,2,train
1128362,117789,2024-04-19 15:30:00,2,train
1128362,117792,2024-04-19 15:30:00,2,train
1132478,117790,2024-04-19 15:30:00,2,train
1132478,117791,2024-04-19 15:30:00,2,train
1132432,117793,2024-04-19 16:30:00,2,train
1132432,117796,2024-04-19 16:30:00,2,train
1132774,117794,2024-04-19 17:00:00,2,train
1132774,117797,2024-04-19 17:00:00,2,train
1132774,117802,2024-04-19 17:00:00,2,train
1127762,117795,2024-04-19 18:00:00,2,train
1127762,117798,2024-04-19 18:00:00,2,train
1127762,117800,2024-04-19 18:00:00,2,train
1133122,117799,2024-04-19 19:30:00,2,train
1135898,117801,2024-04-19 19:30:00,2,train
1135898,117803,2024-04-19 19:30:00,2,train
1134232,117808,2024-04-19 20:30:00,2,train
1128361,117804,2024-04-19 21:00:00,2,train
1128361,117807,2024-04-19 21:00:00,2,train
1132987,117805,2024-04-19 22:00:00,2,train
1132987,117806,2024-04-19 22:00:00,2,train
1132987,117809,2024-04-19 22:00:00,2,train
1134231,117810,2024-04-20 00:30:00,2,train
1134231,117811,2024-04-20 00:30:00,2,train
1136668,117814,2024-04-20 01:15:00,2,train
1136668,117815,2024-04-20 01:15:00,2,train
1137054,117812,2024-04-20 02:30:00,2,train
1137054,117813,2024-04-20 02:30:00,2,train
1137159,117816,2024-04-20 04:30:00,2,train
1137159,117817,2024-04-20 04:30:00,2,train
1137160,117818,2024-04-20 07:00:00,2,train
1137160,117819,2024-04-20 07:00:00,2,train
1137160,117821,2024-04-20 07:00:00,2,train
1135543,117820,2024-04-20 09:30:00,2,train
1135543,117822,2024-04-20 09:30:00,2,train
1139060,117826,2024-04-20 13:30:00,2,train
1139060,117827,2024-04-20 13:30:00,2,train
1132870,117828,2024-04-20 15:00:00,2,train
1132870,117829,2024-04-20 15:00:00,2,train
1132870,117833,2024-04-20 15:00:00,2,train
1071996,117830,2024-04-20 16:00:00,2,train
1071996,117832,2024-04-20 16:00:00,2,train
1071996,117836,2024-04-20 16:00:00,2,train
1138144,117831,2024-04-20 16:25:00,2,train
1138144,117834,2024-04-20 16:25:00,2,train
1138144,117837,2024-04-20 16:25:00,2,train
1132355,117835,2024-04-20 18:00:00,2,train
1132355,117838,2024-04-20 18:00:00,2,train
1132355,117839,2024-04-20 18:00:00,2,train
1140210,117840,2024-04-20 20:35:00,2,train
1140210,117846,2024-04-20 20:35:00,2,train
1071994,117842,2024-04-20 21:00:00,2,train
1071994,117847,2024-04-20 21:00:00,2,train
1071995,117843,2024-04-20 21:00:00,2,train
1071995,117845,2024-04-20 21:00:00,2,train
1071995,117849,2024-04-20 21:00:00,2,train
1132869,117841,2024-04-20 21:00:00,2,train
1132869,117844,2024-04-20 21:00:00,2,train
1132869,117848,2024-04-20 21:00:00,2,train
1140635,117850,2024-04-20 23:45:00,2,train
1140635,117851,2024-04-20 23:45:00,2,train
1140635,117852,2024-04-20 23:45:00,2,train
1140209,117853,2024-04-21 14:00:00,2,train
1140209,117854,2024-04-21 14:00:00,2,train
1139629,117855,2024-04-21 16:30:00,2,train
1139629,117856,2024-04-21 16:30:00,2,train
1139629,117858,2024-04-21 16:30:00,2,train
1140301,117857,2024-04-21 18:00:00,2,train
1140301,117859,2024-04-21 18:00:00,2,train
1140734,117860,2024-04-21 21:00:00,2,train
1140734,117861,2024-04-21 21:00:00,2,train
1138351,117863,2024-04-22 12:00:00,2,train
1144026,117862,2024-04-22 12:00:00,2,train
1144026,117864,2024-04-22 12:00:00,2,train
1144173,117865,2024-04-22 15:00:00,2,train
1143694,117866,2024-04-22 15:30:00,2,train
1143694,117867,2024-04-22 15:30:00,2,train
1144025,117868,2024-04-22 18:00:00,2,train
1144025,117870,2024-04-22 18:00:00,2,train
1137216,117869,2024-04-22 19:00:00,2,train
1137216,117871,2024-04-22 19:00:00,2,train
1137216,117873,2024-04-22 19:00:00,2,train
1144024,117872,2024-04-22 21:00:00,2,train
1123907,117876,2024-04-23 14:30:00,2,train
1123907,117880,2024-04-23 14:30:00,2,train
1123906,117883,2024-04-23 17:45:00,2,train
1123906,117884,2024-04-23 17:45:00,2,train
1123909,117882,2024-04-23 18:05:00,2,train
1123909,117885,2024-04-23 18:05:00,2,train
1123910,117886,2024-04-23 20:30:00,2,train
1123910,117887,2024-04-23 20:30:00,2,train
1137213,117888,2024-04-24 13:00:00,2,train
1137213,117891,2024-04-24 13:00:00,2,train
1137213,117892,2024-04-24 13:00:00,2,train
1123903,117889,2024-04-24 14:30:00,2,train
1123903,117890,2024-04-24 14:30:00,2,train
1137212,117894,2024-04-24 16:00:00,2,train
1137212,117899,2024-04-24 16:00:00,2,train
1137212,117901,2024-04-24 16:00:00,2,train
1138346,117893,2024-04-24 16:00:00,2,train
1138346,117896,2024-04-24 16:00:00,2,train
1138346,117898,2024-04-24 16:00:00,2,train
1151268,117895,2024-04-24 17:30:00,2,train
1151268,117902,2024-04-24 17:30:00,2,train
1151269,117897,2024-04-24 17:45:00,2,train
1151269,117903,2024-04-24 17:45:00,2,train
1151746,117900,2024-04-24 18:00:00,2,train
1151746,117904,2024-04-24 18:00:00,2,train
1152084,117905,2024-04-24 20:30:00,2,train
1152084,117907,2024-04-24 20:30:00,2,train
1152084,117909,2024-04-24 20:30:00,2,train
1152085,117906,2024-04-24 20:30:00,2,train
1152085,117908,2024-04-24 20:30:00,2,train
1138345,117910,2024-04-25 12:00:00,2,train
1138345,117911,2024-04-25 12:00:00,2,train
1155514,117913,2024-04-25 14:30:00,2,train
1155514,117915,2024-04-25 14:30:00,2,train
1155514,117917,2024-04-25 14:30:00,2,train
1155515,117912,2024-04-25 14:30:00,2,train
1155515,117914,2024-04-25 14:30:00,2,train
1138344,117916,2024-04-25 15:00:00,2,train
1156279,117918,2024-04-25 17:00:00,2,train
1156279,117920,2024-04-25 17:00:00,2,train
1152081,117919,2024-04-25 18:00:00,2,train
1152081,117921,2024-04-25 18:00:00,2,train
1152081,117922,2024-04-25 18:00:00,2,train
1156278,117923,2024-04-25 20:00:00,2,train
1156278,117925,2024-04-25 20:00:00,2,train
1156278,117928,2024-04-25 20:00:00,2,train
1155905,117924,2024-04-25 20:30:00,2,train
1155905,117926,2024-04-25 20:30:00,2,train
1156662,117927,2024-04-25 21:15:00,2,train
1156662,117929,2024-04-25 21:15:00,2,train
1156662,117930,2024-04-25 21:15:00,2,train
1136379,117931,2024-04-26 03:00:00,2,train
1136378,117932,2024-04-26 04:25:00,2,train
1136377,117933,2024-04-26 05:50:00,2,train
1136376,117934,2024-04-26 07:15:00,2,train
1161837,117935,2024-04-26 12:15:00,2,train
1159882,117937,2024-04-26 14:30:00,2,train
1159882,117938,2024-04-26 14:30:00,2,train
1160198,117936,2024-04-26 14:30:00,2,train
1160198,117939,2024-04-26 14:30:00,2,train
1156663,117940,2024-04-26 17:30:00,2,train
1156663,117941,2024-04-26 17:30:00,2,train
1160814,117942,2024-04-26 18:55:00,2,train
1160197,117943,2024-04-26 20:30:00,2,train
1160197,117944,2024-04-26 20:30:00,2,train
1161393,117945,2024-04-27 06:00:00,2,train
1161393,117946,2024-04-27 06:00:00,2,train
1162745,117947,2024-04-27 09:15:00,2,train
1162745,117948,2024-04-27 09:15:00,2,train
1165547,117949,2024-04-27 10:45:00,2,train
1165547,117950,2024-04-27 10:45:00,2,train
1163204,117952,2024-04-27 14:30:00,2,train
1163204,117954,2024-04-27 14:30:00,2,train
1163527,117951,2024-04-27 14:30:00,2,train
1163527,117953,2024-04-27 14:30:00,2,train
1163527,117955,2024-04-27 14:30:00,2,train
1164606,117956,2024-04-27 17:30:00,2,train
1164606,117958,2024-04-27 17:30:00,2,train
1164606,117960,2024-04-27 17:30:00,2,train
1156472,117957,2024-04-27 17:45:00,2,train
1156472,117959,2024-04-27 17:45:00,2,train
1163998,117961,2024-04-27 20:30:00,2,train
1163998,117962,2024-04-27 20:30:00,2,train
1166527,117963,2024-04-28 09:15:00,2,train
1166527,117964,2024-04-28 09:15:00,2,train
1159883,117965,2024-04-28 14:30:00,2,train
1159883,117966,2024-04-28 14:30:00,2,train
1167783,117967,2024-04-28 17:30:00,2,train
1167783,117968,2024-04-28 17:30:00,2,train
1167484,117969,2024-04-28 20:30:00,2,train
1163508,117971,2024-04-29 15:00:00,2,train
1163508,117972,2024-04-29 15:00:00,2,train
1163508,117973,2024-04-29 15:00:00,2,train
1165862,117974,2024-04-29 17:00:00,2,train
1165862,117975,2024-04-29 17:00:00,2,train
1165862,117976,2024-04-29 17:00:00,2,train
1165861,117977,2024-04-29 20:20:00,2,train
1165861,117978,2024-04-29 20:20:00,2,train
1165861,117979,2024-04-29 20:20:00,2,train
1174437,117980,2024-04-30 11:00:00,2,train
1174437,117981,2024-04-30 11:00:00,2,train
1163507,117982,2024-04-30 12:00:00,2,train
1163507,117983,2024-04-30 12:00:00,2,train
1123901,117985,2024-04-30 14:30:00,2,train
1123901,117988,2024-04-30 14:30:00,2,train
1123902,117984,2024-04-30 14:30:00,2,train
1123902,117986,2024-04-30 14:30:00,2,train
1163506,117987,2024-04-30 15:00:00,2,train
1163506,117989,2024-04-30 15:00:00,2,train
1163506,117990,2024-04-30 15:00:00,2,train
1123897,117992,2024-04-30 17:30:00,2,train
1123897,117994,2024-04-30 17:30:00,2,train
1123898,117991,2024-04-30 17:30:00,2,train
1123898,117993,2024-04-30 17:30:00,2,train
1176213,117995,2024-04-30 20:10:00,2,train
1176213,117999,2024-04-30 20:10:00,2,train
1123899,117996,2024-04-30 20:30:00,2,train
1123899,118000,2024-04-30 20:30:00,2,train
1123900,117997,2024-04-30 20:30:00,2,train
1123900,117998,2024-04-30 20:30:00,2,train
1123900,118001,2024-04-30 20:30:00,2,train
1163505,118002,2024-05-01 12:00:00,2,train
1163505,118003,2024-05-01 12:00:00,2,train
1123895,118005,2024-05-01 14:30:00,2,train
1123896,118004,2024-05-01 14:30:00,2,train
1123896,118006,2024-05-01 14:30:00,2,train
1179053,118007,2024-05-01 17:15:00,2,train
1179053,118013,2024-05-01 17:15:00,2,train
1179053,118015,2024-05-01 17:15:00,2,train
1179247,118008,2024-05-01 17:30:00,2,train
1179247,118010,2024-05-01 17:30:00,2,train
1179247,118012,2024-05-01 17:30:00,2,train
1179248,118009,2024-05-01 17:30:00,2,train
1179248,118011,2024-05-01 17:30:00,2,train
1179057,118014,2024-05-01 20:00:00,2,train
1179057,118017,2024-05-01 20:00:00,2,train
1179057,118020,2024-05-01 20:00:00,2,train
1180392,118016,2024-05-01 20:30:00,2,train
1180392,118019,2024-05-01 20:30:00,2,train
1180393,118018,2024-05-01 20:30:00,2,train
1180393,118021,2024-05-01 20:30:00,2,train
1179055,118022,2024-05-02 11:00:00,2,train
1179055,118024,2024-05-02 11:00:00,2,train
1184773,118023,2024-05-02 12:00:00,2,train
1184773,118025,2024-05-02 12:00:00,2,train
1179062,118030,2024-05-02 14:00:00,2,train
1179062,118031,2024-05-02 14:00:00,2,train
1183798,118026,2024-05-02 14:30:00,2,train
1183798,118029,2024-05-02 14:30:00,2,train
1183799,118027,2024-05-02 14:30:00,2,train
1183799,118028,2024-05-02 14:30:00,2,train
1183799,118032,2024-05-02 14:30:00,2,train
1179060,118033,2024-05-02 17:00:00,2,train
1179060,118036,2024-05-02 17:00:00,2,train
1179743,118034,2024-05-02 17:30:00,2,train
1179743,118037,2024-05-02 17:30:00,2,train
1179743,118042,2024-05-02 17:30:00,2,train
1179744,118035,2024-05-02 17:30:00,2,train
1179744,118038,2024-05-02 17:30:00,2,train
1179744,118041,2024-05-02 17:30:00,2,train
1184771,118039,2024-05-02 18:30:00,2,train
1184771,118040,2024-05-02 18:30:00,2,train
1184970,118043,2024-05-02 20:45:00,2,train
1184970,118047,2024-05-02 20:45:00,2,train
1184407,118044,2024-05-02 21:00:00,2,train
1184407,118046,2024-05-02 21:00:00,2,train
1184407,118049,2024-05-02 21:00:00,2,train
1179061,118045,2024-05-02 21:15:00,2,train
1179061,118048,2024-05-02 21:15:00,2,train
1184962,118050,2024-05-03 11:00:00,2,train
1184962,118051,2024-05-03 11:00:00,2,train
1188098,118053,2024-05-03 14:00:00,2,train
1188098,118057,2024-05-03 14:00:00,2,train
1187811,118054,2024-05-03 14:30:00,2,train
1187811,118056,2024-05-03 14:30:00,2,train
1188388,118052,2024-05-03 14:30:00,2,train
1188388,118055,2024-05-03 14:30:00,2,train
1188388,118058,2024-05-03 14:30:00,2,train
1188807,118059,2024-05-03 17:00:00,2,train
1188807,118064,2024-05-03 17:00:00,2,train
1185996,118060,2024-05-03 17:30:00,2,train
1185996,118062,2024-05-03 17:30:00,2,train
1188812,118061,2024-05-03 17:30:00,2,train
1188812,118063,2024-05-03 17:30:00,2,train
1188386,118066,2024-05-03 20:30:00,2,train
1188386,118068,2024-05-03 20:30:00,2,train
1188386,118071,2024-05-03 20:30:00,2,train
1191203,118065,2024-05-03 20:30:00,2,train
1191203,118069,2024-05-03 20:30:00,2,train
1191203,118072,2024-05-03 20:30:00,2,train
1187208,118067,2024-05-03 21:00:00,2,train
1187208,118070,2024-05-03 21:00:00,2,train
1187208,118073,2024-05-03 21:00:00,2,train
1191735,118074,2024-05-04 13:00:00,2,train
1191735,118075,2024-05-04 13:00:00,2,train
1188811,118077,2024-05-04 14:30:00,2,train
1188811,118079,2024-05-04 14:30:00,2,train
1188811,118081,2024-05-04 14:30:00,2,train
1191202,118076,2024-05-04 14:30:00,2,train
1191202,118078,2024-05-04 14:30:00,2,train
1191202,118080,2024-05-04 14:30:00,2,train
1191607,118082,2024-05-04 17:45:00,2,train
1191607,118084,2024-05-04 17:45:00,2,train
1192128,118083,2024-05-04 18:05:00,2,train
1192128,118085,2024-05-04 18:05:00,2,train
1192128,118086,2024-05-04 18:05:00,2,train
1184972,118087,2024-05-04 20:30:00,2,train
1184972,118088,2024-05-04 20:30:00,2,train
1195047,118089,2024-05-05 14:30:00,2,train
1195047,118090,2024-05-05 14:30:00,2,train
1194905,118091,2024-05-05 17:30:00,2,train
1194905,118092,2024-05-05 17:30:00,2,train
1194905,118093,2024-05-05 17:30:00,2,train
1188389,118094,2024-05-05 21:20:00,2,train
1188389,118095,2024-05-05 21:20:00,2,train
1188389,118096,2024-05-05 21:20:00,2,train
1199751,118097,2024-05-07 17:15:00,2,train
1199751,118099,2024-05-07 17:15:00,2,train
1199751,118101,2024-05-07 17:15:00,2,train
1199753,118098,2024-05-07 17:15:00,2,train
1199753,118100,2024-05-07 17:15:00,2,train
1199750,118102,2024-05-07 20:30:00,2,train
1199750,118104,2024-05-07 20:30:00,2,train
1199750,118106,2024-05-07 20:30:00,2,train
1199752,118103,2024-05-07 21:00:00,2,train
1199752,118105,2024-05-07 21:00:00,2,train
1208435,118107,2024-05-08 17:15:00,2,train
1208435,118109,2024-05-08 17:15:00,2,train
1208435,118111,2024-05-08 17:15:00,2,train
1208613,118108,2024-05-08 17:15:00,2,train
1208613,118110,2024-05-08 17:15:00,2,train
1208613,118112,2024-05-08 17:15:00,2,train
1208961,118113,2024-05-08 21:00:00,2,train
1208961,118115,2024-05-08 21:00:00,2,train
1208961,118117,2024-05-08 21:00:00,2,train
1209149,118114,2024-05-08 21:00:00,2,train
1209149,118116,2024-05-08 21:00:00,2,train
1214108,118118,2024-05-09 17:15:00,2,train
1214108,118119,2024-05-09 17:15:00,2,train
1213483,118120,2024-05-09 20:30:00,2,train
1213483,118121,2024-05-09 20:30:00,2,train
1213483,118122,2024-05-09 20:30:00,2,train
1213482,118123,2024-05-10 17:15:00,2,train
1213482,118124,2024-05-10 17:15:00,2,train
1214107,118125,2024-05-10 20:30:00,2,train
1221621,118126,2024-05-11 17:15:00,2,train
1221621,118127,2024-05-11 17:15:00,2,train
1221621,118128,2024-05-11 17:15:00,2,train
1218144,118129,2024-05-11 21:15:00,2,train
1218144,118130,2024-05-11 21:15:00,2,train
1218144,118131,2024-05-11 21:15:00,2,train
1225352,118132,2024-05-12 18:00:00,2,train
1225352,118133,2024-05-12 18:00:00,2,train
1225352,118134,2024-05-12 18:00:00,2,train
1228034,118135,2024-05-14 13:00:00,2,train
1228034,118136,2024-05-14 13:00:00,2,train
1228036,118137,2024-05-14 16:00:00,2,train
1228036,118138,2024-05-14 16:00:00,2,train
1228036,118139,2024-05-14 16:00:00,2,train
1196844,118140,2024-05-14 19:35:00,2,train
1196844,118141,2024-05-14 19:35:00,2,train
1190137,118142,2024-05-14 21:00:00,2,train
1190137,118147,2024-05-14 21:00:00,2,train
1190137,118148,2024-05-14 21:00:00,2,train
1190280,118144,2024-05-14 21:00:00,2,train
1190280,118145,2024-05-14 21:00:00,2,train
1190282,118143,2024-05-14 21:00:00,2,train
1190282,118146,2024-05-14 21:00:00,2,train
1190282,118149,2024-05-14 21:00:00,2,train
1196842,118150,2024-05-15 13:00:00,2,train
1196842,118151,2024-05-15 13:00:00,2,train
1196841,118152,2024-05-15 16:00:00,2,train
1196841,118155,2024-05-15 16:00:00,2,train
1196841,118157,2024-05-15 16:00:00,2,train
1228033,118153,2024-05-15 16:00:00,2,train
1228033,118154,2024-05-15 16:00:00,2,train
1228033,118156,2024-05-15 16:00:00,2,train
1240288,118164,2024-05-15 19:50:00,2,train
1240288,118170,2024-05-15 19:50:00,2,train
1228887,118167,2024-05-15 21:00:00,2,train
1228887,118169,2024-05-15 21:00:00,2,train
1242635,118165,2024-05-15 21:00:00,2,train
1242635,118168,2024-05-15 21:00:00,2,train
1223286,118171,2024-05-16 12:30:00,2,train
1223286,118174,2024-05-16 12:30:00,2,train
1223286,118176,2024-05-16 12:30:00,2,train
1237946,118173,2024-05-16 13:00:00,2,train
1237946,118175,2024-05-16 13:00:00,2,train
1228884,118178,2024-05-16 15:00:00,2,train
1228884,118181,2024-05-16 15:00:00,2,train
1223285,118182,2024-05-16 15:30:00,2,train
1239053,118180,2024-05-16 16:00:00,2,train
1239053,118183,2024-05-16 16:00:00,2,train
1239053,118185,2024-05-16 16:00:00,2,train
1244215,118184,2024-05-16 17:15:00,2,train
1244215,118187,2024-05-16 17:15:00,2,train
1228885,118186,2024-05-16 18:00:00,2,train
1228885,118188,2024-05-16 18:00:00,2,train
1244214,118189,2024-05-16 20:25:00,2,train
1244214,118190,2024-05-16 20:25:00,2,train
1248115,118191,2024-05-16 20:45:00,2,train
1248115,118193,2024-05-16 20:45:00,2,train
1228883,118192,2024-05-16 21:15:00,2,train
1228883,118194,2024-05-16 21:15:00,2,train
1248116,118195,2024-05-16 23:30:00,2,train
1249250,118196,2024-05-17 12:30:00,2,train
1249250,118197,2024-05-17 12:30:00,2,train
1249250,118199,2024-05-17 12:30:00,2,train
1244987,118200,2024-05-17 15:00:00,2,train
1244987,118203,2024-05-17 15:00:00,2,train
1244987,118204,2024-05-17 15:00:00,2,train
1247983,118198,2024-05-17 15:00:00,2,train
1247983,118201,2024-05-17 15:00:00,2,train
1247983,118205,2024-05-17 15:00:00,2,train
1223284,118202,2024-05-17 16:30:00,2,train
1223284,118208,2024-05-17 16:30:00,2,train
1248694,118209,2024-05-17 18:45:00,2,train
1248694,118210,2024-05-17 18:45:00,2,train
1248694,118211,2024-05-17 18:45:00,2,train
1223283,118212,2024-05-17 19:00:00,2,train
1223283,118214,2024-05-17 19:00:00,2,train
1244986,118213,2024-05-17 21:00:00,2,train
1244986,118215,2024-05-17 21:00:00,2,train
1244986,118216,2024-05-17 21:00:00,2,train
1252452,118217,2024-05-17 23:30:00,2,train
1252452,118218,2024-05-17 23:30:00,2,train
1252451,118219,2024-05-18 12:30:00,2,train
1252451,118220,2024-05-18 12:30:00,2,train
1252451,118225,2024-05-18 12:30:00,2,train
1251498,118226,2024-05-18 13:00:00,2,train
1251498,118227,2024-05-18 13:00:00,2,train
1248799,118229,2024-05-18 15:00:00,2,train
1252299,118228,2024-05-18 15:00:00,2,train
1252300,118230,2024-05-18 18:00:00,2,train
1223282,118231,2024-05-18 20:15:00,2,train
1223282,118233,2024-05-18 20:15:00,2,train
1248798,118232,2024-05-18 21:00:00,2,train
1248798,118234,2024-05-18 21:00:00,2,train
1223281,118235,2024-05-18 23:00:00,2,train
1223281,118236,2024-05-18 23:00:00,2,train
1223281,118237,2024-05-18 23:00:00,2,train
1251945,118238,2024-05-19 12:00:00,2,train
1251945,118239,2024-05-19 12:00:00,2,train
1256763,118240,2024-05-19 12:30:00,2,train
1256763,118241,2024-05-19 12:30:00,2,train
1256763,118242,2024-05-19 12:30:00,2,train
1252599,118245,2024-05-19 15:00:00,2,train
1256762,118243,2024-05-19 15:30:00,2,train
1255833,118244,2024-05-19 16:00:00,2,train
1255833,118246,2024-05-19 16:00:00,2,train
1255833,118247,2024-05-19 16:00:00,2,train
1259516,118248,2024-05-19 18:30:00,2,train
1259516,118249,2024-05-19 18:30:00,2,train
1256273,118252,2024-05-19 21:25:00,2,train
1256273,118253,2024-05-19 21:25:00,2,train
1223280,118250,2024-05-19 21:30:00,2,train
1223280,118251,2024-05-19 21:30:00,2,train
1260662,118255,2024-05-20 15:30:00,2,train
1260662,118256,2024-05-20 15:30:00,2,train
1263290,118254,2024-05-20 15:30:00,2,train
1263290,118257,2024-05-20 15:30:00,2,train
1263290,118258,2024-05-20 15:30:00,2,train
1260170,118259,2024-05-20 21:15:00,2,train
1260170,118260,2024-05-20 21:15:00,2,train
1260672,118261,2024-05-21 13:00:00,2,train
1260672,118262,2024-05-21 13:00:00,2,train
1264579,118263,2024-05-21 15:00:00,2,train
1264579,118265,2024-05-21 15:00:00,2,train
1264579,118267,2024-05-21 15:00:00,2,train
1266476,118264,2024-05-21 15:30:00,2,train
1266476,118266,2024-05-21 15:30:00,2,train
1266476,118268,2024-05-21 15:30:00,2,train
1265246,118269,2024-05-21 18:00:00,2,train
1265246,118270,2024-05-21 18:00:00,2,train
1260671,118271,2024-05-21 21:30:00,2,train
1260671,118272,2024-05-21 21:30:00,2,train
1260671,118273,2024-05-21 21:30:00,2,train
1268906,118274,2024-05-22 13:30:00,2,train
1268906,118275,2024-05-22 13:30:00,2,train
1268906,118276,2024-05-22 13:30:00,2,train
1270125,118277,2024-05-22 17:30:00,2,train
1270125,118279,2024-05-22 17:30:00,2,train
1269278,118278,2024-05-22 18:00:00,2,train
1269278,118280,2024-05-22 18:00:00,2,train
1269278,118281,2024-05-22 18:00:00,2,train
1270061,118282,2024-05-23 14:00:00,2,train
1270061,118283,2024-05-23 14:00:00,2,train
1273635,118284,2024-05-23 16:30:00,2,train
1273635,118286,2024-05-23 16:30:00,2,train
1273635,118289,2024-05-23 16:30:00,2,train
1273635,118291,2024-05-23 16:30:00,2,train
1270060,118285,2024-05-23 17:00:00,2,train
1270060,118288,2024-05-23 17:00:00,2,train
1269879,118287,2024-05-23 18:00:00,2,train
1269879,118290,2024-05-23 18:00:00,2,train
1274673,118292,2024-05-24 01:00:00,2,train
1274673,118293,2024-05-24 01:00:00,2,train
1275005,118294,2024-05-24 04:00:00,2,train
1275005,118295,2024-05-24 04:00:00,2,train
1275005,118296,2024-05-24 04:00:00,2,train
1270057,118297,2024-05-24 14:00:00,2,train
1270057,118298,2024-05-24 14:00:00,2,train
1270057,118299,2024-05-24 14:00:00,2,train
1270056,118300,2024-05-24 17:00:00,2,train
1270056,118301,2024-05-24 17:00:00,2,train
1277422,118302,2024-05-25 04:00:00,2,train
1277422,118303,2024-05-25 04:00:00,2,train
1277422,118304,2024-05-25 04:00:00,2,train
1277316,118305,2024-05-25 11:00:00,2,train
1277316,118306,2024-05-25 11:00:00,2,train
1277316,118307,2024-05-25 11:00:00,2,train
1276074,118310,2024-05-25 14:00:00,2,train
1276074,118312,2024-05-25 14:00:00,2,train
1276074,118314,2024-05-25 14:00:00,2,train
1276807,118311,2024-05-25 15:00:00,2,train
1276807,118313,2024-05-25 15:00:00,2,train
1276806,118315,2024-05-25 18:00:00,2,train
1276806,118316,2024-05-25 18:00:00,2,train
1276806,118317,2024-05-25 18:00:00,2,train
1276509,118318,2024-05-25 20:45:00,2,train
1276509,118320,2024-05-25 20:45:00,2,train
1276805,118319,2024-05-25 21:50:00,2,train
1276805,118321,2024-05-25 21:50:00,2,train
1276805,118322,2024-05-25 21:50:00,2,train
1280449,118323,2024-05-26 13:00:00,2,train
1280449,118324,2024-05-26 13:00:00,2,train
1280449,118325,2024-05-26 13:00:00,2,train
1280853,118326,2024-05-26 15:00:00,2,train
1280853,118327,2024-05-26 15:00:00,2,train
1280853,118328,2024-05-26 15:00:00,2,train
1280852,118329,2024-05-26 18:00:00,2,train
1280852,118331,2024-05-26 18:00:00,2,train
1282145,118330,2024-05-26 19:00:00,2,train
1282145,118332,2024-05-26 19:00:00,2,train
1280851,118333,2024-05-27 12:00:00,2,train
1280851,118334,2024-05-27 12:00:00,2,train
1280849,118338,2024-05-27 18:00:00,2,train
1280849,118339,2024-05-27 18:00:00,2,train
1280849,118340,2024-05-27 18:00:00,2,train
1251704,118341,2024-05-27 20:30:00,2,train
1251705,118342,2024-05-27 20:30:00,2,train
1251706,118343,2024-05-27 21:55:00,2,train
1251707,118344,2024-05-27 21:55:00,2,train
1251700,118345,2024-05-27 22:50:00,2,train
1251703,118346,2024-05-27 23:20:00,2,train
1251701,118347,2024-05-27 23:55:00,2,train
1251702,118348,2024-05-28 00:20:00,2,train
1284638,118349,2024-05-28 00:50:00,2,train
1284638,118351,2024-05-28 00:50:00,2,train
1284637,118350,2024-05-28 01:20:00,2,train
1284637,118352,2024-05-28 01:20:00,2,train
1284730,118353,2024-05-28 03:30:00,2,train
1284730,118356,2024-05-28 03:30:00,2,train
1284730,118357,2024-05-28 03:30:00,2,train
1284731,118354,2024-05-28 03:30:00,2,train
1284731,118355,2024-05-28 03:30:00,2,train
1284731,118358,2024-05-28 03:30:00,2,train
1263578,118359,2024-05-28 10:00:00,2,train
1263578,118360,2024-05-28 10:00:00,2,train
1263577,118361,2024-05-28 13:15:00,2,train
1263577,118362,2024-05-28 13:15:00,2,train
1284816,118365,2024-05-28 18:00:00,2,train
1284816,118366,2024-05-28 18:00:00,2,train
1284816,118369,2024-05-28 18:00:00,2,train
1284913,118368,2024-05-28 20:00:00,2,train
1284913,118371,2024-05-28 20:00:00,2,train
1284914,118367,2024-05-28 20:00:00,2,train
1284914,118370,2024-05-28 20:00:00,2,train
1284912,118372,2024-05-28 23:00:00,2,train
1284912,118374,2024-05-28 23:00:00,2,train
1284915,118373,2024-05-28 23:00:00,2,train
1284915,118375,2024-05-28 23:00:00,2,train
1284915,118376,2024-05-28 23:00:00,2,train
1285089,118377,2024-05-29 02:00:00,2,train
1285089,118378,2024-05-29 02:00:00,2,train
1285089,118380,2024-05-29 02:00:00,2,train
1285418,118379,2024-05-29 03:10:00,2,train
1285418,118381,2024-05-29 03:10:00,2,train
1285418,118382,2024-05-29 03:10:00,2,train
1263575,118383,2024-05-29 10:15:00,2,train
1263575,118384,2024-05-29 10:15:00,2,train
1263575,118385,2024-05-29 10:15:00,2,train
1286088,118386,2024-05-29 13:30:00,2,train
1286088,118387,2024-05-29 13:30:00,2,train
1286649,118389,2024-05-29 20:00:00,2,train
1286649,118390,2024-05-29 20:00:00,2,train
1287065,118388,2024-05-29 20:00:00,2,train
1287065,118391,2024-05-29 20:00:00,2,train
1287065,118392,2024-05-29 20:00:00,2,train
1287066,118393,2024-05-29 23:00:00,2,train
1287066,118395,2024-05-29 23:00:00,2,train
1285419,118394,2024-05-29 23:15:00,2,train
1285419,118396,2024-05-29 23:15:00,2,train
1287313,118398,2024-05-30 02:00:00,2,train
1287313,118400,2024-05-30 02:00:00,2,train
1287313,118401,2024-05-30 02:00:00,2,train
1289035,118397,2024-05-30 02:00:00,2,train
1289035,118399,2024-05-30 02:00:00,2,train
1288000,118402,2024-05-30 07:30:00,2,train
1288000,118403,2024-05-30 07:30:00,2,train
1288000,118404,2024-05-30 07:30:00,2,train
1286089,118405,2024-05-30 10:45:00,2,train
1286089,118406,2024-05-30 10:45:00,2,train
1286089,118407,2024-05-30 10:45:00,2,train
1288001,118408,2024-05-30 14:30:00,2,train
1288001,118409,2024-05-30 14:30:00,2,train
1288001,118410,2024-05-30 14:30:00,2,train
1293495,118411,2024-05-31 18:30:00,2,train
1290307,118412,2024-05-31 21:00:00,2,train
1290307,118413,2024-05-31 21:00:00,2,train
1289612,118414,2024-05-31 21:30:00,2,train
1289612,118415,2024-05-31 21:30:00,2,train
1282216,118416,2024-05-31 22:45:00,2,train
1290306,118417,2024-06-01 00:15:00,2,train
1290306,118418,2024-06-01 00:15:00,2,train
1294282,118419,2024-06-01 01:55:00,2,train
1294281,118420,2024-06-01 02:30:00,2,train
1294281,118421,2024-06-01 02:30:00,2,train
1290683,118422,2024-06-01 05:30:00,2,train
1290683,118423,2024-06-01 05:30:00,2,train
1291050,118424,2024-06-01 08:45:00,2,train
1291050,118425,2024-06-01 08:45:00,2,train
1291050,118426,2024-06-01 08:45:00,2,train
1295665,118427,2024-06-01 15:15:00,2,train
1294179,118428,2024-06-01 21:00:00,2,train
1294179,118429,2024-06-01 21:00:00,2,train
1294521,118430,2024-06-02 00:15:00,2,train
1294521,118431,2024-06-02 00:15:00,2,train
1296292,118432,2024-06-02 07:00:00,2,train
1296292,118433,2024-06-02 07:00:00,2,train
1296292,118434,2024-06-02 07:00:00,2,train
1296293,118435,2024-06-02 15:00:00,2,train
1296293,118436,2024-06-02 15:00:00,2,train
1297143,118437,2024-06-02 21:00:00,2,train
1297143,118438,2024-06-02 21:00:00,2,train
1297143,118439,2024-06-02 21:00:00,2,train
1298684,118440,2024-06-03 17:00:00,2,train
1298684,118441,2024-06-03 17:00:00,2,train
1298683,118442,2024-06-03 20:00:00,2,train
1298682,118443,2024-06-04 11:00:00,2,train
1298682,118444,2024-06-04 11:00:00,2,train
1280228,118446,2024-06-04 20:00:00,2,train
1280229,118448,2024-06-04 20:00:00,2,train
1280229,118451,2024-06-04 20:00:00,2,train
1280230,118450,2024-06-04 20:00:00,2,train
1280231,118445,2024-06-04 20:00:00,2,train
1280231,118447,2024-06-04 20:00:00,2,train
1298679,118449,2024-06-04 20:00:00,2,train
1290447,118453,2024-06-05 11:00:00,2,train
1290462,118452,2024-06-05 11:10:00,2,train
1298486,118454,2024-06-05 12:00:00,2,train
1298486,118455,2024-06-05 12:00:00,2,train
1290446,118456,2024-06-05 12:55:00,2,train
1303271,118458,2024-06-05 14:00:00,2,train
1303271,118459,2024-06-05 14:00:00,2,train
1298484,118460,2024-06-05 15:00:00,2,train
1298484,118461,2024-06-05 15:00:00,2,train
1290460,118457,2024-06-05 15:10:00,2,train
1290444,118463,2024-06-05 16:55:00,2,train
1303270,118462,2024-06-05 17:00:00,2,train
1303270,118464,2024-06-05 17:00:00,2,train
1303270,118467,2024-06-05 17:00:00,2,train
1298485,118465,2024-06-05 18:00:00,2,train
1298485,118468,2024-06-05 18:00:00,2,train
1290458,118466,2024-06-05 18:10:00,2,train
1290457,118469,2024-06-05 19:55:00,2,train
1290442,118471,2024-06-05 20:00:00,2,train
1303213,118472,2024-06-05 20:00:00,2,train
1303213,118479,2024-06-05 20:00:00,2,train
1303214,118473,2024-06-05 20:00:00,2,train
1303214,118476,2024-06-05 20:00:00,2,train
1303307,118470,2024-06-05 20:00:00,2,train
1303307,118475,2024-06-05 20:00:00,2,train
1303307,118477,2024-06-05 20:00:00,2,train
1298483,118474,2024-06-05 21:00:00,2,train
1298483,118478,2024-06-05 21:00:00,2,train
1298483,118480,2024-06-05 21:00:00,2,train
1290440,118482,2024-06-06 11:00:00,2,train
1290455,118481,2024-06-06 11:00:00,2,train
1290439,118483,2024-06-06 12:30:00,2,train
1290454,118484,2024-06-06 12:30:00,2,train
1290437,118485,2024-06-06 14:00:00,2,train
1304155,118487,2024-06-06 14:00:00,2,train
1304155,118488,2024-06-06 14:00:00,2,train
1290453,118486,2024-06-06 15:30:00,2,train
1290436,118489,2024-06-06 17:00:00,2,train
1290451,118490,2024-06-06 17:00:00,2,train
1304154,118491,2024-06-06 17:00:00,2,train
1302997,118492,2024-06-06 18:00:00,2,train
1302997,118494,2024-06-06 18:00:00,2,train
1290449,118493,2024-06-06 18:30:00,2,train
1290450,118496,2024-06-06 20:00:00,2,train
1304153,118499,2024-06-06 20:00:00,2,train
1305573,118498,2024-06-06 20:00:00,2,train
1305573,118501,2024-06-06 20:00:00,2,train
1305665,118495,2024-06-06 20:00:00,2,train
1305665,118502,2024-06-06 20:00:00,2,train
1290435,118497,2024-06-06 20:10:00,2,train
1290433,118500,2024-06-06 21:30:00,2,train
1307549,118503,2024-06-07 11:00:00,2,train
1307549,118505,2024-06-07 11:00:00,2,train
1305263,118504,2024-06-07 12:00:00,2,train
1305263,118506,2024-06-07 12:00:00,2,train
1307548,118507,2024-06-07 14:00:00,2,train
1307548,118508,2024-06-07 14:00:00,2,train
1305633,118509,2024-06-07 15:00:00,2,train
1305633,118510,2024-06-07 15:00:00,2,train
1281530,118511,2024-06-07 16:10:00,2,train
1307547,118512,2024-06-07 17:00:00,2,train
1307547,118513,2024-06-07 17:00:00,2,train
1307547,118516,2024-06-07 17:00:00,2,train
1305262,118514,2024-06-07 18:00:00,2,train
1305262,118515,2024-06-07 18:00:00,2,train
1307493,118518,2024-06-07 20:30:00,2,train
1307493,118519,2024-06-07 20:30:00,2,train
1307624,118517,2024-06-07 20:40:00,2,train
1307624,118520,2024-06-07 20:40:00,2,train
1307536,118521,2024-06-07 21:30:00,2,train
1307536,118522,2024-06-07 21:30:00,2,train
1307669,118523,2024-06-08 00:30:00,2,train
1307669,118524,2024-06-08 00:30:00,2,train
1305882,118525,2024-06-08 03:30:00,2,train
1305882,118526,2024-06-08 03:30:00,2,train
1307266,118527,2024-06-08 12:00:00,2,train
1307266,118528,2024-06-08 12:00:00,2,train
1307266,118529,2024-06-08 12:00:00,2,train
1307544,118530,2024-06-08 14:00:00,2,train
1307544,118531,2024-06-08 14:00:00,2,train
1307544,118533,2024-06-08 14:00:00,2,train
1281529,118532,2024-06-08 15:00:00,2,train
1308984,118535,2024-06-08 16:00:00,2,train
1308984,118536,2024-06-08 16:00:00,2,train
1308984,118540,2024-06-08 16:00:00,2,train
1281528,118534,2024-06-08 16:30:00,2,train
1308973,118538,2024-06-08 18:00:00,2,train
1308973,118539,2024-06-08 18:00:00,2,train
1308973,118541,2024-06-08 18:00:00,2,train
1307542,118545,2024-06-08 20:00:00,2,train
1307542,118546,2024-06-08 20:00:00,2,train
1309175,118544,2024-06-08 20:00:00,2,train
1309175,118548,2024-06-08 20:00:00,2,train
1309172,118542,2024-06-08 20:30:00,2,train
1309172,118543,2024-06-08 20:30:00,2,train
1309161,118547,2024-06-08 21:00:00,2,train
1310746,118549,2024-06-09 12:00:00,2,train
1310746,118550,2024-06-09 12:00:00,2,train
1310746,118555,2024-06-09 12:00:00,2,train
1310778,118554,2024-06-09 13:00:00,2,train
1310779,118553,2024-06-09 13:00:00,2,train
1310780,118551,2024-06-09 13:00:00,2,train
1310781,118552,2024-06-09 13:00:00,2,train
1310774,118559,2024-06-09 14:30:00,2,train
1310775,118556,2024-06-09 14:30:00,2,train
1310776,118557,2024-06-09 14:30:00,2,train
1310777,118558,2024-06-09 14:30:00,2,train
1311217,118560,2024-06-09 14:30:00,2,train
1311217,118565,2024-06-09 14:30:00,2,train
1310589,118561,2024-06-09 15:00:00,2,train
1310589,118563,2024-06-09 15:00:00,2,train
1310589,118569,2024-06-09 15:00:00,2,train
1310745,118562,2024-06-09 15:00:00,2,train
1310745,118568,2024-06-09 15:00:00,2,train
1310745,118570,2024-06-09 15:00:00,2,train
1310771,118567,2024-06-09 16:00:00,2,train
1310772,118566,2024-06-09 16:00:00,2,train
1310773,118564,2024-06-09 16:00:00,2,train
1310767,118573,2024-06-09 17:30:00,2,train
1310768,118571,2024-06-09 17:30:00,2,train
1310769,118574,2024-06-09 17:30:00,2,train
1311216,118572,2024-06-09 17:30:00,2,train
1311216,118576,2024-06-09 17:30:00,2,train
1310698,118578,2024-06-09 18:00:00,2,train
1310698,118581,2024-06-09 18:00:00,2,train
1310698,118582,2024-06-09 18:00:00,2,train
1310744,118575,2024-06-09 18:00:00,2,train
1310744,118579,2024-06-09 18:00:00,2,train
1310590,118577,2024-06-09 18:20:00,2,train
1310590,118580,2024-06-09 18:20:00,2,train
1310976,118585,2024-06-10 04:00:00,2,train
1310976,118586,2024-06-10 04:00:00,2,train
1310976,118587,2024-06-10 04:00:00,2,train
1311215,118588,2024-06-10 11:30:00,2,train
1312040,118590,2024-06-10 13:00:00,2,train
1312041,118591,2024-06-10 13:00:00,2,train
1312042,118592,2024-06-10 13:00:00,2,train
1312043,118589,2024-06-10 13:00:00,2,train
1312036,118593,2024-06-10 14:30:00,2,train
1312037,118597,2024-06-10 14:30:00,2,train
1312038,118594,2024-06-10 14:30:00,2,train
1312039,118596,2024-06-10 14:30:00,2,train
1312150,118595,2024-06-10 15:00:00,2,train
1312150,118599,2024-06-10 15:00:00,2,train
1312150,118602,2024-06-10 15:00:00,2,train
1312032,118601,2024-06-10 16:00:00,2,train
1312033,118600,2024-06-10 16:00:00,2,train
1312034,118598,2024-06-10 16:00:00,2,train
1311213,118603,2024-06-10 17:30:00,2,train
1311213,118605,2024-06-10 17:30:00,2,train
1311213,118607,2024-06-10 17:30:00,2,train
1313815,118608,2024-06-11 14:00:00,2,train
1313815,118609,2024-06-11 14:00:00,2,train
1313815,118610,2024-06-11 14:00:00,2,train
1313814,118612,2024-06-11 17:25:00,2,train
1313814,118613,2024-06-11 17:25:00,2,train
1313768,118611,2024-06-11 17:30:00,2,train
1313768,118614,2024-06-11 17:30:00,2,train
1313768,118617,2024-06-11 17:30:00,2,train
1315173,118618,2024-06-11 21:00:00,2,train
1315173,118619,2024-06-11 21:00:00,2,train
1292754,118620,2024-06-12 14:00:00,2,train
1292754,118621,2024-06-12 14:00:00,2,train
1315049,118622,2024-06-12 15:45:00,2,train
1315049,118624,2024-06-12 15:45:00,2,train
1292753,118623,2024-06-12 16:25:00,2,train
1292753,118625,2024-06-12 16:25:00,2,train
1292752,118626,2024-06-12 18:45:00,2,train
1292752,118629,2024-06-12 18:45:00,2,train
1292752,118632,2024-06-12 18:45:00,2,train
1315508,118627,2024-06-12 20:00:00,2,train
1315508,118631,2024-06-12 20:00:00,2,train
1315508,118633,2024-06-12 20:00:00,2,train
1315510,118628,2024-06-12 20:00:00,2,train
1315510,118630,2024-06-12 20:00:00,2,train
1315510,118634,2024-06-12 20:00:00,2,train
1292751,118635,2024-06-12 23:00:00,2,train
1292751,118636,2024-06-12 23:00:00,2,train
1292751,118637,2024-06-12 23:00:00,2,train
1315577,118638,2024-06-13 11:00:00,2,train
1315577,118639,2024-06-13 11:00:00,2,train
1315048,118641,2024-06-13 13:00:00,2,train
1315048,118643,2024-06-13 13:00:00,2,train
1315576,118642,2024-06-13 14:00:00,2,train
1315576,118646,2024-06-13 14:00:00,2,train
1317125,118640,2024-06-13 14:00:00,2,train
1317125,118644,2024-06-13 14:00:00,2,train
1315047,118648,2024-06-13 15:50:00,2,train
1315047,118651,2024-06-13 15:50:00,2,train
1315047,118655,2024-06-13 15:50:00,2,train
1317126,118647,2024-06-13 15:50:00,2,train
1317126,118650,2024-06-13 15:50:00,2,train
1317126,118654,2024-06-13 15:50:00,2,train
1315575,118652,2024-06-13 17:00:00,2,train
1315575,118656,2024-06-13 17:00:00,2,train
1315575,118657,2024-06-13 17:00:00,2,train
1314508,118659,2024-06-13 18:40:00,2,train
1314508,118661,2024-06-13 18:40:00,2,train
1314508,118664,2024-06-13 18:40:00,2,train
1317591,118658,2024-06-13 19:00:00,2,train
1317591,118660,2024-06-13 19:00:00,2,train
1317591,118663,2024-06-13 19:00:00,2,train
1317358,118662,2024-06-13 21:00:00,2,train
1317592,118665,2024-06-13 22:15:00,2,train
1317592,118666,2024-06-13 22:15:00,2,train
1315573,118667,2024-06-14 11:00:00,2,train
1308703,118668,2024-06-14 12:25:00,2,train
1316992,118669,2024-06-14 13:00:00,2,train
1314507,118670,2024-06-14 15:00:00,2,train
1314507,118674,2024-06-14 15:00:00,2,train
1308701,118671,2024-06-14 15:25:00,2,train
1315572,118672,2024-06-14 16:05:00,2,train
1318586,118673,2024-06-14 16:30:00,2,train
1318586,118676,2024-06-14 16:30:00,2,train
1318586,118680,2024-06-14 16:30:00,2,train
1315571,118675,2024-06-14 17:00:00,2,train
1315571,118679,2024-06-14 17:00:00,2,train
1319699,118677,2024-06-14 17:00:00,2,train
1318827,118678,2024-06-14 18:00:00,2,train
1318827,118681,2024-06-14 18:00:00,2,train
1318827,118683,2024-06-14 18:00:00,2,train
1319869,118682,2024-06-14 18:30:00,2,train
1296498,118684,2024-06-14 20:00:00,2,train
1318898,118685,2024-06-14 20:00:00,2,train
1318898,118688,2024-06-14 20:00:00,2,train
1318899,118686,2024-06-14 20:00:00,2,train
1318900,118687,2024-06-14 20:00:00,2,train
1318900,118690,2024-06-14 20:00:00,2,train
1318946,118689,2024-06-14 21:40:00,2,train
1318946,118692,2024-06-14 21:40:00,2,train
1296497,118691,2024-06-14 22:00:00,2,train
1296496,118694,2024-06-15 00:10:00,2,train
1320243,118693,2024-06-15 02:00:00,2,train
1319698,118695,2024-06-15 11:00:00,2,train
1319698,118696,2024-06-15 11:00:00,2,train
1320009,118697,2024-06-15 13:00:00,2,train
1320009,118698,2024-06-15 13:00:00,2,train
1320009,118701,2024-06-15 13:00:00,2,train
1320009,118704,2024-06-15 13:00:00,2,train
1320137,118700,2024-06-15 13:55:00,2,train
1320137,118702,2024-06-15 13:55:00,2,train
1320137,118705,2024-06-15 13:55:00,2,train
1318821,118699,2024-06-15 14:00:00,2,train
1318821,118703,2024-06-15 14:00:00,2,train
1320242,118706,2024-06-15 16:15:00,2,train
1320242,118707,2024-06-15 16:15:00,2,train
1318671,118708,2024-06-15 18:00:00,2,train
1318671,118711,2024-06-15 18:00:00,2,train
1318671,118714,2024-06-15 18:00:00,2,train
1320042,118710,2024-06-15 18:00:00,2,train
1320042,118716,2024-06-15 18:00:00,2,train
1320042,118720,2024-06-15 18:00:00,2,train
1320094,118709,2024-06-15 18:00:00,2,train
1320094,118712,2024-06-15 18:00:00,2,train
1320094,118717,2024-06-15 18:00:00,2,train
1320381,118713,2024-06-15 19:10:00,2,train
1320381,118715,2024-06-15 19:10:00,2,train
1320381,118721,2024-06-15 19:10:00,2,train
1320108,118718,2024-06-15 20:00:00,2,train
1320108,118722,2024-06-15 20:00:00,2,train
1320109,118719,2024-06-15 20:00:00,2,train
1320244,118723,2024-06-15 22:10:00,2,train
1320244,118724,2024-06-15 22:10:00,2,train
1321217,118725,2024-06-16 02:30:00,2,train
1321217,118726,2024-06-16 02:30:00,2,train
1321217,118727,2024-06-16 02:30:00,2,train
1321115,118728,2024-06-16 11:00:00,2,train
1321115,118729,2024-06-16 11:00:00,2,train
1321115,118730,2024-06-16 11:00:00,2,train
1321149,118732,2024-06-16 13:00:00,2,train
1321149,118734,2024-06-16 13:00:00,2,train
1321114,118733,2024-06-16 14:15:00,2,train
1321114,118735,2024-06-16 14:15:00,2,train
1321216,118736,2024-06-16 16:15:00,2,train
1321216,118739,2024-06-16 16:15:00,2,train
1321251,118738,2024-06-16 17:00:00,2,train
1321251,118741,2024-06-16 17:00:00,2,train
1321251,118742,2024-06-16 17:00:00,2,train
1321251,118746,2024-06-16 17:00:00,2,train
1321809,118737,2024-06-16 17:00:00,2,train
1321809,118740,2024-06-16 17:00:00,2,train
1321871,118743,2024-06-16 19:00:00,2,train
1321871,118748,2024-06-16 19:00:00,2,train
1321161,118744,2024-06-16 20:00:00,2,train
1321161,118749,2024-06-16 20:00:00,2,train
1321195,118745,2024-06-16 20:00:00,2,train
1321195,118747,2024-06-16 20:00:00,2,train
1321195,118750,2024-06-16 20:00:00,2,train
1321563,118751,2024-06-16 22:30:00,2,train
1321563,118752,2024-06-16 22:30:00,2,train
1321563,118753,2024-06-16 22:30:00,2,train
1321776,118754,2024-06-17 14:00:00,2,train
1321776,118755,2024-06-17 14:00:00,2,train
1321776,118756,2024-06-17 14:00:00,2,train
1333704,118757,2024-07-17 14:30:00,2,train
1333705,118759,2024-07-17 14:30:00,2,train
1333710,118758,2024-07-17 14:30:00,2,train
1333710,118760,2024-07-17 14:30:00,2,train
1333710,118761,2024-07-17 14:30:00,2,train
1333707,118762,2024-07-17 17:45:00,2,train
1333707,118764,2024-07-17 17:45:00,2,train
1333709,118763,2024-07-17 17:45:00,2,train
1333709,118765,2024-07-17 17:45:00,2,train
1333706,118766,2024-07-17 21:00:00,2,train
1333706,118768,2024-07-17 21:00:00,2,train
1333708,118767,2024-07-17 21:00:00,2,train
1333708,118769,2024-07-17 21:00:00,2,train
1380480,118770,2024-07-18 13:30:00,2,train
1380481,118771,2024-07-18 13:30:00,2,train
1380479,118772,2024-07-18 15:00:00,2,train
1384234,118773,2024-07-18 17:00:00,2,train
1384669,118774,2024-07-18 19:00:00,2,train
1380476,118775,2024-07-18 22:00:00,2,validation
1380476,118776,2024-07-18 22:00:00,2,validation
1380476,118777,2024-07-18 22:00:00,2,validation
1380475,118778,2024-07-19 14:30:00,2,validation
1380475,118779,2024-07-19 14:30:00,2,validation
1385724,118780,2024-07-19 18:55:00,2,validation
1385724,118781,2024-07-19 18:55:00,2,validation
1380477,118782,2024-07-19 22:40:00,2,validation
1380477,118783,2024-07-19 22:40:00,2,validation
1389940,118784,2024-07-20 17:45:00,2,validation
1389940,118785,2024-07-20 17:45:00,2,validation
1391226,118786,2024-07-20 21:00:00,2,validation
1391226,118787,2024-07-20 21:00:00,2,validation
1391226,118788,2024-07-20 21:00:00,2,validation
1395259,118789,2024-07-21 21:00:00,2,validation
1395259,118790,2024-07-21 21:00:00,2,validation
1395259,118791,2024-07-21 21:00:00,2,validation
1399246,118792,2024-07-22 18:00:00,2,validation
1399246,118793,2024-07-22 18:00:00,2,validation
1399246,118794,2024-07-22 18:00:00,2,validation
1349663,118795,2024-07-26 18:45:00,2,validation
1429772,118798,2024-07-27 15:00:00,2,validation
1429772,118800,2024-07-27 15:00:00,2,validation
1429773,118802,2024-07-27 17:50:00,2,validation
1429773,118804,2024-07-27 17:50:00,2,validation
1428500,118803,2024-07-27 18:10:00,2,validation
1428500,118805,2024-07-27 18:10:00,2,validation
1428500,118806,2024-07-27 18:10:00,2,validation
1433680,118810,2024-07-28 10:45:00,2,validation
1433680,118811,2024-07-28 10:45:00,2,validation
1434356,118812,2024-07-28 13:50:00,2,validation
1434356,118814,2024-07-28 13:50:00,2,validation
1434356,118816,2024-07-28 13:50:00,2,validation
1435176,118813,2024-07-28 15:30:00,2,validation
1435176,118815,2024-07-28 15:30:00,2,validation
1435175,118817,2024-07-28 18:00:00,2,validation
1435175,118819,2024-07-28 18:00:00,2,validation
1440342,118818,2024-07-28 19:00:00,2,validation
1440342,118820,2024-07-28 19:00:00,2,validation
1370922,118821,2024-07-29 13:00:00,2,validation
1370922,118822,2024-07-29 13:00:00,2,validation
1370921,118824,2024-07-29 14:50:00,2,validation
1370921,118826,2024-07-29 14:50:00,2,validation
1440194,118823,2024-07-29 15:00:00,2,validation
1440194,118825,2024-07-29 15:00:00,2,validation
1370920,118827,2024-07-29 17:30:00,2,validation
1370920,118828,2024-07-29 17:30:00,2,validation
1370920,118829,2024-07-29 17:30:00,2,validation
1443453,118830,2024-07-29 20:00:00,2,validation
1443453,118832,2024-07-29 20:00:00,2,validation
1370919,118831,2024-07-29 21:20:00,2,validation
1443819,118834,2024-07-29 22:30:00,2,validation
1443819,118836,2024-07-29 22:30:00,2,validation
1443819,118837,2024-07-29 22:30:00,2,validation
1442538,118833,2024-07-29 23:00:00,2,validation
1442538,118835,2024-07-29 23:00:00,2,validation
1443452,118838,2024-07-30 02:00:00,2,validation
1443452,118840,2024-07-30 02:00:00,2,validation
1450654,118839,2024-07-30 02:30:00,2,validation
1450654,118841,2024-07-30 02:30:00,2,validation
1441988,118843,2024-07-30 12:00:00,2,validation
1441988,118844,2024-07-30 12:00:00,2,validation
1441988,118846,2024-07-30 12:00:00,2,validation
1447814,118842,2024-07-30 13:00:00,2,validation
1447814,118845,2024-07-30 13:00:00,2,validation
1447813,118847,2024-07-30 15:05:00,2,validation
1447813,118849,2024-07-30 15:05:00,2,validation
1447813,118850,2024-07-30 15:05:00,2,validation
1438112,118851,2024-07-30 17:15:00,2,validation
1438112,118853,2024-07-30 17:15:00,2,validation
1449801,118852,2024-07-30 18:20:00,2,validation
1449801,118854,2024-07-30 18:20:00,2,validation
1438111,118855,2024-07-30 20:00:00,2,validation
1438111,118857,2024-07-30 20:00:00,2,validation
1449800,118856,2024-07-30 20:30:00,2,validation
1449800,118858,2024-07-30 20:30:00,2,validation
1438114,118859,2024-07-30 23:00:00,2,validation
1438114,118860,2024-07-30 23:00:00,2,validation
1370918,118861,2024-07-31 13:00:00,2,validation
1370918,118862,2024-07-31 13:00:00,2,validation
1370918,118863,2024-07-31 13:00:00,2,validation
1370917,118864,2024-07-31 16:25:00,2,validation
1370917,118865,2024-07-31 16:25:00,2,validation
1370916,118867,2024-07-31 18:45:00,2,validation
1370916,118868,2024-07-31 18:45:00,2,validation
1456351,118869,2024-07-31 20:00:00,2,validation
1456351,118871,2024-07-31 20:00:00,2,validation
1370915,118870,2024-07-31 20:30:00,2,validation
1370915,118873,2024-07-31 20:30:00,2,validation
1435170,118872,2024-07-31 21:25:00,2,validation
1435170,118874,2024-07-31 21:25:00,2,validation
1457855,118875,2024-07-31 23:20:00,2,validation
1457855,118876,2024-07-31 23:20:00,2,validation
1456350,118877,2024-08-01 02:00:00,2,validation
1456350,118878,2024-08-01 02:00:00,2,validation
1461761,118879,2024-08-01 13:00:00,2,validation
1461761,118880,2024-08-01 13:00:00,2,validation
1461761,118882,2024-08-01 13:00:00,2,validation
1455873,118881,2024-08-01 15:00:00,2,validation
1455873,118883,2024-08-01 15:00:00,2,validation
1461760,118884,2024-08-01 16:00:00,2,validation
1461760,118885,2024-08-01 16:00:00,2,validation
1461760,118887,2024-08-01 16:00:00,2,validation
1460427,118886,2024-08-01 18:00:00,2,validation
1460427,118888,2024-08-01 18:00:00,2,validation
1462699,118889,2024-08-01 19:15:00,2,validation
1462699,118890,2024-08-01 19:15:00,2,validation
1462699,118891,2024-08-01 19:15:00,2,validation
1463089,118892,2024-08-01 21:00:00,2,validation
1462698,118893,2024-08-01 22:40:00,2,validation
1462698,118894,2024-08-01 22:40:00,2,validation
1462698,118896,2024-08-01 22:40:00,2,validation
1451234,118895,2024-08-01 23:00:00,2,validation
1466429,118899,2024-08-02 11:30:00,2,validation
1466429,118901,2024-08-02 11:30:00,2,validation
1466429,118905,2024-08-02 11:30:00,2,validation
1460426,118902,2024-08-02 12:00:00,2,validation
1460426,118903,2024-08-02 12:00:00,2,validation
1455438,118900,2024-08-02 13:00:00,2,validation
1455438,118904,2024-08-02 13:00:00,2,validation
1456732,118907,2024-08-02 15:00:00,2,validation
1456732,118909,2024-08-02 15:00:00,2,validation
1456732,118913,2024-08-02 15:00:00,2,validation
1469894,118906,2024-08-02 15:00:00,2,validation
1469894,118910,2024-08-02 15:00:00,2,validation
1470048,118908,2024-08-02 15:30:00,2,validation
1470048,118911,2024-08-02 15:30:00,2,validation
1470048,118914,2024-08-02 15:30:00,2,validation
1469201,118912,2024-08-02 17:00:00,2,validation
1469201,118915,2024-08-02 17:00:00,2,validation
1463088,118917,2024-08-02 18:00:00,2,validation
1463088,118918,2024-08-02 18:00:00,2,validation
1466696,118916,2024-08-02 18:05:00,2,validation
1466696,118919,2024-08-02 18:05:00,2,validation
1469203,118921,2024-08-02 20:00:00,2,validation
1467883,118920,2024-08-02 20:40:00,2,validation
1467883,118922,2024-08-02 20:40:00,2,validation
1469202,118923,2024-08-02 23:00:00,2,validation
1469204,118924,2024-08-03 02:00:00,2,validation
1469204,118925,2024-08-03 02:00:00,2,validation
1471480,118928,2024-08-03 12:00:00,2,validation
1471480,118929,2024-08-03 12:00:00,2,validation
1471480,118930,2024-08-03 12:00:00,2,validation
1470113,118926,2024-08-03 13:00:00,2,validation
1470113,118927,2024-08-03 13:00:00,2,validation
1470113,118931,2024-08-03 13:00:00,2,validation
1470605,118932,2024-08-03 16:45:00,2,validation
1470605,118933,2024-08-03 16:45:00,2,validation
1470605,118935,2024-08-03 16:45:00,2,validation
1472102,118934,2024-08-03 17:00:00,2,validation
1471631,118936,2024-08-03 19:30:00,2,validation
1471631,118939,2024-08-03 19:30:00,2,validation
1472262,118938,2024-08-03 19:30:00,2,validation
1472262,118941,2024-08-03 19:30:00,2,validation
1471071,118937,2024-08-03 19:55:00,2,validation
1471071,118940,2024-08-03 19:55:00,2,validation
1471222,118943,2024-08-03 22:00:00,2,validation
1471222,118945,2024-08-03 22:00:00,2,validation
1471222,118946,2024-08-03 22:00:00,2,validation
1472261,118942,2024-08-03 22:15:00,2,validation
1472261,118944,2024-08-03 22:15:00,2,validation
1474921,118947,2024-08-04 02:00:00,2,validation
1474921,118948,2024-08-04 02:00:00,2,validation
1475794,118949,2024-08-04 15:30:00,2,validation
1475794,118950,2024-08-04 15:30:00,2,validation
1475411,118951,2024-08-04 17:00:00,2,validation
1475795,118952,2024-08-04 17:30:00,2,validation
1475795,118953,2024-08-04 17:30:00,2,validation
1475585,118954,2024-08-05 21:30:00,2,validation
1475585,118955,2024-08-05 21:30:00,2,validation
1480957,118956,2024-08-06 12:00:00,2,validation
1480957,118958,2024-08-06 12:00:00,2,validation
1473026,118957,2024-08-06 13:00:00,2,validation
1484245,118959,2024-08-06 13:30:00,2,validation
1484245,118960,2024-08-06 13:30:00,2,validation
1473025,118961,2024-08-06 14:00:00,2,validation
1484718,118962,2024-08-06 16:30:00,2,validation
1484718,118964,2024-08-06 16:30:00,2,validation
1488209,118963,2024-08-06 16:30:00,2,validation
1488625,118966,2024-08-06 17:20:00,2,validation
1480955,118965,2024-08-06 18:00:00,2,validation
1480955,118967,2024-08-06 18:00:00,2,validation
1488863,118968,2024-08-06 19:30:00,2,validation
1488863,118969,2024-08-06 19:30:00,2,validation
1480954,118970,2024-08-06 21:25:00,2,validation
1480954,118971,2024-08-06 21:25:00,2,validation
1480954,118972,2024-08-06 21:25:00,2,validation
1423504,118974,2024-08-07 11:30:00,2,validation
1423504,118975,2024-08-07 11:30:00,2,validation
1423504,118977,2024-08-07 11:30:00,2,validation
1423506,118973,2024-08-07 11:30:00,2,validation
1423506,118976,2024-08-07 11:30:00,2,validation
1423506,118978,2024-08-07 11:30:00,2,validation
1484343,118979,2024-08-07 14:45:00,2,validation
1484343,118981,2024-08-07 14:45:00,2,validation
1491116,118983,2024-08-07 15:00:00,2,validation
1491116,118986,2024-08-07 15:00:00,2,validation
1491116,118988,2024-08-07 15:00:00,2,validation
1423509,118980,2024-08-07 15:15:00,2,validation
1423509,118982,2024-08-07 15:15:00,2,validation
1423509,118987,2024-08-07 15:15:00,2,validation
1489775,118985,2024-08-07 16:00:00,2,validation
1489775,118990,2024-08-07 16:00:00,2,validation
1423511,118984,2024-08-07 16:45:00,2,validation
1423511,118989,2024-08-07 16:45:00,2,validation
1423510,118991,2024-08-07 18:30:00,2,validation
1423510,118993,2024-08-07 18:30:00,2,validation
1423510,118998,2024-08-07 18:30:00,2,validation
1491115,118992,2024-08-07 19:00:00,2,validation
1491115,118996,2024-08-07 19:00:00,2,validation
1423507,118995,2024-08-07 19:45:00,2,validation
1423507,118997,2024-08-07 19:45:00,2,validation
1423507,118999,2024-08-07 19:45:00,2,validation
1493500,118994,2024-08-07 20:00:00,2,validation
1491114,119000,2024-08-07 21:00:00,2,validation
1423505,119001,2024-08-07 21:25:00,2,validation
1423505,119002,2024-08-07 21:25:00,2,validation
1491113,119003,2024-08-08 12:00:00,2,validation
1491113,119004,2024-08-08 12:00:00,2,validation
1492775,119005,2024-08-08 14:30:00,2,validation
1492775,119006,2024-08-08 14:30:00,2,validation
1492775,119008,2024-08-08 14:30:00,2,validation
1491112,119007,2024-08-08 15:00:00,2,validation
1491112,119009,2024-08-08 15:00:00,2,validation
1494308,119010,2024-08-08 16:45:00,2,validation
1494308,119012,2024-08-08 16:45:00,2,validation
1494308,119014,2024-08-08 16:45:00,2,validation
1494464,119011,2024-08-08 17:45:00,2,validation
1494464,119013,2024-08-08 17:45:00,2,validation
1494464,119015,2024-08-08 17:45:00,2,validation
1491111,119017,2024-08-08 18:00:00,2,validation
1494002,119016,2024-08-08 20:15:00,2,validation
1494002,119020,2024-08-08 20:15:00,2,validation
1494001,119018,2024-08-08 20:45:00,2,validation
1494001,119021,2024-08-08 20:45:00,2,validation
1491110,119019,2024-08-08 21:00:00,2,validation
1491110,119022,2024-08-08 21:00:00,2,validation
1491110,119023,2024-08-08 21:00:00,2,validation
1494307,119024,2024-08-09 14:30:00,2,validation
1494307,119027,2024-08-09 14:30:00,2,validation
1494307,119028,2024-08-09 14:30:00,2,validation
1494465,119025,2024-08-09 14:30:00,2,validation
1494465,119026,2024-08-09 14:30:00,2,validation
1497119,119029,2024-08-09 18:00:00,2,validation
1497119,119030,2024-08-09 18:00:00,2,validation
1497119,119031,2024-08-09 18:00:00,2,validation
1497117,119032,2024-08-09 20:30:00,2,validation
1497117,119033,2024-08-09 20:30:00,2,validation
1497117,119036,2024-08-09 20:30:00,2,validation
1499245,119034,2024-08-09 21:30:00,2,validation
1499245,119035,2024-08-09 21:30:00,2,validation
1499245,119037,2024-08-09 21:30:00,2,validation
1499565,119038,2024-08-10 14:30:00,2,validation
1499565,119040,2024-08-10 14:30:00,2,validation
1499566,119039,2024-08-10 14:30:00,2,validation
1499566,119042,2024-08-10 14:30:00,2,validation
1499567,119041,2024-08-10 16:55:00,2,validation
1499567,119044,2024-08-10 16:55:00,2,validation
1499568,119043,2024-08-10 18:00:00,2,validation
1499568,119045,2024-08-10 18:00:00,2,validation
1499978,119046,2024-08-10 19:45:00,2,validation
1499978,119047,2024-08-10 19:45:00,2,validation
1499981,119049,2024-08-10 20:25:00,2,validation
1497725,119048,2024-08-10 21:00:00,2,validation
1497725,119050,2024-08-10 21:00:00,2,validation
1499976,119052,2024-08-11 14:30:00,2,validation
1499976,119053,2024-08-11 14:30:00,2,validation
1499977,119051,2024-08-11 14:30:00,2,validation
1499977,119054,2024-08-11 14:30:00,2,validation
1499977,119056,2024-08-11 14:30:00,2,validation
1502735,119055,2024-08-11 16:15:00,2,validation
1502735,119059,2024-08-11 16:15:00,2,validation
1502735,119061,2024-08-11 16:15:00,2,validation
1502360,119057,2024-08-11 16:45:00,2,validation
1502360,119060,2024-08-11 16:45:00,2,validation
1502360,119063,2024-08-11 16:45:00,2,validation
1502361,119058,2024-08-11 17:40:00,2,validation
1502361,119062,2024-08-11 17:40:00,2,validation
1502734,119064,2024-08-11 19:15:00,2,validation
1502358,119065,2024-08-11 19:50:00,2,validation
1502358,119067,2024-08-11 19:50:00,2,validation
1502359,119066,2024-08-11 20:20:00,2,validation
1502359,119068,2024-08-11 20:20:00,2,validation
1502359,119069,2024-08-11 20:20:00,2,validation
1502733,119070,2024-08-12 13:00:00,2,validation
1502733,119071,2024-08-12 13:00:00,2,validation
1502733,119074,2024-08-12 13:00:00,2,validation
1504748,119073,2024-08-12 14:30:00,2,validation
1504748,119076,2024-08-12 14:30:00,2,validation
1505049,119072,2024-08-12 14:30:00,2,validation
1505049,119075,2024-08-12 14:30:00,2,validation
1505049,119078,2024-08-12 14:30:00,2,validation
1502732,119077,2024-08-12 16:00:00,2,validation
1502732,119080,2024-08-12 16:00:00,2,validation
1504749,119079,2024-08-12 17:00:00,2,validation
1504749,119082,2024-08-12 17:00:00,2,validation
1504749,119084,2024-08-12 17:00:00,2,validation
1505050,119081,2024-08-12 18:00:00,2,validation
1505050,119083,2024-08-12 18:00:00,2,validation
1506048,119086,2024-08-12 20:20:00,2,validation
1506048,119088,2024-08-12 20:20:00,2,validation
1506048,119090,2024-08-12 20:20:00,2,validation
1505719,119085,2024-08-12 20:30:00,2,validation
1505719,119087,2024-08-12 20:30:00,2,validation
1505719,119089,2024-08-12 20:30:00,2,validation
1510806,119093,2024-08-13 13:00:00,2,validation
1510806,119094,2024-08-13 13:00:00,2,validation
1510806,119095,2024-08-13 13:00:00,2,validation
1509920,119092,2024-08-13 14:30:00,2,validation
1509920,119096,2024-08-13 14:30:00,2,validation
1510095,119091,2024-08-13 14:30:00,2,validation
1510095,119097,2024-08-13 14:30:00,2,validation
1510805,119099,2024-08-13 16:30:00,2,validation
1510805,119101,2024-08-13 16:30:00,2,validation
1510805,119104,2024-08-13 16:30:00,2,validation
1510630,119098,2024-08-13 16:45:00,2,validation
1510630,119103,2024-08-13 16:45:00,2,validation
1505384,119100,2024-08-13 17:00:00,2,validation
1505384,119102,2024-08-13 17:00:00,2,validation
1505384,119106,2024-08-13 17:00:00,2,validation
1510676,119105,2024-08-13 18:30:00,2,validation
1510676,119107,2024-08-13 18:30:00,2,validation
1510097,119108,2024-08-13 19:45:00,2,validation
1510097,119110,2024-08-13 19:45:00,2,validation
1513541,119109,2024-08-13 19:45:00,2,validation
1513541,119111,2024-08-13 19:45:00,2,validation
1513541,119112,2024-08-13 19:45:00,2,validation
1510675,119113,2024-08-13 21:45:00,2,validation
1510675,119114,2024-08-13 21:45:00,2,validation
1510674,119115,2024-08-14 12:30:00,2,validation
1510674,119116,2024-08-14 12:30:00,2,validation
1510674,119117,2024-08-14 12:30:00,2,validation
1500931,119118,2024-08-14 15:00:00,2,validation
1500931,119119,2024-08-14 15:00:00,2,validation
1500931,119121,2024-08-14 15:00:00,2,validation
1510673,119120,2024-08-14 16:00:00,2,validation
1510673,119122,2024-08-14 16:00:00,2,validation
1510673,119123,2024-08-14 16:00:00,2,validation
1510672,119124,2024-08-14 18:30:00,2,validation
1510672,119125,2024-08-14 18:30:00,2,validation
1510671,119126,2024-08-14 21:30:00,2,validation
1510671,119127,2024-08-14 21:30:00,2,validation
1516056,119131,2024-08-15 15:00:00,2,validation
1516056,119133,2024-08-15 15:00:00,2,validation
1516056,119134,2024-08-15 15:00:00,2,validation
1516054,119137,2024-08-15 21:00:00,2,validation
1516054,119138,2024-08-15 21:00:00,2,validation
1517274,119139,2024-08-15 21:30:00,2,validation
1516053,119140,2024-08-16 12:00:00,2,validation
1516053,119141,2024-08-16 12:00:00,2,validation
1516053,119142,2024-08-16 12:00:00,2,validation
1516052,119144,2024-08-16 15:30:00,2,validation
1516052,119147,2024-08-16 15:30:00,2,validation
1517272,119143,2024-08-16 15:30:00,2,validation
1517272,119146,2024-08-16 15:30:00,2,validation
1517272,119149,2024-08-16 15:30:00,2,validation
1514410,119145,2024-08-16 16:45:00,2,validation
1514410,119148,2024-08-16 16:45:00,2,validation
1514410,119150,2024-08-16 16:45:00,2,validation
1517271,119151,2024-08-16 19:00:00,2,validation
1517271,119153,2024-08-16 19:00:00,2,validation
1514409,119152,2024-08-16 20:25:00,2,validation
1514409,119158,2024-08-16 20:25:00,2,validation
1516050,119154,2024-08-16 21:20:00,2,validation
1516050,119157,2024-08-16 21:20:00,2,validation
1516050,119160,2024-08-16 21:20:00,2,validation
1517270,119155,2024-08-16 21:30:00,2,validation
1517270,119156,2024-08-16 21:30:00,2,validation
1517270,119159,2024-08-16 21:30:00,2,validation
1519321,119161,2024-08-17 12:00:00,2,validation
1519321,119162,2024-08-17 12:00:00,2,validation
1518893,119163,2024-08-17 15:00:00,2,validation
1520829,119164,2024-08-17 16:45:00,2,validation
1520829,119165,2024-08-17 16:45:00,2,validation
1520107,119166,2024-08-17 18:00:00,2,validation
1520107,119172,2024-08-17 18:00:00,2,validation
1521111,119167,2024-08-17 18:30:00,2,validation
1521111,119175,2024-08-17 18:30:00,2,validation
1521111,119178,2024-08-17 18:30:00,2,validation
1521915,119169,2024-08-17 19:00:00,2,validation
1521916,119173,2024-08-17 19:00:00,2,validation
1521918,119170,2024-08-17 19:00:00,2,validation
1521919,119174,2024-08-17 19:00:00,2,validation
1521920,119168,2024-08-17 19:00:00,2,validation
1521063,119177,2024-08-17 20:00:00,2,validation
1521063,119181,2024-08-17 20:00:00,2,validation
1522894,119176,2024-08-17 20:15:00,2,validation
1522894,119179,2024-08-17 20:15:00,2,validation
1521110,119180,2024-08-17 21:30:00,2,validation
1521110,119182,2024-08-17 21:30:00,2,validation
1521110,119183,2024-08-17 21:30:00,2,validation
1521108,119184,2024-08-18 15:30:00,2,validation
1521108,119185,2024-08-18 15:30:00,2,validation
1523325,119186,2024-08-18 18:00:00,2,validation
1523325,119188,2024-08-18 18:00:00,2,validation
1523325,119192,2024-08-18 18:00:00,2,validation
1521106,119187,2024-08-18 18:30:00,2,validation
1521106,119189,2024-08-18 18:30:00,2,validation
1521106,119190,2024-08-18 18:30:00,2,validation
1521107,119191,2024-08-18 21:30:00,2,validation
1521107,119193,2024-08-18 21:30:00,2,validation
1521107,119194,2024-08-18 21:30:00,2,validation
1521948,119195,2024-08-19 12:00:00,2,validation
1521948,119196,2024-08-19 12:00:00,2,validation
1521948,119197,2024-08-19 12:00:00,2,validation
1526383,119198,2024-08-19 13:30:00,2,validation
1526583,119205,2024-08-19 19:00:00,2,validation
1526584,119204,2024-08-19 19:00:00,2,validation
1526585,119201,2024-08-19 19:00:00,2,validation
1526587,119202,2024-08-19 19:00:00,2,validation
1526588,119199,2024-08-19 19:00:00,2,validation
1526825,119203,2024-08-19 19:30:00,2,validation
1526825,119207,2024-08-19 19:30:00,2,validation
1526825,119209,2024-08-19 19:30:00,2,validation
1529663,119206,2024-08-19 20:15:00,2,validation
1529825,119208,2024-08-19 21:20:00,2,validation
1529825,119210,2024-08-19 21:20:00,2,validation
1521946,119211,2024-08-20 12:00:00,2,validation
1521946,119212,2024-08-20 12:00:00,2,validation
1526381,119213,2024-08-20 13:30:00,2,validation
1526381,119215,2024-08-20 13:30:00,2,validation
1526380,119216,2024-08-20 16:30:00,2,validation
1526380,119218,2024-08-20 16:30:00,2,validation
1526380,119219,2024-08-20 16:30:00,2,validation
1526379,119220,2024-08-20 19:55:00,2,validation
1526379,119221,2024-08-20 19:55:00,2,validation
1524768,119223,2024-08-21 09:30:00,2,validation
1524768,119224,2024-08-21 09:30:00,2,validation
1524769,119222,2024-08-21 09:30:00,2,validation
1524769,119225,2024-08-21 09:30:00,2,validation
1524769,119229,2024-08-21 09:30:00,2,validation
1517990,119226,2024-08-21 12:00:00,2,validation
1517997,119228,2024-08-21 12:00:00,2,validation
1518219,119227,2024-08-21 12:00:00,2,validation
1521944,119234,2024-08-21 12:00:00,2,validation
1521944,119235,2024-08-21 12:00:00,2,validation
1521944,119236,2024-08-21 12:00:00,2,validation
1517995,119232,2024-08-21 13:00:00,2,validation
1517988,119233,2024-08-21 13:15:00,2,validation
1517989,119231,2024-08-21 13:15:00,2,validation
1517996,119230,2024-08-21 13:15:00,2,validation
1517986,119239,2024-08-21 14:15:00,2,validation
1517987,119237,2024-08-21 14:15:00,2,validation
1517985,119240,2024-08-21 15:00:00,2,validation
1521943,119242,2024-08-21 15:00:00,2,validation
1521943,119243,2024-08-21 15:00:00,2,validation
1533810,119245,2024-08-21 16:30:00,2,validation
1518112,119244,2024-08-21 17:30:00,2,validation
1518112,119246,2024-08-21 17:30:00,2,validation
1533809,119248,2024-08-21 19:30:00,2,validation
1533809,119250,2024-08-21 19:30:00,2,validation
1533809,119251,2024-08-21 19:30:00,2,validation
1518110,119247,2024-08-21 19:40:00,2,validation
1518110,119249,2024-08-21 19:40:00,2,validation
1518109,119252,2024-08-21 22:00:00,2,validation
1518109,119253,2024-08-21 22:00:00,2,validation
1518109,119254,2024-08-21 22:00:00,2,validation
1536159,119255,2024-08-22 09:30:00,2,validation
1521942,119257,2024-08-22 12:00:00,2,validation
1521942,119263,2024-08-22 12:00:00,2,validation
1521942,119264,2024-08-22 12:00:00,2,validation
1536793,119258,2024-08-22 12:00:00,2,validation
1536794,119259,2024-08-22 12:00:00,2,validation
1536802,119256,2024-08-22 12:00:00,2,validation
1536791,119261,2024-08-22 13:00:00,2,validation
1536792,119260,2024-08-22 13:00:00,2,validation
1536800,119262,2024-08-22 13:05:00,2,validation
1538310,119265,2024-08-22 13:30:00,2,validation
1538310,119268,2024-08-22 13:30:00,2,validation
1538310,119273,2024-08-22 13:30:00,2,validation
1536789,119270,2024-08-22 14:00:00,2,validation
1536789,119274,2024-08-22 14:00:00,2,validation
1536790,119266,2024-08-22 14:00:00,2,validation
1536790,119272,2024-08-22 14:00:00,2,validation
1536798,119267,2024-08-22 14:00:00,2,validation
1536798,119271,2024-08-22 14:00:00,2,validation
1521941,119269,2024-08-22 15:00:00,2,validation
1521941,119275,2024-08-22 15:00:00,2,validation
1521941,119277,2024-08-22 15:00:00,2,validation
1518105,119276,2024-08-22 16:30:00,2,validation
1518105,119278,2024-08-22 16:30:00,2,validation
1536788,119280,2024-08-22 18:00:00,2,validation
1536788,119284,2024-08-22 18:00:00,2,validation
1536788,119287,2024-08-22 18:00:00,2,validation
1518107,119281,2024-08-22 18:50:00,2,validation
1518107,119285,2024-08-22 18:50:00,2,validation
1536916,119283,2024-08-22 19:00:00,2,validation
1536916,119286,2024-08-22 19:00:00,2,validation
1536916,119289,2024-08-22 19:00:00,2,validation
1518108,119288,2024-08-22 21:05:00,2,validation
1518108,119290,2024-08-22 21:05:00,2,validation
1539344,119291,2024-08-23 12:00:00,2,validation
1539241,119294,2024-08-23 15:00:00,2,validation
1539241,119297,2024-08-23 15:00:00,2,validation
1539241,119302,2024-08-23 15:00:00,2,validation
1539243,119293,2024-08-23 15:00:00,2,validation
1539243,119299,2024-08-23 15:00:00,2,validation
1539243,119304,2024-08-23 15:00:00,2,validation
1539341,119292,2024-08-23 15:00:00,2,validation
1539341,119298,2024-08-23 15:00:00,2,validation
1539341,119303,2024-08-23 15:00:00,2,validation
1539342,119296,2024-08-23 15:00:00,2,validation
1539342,119301,2024-08-23 15:00:00,2,validation
1539342,119305,2024-08-23 15:00:00,2,validation
1539343,119295,2024-08-23 15:00:00,2,validation
1539343,119300,2024-08-23 15:00:00,2,validation
1518111,119306,2024-08-23 18:00:00,2,validation
1518111,119307,2024-08-23 18:00:00,2,validation
1541093,119309,2024-08-23 19:15:00,2,validation
1541093,119310,2024-08-23 19:15:00,2,validation
1541095,119308,2024-08-23 19:15:00,2,validation
1541095,119311,2024-08-23 19:15:00,2,validation
1518106,119312,2024-08-23 22:10:00,2,validation
1518106,119313,2024-08-23 22:10:00,2,validation
1518106,119314,2024-08-23 22:10:00,2,validation
1537195,119315,2024-08-24 00:45:00,2,validation
1537195,119316,2024-08-24 00:45:00,2,validation
1537195,119317,2024-08-24 00:45:00,2,validation
1530248,119318,2024-08-24 11:30:00,2,validation
1530248,119319,2024-08-24 11:30:00,2,validation
1530248,119320,2024-08-24 11:30:00,2,validation
1539469,119321,2024-08-24 16:30:00,2,validation
1539469,119322,2024-08-24 16:30:00,2,validation
1539469,119323,2024-08-24 16:30:00,2,validation
1541209,119324,2024-08-24 19:30:00,2,validation
1541209,119325,2024-08-24 19:30:00,2,validation
1541209,119326,2024-08-24 19:30:00,2,validation
1541670,119327,2024-08-24 23:00:00,2,validation
1541670,119328,2024-08-24 23:00:00,2,validation
1541670,119329,2024-08-24 23:00:00,2,validation
1543378,119330,2024-08-25 12:00:00,2,validation
1543378,119331,2024-08-25 12:00:00,2,validation
1541110,119332,2024-08-25 12:30:00,2,validation
1541110,119333,2024-08-25 12:30:00,2,validation
1543379,119334,2024-08-25 14:45:00,2,validation
1543379,119336,2024-08-25 14:45:00,2,validation
1541109,119335,2024-08-25 15:30:00,2,validation
1541109,119337,2024-08-25 15:30:00,2,validation
1530246,119338,2024-08-25 17:45:00,2,validation
1530246,119339,2024-08-25 17:45:00,2,validation
1530246,119341,2024-08-25 17:45:00,2,validation
1541108,119340,2024-08-25 18:30:00,2,validation
1541108,119342,2024-08-25 18:30:00,2,validation
1541108,119344,2024-08-25 18:30:00,2,validation
1543721,119343,2024-08-25 19:00:00,2,validation
1544067,119345,2024-08-25 21:10:00,2,validation
1544067,119347,2024-08-25 21:10:00,2,validation
1541107,119349,2024-08-25 21:30:00,2,validation
1530245,119346,2024-08-25 21:40:00,2,validation
1530245,119348,2024-08-25 21:40:00,2,validation
1541106,119351,2024-08-26 12:30:00,2,validation
1546169,119350,2024-08-26 14:20:00,2,validation
1546169,119352,2024-08-26 14:20:00,2,validation
1546169,119354,2024-08-26 14:20:00,2,validation
1544756,119353,2024-08-26 15:30:00,2,validation
1544756,119358,2024-08-26 15:30:00,2,validation
1544756,119363,2024-08-26 15:30:00,2,validation
1541239,119359,2024-08-26 16:30:00,2,validation
1541239,119367,2024-08-26 16:30:00,2,validation
1541240,119357,2024-08-26 16:30:00,2,validation
1541240,119364,2024-08-26 16:30:00,2,validation
1541241,119360,2024-08-26 16:30:00,2,validation
1541241,119366,2024-08-26 16:30:00,2,validation
1541241,119373,2024-08-26 16:30:00,2,validation
1541242,119356,2024-08-26 16:30:00,2,validation
1541242,119365,2024-08-26 16:30:00,2,validation
1541242,119369,2024-08-26 16:30:00,2,validation
1546016,119355,2024-08-26 16:30:00,2,validation
1546016,119368,2024-08-26 16:30:00,2,validation
1546016,119372,2024-08-26 16:30:00,2,validation
1518734,119361,2024-08-26 17:00:00,2,validation
1518735,119362,2024-08-26 17:00:00,2,validation
1545744,119371,2024-08-26 17:30:00,2,validation
1545744,119376,2024-08-26 17:30:00,2,validation
1545744,119382,2024-08-26 17:30:00,2,validation
1544755,119370,2024-08-26 18:30:00,2,validation
1544755,119378,2024-08-26 18:30:00,2,validation
1541104,119377,2024-08-26 18:50:00,2,validation
1541104,119379,2024-08-26 18:50:00,2,validation
1518730,119375,2024-08-26 19:20:00,2,validation
1518731,119374,2024-08-26 19:20:00,2,validation
1546015,119384,2024-08-26 19:45:00,2,validation
1518729,119401,2024-08-26 20:10:00,2,validation
1548739,119383,2024-08-26 20:30:00,2,validation
1548739,119390,2024-08-26 20:30:00,2,validation
1548740,119380,2024-08-26 20:30:00,2,validation
1548889,119385,2024-08-26 20:45:00,2,validation
1548890,119381,2024-08-26 20:45:00,2,validation
1518629,119387,2024-08-26 21:15:00,2,validation
1518630,119386,2024-08-26 21:15:00,2,validation
1541103,119389,2024-08-26 21:30:00,2,validation
1544742,119388,2024-08-26 21:30:00,2,validation
1546170,119392,2024-08-26 23:00:00,2,validation
1546170,119394,2024-08-26 23:00:00,2,validation
1507744,119391,2024-08-26 23:15:00,2,validation
1518624,119395,2024-08-27 00:15:00,2,validation
1549149,119393,2024-08-27 00:15:00,2,validation
1549149,119399,2024-08-27 00:15:00,2,validation
1549152,119397,2024-08-27 00:15:00,2,validation
1549152,119400,2024-08-27 00:15:00,2,validation
1549153,119396,2024-08-27 00:15:00,2,validation
1549153,119398,2024-08-27 00:15:00,2,validation
1543129,119403,2024-08-27 09:00:00,2,validation
1543130,119402,2024-08-27 09:00:00,2,validation
1543127,119404,2024-08-27 10:00:00,2,validation
1543128,119405,2024-08-27 10:00:00,2,validation
1545742,119406,2024-08-27 11:30:00,2,validation
1545742,119411,2024-08-27 11:30:00,2,validation
1545742,119414,2024-08-27 11:30:00,2,validation
1544754,119408,2024-08-27 12:30:00,2,validation
1544754,119412,2024-08-27 12:30:00,2,validation
1544754,119420,2024-08-27 12:30:00,2,validation
1545571,119407,2024-08-27 12:30:00,2,validation
1550282,119424,2024-08-27 13:00:00,2,validation
1550282,119425,2024-08-27 13:00:00,2,validation
1550282,119429,2024-08-27 13:00:00,2,validation
1550399,119415,2024-08-27 13:00:00,2,validation
1550399,119416,2024-08-27 13:00:00,2,validation
1550453,119417,2024-08-27 13:00:00,2,validation
1550453,119418,2024-08-27 13:00:00,2,validation
1550454,119421,2024-08-27 13:00:00,2,validation
1550454,119422,2024-08-27 13:00:00,2,validation
1550454,119423,2024-08-27 13:00:00,2,validation
1546013,119419,2024-08-27 14:00:00,2,validation
1546013,119426,2024-08-27 14:00:00,2,validation
1546013,119433,2024-08-27 14:00:00,2,validation
1549394,119413,2024-08-27 14:20:00,2,validation
1549394,119427,2024-08-27 14:20:00,2,validation
1545741,119428,2024-08-27 14:30:00,2,validation
1545741,119434,2024-08-27 14:30:00,2,validation
1544753,119431,2024-08-27 15:30:00,2,validation
1544753,119432,2024-08-27 15:30:00,2,validation
1546360,119430,2024-08-27 15:30:00,2,validation
1546360,119435,2024-08-27 15:30:00,2,validation
1549254,119437,2024-08-27 16:30:00,2,validation
1549376,119436,2024-08-27 16:30:00,2,validation
1549861,119438,2024-08-27 17:00:00,2,validation
1545740,119440,2024-08-27 18:20:00,2,validation
1544751,119441,2024-08-27 18:30:00,2,validation
1544751,119442,2024-08-27 18:30:00,2,validation
1546171,119439,2024-08-27 18:30:00,2,validation
1549859,119445,2024-08-27 20:10:00,2,validation
1549859,119451,2024-08-27 20:10:00,2,validation
1545739,119443,2024-08-27 20:30:00,2,validation
1545739,119454,2024-08-27 20:30:00,2,validation
1545739,119455,2024-08-27 20:30:00,2,validation
1549377,119444,2024-08-27 20:30:00,2,validation
1549377,119450,2024-08-27 20:30:00,2,validation
1551135,119447,2024-08-27 20:30:00,2,validation
1551135,119449,2024-08-27 20:30:00,2,validation
1549952,119446,2024-08-27 21:00:00,2,validation
1549952,119452,2024-08-27 21:00:00,2,validation
1549041,119448,2024-08-27 21:30:00,2,validation
1549041,119453,2024-08-27 21:30:00,2,validation
1549856,119456,2024-08-27 23:10:00,2,validation
1549856,119460,2024-08-27 23:10:00,2,validation
1549857,119457,2024-08-27 23:10:00,2,validation
1549857,119459,2024-08-27 23:10:00,2,validation
1549857,119461,2024-08-27 23:10:00,2,validation
1549949,119458,2024-08-28 00:00:00,2,validation
1549949,119465,2024-08-28 00:00:00,2,validation
1549950,119462,2024-08-28 00:00:00,2,validation
1549950,119463,2024-08-28 00:00:00,2,validation
1549950,119464,2024-08-28 00:00:00,2,validation
1549947,119466,2024-08-28 03:00:00,2,validation
1549947,119467,2024-08-28 03:00:00,2,validation
1549947,119468,2024-08-28 03:00:00,2,validation
1549948,119469,2024-08-28 03:00:00,2,validation
1549948,119470,2024-08-28 03:00:00,2,validation
1548807,119474,2024-08-28 09:00:00,2,validation
1550767,119472,2024-08-28 09:00:00,2,validation
1550823,119473,2024-08-28 09:00:00,2,validation
1550823,119475,2024-08-28 09:00:00,2,validation
1550823,119478,2024-08-28 09:00:00,2,validation
1550824,119471,2024-08-28 09:00:00,2,validation
1550824,119476,2024-08-28 09:00:00,2,validation
1548804,119477,2024-08-28 10:00:00,2,validation
1548805,119480,2024-08-28 10:00:00,2,validation
1548806,119479,2024-08-28 10:00:00,2,validation
1546014,119481,2024-08-28 11:00:00,2,validation
1546014,119484,2024-08-28 11:00:00,2,validation
1548801,119483,2024-08-28 11:00:00,2,validation
1548802,119482,2024-08-28 11:00:00,2,validation
1551736,119486,2024-08-28 11:30:00,2,validation
1551736,119487,2024-08-28 11:30:00,2,validation
1550514,119489,2024-08-28 12:00:00,2,validation
1550561,119488,2024-08-28 12:00:00,2,validation
1551375,119485,2024-08-28 12:00:00,2,validation
1551375,119490,2024-08-28 12:00:00,2,validation
1553518,119496,2024-08-28 12:00:00,2,validation
1553514,119491,2024-08-28 13:00:00,2,validation
1553515,119493,2024-08-28 13:00:00,2,validation
1553515,119497,2024-08-28 13:00:00,2,validation
1553515,119507,2024-08-28 13:00:00,2,validation
1553516,119492,2024-08-28 13:00:00,2,validation
1553516,119503,2024-08-28 13:00:00,2,validation
1553555,119495,2024-08-28 13:00:00,2,validation
1553555,119501,2024-08-28 13:00:00,2,validation
1553744,119494,2024-08-28 13:00:00,2,validation
1553744,119502,2024-08-28 13:00:00,2,validation
1541154,119508,2024-08-28 14:00:00,2,validation
1546012,119500,2024-08-28 14:00:00,2,validation
1546012,119512,2024-08-28 14:00:00,2,validation
1551307,119498,2024-08-28 14:00:00,2,validation
1551307,119505,2024-08-28 14:00:00,2,validation
1553513,119504,2024-08-28 14:00:00,2,validation
1553513,119511,2024-08-28 14:00:00,2,validation
1553963,119499,2024-08-28 14:00:00,2,validation
1553963,119510,2024-08-28 14:00:00,2,validation
1553963,119518,2024-08-28 14:00:00,2,validation
1551735,119506,2024-08-28 14:30:00,2,validation
1551735,119513,2024-08-28 14:30:00,2,validation
1541152,119520,2024-08-28 15:00:00,2,validation
1551376,119509,2024-08-28 15:00:00,2,validation
1551376,119519,2024-08-28 15:00:00,2,validation
1551741,119521,2024-08-28 16:30:00,2,validation
1551741,119525,2024-08-28 16:30:00,2,validation
1546011,119523,2024-08-28 17:00:00,2,validation
1546011,119527,2024-08-28 17:00:00,2,validation
1546011,119530,2024-08-28 17:00:00,2,validation
1551459,119522,2024-08-28 17:00:00,2,validation
1551459,119526,2024-08-28 17:00:00,2,validation
1551734,119524,2024-08-28 17:30:00,2,validation
1551734,119528,2024-08-28 17:30:00,2,validation
1551734,119531,2024-08-28 17:30:00,2,validation
1544752,119529,2024-08-28 18:30:00,2,validation
1551377,119532,2024-08-28 19:50:00,2,validation
1551377,119534,2024-08-28 19:50:00,2,validation
1551377,119535,2024-08-28 19:50:00,2,validation
1555295,119533,2024-08-28 20:00:00,2,validation
1551378,119536,2024-08-28 23:55:00,2,validation
1551378,119538,2024-08-28 23:55:00,2,validation
1552645,119539,2024-08-29 00:10:00,2,validation
1552646,119540,2024-08-29 00:10:00,2,validation
1552646,119541,2024-08-29 00:10:00,2,validation
1552647,119542,2024-08-29 00:10:00,2,validation
1556042,119537,2024-08-29 00:10:00,2,validation
1556042,119543,2024-08-29 00:10:00,2,validation
1556042,119544,2024-08-29 00:10:00,2,validation
1554401,119546,2024-08-29 09:00:00,2,validation
1554401,119549,2024-08-29 09:00:00,2,validation
1554438,119545,2024-08-29 09:00:00,2,validation
1554438,119548,2024-08-29 09:00:00,2,validation
1554621,119547,2024-08-29 09:00:00,2,validation
1554621,119550,2024-08-29 09:00:00,2,validation
1554620,119551,2024-08-29 10:00:00,2,validation
1554620,119553,2024-08-29 10:00:00,2,validation
1554620,119557,2024-08-29 10:00:00,2,validation
1554837,119552,2024-08-29 10:00:00,2,validation
1554837,119555,2024-08-29 10:00:00,2,validation
1554625,119554,2024-08-29 11:00:00,2,validation
1539315,119559,2024-08-29 12:00:00,2,validation
1539315,119560,2024-08-29 12:00:00,2,validation
1554182,119558,2024-08-29 12:00:00,2,validation
1554866,119556,2024-08-29 12:00:00,2,validation
1554866,119561,2024-08-29 12:00:00,2,validation
1554866,119566,2024-08-29 12:00:00,2,validation
1544748,119563,2024-08-29 12:30:00,2,validation
1544748,119564,2024-08-29 12:30:00,2,validation
1544748,119567,2024-08-29 12:30:00,2,validation
1554181,119562,2024-08-29 13:00:00,2,validation
1546010,119565,2024-08-29 14:00:00,2,validation
1546010,119571,2024-08-29 14:00:00,2,validation
1546010,119576,2024-08-29 14:00:00,2,validation
1555484,119568,2024-08-29 14:00:00,2,validation
1555484,119569,2024-08-29 14:00:00,2,validation
1539319,119570,2024-08-29 15:00:00,2,validation
1539319,119578,2024-08-29 15:00:00,2,validation
1544747,119572,2024-08-29 15:30:00,2,validation
1544747,119577,2024-08-29 15:30:00,2,validation
1544747,119583,2024-08-29 15:30:00,2,validation
1556640,119574,2024-08-29 15:50:00,2,validation
1556640,119581,2024-08-29 15:50:00,2,validation
1541330,119575,2024-08-29 16:30:00,2,validation
1541330,119585,2024-08-29 16:30:00,2,validation
1541330,119591,2024-08-29 16:30:00,2,validation
1541331,119582,2024-08-29 16:30:00,2,validation
1541331,119588,2024-08-29 16:30:00,2,validation
1541332,119579,2024-08-29 16:30:00,2,validation
1541332,119589,2024-08-29 16:30:00,2,validation
1555072,119586,2024-08-29 17:00:00,2,validation
1546009,119587,2024-08-29 17:30:00,2,validation
1546009,119592,2024-08-29 17:30:00,2,validation
1546009,119597,2024-08-29 17:30:00,2,validation
1551730,119584,2024-08-29 17:30:00,2,validation
1551730,119590,2024-08-29 17:30:00,2,validation
1544746,119595,2024-08-29 18:30:00,2,validation
1554867,119593,2024-08-29 18:40:00,2,validation
1554867,119594,2024-08-29 18:40:00,2,validation
1551631,119600,2024-08-29 20:30:00,2,validation
1551631,119607,2024-08-29 20:30:00,2,validation
1559701,119599,2024-08-29 20:30:00,2,validation
1559701,119606,2024-08-29 20:30:00,2,validation
1559701,119612,2024-08-29 20:30:00,2,validation
1559702,119598,2024-08-29 20:30:00,2,validation
1559702,119601,2024-08-29 20:30:00,2,validation
1559702,119611,2024-08-29 20:30:00,2,validation
1556641,119602,2024-08-29 21:10:00,2,validation
1556641,119608,2024-08-29 21:10:00,2,validation
1556641,119613,2024-08-29 21:10:00,2,validation
1560025,119603,2024-08-29 21:15:00,2,validation
1560025,119609,2024-08-29 21:15:00,2,validation
1560025,119614,2024-08-29 21:15:00,2,validation
1551729,119605,2024-08-29 21:30:00,2,validation
1551729,119610,2024-08-29 21:30:00,2,validation
1544736,119617,2024-08-30 00:30:00,2,validation
1544736,119618,2024-08-30 00:30:00,2,validation
1544736,119619,2024-08-30 00:30:00,2,validation
1544737,119615,2024-08-30 00:30:00,2,validation
1544737,119616,2024-08-30 00:30:00,2,validation
1559344,119620,2024-08-30 11:00:00,2,validation
1559344,119622,2024-08-30 11:00:00,2,validation
1560533,119621,2024-08-30 11:30:00,2,validation
1560533,119623,2024-08-30 11:30:00,2,validation
1560533,119629,2024-08-30 11:30:00,2,validation
1559163,119624,2024-08-30 12:00:00,2,validation
1559163,119627,2024-08-30 12:00:00,2,validation
1559163,119630,2024-08-30 12:00:00,2,validation
1544745,119625,2024-08-30 12:30:00,2,validation
1544745,119626,2024-08-30 12:30:00,2,validation
1559874,119628,2024-08-30 14:00:00,2,validation
1559874,119632,2024-08-30 14:00:00,2,validation
1559874,119634,2024-08-30 14:00:00,2,validation
1560196,119633,2024-08-30 14:00:00,2,validation
1560196,119636,2024-08-30 14:00:00,2,validation
1562682,119631,2024-08-30 14:00:00,2,validation
1562682,119637,2024-08-30 14:00:00,2,validation
1562682,119638,2024-08-30 14:00:00,2,validation
1544744,119635,2024-08-30 15:30:00,2,validation
1544744,119639,2024-08-30 15:30:00,2,validation
1560540,119641,2024-08-30 16:30:00,2,validation
1560540,119643,2024-08-30 16:30:00,2,validation
1560541,119640,2024-08-30 16:30:00,2,validation
1560541,119642,2024-08-30 16:30:00,2,validation
1560531,119645,2024-08-30 17:30:00,2,validation
1560531,119648,2024-08-30 17:30:00,2,validation
1560548,119644,2024-08-30 17:30:00,2,validation
1560548,119647,2024-08-30 17:30:00,2,validation
1544743,119646,2024-08-30 18:30:00,2,validation
1544743,119649,2024-08-30 18:30:00,2,validation
1544743,119652,2024-08-30 18:30:00,2,validation
1560530,119650,2024-08-30 20:30:00,2,validation
1560530,119653,2024-08-30 20:30:00,2,validation
1563365,119651,2024-08-30 20:30:00,2,validation
1563365,119654,2024-08-30 20:30:00,2,validation
1560549,119655,2024-08-30 21:45:00,2,validation
1560549,119656,2024-08-30 21:45:00,2,validation
1560549,119657,2024-08-30 21:45:00,2,validation
1562407,119658,2024-08-31 00:30:00,2,validation
1562407,119659,2024-08-31 00:30:00,2,validation
1560716,119660,2024-08-31 11:30:00,2,validation
1560716,119661,2024-08-31 11:30:00,2,validation
1563736,119662,2024-08-31 14:00:00,2,validation
1563736,119663,2024-08-31 14:00:00,2,validation
1563232,119664,2024-08-31 16:30:00,2,validation
1563232,119665,2024-08-31 16:30:00,2,validation
1563232,119666,2024-08-31 16:30:00,2,validation
1566113,119667,2024-08-31 19:00:00,2,validation
1566113,119668,2024-08-31 19:00:00,2,validation
1560713,119669,2024-08-31 21:00:00,2,validation
1560713,119670,2024-08-31 21:00:00,2,validation
1560713,119671,2024-08-31 21:00:00,2,validation
1541333,119674,2024-09-01 00:30:00,2,validation
1541333,119675,2024-09-01 00:30:00,2,validation
1541333,119676,2024-09-01 00:30:00,2,validation
1541334,119672,2024-09-01 00:30:00,2,validation
1541334,119673,2024-09-01 00:30:00,2,validation
1567740,119678,2024-09-01 13:30:00,2,validation
1567740,119682,2024-09-01 13:30:00,2,validation
1567740,119684,2024-09-01 13:30:00,2,validation
1563843,119677,2024-09-01 14:00:00,2,validation
1563843,119681,2024-09-01 14:00:00,2,validation
1563843,119683,2024-09-01 14:00:00,2,validation
1566690,119679,2024-09-01 14:00:00,2,validation
1566690,119680,2024-09-01 14:00:00,2,validation
1566690,119685,2024-09-01 14:00:00,2,validation
1562827,119687,2024-09-01 17:00:00,2,validation
1562827,119688,2024-09-01 17:00:00,2,validation
1567739,119686,2024-09-01 17:00:00,2,validation
1567738,119689,2024-09-01 19:00:00,2,validation
1567738,119690,2024-09-01 19:00:00,2,validation
1567859,119691,2024-09-02 00:30:00,2,validation
1567859,119692,2024-09-02 00:30:00,2,validation
1569154,119693,2024-09-02 11:00:00,2,validation
1569154,119695,2024-09-02 11:00:00,2,validation
1560577,119694,2024-09-02 12:00:00,2,validation
1560577,119696,2024-09-02 12:00:00,2,validation
1567737,119699,2024-09-02 13:00:00,2,validation
1560021,119698,2024-09-02 13:30:00,2,validation
1560021,119701,2024-09-02 13:30:00,2,validation
1560021,119705,2024-09-02 13:30:00,2,validation
1569153,119700,2024-09-02 14:00:00,2,validation
1569153,119704,2024-09-02 14:00:00,2,validation
1569153,119708,2024-09-02 14:00:00,2,validation
1569673,119697,2024-09-02 14:00:00,2,validation
1569673,119703,2024-09-02 14:00:00,2,validation
1569673,119706,2024-09-02 14:00:00,2,validation
1560576,119702,2024-09-02 15:00:00,2,validation
1560576,119707,2024-09-02 15:00:00,2,validation
1560576,119709,2024-09-02 15:00:00,2,validation
1567735,119712,2024-09-02 19:00:00,2,validation
1567735,119713,2024-09-02 19:00:00,2,validation
1569671,119714,2024-09-02 20:00:00,2,validation
1569152,119715,2024-09-03 11:00:00,2,validation
1569152,119716,2024-09-03 11:00:00,2,validation
1563841,119719,2024-09-03 13:30:00,2,validation
1563841,119720,2024-09-03 13:30:00,2,validation
1563841,119726,2024-09-03 13:30:00,2,validation
1569151,119722,2024-09-03 14:00:00,2,validation
1569151,119729,2024-09-03 14:00:00,2,validation
1569804,119723,2024-09-03 14:00:00,2,validation
1569804,119731,2024-09-03 14:00:00,2,validation
1569804,119733,2024-09-03 14:00:00,2,validation
1560067,119724,2024-09-03 14:30:00,2,validation
1560067,119728,2024-09-03 14:30:00,2,validation
1560069,119721,2024-09-03 14:30:00,2,validation
1560069,119727,2024-09-03 14:30:00,2,validation
1560574,119725,2024-09-03 15:00:00,2,validation
1560574,119730,2024-09-03 15:00:00,2,validation
1558992,119732,2024-09-03 16:30:00,2,validation
1558992,119734,2024-09-03 16:30:00,2,validation
1558992,119740,2024-09-03 16:30:00,2,validation
1560070,119735,2024-09-03 17:30:00,2,validation
1560070,119738,2024-09-03 17:30:00,2,validation
1560068,119736,2024-09-03 17:40:00,2,validation
1560068,119739,2024-09-03 17:40:00,2,validation
1560068,119744,2024-09-03 17:40:00,2,validation
1569803,119737,2024-09-03 18:10:00,2,validation
1569803,119742,2024-09-03 18:10:00,2,validation
1573033,119741,2024-09-03 19:00:00,2,validation
1573033,119743,2024-09-03 19:00:00,2,validation
1569802,119745,2024-09-03 20:00:00,2,validation
1569802,119747,2024-09-03 20:00:00,2,validation
1569802,119749,2024-09-03 20:00:00,2,validation
1560065,119746,2024-09-03 20:30:00,2,validation
1560065,119748,2024-09-03 20:30:00,2,validation
1569150,119750,2024-09-04 11:00:00,2,validation
1569150,119753,2024-09-04 11:00:00,2,validation
1569150,119757,2024-09-04 11:00:00,2,validation
1560573,119751,2024-09-04 12:00:00,2,validation
1560573,119755,2024-09-04 12:00:00,2,validation
1560573,119759,2024-09-04 12:00:00,2,validation
1575748,119758,2024-09-04 13:30:00,2,validation
1575748,119763,2024-09-04 13:30:00,2,validation
1569149,119762,2024-09-04 14:20:00,2,validation
1569149,119765,2024-09-04 14:20:00,2,validation
1576415,119760,2024-09-04 14:20:00,2,validation
1576415,119767,2024-09-04 14:20:00,2,validation
1560064,119761,2024-09-04 14:30:00,2,validation
1560064,119764,2024-09-04 14:30:00,2,validation
1560066,119766,2024-09-04 14:30:00,2,validation
1569394,119769,2024-09-04 16:30:00,2,validation
1575811,119768,2024-09-04 17:30:00,2,validation
1575811,119771,2024-09-04 17:30:00,2,validation
1575812,119770,2024-09-04 17:30:00,2,validation
1576413,119774,2024-09-04 20:00:00,2,validation
1551645,119776,2024-09-04 20:30:00,2,validation
1551645,119777,2024-09-04 20:30:00,2,validation
1575965,119773,2024-09-04 20:30:00,2,validation
1575965,119775,2024-09-04 20:30:00,2,validation
1575965,119778,2024-09-04 20:30:00,2,validation
1575967,119772,2024-09-04 20:30:00,2,validation
1569148,119780,2024-09-05 11:00:00,2,validation
1569148,119782,2024-09-05 11:00:00,2,validation
1576409,119779,2024-09-05 11:00:00,2,validation
1576409,119781,2024-09-05 11:00:00,2,validation
1576409,119783,2024-09-05 11:00:00,2,validation
1572138,119784,2024-09-05 13:30:00,2,validation
1572138,119787,2024-09-05 13:30:00,2,validation
1572138,119789,2024-09-05 13:30:00,2,validation
1579168,119785,2024-09-05 14:30:00,2,validation
1579168,119788,2024-09-05 14:30:00,2,validation
1579168,119791,2024-09-05 14:30:00,2,validation
1579655,119786,2024-09-05 14:30:00,2,validation
1579655,119790,2024-09-05 14:30:00,2,validation
1579655,119792,2024-09-05 14:30:00,2,validation
1576410,119794,2024-09-05 17:00:00,2,validation
1576410,119797,2024-09-05 17:00:00,2,validation
1579166,119793,2024-09-05 17:30:00,2,validation
1579166,119796,2024-09-05 17:30:00,2,validation
1579167,119795,2024-09-05 17:50:00,2,validation
1579167,119798,2024-09-05 17:50:00,2,validation
1579167,119799,2024-09-05 17:50:00,2,validation
1551644,119800,2024-09-05 20:30:00,2,validation
1551644,119803,2024-09-05 20:30:00,2,validation
1580381,119801,2024-09-05 20:30:00,2,validation
1580381,119804,2024-09-05 20:30:00,2,validation
1580381,119807,2024-09-05 20:30:00,2,validation
1580026,119802,2024-09-05 20:55:00,2,validation
1580026,119806,2024-09-05 20:55:00,2,validation
1580026,119809,2024-09-05 20:55:00,2,validation
1579657,119805,2024-09-05 21:30:00,2,validation
1579657,119808,2024-09-05 21:30:00,2,validation
1579654,119811,2024-09-06 11:30:00,2,validation
1579654,119814,2024-09-06 11:30:00,2,validation
1579654,119815,2024-09-06 11:30:00,2,validation
1579653,119820,2024-09-06 14:30:00,2,validation
1579653,119821,2024-09-06 14:30:00,2,validation
1579653,119824,2024-09-06 14:30:00,2,validation
1583274,119816,2024-09-06 14:30:00,2,validation
1583274,119818,2024-09-06 14:30:00,2,validation
1583274,119822,2024-09-06 14:30:00,2,validation
1583684,119817,2024-09-06 14:30:00,2,validation
1583684,119819,2024-09-06 14:30:00,2,validation
1583939,119823,2024-09-06 17:20:00,2,validation
1583939,119828,2024-09-06 17:20:00,2,validation
1580380,119825,2024-09-06 17:30:00,2,validation
1580380,119830,2024-09-06 17:30:00,2,validation
1580380,119833,2024-09-06 17:30:00,2,validation
1584098,119826,2024-09-06 17:45:00,2,validation
1584098,119829,2024-09-06 17:45:00,2,validation
1579652,119827,2024-09-06 18:20:00,2,validation
1579652,119831,2024-09-06 18:20:00,2,validation
1583938,119832,2024-09-06 20:00:00,2,validation
1583938,119835,2024-09-06 20:00:00,2,validation
1583938,119838,2024-09-06 20:00:00,2,validation
1586615,119834,2024-09-06 20:30:00,2,validation
1586615,119837,2024-09-06 20:30:00,2,validation
1579651,119836,2024-09-06 20:50:00,2,validation
1579651,119839,2024-09-06 20:50:00,2,validation
1583937,119840,2024-09-07 11:00:00,2,validation
1583937,119842,2024-09-07 11:00:00,2,validation
1587030,119841,2024-09-07 11:30:00,2,validation
1587030,119843,2024-09-07 11:30:00,2,validation
1586613,119844,2024-09-07 14:30:00,2,validation
1586613,119847,2024-09-07 14:30:00,2,validation
1587313,119845,2024-09-07 14:30:00,2,validation
1587313,119848,2024-09-07 14:30:00,2,validation
1583935,119850,2024-09-07 17:00:00,2,validation
1583935,119854,2024-09-07 17:00:00,2,validation
1586598,119852,2024-09-07 17:30:00,2,validation
1586598,119855,2024-09-07 17:30:00,2,validation
1586598,119857,2024-09-07 17:30:00,2,validation
1587327,119851,2024-09-07 17:30:00,2,validation
1583934,119856,2024-09-07 20:00:00,2,validation
1583934,119858,2024-09-07 20:00:00,2,validation
1580027,119860,2024-09-07 21:00:00,2,validation
1580027,119862,2024-09-07 21:00:00,2,validation
1584084,119859,2024-09-07 21:30:00,2,validation
1584084,119861,2024-09-07 21:30:00,2,validation
1590809,119863,2024-09-08 12:30:00,2,validation
1590809,119864,2024-09-08 12:30:00,2,validation
1590809,119868,2024-09-08 12:30:00,2,validation
1589856,119865,2024-09-08 13:00:00,2,validation
1589856,119867,2024-09-08 13:00:00,2,validation
1590141,119866,2024-09-08 14:30:00,2,validation
1590808,119869,2024-09-08 15:30:00,2,validation
1590808,119870,2024-09-08 15:30:00,2,validation
1590810,119871,2024-09-08 16:00:00,2,validation
1590810,119872,2024-09-08 16:00:00,2,validation
1590414,119873,2024-09-08 17:30:00,2,validation
1590414,119874,2024-09-08 17:30:00,2,validation
1593043,119876,2024-09-08 19:00:00,2,validation
1593043,119878,2024-09-08 19:00:00,2,validation
1593043,119879,2024-09-08 19:00:00,2,validation
1583685,119877,2024-09-08 20:30:00,2,validation
1583685,119880,2024-09-08 20:30:00,2,validation
1590805,119881,2024-09-09 15:30:00,2,validation
1590805,119883,2024-09-09 15:30:00,2,validation
1590805,119884,2024-09-09 15:30:00,2,validation
1588544,119882,2024-09-09 17:00:00,2,validation
1588544,119885,2024-09-09 17:00:00,2,validation
1588544,119887,2024-09-09 17:00:00,2,validation
1590804,119886,2024-09-09 18:30:00,2,validation
1590804,119888,2024-09-09 18:30:00,2,validation
1590804,119889,2024-09-09 18:30:00,2,validation
1586323,119893,2024-09-10 13:00:00,2,validation
1586323,119894,2024-09-10 13:00:00,2,validation
1586323,119895,2024-09-10 13:00:00,2,validation
1588543,119896,2024-09-10 14:00:00,2,validation
1560059,119891,2024-09-10 14:30:00,2,validation
1560059,119892,2024-09-10 14:30:00,2,validation
1560059,119898,2024-09-10 14:30:00,2,validation
1560062,119890,2024-09-10 14:30:00,2,validation
1560062,119897,2024-09-10 14:30:00,2,validation
1560062,119899,2024-09-10 14:30:00,2,validation
1586322,119900,2024-09-10 17:00:00,2,validation
1586322,119903,2024-09-10 17:00:00,2,validation
1560056,119901,2024-09-10 17:50:00,2,validation
1560056,119904,2024-09-10 17:50:00,2,validation
1560061,119902,2024-09-10 18:10:00,2,validation
1560061,119905,2024-09-10 18:10:00,2,validation
1560061,119907,2024-09-10 18:10:00,2,validation
1596679,119906,2024-09-10 18:30:00,2,validation
1596679,119909,2024-09-10 18:30:00,2,validation
1560060,119908,2024-09-10 20:30:00,2,validation
1560060,119910,2024-09-10 20:30:00,2,validation
1560055,119911,2024-09-10 21:10:00,2,validation
1586321,119912,2024-09-11 13:00:00,2,validation
1586321,119915,2024-09-11 13:00:00,2,validation
1586321,119916,2024-09-11 13:00:00,2,validation
1588541,119917,2024-09-11 14:00:00,2,validation
1588541,119920,2024-09-11 14:00:00,2,validation
1560057,119913,2024-09-11 14:30:00,2,validation
1560057,119919,2024-09-11 14:30:00,2,validation
1560057,119922,2024-09-11 14:30:00,2,validation
1560058,119914,2024-09-11 14:30:00,2,validation
1560058,119918,2024-09-11 14:30:00,2,validation
1588545,119921,2024-09-11 16:00:00,2,validation
1588545,119925,2024-09-11 16:00:00,2,validation
1588540,119924,2024-09-11 17:00:00,2,validation
1588540,119927,2024-09-11 17:00:00,2,validation
1588540,119929,2024-09-11 17:00:00,2,validation
1600014,119923,2024-09-11 17:30:00,2,validation
1600014,119926,2024-09-11 17:30:00,2,validation
1600161,119928,2024-09-11 17:55:00,2,validation
1600161,119930,2024-09-11 17:55:00,2,validation
1551628,119932,2024-09-11 20:30:00,2,validation
1551628,119937,2024-09-11 20:30:00,2,validation
1600163,119936,2024-09-11 20:30:00,2,validation
1600163,119939,2024-09-11 20:30:00,2,validation
1600015,119933,2024-09-11 20:45:00,2,validation
1600015,119938,2024-09-11 20:45:00,2,validation
1588539,119940,2024-09-12 11:00:00,2,validation
1588539,119941,2024-09-12 11:00:00,2,validation
1588539,119942,2024-09-12 11:00:00,2,validation
1599274,119943,2024-09-12 13:00:00,2,validation
1599274,119951,2024-09-12 13:00:00,2,validation
1599274,119953,2024-09-12 13:00:00,2,validation
1602827,119946,2024-09-12 14:00:00,2,validation
1602827,119947,2024-09-12 14:00:00,2,validation
1602827,119954,2024-09-12 14:00:00,2,validation
1600310,119945,2024-09-12 14:30:00,2,validation
1600310,119950,2024-09-12 14:30:00,2,validation
1602843,119944,2024-09-12 14:30:00,2,validation
1602843,119948,2024-09-12 14:30:00,2,validation
1588683,119949,2024-09-12 14:45:00,2,validation
1588683,119952,2024-09-12 14:45:00,2,validation
1599575,119955,2024-09-12 17:05:00,2,validation
1599575,119959,2024-09-12 17:05:00,2,validation
1602826,119956,2024-09-12 17:10:00,2,validation
1602826,119961,2024-09-12 17:10:00,2,validation
1602826,119963,2024-09-12 17:10:00,2,validation
1600309,119957,2024-09-12 17:30:00,2,validation
1600309,119960,2024-09-12 17:30:00,2,validation
1600309,119964,2024-09-12 17:30:00,2,validation
1602844,119958,2024-09-12 17:30:00,2,validation
1602844,119962,2024-09-12 17:30:00,2,validation
1603767,119966,2024-09-12 20:30:00,2,validation
1603767,119968,2024-09-12 20:30:00,2,validation
1604061,119965,2024-09-12 20:30:00,2,validation
1604061,119967,2024-09-12 20:30:00,2,validation
1602824,119969,2024-09-13 11:30:00,2,validation
1602823,119970,2024-09-13 14:00:00,2,validation
1602823,119974,2024-09-13 14:00:00,2,validation
1602823,119978,2024-09-13 14:00:00,2,validation
1606105,119972,2024-09-13 14:30:00,2,validation
1606105,119976,2024-09-13 14:30:00,2,validation
1606105,119981,2024-09-13 14:30:00,2,validation
1606613,119971,2024-09-13 14:30:00,2,validation
1606613,119973,2024-09-13 14:30:00,2,validation
1606613,119975,2024-09-13 14:30:00,2,validation
1603000,119977,2024-09-13 16:00:00,2,validation
1603000,119979,2024-09-13 16:00:00,2,validation
1602822,119984,2024-09-13 17:10:00,2,validation
1603309,119980,2024-09-13 17:30:00,2,validation
1603309,119982,2024-09-13 17:30:00,2,validation
1606859,119983,2024-09-13 18:35:00,2,validation
1606859,119985,2024-09-13 18:35:00,2,validation
1606859,119987,2024-09-13 18:35:00,2,validation
1606612,119986,2024-09-13 20:30:00,2,validation
1606612,119988,2024-09-13 20:30:00,2,validation
1609237,119989,2024-09-13 21:40:00,2,validation
1609237,119990,2024-09-13 21:40:00,2,validation
1609237,119991,2024-09-13 21:40:00,2,validation
1609868,119992,2024-09-14 11:00:00,2,validation
1609868,119993,2024-09-14 11:00:00,2,validation
1609868,119995,2024-09-14 11:00:00,2,validation
1609235,119994,2024-09-14 13:00:00,2,validation
1609235,119996,2024-09-14 13:00:00,2,validation
1606860,119997,2024-09-14 14:30:00,2,validation
1606860,119999,2024-09-14 14:30:00,2,validation
1609236,119998,2024-09-14 14:30:00,2,validation
1609236,120000,2024-09-14 14:30:00,2,validation
1606357,120001,2024-09-14 16:00:00,2,validation
1606357,120002,2024-09-14 16:00:00,2,validation
1606357,120298,2024-09-14 16:00:00,2,validation
1609621,120003,2024-09-14 17:30:00,2,validation
1609621,120005,2024-09-14 17:30:00,2,validation
1609621,120008,2024-09-14 17:30:00,2,validation
1610144,120006,2024-09-14 17:30:00,2,validation
1610144,120297,2024-09-14 17:30:00,2,validation
1608574,120004,2024-09-14 17:35:00,2,validation
1608574,120007,2024-09-14 17:35:00,2,validation
1609486,120009,2024-09-14 20:00:00,2,validation
1609486,120012,2024-09-14 20:00:00,2,validation
1609486,120296,2024-09-14 20:00:00,2,validation
1604062,120010,2024-09-14 21:00:00,2,validation
1604062,120011,2024-09-14 21:00:00,2,validation
1614835,120013,2024-09-15 11:30:00,2,validation
1614835,120015,2024-09-15 11:30:00,2,validation
1614835,120295,2024-09-15 11:30:00,2,validation
1612707,120014,2024-09-15 12:30:00,2,validation
1612707,120293,2024-09-15 12:30:00,2,validation
1612707,120294,2024-09-15 12:30:00,2,validation
1612865,120016,2024-09-15 14:30:00,2,validation
1612865,120017,2024-09-15 14:30:00,2,validation
1614834,120290,2024-09-15 14:30:00,2,validation
1614834,120291,2024-09-15 14:30:00,2,validation
1614834,120292,2024-09-15 14:30:00,2,validation
1613310,120288,2024-09-15 16:00:00,2,validation
1613310,120289,2024-09-15 16:00:00,2,validation
1612714,120284,2024-09-15 17:30:00,2,validation
1612714,120285,2024-09-15 17:30:00,2,validation
1614833,120286,2024-09-15 17:30:00,2,validation
1614833,120287,2024-09-15 17:30:00,2,validation
1606486,120279,2024-09-15 20:30:00,2,validation
1606486,120280,2024-09-15 20:30:00,2,validation
1606486,120281,2024-09-15 20:30:00,2,validation
1614832,120282,2024-09-15 20:30:00,2,validation
1614832,120283,2024-09-15 20:30:00,2,validation
1609948,120277,2024-09-16 11:00:00,2,validation
1609948,120278,2024-09-16 11:00:00,2,validation
1614831,120274,2024-09-16 11:30:00,2,validation
1614831,120275,2024-09-16 11:30:00,2,validation
1614831,120276,2024-09-16 11:30:00,2,validation
1609951,120272,2024-09-16 14:00:00,2,validation
1609951,120273,2024-09-16 14:00:00,2,validation
1614830,120270,2024-09-16 14:45:00,2,validation
1614830,120271,2024-09-16 14:45:00,2,validation
1614829,120268,2024-09-16 17:30:00,2,validation
1614829,120269,2024-09-16 17:30:00,2,validation
1614828,120265,2024-09-16 20:30:00,2,validation
1614828,120266,2024-09-16 20:30:00,2,validation
1614828,120267,2024-09-16 20:30:00,2,validation
1609947,120263,2024-09-17 14:00:00,2,validation
1609947,120264,2024-09-17 14:00:00,2,validation
1617386,120261,2024-09-17 14:00:00,2,validation
1617386,120262,2024-09-17 14:00:00,2,validation
1617387,120258,2024-09-17 14:00:00,2,validation
1617387,120259,2024-09-17 14:00:00,2,validation
1617387,120260,2024-09-17 14:00:00,2,validation
1621243,120256,2024-09-17 14:30:00,2,validation
1621243,120257,2024-09-17 14:30:00,2,validation
1617384,120254,2024-09-17 17:15:00,2,validation
1617384,120255,2024-09-17 17:15:00,2,validation
1621242,120252,2024-09-17 17:30:00,2,validation
1621242,120253,2024-09-17 17:30:00,2,validation
1617385,120250,2024-09-17 20:30:00,2,validation
1617385,120251,2024-09-17 20:30:00,2,validation
1611273,120248,2024-09-18 11:00:00,2,validation
1611273,120249,2024-09-18 11:00:00,2,validation
1621240,120246,2024-09-18 11:30:00,2,validation
1621240,120247,2024-09-18 11:30:00,2,validation
1609949,120243,2024-09-18 14:00:00,2,validation
1609949,120244,2024-09-18 14:00:00,2,validation
1609949,120245,2024-09-18 14:00:00,2,validation
1624027,120240,2024-09-18 14:00:00,2,validation
1624027,120241,2024-09-18 14:00:00,2,validation
1624027,120242,2024-09-18 14:00:00,2,validation
1624207,120237,2024-09-18 14:00:00,2,validation
1624207,120238,2024-09-18 14:00:00,2,validation
1624207,120239,2024-09-18 14:00:00,2,validation
1621239,120234,2024-09-18 14:30:00,2,validation
1621239,120235,2024-09-18 14:30:00,2,validation
1621239,120236,2024-09-18 14:30:00,2,validation
1621238,120231,2024-09-18 17:30:00,2,validation
1621238,120232,2024-09-18 17:30:00,2,validation
1621238,120233,2024-09-18 17:30:00,2,validation
1609950,120228,2024-09-18 18:00:00,2,validation
1609950,120229,2024-09-18 18:00:00,2,validation
1609950,120230,2024-09-18 18:00:00,2,validation
1551626,120226,2024-09-18 20:30:00,2,validation
1551626,120227,2024-09-18 20:30:00,2,validation
1551641,120224,2024-09-18 20:30:00,2,validation
1551641,120225,2024-09-18 20:30:00,2,validation
1621237,120222,2024-09-18 20:45:00,2,validation
1621237,120223,2024-09-18 20:45:00,2,validation
1625079,120220,2024-09-18 21:00:00,2,validation
1625079,120221,2024-09-18 21:00:00,2,validation
1629910,120218,2024-09-19 11:30:00,2,validation
1629910,120219,2024-09-19 11:30:00,2,validation
1629539,120215,2024-09-19 14:00:00,2,validation
1629539,120216,2024-09-19 14:00:00,2,validation
1629539,120217,2024-09-19 14:00:00,2,validation
1628613,120211,2024-09-19 17:15:00,2,validation
1628613,120212,2024-09-19 17:15:00,2,validation
1629538,120209,2024-09-19 17:30:00,2,validation
1629538,120210,2024-09-19 17:30:00,2,validation
1629908,120207,2024-09-19 17:30:00,2,validation
1629908,120208,2024-09-19 17:30:00,2,validation
1629537,120205,2024-09-19 20:00:00,2,validation
1629537,120206,2024-09-19 20:00:00,2,validation
1628614,120202,2024-09-19 20:30:00,2,validation
1628614,120203,2024-09-19 20:30:00,2,validation
1628614,120204,2024-09-19 20:30:00,2,validation
1629906,120199,2024-09-20 11:30:00,2,validation
1629906,120200,2024-09-20 11:30:00,2,validation
1629906,120201,2024-09-20 11:30:00,2,validation
1629905,120196,2024-09-20 14:30:00,2,validation
1629905,120197,2024-09-20 14:30:00,2,validation
1629905,120198,2024-09-20 14:30:00,2,validation
1629180,120194,2024-09-20 17:15:00,2,validation
1629180,120195,2024-09-20 17:15:00,2,validation
1629904,120192,2024-09-20 18:05:00,2,validation
1629904,120193,2024-09-20 18:05:00,2,validation
1629559,120189,2024-09-20 20:30:00,2,validation
1629559,120190,2024-09-20 20:30:00,2,validation
1629559,120191,2024-09-20 20:30:00,2,validation
1629903,120187,2024-09-20 20:30:00,2,validation
1629903,120188,2024-09-20 20:30:00,2,validation
1637219,120185,2024-09-21 13:30:00,2,validation
1637219,120186,2024-09-21 13:30:00,2,validation
1637218,120183,2024-09-21 16:30:00,2,validation
1637218,120184,2024-09-21 16:30:00,2,validation
1634013,120181,2024-09-21 17:15:00,2,validation
1634013,120182,2024-09-21 17:15:00,2,validation
1637382,120178,2024-09-21 20:30:00,2,validation
1637382,120179,2024-09-21 20:30:00,2,validation
1637382,120180,2024-09-21 20:30:00,2,validation
1637216,120176,2024-09-22 13:30:00,2,validation
1637216,120177,2024-09-22 13:30:00,2,validation
1637215,120173,2024-09-22 16:30:00,2,validation
1637215,120174,2024-09-22 16:30:00,2,validation
1637215,120175,2024-09-22 16:30:00,2,validation
1640965,120168,2024-09-22 18:00:00,2,validation
1640965,120169,2024-09-22 18:00:00,2,validation
1640965,120170,2024-09-22 18:00:00,2,validation
1640965,120171,2024-09-22 18:00:00,2,validation
1640965,120172,2024-09-22 18:00:00,2,validation
1637214,120165,2024-09-22 19:30:00,2,validation
1637214,120166,2024-09-22 19:30:00,2,validation
1637214,120167,2024-09-22 19:30:00,2,validation
1642817,120163,2024-09-23 11:00:00,2,validation
1642817,120164,2024-09-23 11:00:00,2,validation
1642816,120161,2024-09-23 14:00:00,2,validation
1642816,120162,2024-09-23 14:00:00,2,validation
1644422,120159,2024-09-23 16:30:00,2,validation
1644422,120160,2024-09-23 16:30:00,2,validation
1642815,120156,2024-09-23 17:00:00,2,validation
1642815,120157,2024-09-23 17:00:00,2,validation
1642815,120158,2024-09-23 17:00:00,2,validation
1644421,120154,2024-09-23 19:30:00,2,validation
1644421,120155,2024-09-23 19:30:00,2,validation
1642814,120152,2024-09-23 20:00:00,2,validation
1642814,120153,2024-09-23 20:00:00,2,validation
1649129,120149,2024-09-24 11:00:00,2,validation
1649129,120150,2024-09-24 11:00:00,2,validation
1649129,120151,2024-09-24 11:00:00,2,validation
1647758,120147,2024-09-24 14:30:00,2,validation
1647758,120148,2024-09-24 14:30:00,2,validation
1647094,120143,2024-09-24 17:00:00,2,validation
1647094,120144,2024-09-24 17:00:00,2,validation
1644512,120141,2024-09-24 18:00:00,2,validation
1644512,120142,2024-09-24 18:00:00,2,validation
1648687,120138,2024-09-24 20:00:00,2,validation
1648687,120139,2024-09-24 20:00:00,2,validation
1648687,120140,2024-09-24 20:00:00,2,validation
1644511,120136,2024-09-24 21:00:00,2,validation
1644511,120137,2024-09-24 21:00:00,2,validation
1652748,120134,2024-09-25 11:30:00,2,validation
1652748,120135,2024-09-25 11:30:00,2,validation
1599510,120132,2024-09-25 13:00:00,2,validation
1599510,120133,2024-09-25 13:00:00,2,validation
1652747,120130,2024-09-25 14:30:00,2,validation
1652747,120131,2024-09-25 14:30:00,2,validation
1599509,120127,2024-09-25 15:00:00,2,validation
1599509,120128,2024-09-25 15:00:00,2,validation
1599509,120129,2024-09-25 15:00:00,2,validation
1652746,120125,2024-09-25 17:30:00,2,validation
1652746,120126,2024-09-25 17:30:00,2,validation
1654711,120123,2024-09-25 18:00:00,2,validation
1654711,120124,2024-09-25 18:00:00,2,validation
1599508,120121,2024-09-25 18:20:00,2,validation
1599508,120122,2024-09-25 18:20:00,2,validation
1599507,120118,2024-09-25 20:20:00,2,validation
1599507,120119,2024-09-25 20:20:00,2,validation
1599507,120120,2024-09-25 20:20:00,2,validation
1652745,120114,2024-09-25 20:30:00,2,validation
1652745,120115,2024-09-25 20:30:00,2,validation
1653363,120110,2024-09-26 11:00:00,2,validation
1653363,120111,2024-09-26 11:00:00,2,validation
1652744,120108,2024-09-26 11:30:00,2,validation
1652744,120109,2024-09-26 11:30:00,2,validation
1654709,120106,2024-09-26 12:00:00,2,validation
1654709,120107,2024-09-26 12:00:00,2,validation
1657597,120103,2024-09-26 13:00:00,2,validation
1657597,120104,2024-09-26 13:00:00,2,validation
1657597,120105,2024-09-26 13:00:00,2,validation
1654353,120101,2024-09-26 14:00:00,2,validation
1654353,120102,2024-09-26 14:00:00,2,validation
1652743,120098,2024-09-26 14:30:00,2,validation
1652743,120099,2024-09-26 14:30:00,2,validation
1652743,120100,2024-09-26 14:30:00,2,validation
1654708,120096,2024-09-26 15:00:00,2,validation
1654708,120097,2024-09-26 15:00:00,2,validation
1657596,120094,2024-09-26 16:45:00,2,validation
1657596,120095,2024-09-26 16:45:00,2,validation
1652742,120092,2024-09-26 18:00:00,2,validation
1652742,120093,2024-09-26 18:00:00,2,validation
1658336,120089,2024-09-26 18:50:00,2,validation
1658336,120090,2024-09-26 18:50:00,2,validation
1658336,120091,2024-09-26 18:50:00,2,validation
1551623,120087,2024-09-26 20:30:00,2,validation
1551623,120088,2024-09-26 20:30:00,2,validation
1654706,120085,2024-09-26 21:00:00,2,validation
1654706,120086,2024-09-26 21:00:00,2,validation
1658335,120083,2024-09-26 21:50:00,2,validation
1658335,120084,2024-09-26 21:50:00,2,validation
1661913,120080,2024-09-27 12:00:00,2,validation
1661913,120081,2024-09-27 12:00:00,2,validation
1661913,120082,2024-09-27 12:00:00,2,validation
1661299,120078,2024-09-27 14:30:00,2,validation
1661299,120079,2024-09-27 14:30:00,2,validation
1661568,120073,2024-09-27 17:00:00,2,validation
1661568,120074,2024-09-27 17:00:00,2,validation
1658319,120070,2024-09-27 17:30:00,2,validation
1658319,120071,2024-09-27 17:30:00,2,validation
1658319,120072,2024-09-27 17:30:00,2,validation
1662042,120068,2024-09-27 18:20:00,2,validation
1662042,120069,2024-09-27 18:20:00,2,validation
1661567,120066,2024-09-27 20:20:00,2,validation
1661567,120067,2024-09-27 20:20:00,2,validation
1663698,120064,2024-09-27 20:30:00,2,validation
1663698,120065,2024-09-27 20:30:00,2,validation
1662041,120062,2024-09-27 21:00:00,2,validation
1662041,120063,2024-09-27 21:00:00,2,validation
1663945,120018,2024-09-27 21:15:00,2,validation
1663945,120060,2024-09-27 21:15:00,2,validation
1663945,120061,2024-09-27 21:15:00,2,validation
1662040,120019,2024-09-28 12:00:00,2,validation
1662040,120020,2024-09-28 12:00:00,2,validation
1662040,120059,2024-09-28 12:00:00,2,validation
1662039,120021,2024-09-28 15:50:00,2,validation
1662039,120026,2024-09-28 15:50:00,2,validation
1664426,120022,2024-09-28 16:30:00,2,validation
1664426,120028,2024-09-28 16:30:00,2,validation
1664426,120031,2024-09-28 16:30:00,2,validation
1664427,120023,2024-09-28 16:30:00,2,validation
1664427,120025,2024-09-28 16:30:00,2,validation
1664427,120030,2024-09-28 16:30:00,2,validation
1664119,120027,2024-09-28 16:45:00,2,validation
1664119,120033,2024-09-28 16:45:00,2,validation
1664119,120058,2024-09-28 16:45:00,2,validation
1663891,120024,2024-09-28 17:00:00,2,validation
1663891,120029,2024-09-28 17:00:00,2,validation
1663891,120035,2024-09-28 17:00:00,2,validation
1662038,120032,2024-09-28 18:25:00,2,validation
1662038,120034,2024-09-28 18:25:00,2,validation
1664308,120036,2024-09-28 20:30:00,2,validation
1664308,120038,2024-09-28 20:30:00,2,validation
1664308,120042,2024-09-28 20:30:00,2,validation
1666553,120037,2024-09-28 20:30:00,2,validation
1666553,120039,2024-09-28 20:30:00,2,validation
1664253,120040,2024-09-28 21:30:00,2,validation
1664253,120041,2024-09-28 21:30:00,2,validation
1664253,120043,2024-09-28 21:30:00,2,validation
1667135,120046,2024-09-29 16:30:00,2,validation
1667135,120051,2024-09-29 16:30:00,2,validation
1667135,120053,2024-09-29 16:30:00,2,validation
1667178,120047,2024-09-29 16:30:00,2,validation
1667178,120049,2024-09-29 16:30:00,2,validation
1667178,120052,2024-09-29 16:30:00,2,validation
1667340,120048,2024-09-29 17:00:00,2,validation
1667340,120050,2024-09-29 17:00:00,2,validation
1667340,120054,2024-09-29 17:00:00,2,validation
1667340,120056,2024-09-29 17:00:00,2,validation
1667177,120055,2024-09-29 19:30:00,2,validation
1667177,120057,2024-09-29 19:30:00,2,validation
1670829,120299,2024-09-30 14:20:00,2,validation
1670829,120300,2024-09-30 14:20:00,2,validation
1667175,120301,2024-09-30 16:30:00,2,validation
1667175,120303,2024-09-30 16:30:00,2,validation
1667175,120305,2024-09-30 16:30:00,2,validation
1670828,120302,2024-09-30 17:00:00,2,validation
1670828,120304,2024-09-30 17:00:00,2,validation
1667174,120306,2024-09-30 19:30:00,2,validation
1667174,120307,2024-09-30 19:30:00,2,validation
1670826,120308,2024-10-01 11:00:00,2,validation
1670826,120309,2024-10-01 11:00:00,2,validation
1670825,120310,2024-10-01 14:00:00,2,validation
1670825,120311,2024-10-01 14:00:00,2,validation
1670825,120313,2024-10-01 14:00:00,2,validation
1670824,120314,2024-10-01 18:20:00,2,validation
1670824,120316,2024-10-01 18:20:00,2,validation
1675523,120317,2024-10-01 19:30:00,2,validation
1675523,120318,2024-10-01 19:30:00,2,validation
1675523,120320,2024-10-01 19:30:00,2,validation
1670823,120319,2024-10-01 20:20:00,2,validation
1670823,120321,2024-10-01 20:20:00,2,validation
1682711,120322,2024-10-03 12:00:00,2,validation
1682711,120323,2024-10-03 12:00:00,2,validation
1682711,120324,2024-10-03 12:00:00,2,validation
1680007,120325,2024-10-03 14:00:00,2,validation
1680007,120327,2024-10-03 14:00:00,2,validation
1680007,120328,2024-10-03 14:00:00,2,validation
1682710,120326,2024-10-03 15:00:00,2,validation
1682710,120329,2024-10-03 15:00:00,2,validation
1682710,120330,2024-10-03 15:00:00,2,validation
1680006,120331,2024-10-03 17:20:00,2,validation
1680006,120332,2024-10-03 17:20:00,2,validation
1680006,120334,2024-10-03 17:20:00,2,validation
1680005,120337,2024-10-03 20:00:00,2,validation
1682708,120338,2024-10-03 21:50:00,2,validation
1682707,120339,2024-10-04 12:00:00,2,validation
1682707,120340,2024-10-04 12:00:00,2,validation
1686474,120341,2024-10-04 14:00:00,2,validation
1682706,120342,2024-10-04 15:00:00,2,validation
1682706,120343,2024-10-04 15:00:00,2,validation
1686473,120344,2024-10-04 17:00:00,2,validation
1686473,120346,2024-10-04 17:00:00,2,validation
1686473,120348,2024-10-04 17:00:00,2,validation
1660330,120345,2024-10-04 17:30:00,2,validation
1660329,120347,2024-10-04 18:55:00,2,validation
1660328,120349,2024-10-04 20:15:00,2,validation
1682704,120351,2024-10-04 21:00:00,2,validation
1660327,120350,2024-10-04 21:35:00,2,validation
1688348,120352,2024-10-04 23:10:00,2,validation
1688676,120353,2024-10-05 00:30:00,2,validation
1688675,120354,2024-10-05 02:00:00,2,validation
1688675,120355,2024-10-05 02:00:00,2,validation
1686172,120356,2024-10-05 12:00:00,2,validation
1686172,120357,2024-10-05 12:00:00,2,validation
1688140,120358,2024-10-05 15:30:00,2,validation
1688140,120360,2024-10-05 15:30:00,2,validation
1686469,120359,2024-10-05 17:00:00,2,validation
1688465,120361,2024-10-05 18:00:00,2,validation
1688465,120363,2024-10-05 18:00:00,2,validation
1686468,120364,2024-10-05 20:00:00,2,validation
1686468,120365,2024-10-05 20:00:00,2,validation
1686468,120368,2024-10-05 20:00:00,2,validation
1689361,120362,2024-10-05 20:45:00,2,validation
1689361,120367,2024-10-05 20:45:00,2,validation
1689361,120369,2024-10-05 20:45:00,2,validation
1688920,120366,2024-10-05 21:00:00,2,validation
1688920,120370,2024-10-05 21:00:00,2,validation
1691444,120371,2024-10-06 12:30:00,2,validation
1691444,120372,2024-10-06 12:30:00,2,validation
1691444,120374,2024-10-06 12:30:00,2,validation
1690905,120373,2024-10-06 13:30:00,2,validation
1690905,120375,2024-10-06 13:30:00,2,validation
1690905,120377,2024-10-06 13:30:00,2,validation
1691443,120376,2024-10-06 15:30:00,2,validation
1691443,120378,2024-10-06 15:30:00,2,validation
1691451,120380,2024-10-06 17:00:00,2,validation
1691451,120382,2024-10-06 17:00:00,2,validation
1691451,120386,2024-10-06 17:00:00,2,validation
1691661,120379,2024-10-06 17:00:00,2,validation
1691661,120381,2024-10-06 17:00:00,2,validation
1691661,120383,2024-10-06 17:00:00,2,validation
1691442,120384,2024-10-06 18:30:00,2,validation
1691442,120385,2024-10-06 18:30:00,2,validation
1691876,120387,2024-10-06 20:15:00,2,validation
1691876,120388,2024-10-06 20:15:00,2,validation
1693963,120389,2024-10-06 21:15:00,2,validation
1693963,120390,2024-10-06 21:15:00,2,validation
1691441,120391,2024-10-07 12:30:00,2,validation
1691441,120392,2024-10-07 12:30:00,2,validation
1691440,120393,2024-10-07 15:30:00,2,validation
1691440,120394,2024-10-07 15:30:00,2,validation
1656180,120395,2024-10-07 17:00:00,2,validation
1656181,120396,2024-10-07 18:10:00,2,validation
1656175,120398,2024-10-07 19:10:00,2,validation
1656178,120397,2024-10-07 19:10:00,2,validation
1656177,120399,2024-10-07 20:05:00,2,validation
1656176,120400,2024-10-07 20:30:00,2,validation
1697751,120401,2024-10-07 21:15:00,2,validation
1697751,120403,2024-10-07 21:15:00,2,validation
1697751,120404,2024-10-07 21:15:00,2,validation
1697750,120402,2024-10-07 21:50:00,2,validation
1697750,120405,2024-10-07 21:50:00,2,validation
1697750,120406,2024-10-07 21:50:00,2,validation
1697946,120410,2024-10-08 00:10:00,2,validation
1697946,120411,2024-10-08 00:10:00,2,validation
1697947,120407,2024-10-08 01:30:00,2,validation
1697947,120408,2024-10-08 01:30:00,2,validation
1697947,120409,2024-10-08 01:30:00,2,validation
1698515,120412,2024-10-08 12:30:00,2,validation
1698318,120413,2024-10-08 17:00:00,2,validation
1698318,120415,2024-10-08 17:00:00,2,validation
1698318,120418,2024-10-08 17:00:00,2,validation
1698320,120414,2024-10-08 17:00:00,2,validation
1698320,120416,2024-10-08 17:00:00,2,validation
1698513,120417,2024-10-08 18:30:00,2,validation
1698513,120419,2024-10-08 18:30:00,2,validation
1698513,120422,2024-10-08 18:30:00,2,validation
1698317,120420,2024-10-08 19:40:00,2,validation
1698317,120423,2024-10-08 19:40:00,2,validation
1698319,120421,2024-10-08 20:25:00,2,validation
1698319,120424,2024-10-08 20:25:00,2,validation
1699538,120425,2024-10-08 22:00:00,2,validation
1699538,120427,2024-10-08 22:00:00,2,validation
1699387,120426,2024-10-08 22:30:00,2,validation
1699387,120428,2024-10-08 22:30:00,2,validation
1701866,120429,2024-10-09 17:00:00,2,validation
1701866,120431,2024-10-09 17:00:00,2,validation
1701866,120433,2024-10-09 17:00:00,2,validation
1701984,120430,2024-10-09 17:00:00,2,validation
1701984,120432,2024-10-09 17:00:00,2,validation
1701985,120434,2024-10-09 19:40:00,2,validation
1701985,120436,2024-10-09 19:40:00,2,validation
1699540,120435,2024-10-09 20:00:00,2,validation
1699540,120437,2024-10-09 20:00:00,2,validation
1702323,120438,2024-10-09 22:00:00,2,validation
1702323,120441,2024-10-09 22:00:00,2,validation
1702323,120442,2024-10-09 22:00:00,2,validation
1704866,120439,2024-10-09 22:00:00,2,validation
1704866,120440,2024-10-09 22:00:00,2,validation
1704124,120443,2024-10-10 11:00:00,2,validation
1704124,120444,2024-10-10 11:00:00,2,validation
1704124,120445,2024-10-10 11:00:00,2,validation
1704123,120446,2024-10-10 14:00:00,2,validation
1704123,120447,2024-10-10 14:00:00,2,validation
1704122,120448,2024-10-10 17:00:00,2,validation
1704122,120449,2024-10-10 17:00:00,2,validation
1704122,120450,2024-10-10 17:00:00,2,validation
1704121,120451,2024-10-10 20:25:00,2,validation
1704120,120452,2024-10-11 11:00:00,2,validation
1704120,120453,2024-10-11 11:00:00,2,validation
1704120,120454,2024-10-11 11:00:00,2,validation
1704119,120455,2024-10-11 14:35:00,2,validation
1704119,120456,2024-10-11 14:35:00,2,validation
1704119,120457,2024-10-11 14:35:00,2,validation
1705589,120458,2024-10-11 18:00:00,2,validation
1705589,120459,2024-10-11 18:00:00,2,validation
1704117,120461,2024-10-11 20:30:00,2,validation
1704117,120463,2024-10-11 20:30:00,2,validation
1705865,120460,2024-10-11 21:15:00,2,validation
1705865,120462,2024-10-11 21:15:00,2,validation
1705865,120464,2024-10-11 21:15:00,2,validation
1710439,120465,2024-10-12 11:00:00,2,validation
1710439,120466,2024-10-12 11:00:00,2,validation
1710439,120467,2024-10-12 11:00:00,2,validation
1707248,120468,2024-10-12 14:00:00,2,validation
1707966,120470,2024-10-12 17:00:00,2,validation
1707966,120471,2024-10-12 17:00:00,2,validation
1710668,120469,2024-10-12 18:00:00,2,validation
1710668,120472,2024-10-12 18:00:00,2,validation
1710668,120473,2024-10-12 18:00:00,2,validation
1711152,120474,2024-10-12 21:50:00,2,validation
1711152,120475,2024-10-12 21:50:00,2,validation
1713814,120476,2024-10-13 12:30:00,2,validation
1713814,120477,2024-10-13 12:30:00,2,validation
1713814,120478,2024-10-13 12:30:00,2,validation
1713124,120479,2024-10-13 16:00:00,2,validation
1713124,120480,2024-10-13 16:00:00,2,validation
1713124,120481,2024-10-13 16:00:00,2,validation
1713923,120482,2024-10-13 20:00:00,2,validation
1713923,120483,2024-10-13 20:00:00,2,validation
1713923,120484,2024-10-13 20:00:00,2,validation
1713923,120485,2024-10-13 20:00:00,2,validation
1706809,120487,2024-10-15 20:00:00,2,validation
1706809,120488,2024-10-15 20:00:00,2,validation
1706810,120486,2024-10-15 20:00:00,2,validation
1710404,120489,2024-10-16 11:00:00,2,validation
1710404,120490,2024-10-16 11:00:00,2,validation
1710404,120491,2024-10-16 11:00:00,2,validation
1704292,120492,2024-10-16 13:00:00,2,validation
1710403,120494,2024-10-16 14:35:00,2,validation
1710403,120495,2024-10-16 14:35:00,2,validation
1704291,120493,2024-10-16 15:40:00,2,validation
1710402,120496,2024-10-16 18:45:00,2,validation
1710402,120497,2024-10-16 18:45:00,2,validation
1725232,120498,2024-10-16 19:30:00,2,validation
1725232,120499,2024-10-16 19:30:00,2,validation
1723142,120500,2024-10-16 20:00:00,2,validation
1722925,120501,2024-10-16 21:00:00,2,validation
1725543,120502,2024-10-17 11:00:00,2,validation
1725543,120503,2024-10-17 11:00:00,2,validation
1725543,120505,2024-10-17 11:00:00,2,validation
1704290,120504,2024-10-17 13:00:00,2,validation
1704289,120506,2024-10-17 14:15:00,2,validation
1725542,120507,2024-10-17 14:40:00,2,validation
1725542,120508,2024-10-17 14:40:00,2,validation
1726128,120509,2024-10-17 17:00:00,2,validation
1726128,120510,2024-10-17 17:00:00,2,validation
1728218,120511,2024-10-17 17:00:00,2,validation
1728218,120512,2024-10-17 17:00:00,2,validation
1726127,120513,2024-10-17 19:30:00,2,validation
1726127,120516,2024-10-17 19:30:00,2,validation
1726127,120519,2024-10-17 19:30:00,2,validation
1728217,120515,2024-10-17 19:45:00,2,validation
1728217,120518,2024-10-17 19:45:00,2,validation
1726252,120514,2024-10-17 20:00:00,2,validation
1726252,120517,2024-10-17 20:00:00,2,validation
1726252,120520,2024-10-17 20:00:00,2,validation
1728331,120521,2024-10-18 13:00:00,2,validation
1728331,120522,2024-10-18 13:00:00,2,validation
1728331,120523,2024-10-18 13:00:00,2,validation
1726258,120524,2024-10-18 16:30:00,2,validation
1726258,120525,2024-10-18 16:30:00,2,validation
1728950,120526,2024-10-18 17:00:00,2,validation
1728950,120527,2024-10-18 17:00:00,2,validation
1728943,120528,2024-10-18 19:00:00,2,validation
1728943,120532,2024-10-18 19:00:00,2,validation
1729042,120529,2024-10-18 20:00:00,2,validation
1729042,120536,2024-10-18 20:00:00,2,validation
1729042,120539,2024-10-18 20:00:00,2,validation
1551618,120535,2024-10-18 20:30:00,2,validation
1551618,120538,2024-10-18 20:30:00,2,validation
1551619,120531,2024-10-18 20:30:00,2,validation
1551619,120537,2024-10-18 20:30:00,2,validation
1551633,120534,2024-10-18 20:30:00,2,validation
1551635,120530,2024-10-18 20:30:00,2,validation
1551635,120533,2024-10-18 20:30:00,2,validation
1730932,120540,2024-10-19 13:00:00,2,validation
1730932,120541,2024-10-19 13:00:00,2,validation
1730933,120542,2024-10-19 16:00:00,2,validation
1730933,120546,2024-10-19 16:00:00,2,validation
1731082,120543,2024-10-19 16:30:00,2,validation
1731082,120545,2024-10-19 16:30:00,2,validation
1731082,120548,2024-10-19 16:30:00,2,validation
1731153,120547,2024-10-19 18:00:00,2,validation
1731081,120552,2024-10-19 19:45:00,2,validation
1731375,120549,2024-10-19 20:30:00,2,validation
1731375,120551,2024-10-19 20:30:00,2,validation
1732508,120550,2024-10-19 21:15:00,2,validation
1732508,120553,2024-10-19 21:15:00,2,validation
1732508,120554,2024-10-19 21:15:00,2,validation
1732883,120555,2024-10-20 17:20:00,2,validation
1732883,120558,2024-10-20 17:20:00,2,validation
1732883,120559,2024-10-20 17:20:00,2,validation
1732883,120562,2024-10-20 17:20:00,2,validation
1733056,120560,2024-10-20 20:30:00,2,validation
1733056,120561,2024-10-20 20:30:00,2,validation
1729291,120563,2024-10-21 12:30:00,2,validation
1729291,120564,2024-10-21 12:30:00,2,validation
1736826,120565,2024-10-21 19:10:00,2,validation
1736826,120566,2024-10-21 19:10:00,2,validation
1736825,120567,2024-10-21 22:00:00,2,validation
1736825,120568,2024-10-21 22:00:00,2,validation
1729289,120569,2024-10-22 12:30:00,2,validation
1729289,120570,2024-10-22 12:30:00,2,validation
1729288,120571,2024-10-22 15:30:00,2,validation
1729288,120572,2024-10-22 15:30:00,2,validation
1729288,120573,2024-10-22 15:30:00,2,validation
1739244,120574,2024-10-22 19:00:00,2,validation
1739244,120575,2024-10-22 19:00:00,2,validation
1739243,120576,2024-10-22 21:30:00,2,validation
1739243,120577,2024-10-22 21:30:00,2,validation
1729287,120578,2024-10-23 12:30:00,2,validation
1729287,120579,2024-10-23 12:30:00,2,validation
1729287,120580,2024-10-23 12:30:00,2,validation
1729286,120581,2024-10-23 16:25:00,2,validation
1729286,120582,2024-10-23 16:25:00,2,validation
1729286,120583,2024-10-23 16:25:00,2,validation
1742297,120584,2024-10-23 23:30:00,2,validation
1742297,120585,2024-10-23 23:30:00,2,validation
1729285,120586,2024-10-24 12:30:00,2,validation
1729285,120587,2024-10-24 12:30:00,2,validation
1729284,120588,2024-10-24 15:30:00,2,validation
1729284,120589,2024-10-24 15:30:00,2,validation
1744789,120590,2024-10-24 18:30:00,2,validation
1744789,120591,2024-10-24 18:30:00,2,validation
1744788,120592,2024-10-24 21:30:00,2,validation
1744788,120593,2024-10-24 21:30:00,2,validation
1739749,120594,2024-10-25 12:30:00,2,validation
1739749,120596,2024-10-25 12:30:00,2,validation
1739749,120598,2024-10-25 12:30:00,2,validation
1721333,120595,2024-10-25 13:00:00,2,validation
1721332,120597,2024-10-25 14:30:00,2,validation
1721330,120599,2024-10-25 15:45:00,2,validation
1737473,120600,2024-10-25 16:00:00,2,validation
1737473,120602,2024-10-25 16:00:00,2,validation
1721331,120601,2024-10-25 17:00:00,2,validation
1747243,120603,2024-10-25 18:10:00,2,validation
1743019,120604,2024-10-25 18:55:00,2,validation
1743019,120606,2024-10-25 18:55:00,2,validation
1747534,120605,2024-10-25 19:30:00,2,validation
1747533,120607,2024-10-25 20:45:00,2,validation
1747533,120608,2024-10-25 20:45:00,2,validation
1745439,120609,2024-10-25 21:30:00,2,validation
1745439,120610,2024-10-25 21:30:00,2,validation
1748622,120611,2024-10-26 13:00:00,2,validation
1748622,120613,2024-10-26 13:00:00,2,validation
1748622,120615,2024-10-26 13:00:00,2,validation
1747242,120612,2024-10-26 13:30:00,2,validation
1747242,120614,2024-10-26 13:30:00,2,validation
1748352,120616,2024-10-26 15:55:00,2,validation
1748352,120617,2024-10-26 15:55:00,2,validation
1747382,120619,2024-10-26 19:00:00,2,validation
1747382,120620,2024-10-26 19:00:00,2,validation
1750671,120618,2024-10-26 19:00:00,2,validation
1750671,120621,2024-10-26 19:00:00,2,validation
1748620,120622,2024-10-26 22:40:00,2,validation
1748620,120623,2024-10-26 22:40:00,2,validation
1748620,120624,2024-10-26 22:40:00,2,validation
1751716,120625,2024-10-27 14:30:00,2,validation
1751716,120626,2024-10-27 14:30:00,2,validation
1751715,120627,2024-10-27 17:10:00,2,validation
580027,128049,2023-10-25 18:00:00,3,train
557633,115876,2023-10-25 20:00:00,3,train
557626,115874,2023-10-25 20:30:00,3,train
557626,115877,2023-10-25 20:30:00,3,train
557626,115878,2023-10-25 20:30:00,3,train
487656,115881,2023-10-26 12:00:00,3,train
487656,115882,2023-10-26 12:00:00,3,train
487656,115883,2023-10-26 12:00:00,3,train
588338,115879,2023-10-26 12:00:00,3,train
588338,115880,2023-10-26 12:00:00,3,train
589226,115884,2023-10-26 15:00:00,3,train
589226,115887,2023-10-26 15:00:00,3,train
566813,115886,2023-10-26 16:00:00,3,train
566813,115888,2023-10-26 16:00:00,3,train
566815,115885,2023-10-26 16:00:00,3,train
566815,115889,2023-10-26 16:00:00,3,train
589725,115892,2023-10-26 18:00:00,3,train
566812,115893,2023-10-26 19:00:00,3,train
566812,115895,2023-10-26 19:00:00,3,train
566812,115897,2023-10-26 19:00:00,3,train
566814,115894,2023-10-26 19:00:00,3,train
566814,115896,2023-10-26 19:00:00,3,train
585168,115898,2023-10-26 21:00:00,3,train
585168,115899,2023-10-26 21:00:00,3,train
585168,115900,2023-10-26 21:00:00,3,train
589049,115901,2023-10-27 11:00:00,3,train
589049,115902,2023-10-27 11:00:00,3,train
589049,115903,2023-10-27 11:00:00,3,train
593763,115905,2023-10-27 13:30:00,3,train
593763,115907,2023-10-27 13:30:00,3,train
589047,115904,2023-10-27 14:15:00,3,train
589047,115906,2023-10-27 14:15:00,3,train
589732,115908,2023-10-27 15:00:00,3,train
589732,115909,2023-10-27 15:00:00,3,train
589734,115910,2023-10-27 16:00:00,3,train
589734,115911,2023-10-27 16:00:00,3,train
589734,115914,2023-10-27 16:00:00,3,train
592593,115913,2023-10-27 16:30:00,3,train
592593,115916,2023-10-27 16:30:00,3,train
592593,115918,2023-10-27 16:30:00,3,train
589048,115912,2023-10-27 17:30:00,3,train
589048,115915,2023-10-27 17:30:00,3,train
589048,115921,2023-10-27 17:30:00,3,train
589731,115917,2023-10-27 19:00:00,3,train
589731,115920,2023-10-27 19:00:00,3,train
589731,115922,2023-10-27 19:00:00,3,train
589733,115919,2023-10-27 19:00:00,3,train
589733,115923,2023-10-27 19:00:00,3,train
589733,115927,2023-10-27 19:00:00,3,train
487653,115925,2023-10-27 20:00:00,3,train
589046,115924,2023-10-27 21:00:00,3,train
589046,115926,2023-10-27 21:00:00,3,train
557551,115928,2023-10-28 10:30:00,3,train
597061,115929,2023-10-28 11:00:00,3,train
597061,115931,2023-10-28 11:00:00,3,train
597060,115932,2023-10-28 14:00:00,3,train
597060,115933,2023-10-28 14:00:00,3,train
597060,115934,2023-10-28 14:00:00,3,train
593237,115937,2023-10-28 16:00:00,3,train
593237,115939,2023-10-28 16:00:00,3,train
593237,115941,2023-10-28 16:00:00,3,train
593332,115935,2023-10-28 16:00:00,3,train
593332,115936,2023-10-28 16:00:00,3,train
597458,115938,2023-10-28 17:00:00,3,train
597458,115940,2023-10-28 17:00:00,3,train
597458,115942,2023-10-28 17:00:00,3,train
593331,115943,2023-10-28 19:00:00,3,train
593331,115944,2023-10-28 19:00:00,3,train
593331,115948,2023-10-28 19:00:00,3,train
593236,115946,2023-10-28 19:30:00,3,train
593236,115950,2023-10-28 19:30:00,3,train
593236,115952,2023-10-28 19:30:00,3,train
597457,115945,2023-10-28 20:00:00,3,train
597457,115947,2023-10-28 20:00:00,3,train
601536,115953,2023-10-29 10:30:00,3,train
601536,115954,2023-10-29 10:30:00,3,train
601210,115955,2023-10-29 12:00:00,3,train
601210,115956,2023-10-29 12:00:00,3,train
601210,115957,2023-10-29 12:00:00,3,train
597261,115958,2023-10-29 17:00:00,3,train
597261,115960,2023-10-29 17:00:00,3,train
597261,115963,2023-10-29 17:00:00,3,train
597459,115959,2023-10-29 17:00:00,3,train
597459,115962,2023-10-29 17:00:00,3,train
597459,115965,2023-10-29 17:00:00,3,train
589045,115961,2023-10-29 18:00:00,3,train
589045,115964,2023-10-29 18:00:00,3,train
602151,115966,2023-10-29 20:00:00,3,train
602151,115968,2023-10-29 20:00:00,3,train
602151,115971,2023-10-29 20:00:00,3,train
602567,115967,2023-10-29 20:25:00,3,train
602567,115970,2023-10-29 20:25:00,3,train
602150,115969,2023-10-29 21:00:00,3,train
602150,115972,2023-10-29 21:00:00,3,train
589043,115973,2023-10-30 12:00:00,3,train
589043,115974,2023-10-30 12:00:00,3,train
589043,115975,2023-10-30 12:00:00,3,train
607261,115976,2023-10-30 14:00:00,3,train
607261,115978,2023-10-30 14:00:00,3,train
606592,115977,2023-10-30 15:00:00,3,train
606592,115979,2023-10-30 15:00:00,3,train
607260,115980,2023-10-30 17:00:00,3,train
607260,115982,2023-10-30 17:00:00,3,train
589042,115981,2023-10-30 18:00:00,3,train
589042,115983,2023-10-30 18:00:00,3,train
606591,115984,2023-10-30 21:30:00,3,train
606591,115986,2023-10-30 21:30:00,3,train
557650,115985,2023-10-30 22:00:00,3,train
609845,115987,2023-10-31 12:00:00,3,train
609845,115988,2023-10-31 12:00:00,3,train
609844,115989,2023-10-31 15:00:00,3,train
609844,115990,2023-10-31 15:00:00,3,train
609844,115992,2023-10-31 15:00:00,3,train
607263,115991,2023-10-31 17:00:00,3,train
607263,115993,2023-10-31 17:00:00,3,train
607262,115995,2023-10-31 20:00:00,3,train
607262,115998,2023-10-31 20:00:00,3,train
557637,116004,2023-10-31 21:00:00,3,train
557638,116005,2023-10-31 21:00:00,3,train
557639,116003,2023-10-31 21:00:00,3,train
557645,116001,2023-10-31 21:00:00,3,train
557645,116002,2023-10-31 21:00:00,3,train
557647,115997,2023-10-31 21:00:00,3,train
557647,115999,2023-10-31 21:00:00,3,train
557647,116006,2023-10-31 21:00:00,3,train
613289,115996,2023-10-31 21:10:00,3,train
613289,116000,2023-10-31 21:10:00,3,train
613289,116007,2023-10-31 21:10:00,3,train
557642,116008,2023-11-01 14:00:00,3,train
557642,116009,2023-11-01 14:00:00,3,train
557642,116010,2023-11-01 14:00:00,3,train
609846,116011,2023-11-01 17:00:00,3,train
609846,116012,2023-11-01 17:00:00,3,train
609846,116013,2023-11-01 17:00:00,3,train
613791,116014,2023-11-01 20:10:00,3,train
613791,116017,2023-11-01 20:10:00,3,train
613791,116018,2023-11-01 20:10:00,3,train
557623,116019,2023-11-01 21:00:00,3,train
557625,116015,2023-11-01 21:00:00,3,train
557632,116016,2023-11-01 21:00:00,3,train
618020,116020,2023-11-02 20:00:00,3,train
618020,116021,2023-11-02 20:00:00,3,train
618020,116022,2023-11-02 20:00:00,3,train
614391,116023,2023-11-03 12:00:00,3,train
614391,116024,2023-11-03 12:00:00,3,train
614389,116026,2023-11-03 18:10:00,3,train
614389,116027,2023-11-03 18:10:00,3,train
614388,116028,2023-11-03 21:00:00,3,train
614388,116029,2023-11-03 21:00:00,3,train
614388,116030,2023-11-03 21:00:00,3,train
614390,116025,2023-11-04 15:00:00,3,train
614390,116031,2023-11-04 15:00:00,3,train
624609,116032,2023-11-04 18:00:00,3,train
624609,116033,2023-11-04 18:00:00,3,train
624609,116034,2023-11-04 18:00:00,3,train
626378,116035,2023-11-04 21:30:00,3,train
626378,116036,2023-11-04 21:30:00,3,train
626378,116037,2023-11-04 21:30:00,3,train
627533,116038,2023-11-05 21:30:00,3,train
627533,116039,2023-11-05 21:30:00,3,train
630731,116040,2023-11-07 12:30:00,3,train
630731,116041,2023-11-07 12:30:00,3,train
630731,116042,2023-11-07 12:30:00,3,train
630728,116043,2023-11-07 15:30:00,3,train
625803,116048,2023-11-07 21:00:00,3,train
625805,116044,2023-11-07 21:00:00,3,train
625806,116045,2023-11-07 21:00:00,3,train
625809,116046,2023-11-07 21:00:00,3,train
625810,116047,2023-11-07 21:00:00,3,train
611950,116049,2023-11-08 08:30:00,3,train
640016,116050,2023-11-08 11:35:00,3,train
640016,116051,2023-11-08 11:35:00,3,train
640016,116053,2023-11-08 11:35:00,3,train
634158,116052,2023-11-08 12:30:00,3,train
634158,116054,2023-11-08 12:30:00,3,train
637705,116056,2023-11-08 15:30:00,3,train
637705,116057,2023-11-08 15:30:00,3,train
638391,116058,2023-11-08 18:30:00,3,train
638391,116059,2023-11-08 18:30:00,3,train
638391,116060,2023-11-08 18:30:00,3,train
638216,116066,2023-11-08 21:00:00,3,train
638216,116069,2023-11-08 21:00:00,3,train
638216,116074,2023-11-08 21:00:00,3,train
638217,116065,2023-11-08 21:00:00,3,train
638217,116072,2023-11-08 21:00:00,3,train
638217,116078,2023-11-08 21:00:00,3,train
638380,116064,2023-11-08 21:00:00,3,train
638380,116077,2023-11-08 21:00:00,3,train
638381,116061,2023-11-08 21:00:00,3,train
638381,116068,2023-11-08 21:00:00,3,train
638387,116063,2023-11-08 21:00:00,3,train
638387,116070,2023-11-08 21:00:00,3,train
638387,116075,2023-11-08 21:00:00,3,train
638557,116062,2023-11-08 21:00:00,3,train
638557,116071,2023-11-08 21:00:00,3,train
637062,116067,2023-11-08 21:30:00,3,train
637062,116073,2023-11-08 21:30:00,3,train
637062,116076,2023-11-08 21:30:00,3,train
611949,116079,2023-11-09 07:00:00,3,train
611948,116084,2023-11-09 08:30:00,3,train
644047,116085,2023-11-09 12:30:00,3,train
644047,116086,2023-11-09 12:30:00,3,train
644047,116087,2023-11-09 12:30:00,3,train
641382,116088,2023-11-09 14:30:00,3,train
641382,116090,2023-11-09 14:30:00,3,train
641382,116092,2023-11-09 14:30:00,3,train
644046,116089,2023-11-09 16:15:00,3,train
644046,116091,2023-11-09 16:15:00,3,train
642324,116093,2023-11-09 18:15:00,3,train
642324,116094,2023-11-09 18:15:00,3,train
645591,116095,2023-11-09 20:40:00,3,train
645591,116096,2023-11-09 20:40:00,3,train
645504,116097,2023-11-11 07:00:00,3,train
645504,116098,2023-11-11 07:00:00,3,train
645503,116099,2023-11-11 10:00:00,3,train
645503,116100,2023-11-11 10:00:00,3,train
645503,116101,2023-11-11 10:00:00,3,train
632665,116102,2023-11-11 17:55:00,3,train
632665,116103,2023-11-11 17:55:00,3,train
642313,116106,2023-11-11 21:00:00,3,train
642322,116104,2023-11-11 21:00:00,3,train
642322,116105,2023-11-11 21:00:00,3,train
650639,116107,2023-11-12 07:00:00,3,train
650639,116108,2023-11-12 07:00:00,3,train
650639,116109,2023-11-12 07:00:00,3,train
651309,116110,2023-11-12 10:30:00,3,train
651309,116111,2023-11-12 10:30:00,3,train
651309,116112,2023-11-12 10:30:00,3,train
655887,116113,2023-11-12 16:15:00,3,train
655887,116114,2023-11-12 16:15:00,3,train
632664,116115,2023-11-12 17:55:00,3,train
632664,116116,2023-11-12 17:55:00,3,train
625956,116117,2023-11-12 21:00:00,3,train
625956,116118,2023-11-12 21:00:00,3,train
625957,116119,2023-11-12 21:00:00,3,train
625957,116121,2023-11-12 21:00:00,3,train
625959,116122,2023-11-12 21:00:00,3,train
653253,116120,2023-11-12 21:00:00,3,train
653253,116123,2023-11-12 21:00:00,3,train
651571,116124,2023-11-13 13:30:00,3,train
651571,116125,2023-11-13 13:30:00,3,train
651571,116126,2023-11-13 13:30:00,3,train
651399,116127,2023-11-13 15:00:00,3,train
651570,116128,2023-11-13 16:30:00,3,train
651570,116129,2023-11-13 16:30:00,3,train
651570,116130,2023-11-13 16:30:00,3,train
656853,116132,2023-11-13 17:55:00,3,train
651398,116131,2023-11-13 18:00:00,3,train
651398,116133,2023-11-13 18:00:00,3,train
651398,116135,2023-11-13 18:00:00,3,train
651569,116134,2023-11-13 19:30:00,3,train
651569,116136,2023-11-13 19:30:00,3,train
651569,116137,2023-11-13 19:30:00,3,train
651568,116138,2023-11-13 23:00:00,3,train
651568,116139,2023-11-13 23:00:00,3,train
651568,116140,2023-11-13 23:00:00,3,train
662108,116141,2023-11-14 13:30:00,3,train
662108,116142,2023-11-14 13:30:00,3,train
662108,116144,2023-11-14 13:30:00,3,train
656852,116143,2023-11-14 14:55:00,3,train
656852,116145,2023-11-14 14:55:00,3,train
662109,116146,2023-11-14 17:00:00,3,train
662109,116149,2023-11-14 17:00:00,3,train
651396,116147,2023-11-14 18:00:00,3,train
651396,116148,2023-11-14 18:00:00,3,train
662110,116150,2023-11-14 20:00:00,3,train
662110,116151,2023-11-14 20:00:00,3,train
662111,116152,2023-11-14 22:30:00,3,train
662111,116153,2023-11-14 22:30:00,3,train
656430,116154,2023-11-15 13:30:00,3,train
656430,116155,2023-11-15 13:30:00,3,train
656430,116157,2023-11-15 13:30:00,3,train
651395,116156,2023-11-15 15:00:00,3,train
651395,116158,2023-11-15 15:00:00,3,train
660879,116159,2023-11-15 17:00:00,3,train
660879,116160,2023-11-15 17:00:00,3,train
657483,116161,2023-11-15 19:30:00,3,train
661959,116162,2023-11-15 22:30:00,3,train
664715,116164,2023-11-16 13:00:00,3,train
664715,116166,2023-11-16 13:00:00,3,train
664715,116169,2023-11-16 13:00:00,3,train
669660,116163,2023-11-16 13:30:00,3,train
669660,116165,2023-11-16 13:30:00,3,train
651393,116167,2023-11-16 15:00:00,3,train
651393,116168,2023-11-16 15:00:00,3,train
670527,116171,2023-11-16 16:30:00,3,train
664714,116170,2023-11-16 16:55:00,3,train
664714,116172,2023-11-16 16:55:00,3,train
664713,116174,2023-11-16 19:30:00,3,train
664713,116175,2023-11-16 19:30:00,3,train
669835,116173,2023-11-16 19:30:00,3,train
664712,116178,2023-11-16 22:00:00,3,train
673619,116176,2023-11-16 22:00:00,3,train
673619,116177,2023-11-16 22:00:00,3,train
671591,116179,2023-11-16 23:30:00,3,train
674022,116180,2023-11-17 10:30:00,3,train
674022,116181,2023-11-17 10:30:00,3,train
674023,116182,2023-11-17 10:30:00,3,train
674023,116183,2023-11-17 10:30:00,3,train
673567,116184,2023-11-17 13:00:00,3,train
673567,116185,2023-11-17 13:00:00,3,train
674356,116187,2023-11-17 13:30:00,3,train
674356,116188,2023-11-17 13:30:00,3,train
673566,116186,2023-11-17 14:10:00,3,train
673566,116189,2023-11-17 14:10:00,3,train
673566,116190,2023-11-17 14:10:00,3,train
676206,116191,2023-11-17 15:00:00,3,train
676206,116192,2023-11-17 15:00:00,3,train
673506,116193,2023-11-17 16:30:00,3,train
673506,116195,2023-11-17 16:30:00,3,train
674377,116194,2023-11-17 17:30:00,3,train
674377,116197,2023-11-17 17:30:00,3,train
674377,116200,2023-11-17 17:30:00,3,train
674833,116196,2023-11-17 17:30:00,3,train
674833,116199,2023-11-17 17:30:00,3,train
674487,116198,2023-11-17 19:00:00,3,train
670009,116201,2023-11-17 19:30:00,3,train
670009,116202,2023-11-17 19:30:00,3,train
670009,116203,2023-11-17 19:30:00,3,train
677665,116206,2023-11-17 22:00:00,3,train
670522,116207,2023-11-17 22:30:00,3,train
674486,116204,2023-11-17 23:00:00,3,train
674486,116205,2023-11-17 23:00:00,3,train
677273,116208,2023-11-18 10:30:00,3,train
677273,116209,2023-11-18 10:30:00,3,train
678440,116210,2023-11-18 17:00:00,3,train
681265,116211,2023-11-18 22:00:00,3,train
682582,116212,2023-11-19 17:00:00,3,train
682582,116214,2023-11-19 17:00:00,3,train
682582,116215,2023-11-19 17:00:00,3,train
682152,116213,2023-11-19 18:00:00,3,train
682152,116216,2023-11-19 18:00:00,3,train
684959,116217,2023-11-19 21:00:00,3,train
684959,116218,2023-11-19 21:00:00,3,train
678163,116220,2023-11-20 14:55:00,3,train
678163,116222,2023-11-20 14:55:00,3,train
685242,116223,2023-11-20 18:15:00,3,train
685242,116225,2023-11-20 18:15:00,3,train
685210,116224,2023-11-20 19:00:00,3,train
685210,116226,2023-11-20 19:00:00,3,train
688032,116227,2023-11-20 20:55:00,3,train
688032,116228,2023-11-20 20:55:00,3,train
679896,116229,2023-11-21 15:00:00,3,train
688340,116230,2023-11-21 17:55:00,3,train
688340,116232,2023-11-21 17:55:00,3,train
657209,116233,2023-11-21 21:00:00,3,train
657380,116231,2023-11-21 21:00:00,3,train
644620,116234,2023-11-22 12:00:00,3,train
644620,116235,2023-11-22 12:00:00,3,train
644619,116236,2023-11-22 14:10:00,3,train
644619,116238,2023-11-22 14:10:00,3,train
644619,116240,2023-11-22 14:10:00,3,train
679894,116237,2023-11-22 15:00:00,3,train
679894,116239,2023-11-22 15:00:00,3,train
644618,116241,2023-11-22 17:50:00,3,train
644618,116243,2023-11-22 17:50:00,3,train
679893,116242,2023-11-22 18:00:00,3,train
679893,116244,2023-11-22 18:00:00,3,train
644787,116245,2023-11-22 19:45:00,3,train
644787,116246,2023-11-22 19:45:00,3,train
694317,116247,2023-11-23 12:00:00,3,train
694317,116248,2023-11-23 12:00:00,3,train
694316,116249,2023-11-23 14:30:00,3,train
694316,116251,2023-11-23 14:30:00,3,train
694316,116253,2023-11-23 14:30:00,3,train
679892,116250,2023-11-23 15:00:00,3,train
679892,116252,2023-11-23 15:00:00,3,train
676202,116255,2023-11-23 18:00:00,3,train
676202,116257,2023-11-23 18:00:00,3,train
676202,116260,2023-11-23 18:00:00,3,train
679891,116254,2023-11-23 18:00:00,3,train
679891,116259,2023-11-23 18:00:00,3,train
695007,116256,2023-11-23 18:15:00,3,train
695007,116258,2023-11-23 18:15:00,3,train
695006,116261,2023-11-23 20:55:00,3,train
695006,116262,2023-11-23 20:55:00,3,train
695006,116264,2023-11-23 20:55:00,3,train
676204,116263,2023-11-23 21:00:00,3,train
676204,116265,2023-11-23 21:00:00,3,train
676200,116271,2023-11-24 12:00:00,3,train
676199,116272,2023-11-24 13:25:00,3,train
676198,116273,2023-11-24 14:50:00,3,train
676197,116274,2023-11-24 16:45:00,3,train
697699,116275,2023-11-24 17:30:00,3,train
697699,116278,2023-11-24 17:30:00,3,train
698192,116276,2023-11-24 18:00:00,3,train
698192,116279,2023-11-24 18:00:00,3,train
698192,116280,2023-11-24 18:00:00,3,train
699513,116277,2023-11-24 18:30:00,3,train
699860,116282,2023-11-24 20:00:00,3,train
698004,116281,2023-11-24 20:10:00,3,train
698004,116283,2023-11-24 20:10:00,3,train
698004,116286,2023-11-24 20:10:00,3,train
698605,116285,2023-11-24 21:30:00,3,train
699859,116284,2023-11-24 22:20:00,3,train
699859,116287,2023-11-24 22:20:00,3,train
699859,116288,2023-11-24 22:20:00,3,train
698604,116289,2023-11-24 23:00:00,3,train
698604,116290,2023-11-24 23:00:00,3,train
698604,116291,2023-11-24 23:00:00,3,train
698193,116292,2023-11-25 01:30:00,3,train
698193,116293,2023-11-25 01:30:00,3,train
698193,116294,2023-11-25 01:30:00,3,train
699512,116295,2023-11-25 12:00:00,3,train
699512,116296,2023-11-25 12:00:00,3,train
700790,116297,2023-11-25 14:35:00,3,train
700790,116298,2023-11-25 14:35:00,3,train
702291,116299,2023-11-25 17:15:00,3,train
702291,116301,2023-11-25 17:15:00,3,train
700107,116300,2023-11-25 17:30:00,3,train
700107,116302,2023-11-25 17:30:00,3,train
700107,116303,2023-11-25 17:30:00,3,train
701026,116304,2023-11-25 18:00:00,3,train
701381,116305,2023-11-25 21:30:00,3,train
701381,116307,2023-11-25 21:30:00,3,train
701381,116309,2023-11-25 21:30:00,3,train
700568,116306,2023-11-25 21:40:00,3,train
700568,116308,2023-11-25 21:40:00,3,train
700568,116310,2023-11-25 21:40:00,3,train
703259,116311,2023-11-26 01:00:00,3,train
703259,116312,2023-11-26 01:00:00,3,train
703471,116313,2023-11-26 03:30:00,3,train
703471,116314,2023-11-26 03:30:00,3,train
702946,116315,2023-11-26 11:00:00,3,train
702946,116316,2023-11-26 11:00:00,3,train
702946,116317,2023-11-26 11:00:00,3,train
702945,116318,2023-11-26 15:00:00,3,train
702945,116319,2023-11-26 15:00:00,3,train
702945,116320,2023-11-26 15:00:00,3,train
703484,116321,2023-11-26 19:00:00,3,train
703484,116322,2023-11-26 19:00:00,3,train
703893,116323,2023-11-26 21:20:00,3,train
703893,116324,2023-11-26 21:20:00,3,train
703893,116325,2023-11-26 21:20:00,3,train
700057,116328,2023-11-28 15:00:00,3,train
700057,116329,2023-11-28 15:00:00,3,train
700056,116330,2023-11-28 18:00:00,3,train
686700,116331,2023-11-29 14:00:00,3,train
700055,116333,2023-11-29 15:00:00,3,train
700055,116334,2023-11-29 15:00:00,3,train
686699,116332,2023-11-29 15:15:00,3,train
700054,116335,2023-11-29 18:00:00,3,train
700054,116337,2023-11-29 18:00:00,3,train
713239,116336,2023-11-29 18:00:00,3,train
713239,116338,2023-11-29 18:00:00,3,train
713239,116339,2023-11-29 18:00:00,3,train
713238,116340,2023-11-29 21:15:00,3,train
713238,116341,2023-11-29 21:15:00,3,train
713238,116342,2023-11-29 21:15:00,3,train
705447,116343,2023-11-30 13:30:00,3,train
705447,116345,2023-11-30 13:30:00,3,train
705447,116346,2023-11-30 13:30:00,3,train
686698,116344,2023-11-30 14:00:00,3,train
700053,116348,2023-11-30 15:00:00,3,train
686697,116347,2023-11-30 16:00:00,3,train
715731,116349,2023-11-30 18:00:00,3,train
715731,116350,2023-11-30 18:00:00,3,train
705443,116351,2023-11-30 19:30:00,3,train
705443,116352,2023-11-30 19:30:00,3,train
715730,116353,2023-11-30 20:30:00,3,train
715730,116354,2023-11-30 20:30:00,3,train
715730,116355,2023-11-30 20:30:00,3,train
705442,116356,2023-12-01 13:30:00,3,train
705442,116357,2023-12-01 13:30:00,3,train
705442,116358,2023-12-01 13:30:00,3,train
705446,116359,2023-12-01 16:30:00,3,train
705446,116361,2023-12-01 16:30:00,3,train
714117,116360,2023-12-01 17:00:00,3,train
714117,116362,2023-12-01 17:00:00,3,train
714117,116364,2023-12-01 17:00:00,3,train
710108,116363,2023-12-01 18:20:00,3,train
710108,116365,2023-12-01 18:20:00,3,train
705445,116366,2023-12-01 19:30:00,3,train
705445,116367,2023-12-01 19:30:00,3,train
716325,116368,2023-12-01 20:50:00,3,train
716325,116370,2023-12-01 20:50:00,3,train
710107,116369,2023-12-01 21:00:00,3,train
710107,116372,2023-12-01 21:00:00,3,train
712803,116371,2023-12-01 22:30:00,3,train
718350,116373,2023-12-02 16:30:00,3,train
718350,116375,2023-12-02 16:30:00,3,train
718273,116374,2023-12-02 17:00:00,3,train
718273,116376,2023-12-02 17:00:00,3,train
716310,116377,2023-12-02 19:30:00,3,train
716310,116380,2023-12-02 19:30:00,3,train
718274,116378,2023-12-02 20:00:00,3,train
718274,116379,2023-12-02 20:00:00,3,train
717650,116381,2023-12-02 22:30:00,3,train
717826,116382,2023-12-03 13:30:00,3,train
717826,116383,2023-12-03 13:30:00,3,train
718354,116384,2023-12-03 17:10:00,3,train
718354,116386,2023-12-03 17:10:00,3,train
720310,116385,2023-12-03 18:00:00,3,train
720310,116387,2023-12-03 18:00:00,3,train
720310,116389,2023-12-03 18:00:00,3,train
720310,116390,2023-12-03 18:00:00,3,train
717652,116388,2023-12-03 20:30:00,3,train
716311,116391,2023-12-03 22:30:00,3,train
716311,116392,2023-12-03 22:30:00,3,train
722448,116393,2023-12-04 13:30:00,3,train
722448,116394,2023-12-04 13:30:00,3,train
722448,116395,2023-12-04 13:30:00,3,train
722284,116397,2023-12-04 16:45:00,3,train
722284,116399,2023-12-04 16:45:00,3,train
722034,116400,2023-12-04 19:30:00,3,train
722034,116401,2023-12-04 19:30:00,3,train
722700,116402,2023-12-04 22:30:00,3,train
722700,116403,2023-12-04 22:30:00,3,train
722700,116404,2023-12-04 22:30:00,3,train
724305,116405,2023-12-05 13:30:00,3,train
724305,116407,2023-12-05 13:30:00,3,train
714458,116406,2023-12-05 14:15:00,3,train
714458,116408,2023-12-05 14:15:00,3,train
718164,116409,2023-12-05 15:00:00,3,train
718164,116411,2023-12-05 15:00:00,3,train
724676,116410,2023-12-05 16:30:00,3,train
724676,116412,2023-12-05 16:30:00,3,train
714457,116413,2023-12-05 17:25:00,3,train
714457,116414,2023-12-05 17:25:00,3,train
718163,116415,2023-12-05 18:15:00,3,train
718163,116416,2023-12-05 18:15:00,3,train
722282,116417,2023-12-05 19:30:00,3,train
665459,116418,2023-12-05 21:00:00,3,train
665459,116421,2023-12-05 21:00:00,3,train
718165,116419,2023-12-05 21:00:00,3,train
665456,116423,2023-12-05 22:00:00,3,train
722695,116420,2023-12-05 22:30:00,3,train
722695,116422,2023-12-05 22:30:00,3,train
714456,116424,2023-12-06 12:25:00,3,train
714456,116425,2023-12-06 12:25:00,3,train
714456,116427,2023-12-06 12:25:00,3,train
727022,116426,2023-12-06 13:30:00,3,train
727022,116428,2023-12-06 13:30:00,3,train
726727,116429,2023-12-06 16:30:00,3,train
726727,116431,2023-12-06 16:30:00,3,train
726727,116433,2023-12-06 16:30:00,3,train
714455,116430,2023-12-06 17:00:00,3,train
714455,116432,2023-12-06 17:00:00,3,train
718161,116434,2023-12-06 18:30:00,3,train
718161,116435,2023-12-06 18:30:00,3,train
718161,116438,2023-12-06 18:30:00,3,train
727021,116436,2023-12-06 19:30:00,3,train
727021,116437,2023-12-06 19:30:00,3,train
726930,116441,2023-12-06 21:00:00,3,train
726930,116444,2023-12-06 21:00:00,3,train
727033,116439,2023-12-06 21:00:00,3,train
727033,116443,2023-12-06 21:00:00,3,train
727033,116446,2023-12-06 21:00:00,3,train
727282,116440,2023-12-06 21:00:00,3,train
727282,116442,2023-12-06 21:00:00,3,train
727282,116445,2023-12-06 21:00:00,3,train
729100,116447,2023-12-07 12:00:00,3,train
729100,116448,2023-12-07 12:00:00,3,train
729555,116450,2023-12-07 15:00:00,3,train
729555,116451,2023-12-07 15:00:00,3,train
729555,116452,2023-12-07 15:00:00,3,train
726504,116449,2023-12-07 16:00:00,3,train
726504,116453,2023-12-07 16:00:00,3,train
726504,116456,2023-12-07 16:00:00,3,train
729554,116455,2023-12-07 18:00:00,3,train
729554,116457,2023-12-07 18:00:00,3,train
729783,116454,2023-12-07 18:00:00,3,train
729783,116458,2023-12-07 18:00:00,3,train
729783,116459,2023-12-07 18:00:00,3,train
729099,116460,2023-12-07 20:10:00,3,train
729099,116463,2023-12-07 20:10:00,3,train
729553,116466,2023-12-07 21:00:00,3,train
729673,116461,2023-12-07 21:00:00,3,train
729673,116464,2023-12-07 21:00:00,3,train
729674,116462,2023-12-07 21:00:00,3,train
729674,116465,2023-12-07 21:00:00,3,train
729675,116467,2023-12-07 21:00:00,3,train
721563,116468,2023-12-08 13:25:00,3,train
731974,116469,2023-12-08 16:10:00,3,train
731974,116470,2023-12-08 16:10:00,3,train
721561,116471,2023-12-08 17:00:00,3,train
733305,116472,2023-12-08 19:05:00,3,train
732062,116473,2023-12-08 21:15:00,3,train
732062,116476,2023-12-08 21:15:00,3,train
733533,116474,2023-12-08 22:00:00,3,train
733533,116475,2023-12-08 22:00:00,3,train
733242,116477,2023-12-09 14:30:00,3,train
733242,116480,2023-12-09 14:30:00,3,train
733782,116479,2023-12-09 16:00:00,3,train
733782,116482,2023-12-09 16:00:00,3,train
733929,116478,2023-12-09 16:00:00,3,train
733929,116481,2023-12-09 16:00:00,3,train
734026,116483,2023-12-09 21:00:00,3,train
734026,116484,2023-12-09 21:00:00,3,train
735354,116485,2023-12-10 12:00:00,3,train
735426,116486,2023-12-10 13:55:00,3,train
735426,116487,2023-12-10 13:55:00,3,train
735426,116488,2023-12-10 13:55:00,3,train
735426,116489,2023-12-10 13:55:00,3,train
735426,116490,2023-12-10 13:55:00,3,train
735864,116491,2023-12-10 21:00:00,3,train
734773,116495,2023-12-11 15:00:00,3,train
734773,116496,2023-12-11 15:00:00,3,train
734773,116497,2023-12-11 15:00:00,3,train
734771,116498,2023-12-11 21:00:00,3,train
734771,116499,2023-12-11 21:00:00,3,train
734771,116500,2023-12-11 21:00:00,3,train
739218,116501,2023-12-12 12:00:00,3,train
739218,116502,2023-12-12 12:00:00,3,train
738902,116503,2023-12-12 18:00:00,3,train
738902,116505,2023-12-12 18:00:00,3,train
738902,116507,2023-12-12 18:00:00,3,train
739488,116504,2023-12-12 18:00:00,3,train
738803,116506,2023-12-12 21:00:00,3,train
718511,116508,2023-12-13 09:00:00,3,train
718511,116509,2023-12-13 09:00:00,3,train
718510,116510,2023-12-13 11:25:00,3,train
718510,116511,2023-12-13 11:25:00,3,train
718509,116512,2023-12-13 13:35:00,3,train
718509,116513,2023-12-13 13:35:00,3,train
718508,116514,2023-12-13 16:10:00,3,train
718508,116515,2023-12-13 16:10:00,3,train
741744,116516,2023-12-13 18:00:00,3,train
743206,116517,2023-12-14 09:00:00,3,train
743206,116518,2023-12-14 09:00:00,3,train
743206,116519,2023-12-14 09:00:00,3,train
743205,116520,2023-12-14 12:00:00,3,train
743205,116521,2023-12-14 12:00:00,3,train
743698,116522,2023-12-14 14:30:00,3,train
743698,116523,2023-12-14 14:30:00,3,train
743697,116524,2023-12-14 16:30:00,3,train
743697,116525,2023-12-14 16:30:00,3,train
743697,116526,2023-12-14 16:30:00,3,train
745398,116527,2023-12-15 12:00:00,3,train
745398,116528,2023-12-15 12:00:00,3,train
745730,116529,2023-12-15 14:15:00,3,train
745730,116530,2023-12-15 14:15:00,3,train
745730,116531,2023-12-15 14:15:00,3,train
729299,116532,2023-12-15 18:00:00,3,train
729298,116533,2023-12-15 19:50:00,3,train
729300,116534,2023-12-15 21:10:00,3,train
729301,116535,2023-12-15 22:40:00,3,train
747512,116536,2023-12-16 00:30:00,3,train
746971,116537,2023-12-16 14:30:00,3,train
746971,116538,2023-12-16 14:30:00,3,train
747276,116539,2023-12-16 17:30:00,3,train
747276,116541,2023-12-16 17:30:00,3,train
747511,116542,2023-12-16 18:00:00,3,train
748298,116543,2023-12-16 20:45:00,3,train
748298,116544,2023-12-16 20:45:00,3,train
749416,116545,2023-12-16 23:15:00,3,train
749416,116546,2023-12-16 23:15:00,3,train
749339,116547,2023-12-17 17:00:00,3,train
749339,116549,2023-12-17 17:00:00,3,train
749770,116548,2023-12-17 17:00:00,3,train
749770,116550,2023-12-17 17:00:00,3,train
749769,116551,2023-12-17 19:45:00,3,train
749769,116552,2023-12-17 19:45:00,3,train
749769,116553,2023-12-17 19:45:00,3,train
751439,116554,2023-12-18 00:15:00,3,train
751439,116555,2023-12-18 00:15:00,3,train
759392,116558,2023-12-27 16:30:00,3,train
759392,116559,2023-12-27 16:30:00,3,train
759391,116560,2023-12-27 19:45:00,3,train
759391,116561,2023-12-27 19:45:00,3,train
759391,116562,2023-12-27 19:45:00,3,train
762276,116563,2023-12-28 13:00:00,3,train
762276,116564,2023-12-28 13:00:00,3,train
762276,116565,2023-12-28 13:00:00,3,train
762528,116566,2023-12-28 18:00:00,3,train
762528,116567,2023-12-28 18:00:00,3,train
763322,116568,2023-12-29 13:00:00,3,train
762527,116569,2023-12-29 15:30:00,3,train
762527,116570,2023-12-29 15:30:00,3,train
762527,116571,2023-12-29 15:30:00,3,train
764514,116572,2023-12-30 13:00:00,3,train
764514,116573,2023-12-30 13:00:00,3,train
765392,116574,2023-12-30 18:00:00,3,train
765392,116575,2023-12-30 18:00:00,3,train
778713,116579,2024-01-11 18:00:00,3,train
778715,116578,2024-01-11 18:00:00,3,train
778716,116580,2024-01-11 18:00:00,3,train
778717,116576,2024-01-11 18:00:00,3,train
778766,116577,2024-01-11 18:00:00,3,train
780414,116584,2024-01-13 05:00:00,3,train
780415,116583,2024-01-13 05:00:00,3,train
780416,116582,2024-01-13 05:00:00,3,train
780410,116587,2024-01-13 06:00:00,3,train
780411,116585,2024-01-13 06:00:00,3,train
780412,116586,2024-01-13 06:00:00,3,train
780413,116588,2024-01-13 06:00:00,3,train
781003,116589,2024-01-13 16:30:00,3,train
781057,116591,2024-01-13 18:00:00,3,train
781060,116590,2024-01-13 18:00:00,3,train
790966,116593,2024-01-18 19:05:00,3,train
790976,116592,2024-01-18 19:15:00,3,train
794080,116596,2024-01-18 22:00:00,3,train
794081,116597,2024-01-18 22:00:00,3,train
794083,116598,2024-01-18 22:00:00,3,train
794088,116595,2024-01-18 22:00:00,3,train
794090,116594,2024-01-18 22:00:00,3,train
794092,116599,2024-01-18 22:00:00,3,train
792766,116604,2024-01-19 02:00:00,3,train
792768,116602,2024-01-19 02:00:00,3,train
792769,116601,2024-01-19 02:00:00,3,train
781521,116606,2024-01-19 08:00:00,3,train
781520,116605,2024-01-19 09:00:00,3,train
794641,116608,2024-01-19 18:00:00,3,train
794642,116607,2024-01-19 18:00:00,3,train
794644,116609,2024-01-19 18:00:00,3,train
794645,116611,2024-01-19 18:00:00,3,train
794647,116610,2024-01-19 18:00:00,3,train
794635,116614,2024-01-19 19:15:00,3,train
794635,116616,2024-01-19 19:15:00,3,train
794635,116625,2024-01-19 19:15:00,3,train
794636,116612,2024-01-19 19:15:00,3,train
794636,116615,2024-01-19 19:15:00,3,train
794636,116618,2024-01-19 19:15:00,3,train
794639,116613,2024-01-19 19:15:00,3,train
794639,116617,2024-01-19 19:15:00,3,train
787191,116621,2024-01-19 22:00:00,3,train
787192,116622,2024-01-19 22:00:00,3,train
794633,116624,2024-01-19 22:00:00,3,train
794633,116630,2024-01-19 22:00:00,3,train
794637,116619,2024-01-19 22:10:00,3,train
794637,116628,2024-01-19 22:10:00,3,train
794638,116623,2024-01-19 22:10:00,3,train
794638,116631,2024-01-19 22:10:00,3,train
787187,116629,2024-01-19 23:10:00,3,train
787188,116634,2024-01-20 01:00:00,3,train
787190,116633,2024-01-20 01:00:00,3,train
795943,116635,2024-01-20 08:00:00,3,train
795943,116636,2024-01-20 08:00:00,3,train
795995,116637,2024-01-20 08:00:00,3,train
795995,116638,2024-01-20 08:00:00,3,train
796377,116643,2024-01-20 11:00:00,3,train
796377,116649,2024-01-20 11:00:00,3,train
796378,116641,2024-01-20 11:00:00,3,train
796378,116647,2024-01-20 11:00:00,3,train
796378,116648,2024-01-20 11:00:00,3,train
796381,116640,2024-01-20 11:00:00,3,train
796381,116645,2024-01-20 11:00:00,3,train
796508,116642,2024-01-20 11:00:00,3,train
796508,116646,2024-01-20 11:00:00,3,train
796508,116650,2024-01-20 11:00:00,3,train
798969,116639,2024-01-20 11:00:00,3,train
798969,116644,2024-01-20 11:00:00,3,train
797873,116655,2024-01-20 15:00:00,3,train
797873,116661,2024-01-20 15:00:00,3,train
797873,116665,2024-01-20 15:00:00,3,train
797874,116652,2024-01-20 15:00:00,3,train
797874,116656,2024-01-20 15:00:00,3,train
797879,116653,2024-01-20 15:00:00,3,train
797879,116658,2024-01-20 15:00:00,3,train
797880,116651,2024-01-20 15:00:00,3,train
797880,116660,2024-01-20 15:00:00,3,train
797881,116654,2024-01-20 15:00:00,3,train
797881,116657,2024-01-20 15:00:00,3,train
799496,116659,2024-01-20 15:30:00,3,train
799496,116662,2024-01-20 15:30:00,3,train
797870,116664,2024-01-20 18:00:00,3,train
797870,116669,2024-01-20 18:00:00,3,train
797872,116666,2024-01-20 18:00:00,3,train
797872,116671,2024-01-20 18:00:00,3,train
797876,116667,2024-01-20 18:05:00,3,train
797876,116670,2024-01-20 18:05:00,3,train
797878,116668,2024-01-20 18:05:00,3,train
797878,116672,2024-01-20 18:05:00,3,train
800315,116674,2024-01-20 21:20:00,3,train
800316,116673,2024-01-20 21:20:00,3,train
800317,116675,2024-01-20 21:20:00,3,train
800317,116676,2024-01-20 21:20:00,3,train
799131,116678,2024-01-21 02:00:00,3,train
799132,116677,2024-01-21 02:00:00,3,train
796253,116680,2024-01-21 06:00:00,3,train
799363,116679,2024-01-21 06:00:00,3,train
799363,116681,2024-01-21 06:00:00,3,train
796336,116682,2024-01-21 08:00:00,3,train
796336,116683,2024-01-21 08:00:00,3,train
799585,116684,2024-01-21 11:00:00,3,train
799585,116685,2024-01-21 11:00:00,3,train
800038,116686,2024-01-21 12:00:00,3,train
800038,116689,2024-01-21 12:00:00,3,train
802131,116687,2024-01-21 12:00:00,3,train
802131,116688,2024-01-21 12:00:00,3,train
802329,116690,2024-01-21 14:00:00,3,train
802329,116691,2024-01-21 14:00:00,3,train
802329,116692,2024-01-21 14:00:00,3,train
801291,116695,2024-01-21 16:00:00,3,train
801292,116693,2024-01-21 16:00:00,3,train
801292,116694,2024-01-21 16:00:00,3,train
802166,116696,2024-01-21 20:00:00,3,train
802162,116701,2024-01-21 23:00:00,3,train
802162,116702,2024-01-21 23:00:00,3,train
802163,116697,2024-01-21 23:00:00,3,train
802164,116698,2024-01-21 23:00:00,3,train
802164,116699,2024-01-21 23:00:00,3,train
802164,116700,2024-01-21 23:00:00,3,train
805127,116703,2024-01-22 13:15:00,3,train
805127,116707,2024-01-22 13:15:00,3,train
805127,116709,2024-01-22 13:15:00,3,train
805128,116704,2024-01-22 13:15:00,3,train
805128,116705,2024-01-22 13:15:00,3,train
787382,116706,2024-01-22 14:00:00,3,train
787382,116708,2024-01-22 14:00:00,3,train
787381,116710,2024-01-22 15:50:00,3,train
787381,116711,2024-01-22 15:50:00,3,train
787384,116712,2024-01-22 18:30:00,3,train
787384,116713,2024-01-22 18:30:00,3,train
787383,116715,2024-01-22 20:25:00,3,train
805765,116716,2024-01-23 08:30:00,3,train
805765,116717,2024-01-23 08:30:00,3,train
805765,116718,2024-01-23 08:30:00,3,train
806178,116719,2024-01-23 14:00:00,3,train
806178,116720,2024-01-23 14:00:00,3,train
806178,116721,2024-01-23 14:00:00,3,train
806177,116722,2024-01-23 17:40:00,3,train
806177,116723,2024-01-23 17:40:00,3,train
806778,116724,2024-01-23 19:30:00,3,train
806778,116725,2024-01-23 19:30:00,3,train
806778,116726,2024-01-23 19:30:00,3,train
806777,116727,2024-01-23 22:50:00,3,train
806777,116728,2024-01-23 22:50:00,3,train
787380,116729,2024-01-24 14:00:00,3,train
787380,116730,2024-01-24 14:00:00,3,train
787379,116731,2024-01-24 16:35:00,3,train
787379,116732,2024-01-24 16:35:00,3,train
787379,116733,2024-01-24 16:35:00,3,train
787378,116734,2024-01-24 20:00:00,3,train
787378,116735,2024-01-24 20:00:00,3,train
787377,116736,2024-01-24 22:15:00,3,train
787377,116737,2024-01-24 22:15:00,3,train
812850,116738,2024-01-25 14:00:00,3,train
812850,116739,2024-01-25 14:00:00,3,train
812849,116740,2024-01-25 16:10:00,3,train
812849,116741,2024-01-25 16:10:00,3,train
813406,116742,2024-01-25 18:30:00,3,train
813406,116743,2024-01-25 18:30:00,3,train
813406,116744,2024-01-25 18:30:00,3,train
813405,116745,2024-01-25 22:00:00,3,train
813405,116746,2024-01-25 22:00:00,3,train
813405,116747,2024-01-25 22:00:00,3,train
810096,116748,2024-01-26 14:00:00,3,train
810096,116749,2024-01-26 14:00:00,3,train
810096,116750,2024-01-26 14:00:00,3,train
809464,116751,2024-01-26 17:30:00,3,train
809464,116752,2024-01-26 17:30:00,3,train
815409,116753,2024-01-26 19:45:00,3,train
815409,116754,2024-01-26 19:45:00,3,train
815409,116755,2024-01-26 19:45:00,3,train
816384,116756,2024-01-26 23:00:00,3,train
816384,116757,2024-01-26 23:00:00,3,train
818252,116758,2024-01-27 14:00:00,3,train
818252,116759,2024-01-27 14:00:00,3,train
818252,116760,2024-01-27 14:00:00,3,train
818472,116761,2024-01-27 17:25:00,3,train
818472,116762,2024-01-27 17:25:00,3,train
818886,116763,2024-01-27 19:30:00,3,train
818886,116764,2024-01-27 19:30:00,3,train
819092,116765,2024-01-27 21:40:00,3,train
819092,116766,2024-01-27 21:40:00,3,train
821411,116767,2024-01-28 16:30:00,3,train
821411,116768,2024-01-28 16:30:00,3,train
821411,116769,2024-01-28 16:30:00,3,train
821095,116770,2024-01-28 20:30:00,3,train
821095,116771,2024-01-28 20:30:00,3,train
822509,116772,2024-01-29 17:00:00,3,train
822509,116773,2024-01-29 17:00:00,3,train
822508,116774,2024-01-30 14:00:00,3,train
822508,116775,2024-01-30 14:00:00,3,train
826771,116778,2024-01-30 20:00:00,3,train
822506,116779,2024-01-31 14:00:00,3,train
822505,116780,2024-01-31 17:00:00,3,train
822505,116782,2024-01-31 17:00:00,3,train
822505,116783,2024-01-31 17:00:00,3,train
800026,116781,2024-01-31 17:30:00,3,train
800025,116784,2024-01-31 18:45:00,3,train
800023,116785,2024-01-31 19:55:00,3,train
800022,116786,2024-01-31 20:00:00,3,train
800024,116787,2024-01-31 20:45:00,3,train
800021,116788,2024-01-31 21:00:00,3,train
831944,116789,2024-01-31 22:10:00,3,train
831944,116790,2024-01-31 22:10:00,3,train
831944,116791,2024-01-31 22:10:00,3,train
822504,116794,2024-02-01 14:00:00,3,train
822504,116795,2024-02-01 14:00:00,3,train
822504,116796,2024-02-01 14:00:00,3,train
832380,116793,2024-02-01 15:30:00,3,train
832380,116798,2024-02-01 15:30:00,3,train
832380,116800,2024-02-01 15:30:00,3,train
832381,116792,2024-02-01 15:30:00,3,train
832381,116797,2024-02-01 15:30:00,3,train
822503,116799,2024-02-01 17:00:00,3,train
822503,116801,2024-02-01 17:00:00,3,train
822503,116802,2024-02-01 17:00:00,3,train
832377,116803,2024-02-01 18:45:00,3,train
832377,116804,2024-02-01 18:45:00,3,train
832378,116805,2024-02-01 21:30:00,3,train
832378,116806,2024-02-01 21:30:00,3,train
832378,116809,2024-02-01 21:30:00,3,train
831943,116807,2024-02-01 22:30:00,3,train
831943,116808,2024-02-01 22:30:00,3,train
835097,116810,2024-02-02 18:30:00,3,train
835097,116812,2024-02-02 18:30:00,3,train
835097,116814,2024-02-02 18:30:00,3,train
835283,116811,2024-02-02 18:30:00,3,train
835283,116813,2024-02-02 18:30:00,3,train
835283,116815,2024-02-02 18:30:00,3,train
835282,116816,2024-02-02 22:00:00,3,train
835282,116817,2024-02-02 22:00:00,3,train
835282,116818,2024-02-02 22:00:00,3,train
837314,116820,2024-02-03 15:30:00,3,train
837314,116822,2024-02-03 15:30:00,3,train
837314,116823,2024-02-03 15:30:00,3,train
837316,116819,2024-02-03 15:30:00,3,train
837316,116821,2024-02-03 15:30:00,3,train
837315,116824,2024-02-03 19:25:00,3,train
837315,116825,2024-02-03 19:25:00,3,train
837315,116827,2024-02-03 19:25:00,3,train
837661,116826,2024-02-03 21:30:00,3,train
837661,116828,2024-02-03 21:30:00,3,train
837660,116829,2024-02-03 23:00:00,3,train
837660,116830,2024-02-03 23:00:00,3,train
837660,116831,2024-02-03 23:00:00,3,train
837313,116832,2024-02-04 15:30:00,3,train
837313,116834,2024-02-04 15:30:00,3,train
837659,116833,2024-02-04 15:30:00,3,train
837659,116835,2024-02-04 15:30:00,3,train
839543,116837,2024-02-04 18:30:00,3,train
839541,116838,2024-02-04 19:30:00,3,train
839541,116839,2024-02-04 19:30:00,3,train
839541,116840,2024-02-04 19:30:00,3,train
839270,116841,2024-02-04 23:00:00,3,train
839270,116842,2024-02-04 23:00:00,3,train
839270,116843,2024-02-04 23:00:00,3,train
839723,116847,2024-02-05 15:30:00,3,train
839723,116849,2024-02-05 15:30:00,3,train
839723,116850,2024-02-05 15:30:00,3,train
841470,116846,2024-02-05 15:30:00,3,train
841470,116848,2024-02-05 15:30:00,3,train
841469,116853,2024-02-05 18:30:00,3,train
839722,116852,2024-02-05 19:30:00,3,train
839722,116854,2024-02-05 19:30:00,3,train
841904,116855,2024-02-05 21:30:00,3,train
841904,116859,2024-02-05 21:30:00,3,train
841734,116856,2024-02-05 21:45:00,3,train
841734,116858,2024-02-05 21:45:00,3,train
841734,116860,2024-02-05 21:45:00,3,train
844176,116862,2024-02-06 15:30:00,3,train
844176,116865,2024-02-06 15:30:00,3,train
844329,116861,2024-02-06 15:30:00,3,train
844329,116864,2024-02-06 15:30:00,3,train
844329,116866,2024-02-06 15:30:00,3,train
837895,116867,2024-02-06 17:00:00,3,train
837895,116870,2024-02-06 17:00:00,3,train
842070,116868,2024-02-06 18:30:00,3,train
842070,116871,2024-02-06 18:30:00,3,train
844897,116869,2024-02-06 18:30:00,3,train
844897,116872,2024-02-06 18:30:00,3,train
844328,116873,2024-02-06 21:30:00,3,train
844328,116875,2024-02-06 21:30:00,3,train
847132,116874,2024-02-06 21:30:00,3,train
847132,116876,2024-02-06 21:30:00,3,train
837894,116877,2024-02-07 14:00:00,3,train
837894,116878,2024-02-07 14:00:00,3,train
837893,116879,2024-02-07 17:00:00,3,train
837893,116880,2024-02-07 17:00:00,3,train
837893,116881,2024-02-07 17:00:00,3,train
837892,116882,2024-02-08 14:00:00,3,train
837892,116883,2024-02-08 14:00:00,3,train
837891,116886,2024-02-08 17:30:00,3,train
837891,116890,2024-02-08 17:30:00,3,train
851025,116884,2024-02-08 17:30:00,3,train
851025,116888,2024-02-08 17:30:00,3,train
851026,116887,2024-02-08 17:30:00,3,train
851026,116891,2024-02-08 17:30:00,3,train
851027,116885,2024-02-08 17:30:00,3,train
851027,116889,2024-02-08 17:30:00,3,train
854449,116892,2024-02-08 21:30:00,3,train
854449,116894,2024-02-08 21:30:00,3,train
854449,116896,2024-02-08 21:30:00,3,train
854451,116893,2024-02-08 21:30:00,3,train
854452,116895,2024-02-08 21:30:00,3,train
849274,116897,2024-02-09 16:00:00,3,train
855147,116898,2024-02-09 17:30:00,3,train
847918,116899,2024-02-09 18:15:00,3,train
847918,116900,2024-02-09 18:15:00,3,train
847919,116901,2024-02-09 21:30:00,3,train
847919,116904,2024-02-09 21:30:00,3,train
847919,116905,2024-02-09 21:30:00,3,train
855148,116903,2024-02-09 21:30:00,3,train
857715,116902,2024-02-09 21:30:00,3,train
849272,116906,2024-02-10 16:00:00,3,train
858102,116908,2024-02-10 17:30:00,3,train
858102,116910,2024-02-10 17:30:00,3,train
857776,116907,2024-02-10 18:15:00,3,train
857776,116909,2024-02-10 18:15:00,3,train
858291,116911,2024-02-10 21:30:00,3,train
858291,116912,2024-02-10 21:30:00,3,train
861321,116913,2024-02-10 23:00:00,3,train
861529,116915,2024-02-11 19:00:00,3,train
861529,116916,2024-02-11 19:00:00,3,train
861529,116918,2024-02-11 19:00:00,3,train
862188,116917,2024-02-11 19:30:00,3,train
864737,116919,2024-02-11 22:00:00,3,train
864737,116920,2024-02-11 22:00:00,3,train
864737,116921,2024-02-11 22:00:00,3,train
849621,116923,2024-02-14 14:00:00,3,train
849622,116922,2024-02-14 14:00:00,3,train
849619,116924,2024-02-14 15:00:00,3,train
849618,116925,2024-02-14 16:00:00,3,train
849615,116927,2024-02-14 17:15:00,3,train
877145,116928,2024-02-14 19:00:00,3,train
877146,116929,2024-02-14 19:00:00,3,train
877142,116930,2024-02-14 20:40:00,3,train
877139,116931,2024-02-14 21:40:00,3,train
877141,116932,2024-02-14 22:10:00,3,train
878398,116934,2024-02-15 14:00:00,3,train
878396,116935,2024-02-15 14:55:00,3,train
878395,116936,2024-02-15 16:15:00,3,train
878395,116938,2024-02-15 16:15:00,3,train
878394,116937,2024-02-15 16:25:00,3,train
878394,116939,2024-02-15 16:25:00,3,train
878393,116940,2024-02-15 18:35:00,3,train
878393,116943,2024-02-15 18:35:00,3,train
878392,116941,2024-02-15 18:40:00,3,train
878392,116942,2024-02-15 18:40:00,3,train
878392,116944,2024-02-15 18:40:00,3,train
882161,116945,2024-02-16 14:00:00,3,train
882161,116946,2024-02-16 14:00:00,3,train
882161,116947,2024-02-16 14:00:00,3,train
882159,116949,2024-02-16 16:40:00,3,train
882159,116950,2024-02-16 16:40:00,3,train
882160,116948,2024-02-16 17:00:00,3,train
882160,116951,2024-02-16 17:00:00,3,train
882160,116952,2024-02-16 17:00:00,3,train
885878,116955,2024-02-17 14:00:00,3,train
885878,116956,2024-02-17 14:00:00,3,train
885878,116957,2024-02-17 14:00:00,3,train
885877,116958,2024-02-17 17:25:00,3,train
885877,116959,2024-02-17 17:25:00,3,train
889069,116960,2024-02-18 16:00:00,3,train
889068,116961,2024-02-18 19:00:00,3,train
853203,116963,2024-02-19 14:00:00,3,train
853204,116962,2024-02-19 14:00:00,3,train
853202,116964,2024-02-19 14:50:00,3,train
853201,116965,2024-02-19 15:10:00,3,train
853199,116966,2024-02-19 15:35:00,3,train
853200,116967,2024-02-19 16:15:00,3,train
853198,116968,2024-02-19 16:25:00,3,train
853197,116969,2024-02-19 17:20:00,3,train
894207,116971,2024-02-19 20:30:00,3,train
894208,116970,2024-02-19 20:30:00,3,train
894034,116973,2024-02-19 21:40:00,3,train
894206,116972,2024-02-19 21:40:00,3,train
894033,116974,2024-02-19 22:45:00,3,train
894993,116975,2024-02-20 14:00:00,3,train
894994,116976,2024-02-20 14:00:00,3,train
894991,116977,2024-02-20 15:00:00,3,train
894992,116978,2024-02-20 15:00:00,3,train
894989,116979,2024-02-20 16:20:00,3,train
894989,116981,2024-02-20 16:20:00,3,train
894989,116983,2024-02-20 16:20:00,3,train
894990,116980,2024-02-20 16:25:00,3,train
894990,116982,2024-02-20 16:25:00,3,train
894990,116984,2024-02-20 16:25:00,3,train
894987,116985,2024-02-20 19:20:00,3,train
894987,116987,2024-02-20 19:20:00,3,train
894988,116986,2024-02-20 19:45:00,3,train
894988,116988,2024-02-20 19:45:00,3,train
894988,116989,2024-02-20 19:45:00,3,train
898159,116991,2024-02-21 14:00:00,3,train
898159,116993,2024-02-21 14:00:00,3,train
898159,116995,2024-02-21 14:00:00,3,train
898160,116990,2024-02-21 14:00:00,3,train
898160,116992,2024-02-21 14:00:00,3,train
898160,116994,2024-02-21 14:00:00,3,train
898158,116996,2024-02-21 17:00:00,3,train
898158,116998,2024-02-21 17:00:00,3,train
898157,116997,2024-02-21 17:40:00,3,train
898157,116999,2024-02-21 17:40:00,3,train
898155,117000,2024-02-21 19:00:00,3,train
898155,117003,2024-02-21 19:00:00,3,train
898156,117001,2024-02-21 19:30:00,3,train
898156,117002,2024-02-21 19:30:00,3,train
901929,117004,2024-02-22 14:00:00,3,train
901929,117005,2024-02-22 14:00:00,3,train
901928,117006,2024-02-22 19:00:00,3,train
901928,117007,2024-02-22 19:00:00,3,train
904917,117008,2024-02-23 14:00:00,3,train
904917,117009,2024-02-23 14:00:00,3,train
904916,117010,2024-02-23 16:20:00,3,train
904916,117011,2024-02-23 16:20:00,3,train
904915,117012,2024-02-23 18:25:00,3,train
904915,117013,2024-02-23 18:25:00,3,train
908532,117014,2024-02-24 02:30:00,3,train
908532,117015,2024-02-24 02:30:00,3,train
908532,117016,2024-02-24 02:30:00,3,train
908100,117017,2024-02-24 14:00:00,3,train
908100,117018,2024-02-24 14:00:00,3,train
910831,117019,2024-02-24 16:50:00,3,train
910831,117020,2024-02-24 16:50:00,3,train
910831,117021,2024-02-24 16:50:00,3,train
858555,117022,2024-02-26 14:00:00,3,train
858555,117023,2024-02-26 14:00:00,3,train
917106,117026,2024-02-26 22:00:00,3,train
917106,117027,2024-02-26 22:00:00,3,train
916250,117028,2024-02-27 05:00:00,3,train
916250,117029,2024-02-27 05:00:00,3,train
916645,117030,2024-02-27 08:00:00,3,train
916645,117031,2024-02-27 08:00:00,3,train
858553,117032,2024-02-27 14:00:00,3,train
858553,117033,2024-02-27 14:00:00,3,train
920689,117034,2024-02-27 14:00:00,3,train
920689,117035,2024-02-27 14:00:00,3,train
917104,117036,2024-02-27 22:00:00,3,train
917104,117037,2024-02-27 22:00:00,3,train
916982,117038,2024-02-28 05:00:00,3,train
916982,117039,2024-02-28 05:00:00,3,train
921537,117040,2024-02-28 08:00:00,3,train
921537,117041,2024-02-28 08:00:00,3,train
924485,117042,2024-02-28 11:00:00,3,train
924485,117043,2024-02-28 11:00:00,3,train
924485,117044,2024-02-28 11:00:00,3,train
858550,117045,2024-02-28 17:00:00,3,train
858550,117046,2024-02-28 17:00:00,3,train
858550,117047,2024-02-28 17:00:00,3,train
923736,117048,2024-02-28 19:00:00,3,train
923736,117049,2024-02-28 19:00:00,3,train
926163,117050,2024-02-28 21:30:00,3,train
907491,117051,2024-02-29 13:00:00,3,train
858549,117052,2024-02-29 14:00:00,3,train
858549,117053,2024-02-29 14:00:00,3,train
907489,117054,2024-02-29 16:00:00,3,train
858548,117056,2024-02-29 17:00:00,3,train
858548,117057,2024-02-29 17:00:00,3,train
858548,117059,2024-02-29 17:00:00,3,train
926742,117055,2024-02-29 17:30:00,3,train
926742,117058,2024-02-29 17:30:00,3,train
907490,117060,2024-02-29 19:00:00,3,train
907490,117061,2024-02-29 19:00:00,3,train
907490,117062,2024-02-29 19:00:00,3,train
926740,117063,2024-02-29 21:30:00,3,train
926740,117064,2024-02-29 21:30:00,3,train
926740,117065,2024-02-29 21:30:00,3,train
907488,117066,2024-02-29 22:00:00,3,train
907488,117067,2024-02-29 22:00:00,3,train
926360,117068,2024-03-01 13:00:00,3,train
929683,117069,2024-03-01 17:30:00,3,train
926359,117070,2024-03-01 19:00:00,3,train
926359,117071,2024-03-01 19:00:00,3,train
931781,117073,2024-03-01 21:30:00,3,train
931781,117078,2024-03-01 21:30:00,3,train
917102,117072,2024-03-01 22:00:00,3,train
917103,117074,2024-03-01 22:00:00,3,train
917101,117075,2024-03-01 23:00:00,3,train
917100,117076,2024-03-01 23:15:00,3,train
917098,117077,2024-03-02 00:00:00,3,train
917099,117079,2024-03-02 00:25:00,3,train
917096,117080,2024-03-02 00:50:00,3,train
917097,117081,2024-03-02 01:15:00,3,train
929389,117082,2024-03-02 13:00:00,3,train
929389,117083,2024-03-02 13:00:00,3,train
929696,117084,2024-03-02 16:00:00,3,train
932760,117086,2024-03-02 19:00:00,3,train
932761,117085,2024-03-02 19:00:00,3,train
932758,117087,2024-03-02 20:00:00,3,train
932759,117088,2024-03-02 20:00:00,3,train
932756,117090,2024-03-02 21:00:00,3,train
932756,117091,2024-03-02 21:00:00,3,train
932757,117089,2024-03-02 21:10:00,3,train
932757,117092,2024-03-02 21:10:00,3,train
932755,117093,2024-03-02 23:00:00,3,train
932755,117096,2024-03-02 23:00:00,3,train
932755,117097,2024-03-02 23:00:00,3,train
932754,117094,2024-03-02 23:20:00,3,train
932754,117095,2024-03-02 23:20:00,3,train
932754,117098,2024-03-02 23:20:00,3,train
934251,117099,2024-03-03 13:00:00,3,train
932256,117100,2024-03-03 16:00:00,3,train
934079,117103,2024-03-03 19:00:00,3,train
934504,117101,2024-03-03 19:00:00,3,train
934504,117104,2024-03-03 19:00:00,3,train
934504,117110,2024-03-03 19:00:00,3,train
934505,117102,2024-03-03 19:00:00,3,train
934505,117105,2024-03-03 19:00:00,3,train
934855,117109,2024-03-03 20:00:00,3,train
934857,117107,2024-03-03 20:00:00,3,train
934859,117106,2024-03-03 20:00:00,3,train
934860,117108,2024-03-03 20:00:00,3,train
934503,117111,2024-03-03 21:00:00,3,train
934503,117112,2024-03-03 21:00:00,3,train
931893,117114,2024-03-03 22:00:00,3,train
931893,117117,2024-03-03 22:00:00,3,train
934501,117113,2024-03-03 22:00:00,3,train
934501,117115,2024-03-03 22:00:00,3,train
934501,117118,2024-03-03 22:00:00,3,train
934502,117116,2024-03-03 22:45:00,3,train
934502,117119,2024-03-03 22:45:00,3,train
934502,117121,2024-03-03 22:45:00,3,train
934500,117120,2024-03-04 00:25:00,3,train
934500,117122,2024-03-04 00:25:00,3,train
933171,117123,2024-03-04 14:00:00,3,train
933171,117124,2024-03-04 14:00:00,3,train
937140,117125,2024-03-04 16:00:00,3,train
937140,117126,2024-03-04 16:00:00,3,train
937140,117127,2024-03-04 16:00:00,3,train
937141,117129,2024-03-04 19:00:00,3,train
937372,117128,2024-03-04 19:00:00,3,train
937372,117130,2024-03-04 19:00:00,3,train
937371,117131,2024-03-04 20:50:00,3,train
937371,117132,2024-03-04 20:50:00,3,train
937371,117133,2024-03-04 20:50:00,3,train
937370,117134,2024-03-05 00:10:00,3,train
937370,117135,2024-03-05 00:10:00,3,train
937370,117136,2024-03-05 00:10:00,3,train
939991,117139,2024-03-05 16:00:00,3,train
939991,117140,2024-03-05 16:00:00,3,train
939991,117141,2024-03-05 16:00:00,3,train
933169,117142,2024-03-05 17:00:00,3,train
933169,117143,2024-03-05 17:00:00,3,train
933169,117145,2024-03-05 17:00:00,3,train
939518,117144,2024-03-05 19:00:00,3,train
939518,117146,2024-03-05 19:00:00,3,train
939518,117148,2024-03-05 19:00:00,3,train
942893,117147,2024-03-05 20:00:00,3,train
935368,117149,2024-03-05 22:00:00,3,train
933168,117150,2024-03-06 14:00:00,3,train
933168,117151,2024-03-06 14:00:00,3,train
933167,117152,2024-03-06 17:00:00,3,train
922895,117153,2024-03-06 17:30:00,3,train
922895,117154,2024-03-06 17:30:00,3,train
944724,117155,2024-03-06 19:00:00,3,train
944724,117158,2024-03-06 19:00:00,3,train
944724,117160,2024-03-06 19:00:00,3,train
948419,117156,2024-03-06 19:00:00,3,train
948419,117159,2024-03-06 19:00:00,3,train
948419,117162,2024-03-06 19:00:00,3,train
922894,117157,2024-03-06 19:55:00,3,train
922894,117161,2024-03-06 19:55:00,3,train
935361,117164,2024-03-06 22:00:00,3,train
935362,117166,2024-03-06 22:00:00,3,train
935362,117167,2024-03-06 22:00:00,3,train
939136,117169,2024-03-06 22:00:00,3,train
922891,117163,2024-03-06 22:15:00,3,train
922891,117165,2024-03-06 22:15:00,3,train
922891,117168,2024-03-06 22:15:00,3,train
950496,117170,2024-03-07 17:15:00,3,train
950496,117172,2024-03-07 17:15:00,3,train
950496,117174,2024-03-07 17:15:00,3,train
922893,117171,2024-03-07 17:30:00,3,train
922893,117173,2024-03-07 17:30:00,3,train
922893,117175,2024-03-07 17:30:00,3,train
950495,117176,2024-03-07 20:15:00,3,train
922892,117177,2024-03-07 21:15:00,3,train
922892,117178,2024-03-07 21:15:00,3,train
922892,117179,2024-03-07 21:15:00,3,train
922890,117180,2024-03-08 00:45:00,3,train
922890,117181,2024-03-08 00:45:00,3,train
922889,117182,2024-03-08 17:30:00,3,train
922889,117183,2024-03-08 17:30:00,3,train
922888,117184,2024-03-08 19:20:00,3,train
922888,117185,2024-03-08 19:20:00,3,train
922888,117186,2024-03-08 19:20:00,3,train
950455,117187,2024-03-08 22:15:00,3,train
950455,117188,2024-03-08 22:15:00,3,train
955933,117189,2024-03-09 19:20:00,3,train
955933,117190,2024-03-09 19:20:00,3,train
959458,117191,2024-03-09 22:00:00,3,train
959458,117192,2024-03-09 22:00:00,3,train
963502,117193,2024-03-10 20:00:00,3,train
963502,117194,2024-03-10 20:00:00,3,train
964523,117195,2024-03-10 22:15:00,3,train
964523,117196,2024-03-10 22:15:00,3,train
964523,117197,2024-03-10 22:15:00,3,train
956501,129536,2024-03-11 17:30:00,3,train
956501,129537,2024-03-11 17:30:00,3,train
956501,129538,2024-03-11 17:30:00,3,train
956502,117199,2024-03-11 17:30:00,3,train
956502,117203,2024-03-11 17:30:00,3,train
956504,117201,2024-03-11 17:30:00,3,train
948418,117204,2024-03-11 20:00:00,3,train
948418,117205,2024-03-11 20:00:00,3,train
973537,117207,2024-03-11 21:30:00,3,train
973537,117210,2024-03-11 21:30:00,3,train
973537,117213,2024-03-11 21:30:00,3,train
973538,117206,2024-03-11 21:30:00,3,train
973538,117208,2024-03-11 21:30:00,3,train
973538,117212,2024-03-11 21:30:00,3,train
973749,117209,2024-03-11 22:00:00,3,train
973749,117211,2024-03-11 22:00:00,3,train
973749,117214,2024-03-11 22:00:00,3,train
974357,117215,2024-03-12 17:30:00,3,train
974357,117218,2024-03-12 17:30:00,3,train
974357,117220,2024-03-12 17:30:00,3,train
974561,117216,2024-03-12 17:30:00,3,train
974561,117217,2024-03-12 17:30:00,3,train
974561,117219,2024-03-12 17:30:00,3,train
974560,117221,2024-03-12 21:30:00,3,train
974560,117239,2024-03-12 21:30:00,3,train
979450,117240,2024-03-13 17:30:00,3,train
979450,117241,2024-03-13 17:30:00,3,train
963335,117242,2024-03-13 18:00:00,3,train
963335,117243,2024-03-13 18:00:00,3,train
963335,117244,2024-03-13 18:00:00,3,train
963332,117245,2024-03-13 21:00:00,3,train
963332,117247,2024-03-13 21:00:00,3,train
963337,117246,2024-03-13 22:00:00,3,train
963337,117249,2024-03-13 22:00:00,3,train
963337,117252,2024-03-13 22:00:00,3,train
963338,117248,2024-03-13 22:00:00,3,train
963338,117250,2024-03-13 22:00:00,3,train
963338,117251,2024-03-13 22:00:00,3,train
963331,117253,2024-03-14 22:00:00,3,train
963331,117254,2024-03-14 22:00:00,3,train
941778,117255,2024-03-17 15:00:00,3,train
941779,117256,2024-03-17 15:00:00,3,train
941776,117257,2024-03-17 16:00:00,3,train
941777,117259,2024-03-17 16:15:00,3,train
941775,117258,2024-03-17 17:05:00,3,train
941772,117260,2024-03-17 19:10:00,3,train
1001022,117262,2024-03-17 21:00:00,3,train
1001029,117261,2024-03-17 21:00:00,3,train
1001025,117264,2024-03-17 22:00:00,3,train
1001027,117263,2024-03-17 22:00:00,3,train
1001028,117265,2024-03-17 23:20:00,3,train
1001026,117266,2024-03-18 00:30:00,3,train
1001023,117267,2024-03-18 00:45:00,3,train
1001798,117268,2024-03-18 15:00:00,3,train
1001799,117269,2024-03-18 15:00:00,3,train
1001796,117271,2024-03-18 15:50:00,3,train
1001797,117270,2024-03-18 16:00:00,3,train
1001794,117273,2024-03-18 16:55:00,3,train
1001794,117275,2024-03-18 16:55:00,3,train
1001795,117272,2024-03-18 16:55:00,3,train
1001795,117274,2024-03-18 16:55:00,3,train
1001795,117276,2024-03-18 16:55:00,3,train
1001792,117278,2024-03-18 19:30:00,3,train
1001792,117298,2024-03-18 19:30:00,3,train
1005006,117279,2024-03-19 15:00:00,3,train
1005006,117281,2024-03-19 15:00:00,3,train
1005006,117283,2024-03-19 15:00:00,3,train
1005007,117280,2024-03-19 15:00:00,3,train
1005007,117282,2024-03-19 15:00:00,3,train
1005004,117284,2024-03-19 17:00:00,3,train
1005004,117285,2024-03-19 17:00:00,3,train
1005005,117286,2024-03-19 17:55:00,3,train
1005005,117287,2024-03-19 17:55:00,3,train
1005002,117289,2024-03-19 20:30:00,3,train
1005002,117290,2024-03-19 20:30:00,3,train
1005003,117288,2024-03-19 20:30:00,3,train
1005003,117291,2024-03-19 20:30:00,3,train
1005003,117292,2024-03-19 20:30:00,3,train
1008949,117293,2024-03-20 16:55:00,3,train
1008949,117294,2024-03-20 16:55:00,3,train
1008949,117295,2024-03-20 16:55:00,3,train
1008948,117296,2024-03-20 20:30:00,3,train
1008948,117297,2024-03-20 20:30:00,3,train
1012605,117299,2024-03-21 15:00:00,3,train
1012683,117300,2024-03-21 15:00:00,3,train
1012604,117301,2024-03-21 16:00:00,3,train
1012607,117302,2024-03-21 16:15:00,3,train
1008273,117305,2024-03-21 17:00:00,3,train
1008273,117309,2024-03-21 17:00:00,3,train
1008273,117311,2024-03-21 17:00:00,3,train
1012606,117303,2024-03-21 17:05:00,3,train
1012684,117304,2024-03-21 17:25:00,3,train
988041,117307,2024-03-21 18:00:00,3,train
988041,117310,2024-03-21 18:00:00,3,train
988041,117314,2024-03-21 18:00:00,3,train
1012603,117306,2024-03-21 18:05:00,3,train
1012685,117308,2024-03-21 18:30:00,3,train
1015695,117312,2024-03-21 20:25:00,3,train
1015696,117313,2024-03-21 20:25:00,3,train
1015693,117315,2024-03-21 21:25:00,3,train
1015694,117316,2024-03-21 21:25:00,3,train
1015691,117317,2024-03-21 22:35:00,3,train
1015692,117318,2024-03-21 23:00:00,3,train
1015689,117319,2024-03-21 23:25:00,3,train
1015690,117320,2024-03-22 00:10:00,3,train
1011804,117321,2024-03-22 14:00:00,3,train
1011804,117324,2024-03-22 14:00:00,3,train
1016577,117322,2024-03-22 15:00:00,3,train
1016578,117323,2024-03-22 15:00:00,3,train
1016575,117325,2024-03-22 16:05:00,3,train
1016576,117326,2024-03-22 16:10:00,3,train
1012431,117330,2024-03-22 17:00:00,3,train
1012431,117331,2024-03-22 17:00:00,3,train
1016573,117327,2024-03-22 17:05:00,3,train
1016573,117329,2024-03-22 17:05:00,3,train
1016574,117328,2024-03-22 17:10:00,3,train
1016574,117332,2024-03-22 17:10:00,3,train
1016574,117334,2024-03-22 17:10:00,3,train
1016571,117333,2024-03-22 19:30:00,3,train
1016571,117335,2024-03-22 19:30:00,3,train
1016571,117337,2024-03-22 19:30:00,3,train
1016572,117336,2024-03-22 21:20:00,3,train
1016572,117338,2024-03-22 21:20:00,3,train
1016572,117339,2024-03-22 21:20:00,3,train
988040,117340,2024-03-22 22:00:00,3,train
988040,117341,2024-03-22 22:00:00,3,train
1019859,117342,2024-03-23 15:00:00,3,train
1019859,117345,2024-03-23 15:00:00,3,train
1019859,117346,2024-03-23 15:00:00,3,train
1019860,117343,2024-03-23 15:00:00,3,train
1019860,117344,2024-03-23 15:00:00,3,train
1019860,117347,2024-03-23 15:00:00,3,train
1018923,117350,2024-03-23 17:00:00,3,train
1018923,117351,2024-03-23 17:00:00,3,train
1019857,117348,2024-03-23 18:30:00,3,train
1019857,117352,2024-03-23 18:30:00,3,train
1019857,117354,2024-03-23 18:30:00,3,train
1019858,117349,2024-03-23 18:30:00,3,train
1019858,117353,2024-03-23 18:30:00,3,train
1019858,117355,2024-03-23 18:30:00,3,train
1019855,117356,2024-03-23 21:45:00,3,train
1019855,117358,2024-03-23 21:45:00,3,train
1019856,117357,2024-03-23 22:15:00,3,train
1019856,117359,2024-03-23 22:15:00,3,train
1019856,117360,2024-03-23 22:15:00,3,train
1023010,117361,2024-03-24 15:00:00,3,train
1023010,117362,2024-03-24 15:00:00,3,train
1023009,117363,2024-03-24 16:50:00,3,train
1023009,117364,2024-03-24 16:50:00,3,train
1023009,117365,2024-03-24 16:50:00,3,train
1023008,117366,2024-03-24 21:00:00,3,train
1023008,117367,2024-03-24 21:00:00,3,train
996611,117368,2024-03-25 19:00:00,3,train
996611,117371,2024-03-25 19:00:00,3,train
996611,117372,2024-03-25 19:00:00,3,train
929390,117369,2024-03-25 20:00:00,3,train
929390,117374,2024-03-25 20:00:00,3,train
929390,117376,2024-03-25 20:00:00,3,train
996604,117370,2024-03-25 20:00:00,3,train
996604,117373,2024-03-25 20:00:00,3,train
996604,117375,2024-03-25 20:00:00,3,train
1030252,117377,2024-03-26 16:00:00,3,train
1030252,117378,2024-03-26 16:00:00,3,train
996617,117379,2024-03-26 22:00:00,3,train
996617,117380,2024-03-26 22:00:00,3,train
1038684,117381,2024-03-27 22:45:00,3,train
1038684,117382,2024-03-27 22:45:00,3,train
1038684,117383,2024-03-27 22:45:00,3,train
1030251,117384,2024-03-28 17:00:00,3,train
1030251,117385,2024-03-28 17:00:00,3,train
988042,117387,2024-03-28 19:00:00,3,train
988042,117390,2024-03-28 19:00:00,3,train
988042,117392,2024-03-28 19:00:00,3,train
1026923,117386,2024-03-28 19:00:00,3,train
1026923,117389,2024-03-28 19:00:00,3,train
996605,117388,2024-03-28 20:00:00,3,train
996605,117391,2024-03-28 20:00:00,3,train
996605,117394,2024-03-28 20:00:00,3,train
996598,117393,2024-03-28 22:00:00,3,train
996598,117396,2024-03-28 22:00:00,3,train
1026922,117395,2024-03-28 22:00:00,3,train
1026922,117397,2024-03-28 22:00:00,3,train
1026922,117398,2024-03-28 22:00:00,3,train
963334,117399,2024-03-29 19:00:00,3,train
963334,117402,2024-03-29 19:00:00,3,train
1026921,117400,2024-03-29 19:00:00,3,train
1026921,117403,2024-03-29 19:00:00,3,train
935364,117401,2024-03-29 20:00:00,3,train
1022702,117405,2024-03-29 22:00:00,3,train
1026920,117404,2024-03-29 22:20:00,3,train
1026920,117406,2024-03-29 22:20:00,3,train
1042496,117407,2024-03-30 19:00:00,3,train
1042496,117408,2024-03-30 19:00:00,3,train
1042496,117409,2024-03-30 19:00:00,3,train
1045502,117410,2024-03-30 22:50:00,3,train
1045502,117411,2024-03-30 22:50:00,3,train
1045502,117412,2024-03-30 22:50:00,3,train
996609,117413,2024-03-31 16:00:00,3,train
996609,117414,2024-03-31 16:00:00,3,train
996614,117415,2024-03-31 19:00:00,3,train
1048414,117416,2024-03-31 21:00:00,3,train
1048414,117417,2024-03-31 21:00:00,3,train
1048414,117418,2024-03-31 21:00:00,3,train
996616,117419,2024-04-01 19:00:00,3,train
996616,117420,2024-04-01 19:00:00,3,train
996616,117421,2024-04-01 19:00:00,3,train
1024294,117423,2024-04-02 11:30:00,3,train
1024294,117424,2024-04-02 11:30:00,3,train
1050860,117425,2024-04-02 13:00:00,3,train
1050860,117426,2024-04-02 13:00:00,3,train
1056786,117427,2024-04-02 15:30:00,3,train
1056786,117433,2024-04-02 15:30:00,3,train
1050859,117428,2024-04-02 16:00:00,3,train
1050859,117434,2024-04-02 16:00:00,3,train
1041667,117432,2024-04-02 16:30:00,3,train
1041667,117437,2024-04-02 16:30:00,3,train
1041667,117441,2024-04-02 16:30:00,3,train
1041668,117429,2024-04-02 16:30:00,3,train
1041668,117435,2024-04-02 16:30:00,3,train
1041668,117440,2024-04-02 16:30:00,3,train
1041669,117431,2024-04-02 16:30:00,3,train
1041669,117438,2024-04-02 16:30:00,3,train
1041670,117430,2024-04-02 16:30:00,3,train
1041670,117436,2024-04-02 16:30:00,3,train
1038333,117439,2024-04-02 18:30:00,3,train
1038333,117442,2024-04-02 18:30:00,3,train
1038333,117446,2024-04-02 18:30:00,3,train
996599,117443,2024-04-02 20:00:00,3,train
996599,117448,2024-04-02 20:00:00,3,train
996599,117454,2024-04-02 20:00:00,3,train
1057896,117444,2024-04-02 20:30:00,3,train
1057896,117451,2024-04-02 20:30:00,3,train
1057897,117447,2024-04-02 20:30:00,3,train
1057897,117452,2024-04-02 20:30:00,3,train
1058170,117450,2024-04-02 20:45:00,3,train
1058170,117453,2024-04-02 20:45:00,3,train
1058170,117460,2024-04-02 20:45:00,3,train
1058171,117445,2024-04-02 20:45:00,3,train
1058171,117455,2024-04-02 20:45:00,3,train
1057598,117449,2024-04-02 21:00:00,3,train
1057598,117457,2024-04-02 21:00:00,3,train
1057598,117459,2024-04-02 21:00:00,3,train
1024298,117456,2024-04-02 22:30:00,3,train
1024298,117462,2024-04-02 22:30:00,3,train
1024299,117458,2024-04-02 22:30:00,3,train
1024299,117461,2024-04-02 22:30:00,3,train
1024299,117463,2024-04-02 22:30:00,3,train
1024296,117466,2024-04-03 00:30:00,3,train
1024296,117467,2024-04-03 00:30:00,3,train
1024296,117468,2024-04-03 00:30:00,3,train
1024297,117464,2024-04-03 00:30:00,3,train
1024297,117465,2024-04-03 00:30:00,3,train
1038335,117469,2024-04-03 12:30:00,3,train
1038335,117471,2024-04-03 12:30:00,3,train
1038335,117472,2024-04-03 12:30:00,3,train
996606,117470,2024-04-03 13:00:00,3,train
996606,117473,2024-04-03 13:00:00,3,train
1038338,117474,2024-04-03 15:30:00,3,train
1038338,117478,2024-04-03 15:30:00,3,train
1063038,117485,2024-04-03 15:30:00,3,train
963330,117475,2024-04-03 16:00:00,3,train
963330,117481,2024-04-03 16:00:00,3,train
1058984,117477,2024-04-03 16:30:00,3,train
1058984,117483,2024-04-03 16:30:00,3,train
1058984,117488,2024-04-03 16:30:00,3,train
1059257,117476,2024-04-03 16:30:00,3,train
1059257,117484,2024-04-03 16:30:00,3,train
996608,117480,2024-04-03 17:00:00,3,train
996608,117489,2024-04-03 17:00:00,3,train
996612,117479,2024-04-03 17:00:00,3,train
996612,117486,2024-04-03 17:00:00,3,train
996612,117491,2024-04-03 17:00:00,3,train
1059240,117482,2024-04-03 17:00:00,3,train
1059240,117490,2024-04-03 17:00:00,3,train
1059240,117492,2024-04-03 17:00:00,3,train
1050005,117494,2024-04-03 20:00:00,3,train
1050005,117498,2024-04-03 20:00:00,3,train
1058983,117495,2024-04-03 20:30:00,3,train
1064605,117496,2024-04-03 20:30:00,3,train
940693,117497,2024-04-03 21:00:00,3,train
1038339,117499,2024-04-03 21:30:00,3,train
1038339,117500,2024-04-03 21:30:00,3,train
1061158,117501,2024-04-04 00:30:00,3,train
1061158,117502,2024-04-04 00:30:00,3,train
1061158,117503,2024-04-04 00:30:00,3,train
1038344,117504,2024-04-04 12:30:00,3,train
1038344,117505,2024-04-04 12:30:00,3,train
1038348,117506,2024-04-04 15:30:00,3,train
1038348,117508,2024-04-04 15:30:00,3,train
1050856,117507,2024-04-04 16:00:00,3,train
1050856,117510,2024-04-04 16:00:00,3,train
1055090,117509,2024-04-04 16:00:00,3,train
1065362,117512,2024-04-04 16:30:00,3,train
1065362,117514,2024-04-04 16:30:00,3,train
1065362,117515,2024-04-04 16:30:00,3,train
996610,117511,2024-04-04 17:00:00,3,train
996603,117513,2024-04-04 18:00:00,3,train
996603,117516,2024-04-04 18:00:00,3,train
996603,117517,2024-04-04 18:00:00,3,train
1067890,117518,2024-04-04 20:30:00,3,train
1067890,117521,2024-04-04 20:30:00,3,train
996596,117519,2024-04-04 21:00:00,3,train
996596,117522,2024-04-04 21:00:00,3,train
996600,117523,2024-04-04 21:00:00,3,train
1065685,117520,2024-04-04 21:30:00,3,train
1065685,117524,2024-04-04 21:30:00,3,train
1065685,117525,2024-04-04 21:30:00,3,train
1038336,117526,2024-04-05 12:30:00,3,train
1038336,117527,2024-04-05 12:30:00,3,train
1038342,117528,2024-04-05 15:30:00,3,train
1038342,117529,2024-04-05 15:30:00,3,train
1068537,117530,2024-04-05 17:00:00,3,train
1068537,117531,2024-04-05 17:00:00,3,train
1038343,117532,2024-04-05 18:30:00,3,train
1038343,117534,2024-04-05 18:30:00,3,train
1065684,117533,2024-04-05 19:00:00,3,train
1065684,117535,2024-04-05 19:00:00,3,train
1072512,117536,2024-04-05 20:00:00,3,train
1072512,117537,2024-04-05 20:00:00,3,train
1065683,117538,2024-04-05 21:30:00,3,train
1065683,117539,2024-04-05 21:30:00,3,train
1065683,117540,2024-04-05 21:30:00,3,train
1073609,117541,2024-04-06 21:30:00,3,train
1073609,117542,2024-04-06 21:30:00,3,train
1068635,117543,2024-04-07 01:30:00,3,train
1068635,117544,2024-04-07 01:30:00,3,train
1068634,117552,2024-04-08 00:30:00,3,train
1068634,117553,2024-04-08 00:30:00,3,train
1073608,117549,2024-04-08 02:30:00,3,train
1073608,117550,2024-04-08 02:30:00,3,train
1073608,117551,2024-04-08 02:30:00,3,train
1034845,117546,2024-04-08 07:30:00,3,train
1035035,117545,2024-04-08 07:30:00,3,train
1034843,117548,2024-04-08 08:30:00,3,train
1034844,117547,2024-04-08 08:30:00,3,train
1034840,117554,2024-04-08 09:55:00,3,train
1034839,117555,2024-04-08 10:20:00,3,train
1034842,117556,2024-04-08 11:30:00,3,train
1086379,117557,2024-04-08 12:00:00,3,train
1086379,117559,2024-04-08 12:00:00,3,train
1086379,117561,2024-04-08 12:00:00,3,train
1086378,117558,2024-04-08 12:45:00,3,train
1086378,117560,2024-04-08 12:45:00,3,train
1086653,117563,2024-04-08 15:05:00,3,train
1086653,117565,2024-04-08 15:05:00,3,train
1086655,117562,2024-04-08 15:30:00,3,train
1086655,117567,2024-04-08 15:30:00,3,train
1086655,117571,2024-04-08 15:30:00,3,train
1075385,117564,2024-04-08 16:00:00,3,train
1075385,117569,2024-04-08 16:00:00,3,train
1038177,117566,2024-04-08 16:30:00,3,train
1038177,117570,2024-04-08 16:30:00,3,train
1038177,117572,2024-04-08 16:30:00,3,train
1055087,117568,2024-04-08 17:00:00,3,train
1038176,117573,2024-04-08 19:45:00,3,train
1038176,117574,2024-04-08 19:45:00,3,train
1088992,117575,2024-04-08 21:00:00,3,train
1088992,117580,2024-04-08 21:00:00,3,train
1085711,117577,2024-04-08 21:30:00,3,train
1085711,117578,2024-04-08 21:30:00,3,train
1089234,117576,2024-04-08 21:50:00,3,train
1089234,117579,2024-04-08 21:50:00,3,train
1084635,117582,2024-04-09 00:30:00,3,train
1084635,117583,2024-04-09 00:30:00,3,train
1087197,117581,2024-04-09 08:30:00,3,train
1087197,117585,2024-04-09 08:30:00,3,train
1087198,117584,2024-04-09 08:30:00,3,train
1087198,117586,2024-04-09 08:30:00,3,train
1087198,117587,2024-04-09 08:30:00,3,train
1087466,117588,2024-04-09 11:30:00,3,train
1087466,117590,2024-04-09 11:30:00,3,train
1075791,117592,2024-04-09 12:00:00,3,train
1075791,117593,2024-04-09 12:00:00,3,train
1087467,117589,2024-04-09 12:15:00,3,train
1087467,117591,2024-04-09 12:15:00,3,train
1090184,117594,2024-04-09 14:00:00,3,train
1090184,117597,2024-04-09 14:00:00,3,train
1088756,117596,2024-04-09 14:30:00,3,train
1088756,117601,2024-04-09 14:30:00,3,train
1089004,117595,2024-04-09 14:30:00,3,train
1089004,117599,2024-04-09 14:30:00,3,train
1089004,117603,2024-04-09 14:30:00,3,train
1075790,117598,2024-04-09 15:00:00,3,train
1075790,117600,2024-04-09 15:00:00,3,train
1091491,117605,2024-04-09 18:30:00,3,train
1091491,117606,2024-04-09 18:30:00,3,train
1075382,117608,2024-04-09 19:00:00,3,train
1075382,117610,2024-04-09 19:00:00,3,train
1050891,117607,2024-04-09 19:55:00,3,train
1050891,117609,2024-04-09 19:55:00,3,train
1071998,117612,2024-04-09 21:00:00,3,train
1071998,117622,2024-04-09 21:00:00,3,train
1072000,117611,2024-04-09 21:00:00,3,train
1072000,117621,2024-04-09 21:00:00,3,train
1072002,117614,2024-04-09 21:00:00,3,train
1072002,117618,2024-04-09 21:00:00,3,train
1072003,117616,2024-04-09 21:00:00,3,train
1072003,117619,2024-04-09 21:00:00,3,train
1072004,117615,2024-04-09 21:00:00,3,train
1095538,117613,2024-04-09 21:30:00,3,train
1091490,117617,2024-04-09 22:30:00,3,train
1091490,117620,2024-04-09 22:30:00,3,train
1093354,117624,2024-04-10 08:30:00,3,train
1093354,117626,2024-04-10 08:30:00,3,train
1093916,117623,2024-04-10 08:30:00,3,train
1093916,117625,2024-04-10 08:30:00,3,train
1089003,117628,2024-04-10 11:30:00,3,train
1089003,117630,2024-04-10 11:30:00,3,train
1093915,117627,2024-04-10 11:30:00,3,train
1093915,117629,2024-04-10 11:30:00,3,train
1075789,117631,2024-04-10 12:00:00,3,train
1075789,117632,2024-04-10 12:00:00,3,train
1094736,117636,2024-04-10 14:30:00,3,train
1094736,117638,2024-04-10 14:30:00,3,train
1099111,117635,2024-04-10 14:30:00,3,train
1099111,117637,2024-04-10 14:30:00,3,train
1075380,117639,2024-04-10 16:00:00,3,train
1075380,117641,2024-04-10 16:00:00,3,train
1075380,117643,2024-04-10 16:00:00,3,train
1089718,117640,2024-04-10 16:30:00,3,train
1089718,117642,2024-04-10 16:30:00,3,train
1089718,117645,2024-04-10 16:30:00,3,train
1096520,117644,2024-04-10 18:30:00,3,train
1096520,117646,2024-04-10 18:30:00,3,train
1095811,117647,2024-04-10 20:00:00,3,train
1095811,117648,2024-04-10 20:00:00,3,train
1096404,117653,2024-04-10 21:00:00,3,train
1096404,117659,2024-04-10 21:00:00,3,train
1096405,117651,2024-04-10 21:00:00,3,train
1096405,117656,2024-04-10 21:00:00,3,train
1096405,117660,2024-04-10 21:00:00,3,train
1096406,117650,2024-04-10 21:00:00,3,train
1096406,117655,2024-04-10 21:00:00,3,train
1096407,117649,2024-04-10 21:00:00,3,train
1096407,117657,2024-04-10 21:00:00,3,train
1096407,117658,2024-04-10 21:00:00,3,train
1096606,117652,2024-04-10 21:00:00,3,train
1096519,117654,2024-04-10 21:30:00,3,train
1075378,117665,2024-04-11 16:00:00,3,train
1089719,117664,2024-04-11 16:00:00,3,train
1089719,117666,2024-04-11 16:00:00,3,train
1102040,117668,2024-04-11 18:30:00,3,train
1102040,117669,2024-04-11 18:30:00,3,train
1102040,117673,2024-04-11 18:30:00,3,train
1075379,117671,2024-04-11 19:00:00,3,train
1075379,117672,2024-04-11 19:00:00,3,train
1075379,117674,2024-04-11 19:00:00,3,train
1100503,117675,2024-04-12 10:00:00,3,train
1100503,117676,2024-04-12 10:00:00,3,train
1100502,117677,2024-04-12 13:15:00,3,train
1100502,117678,2024-04-12 13:15:00,3,train
1100502,117679,2024-04-12 13:15:00,3,train
1105444,117680,2024-04-12 16:30:00,3,train
1105444,117681,2024-04-12 16:30:00,3,train
1105287,117682,2024-04-12 19:05:00,3,train
1105287,117683,2024-04-12 19:05:00,3,train
1105287,117685,2024-04-12 19:05:00,3,train
1105435,117684,2024-04-12 21:00:00,3,train
1105435,117686,2024-04-12 21:00:00,3,train
1105883,117687,2024-04-13 10:00:00,3,train
1105883,117688,2024-04-13 10:00:00,3,train
1105883,117689,2024-04-13 10:00:00,3,train
1106483,117690,2024-04-13 13:45:00,3,train
1106483,117691,2024-04-13 13:45:00,3,train
1107430,117692,2024-04-13 14:30:00,3,train
1107430,117693,2024-04-13 14:30:00,3,train
1107430,117694,2024-04-13 14:30:00,3,train
1110327,117697,2024-04-14 13:30:00,3,train
1110327,117698,2024-04-14 13:30:00,3,train
1111439,117699,2024-04-14 17:30:00,3,train
1111439,117700,2024-04-14 17:30:00,3,train
1111439,117701,2024-04-14 17:30:00,3,train
1106381,117702,2024-04-15 15:00:00,3,train
1106381,117703,2024-04-15 15:00:00,3,train
1106381,117704,2024-04-15 15:00:00,3,train
1109060,117705,2024-04-15 21:00:00,3,train
1109060,117706,2024-04-15 21:00:00,3,train
1106380,117707,2024-04-16 12:00:00,3,train
1106380,117708,2024-04-16 12:00:00,3,train
1114847,117709,2024-04-16 13:00:00,3,train
1077657,117710,2024-04-16 13:30:00,3,train
1077657,117711,2024-04-16 13:30:00,3,train
1077657,117713,2024-04-16 13:30:00,3,train
1106379,117712,2024-04-16 15:00:00,3,train
1077656,117714,2024-04-16 16:30:00,3,train
1077656,117715,2024-04-16 16:30:00,3,train
1114845,117716,2024-04-16 19:00:00,3,train
1114845,117717,2024-04-16 19:00:00,3,train
1114845,117718,2024-04-16 19:00:00,3,train
1106378,117719,2024-04-17 12:00:00,3,train
1106378,117720,2024-04-17 12:00:00,3,train
1077655,117721,2024-04-17 12:30:00,3,train
1077655,117722,2024-04-17 12:30:00,3,train
1114843,117723,2024-04-17 13:00:00,3,train
1114843,117725,2024-04-17 13:00:00,3,train
1114843,117728,2024-04-17 13:00:00,3,train
1126452,117724,2024-04-17 14:30:00,3,train
1126452,117726,2024-04-17 14:30:00,3,train
1114844,117731,2024-04-17 17:35:00,3,train
1125269,117734,2024-04-18 00:00:00,3,train
1125270,117732,2024-04-18 00:00:00,3,train
1125271,117733,2024-04-18 00:00:00,3,train
1106372,117735,2024-04-18 12:00:00,3,train
1106372,117736,2024-04-18 12:00:00,3,train
1077652,117737,2024-04-18 12:30:00,3,train
1077652,117738,2024-04-18 12:30:00,3,train
1106375,117743,2024-04-18 15:00:00,3,train
1106375,117745,2024-04-18 15:00:00,3,train
1077651,117742,2024-04-18 15:30:00,3,train
1077651,117744,2024-04-18 15:30:00,3,train
1077651,117746,2024-04-18 15:30:00,3,train
1063387,117748,2024-04-18 18:30:00,3,train
1077650,117747,2024-04-18 18:30:00,3,train
1077650,117752,2024-04-18 18:30:00,3,train
1129083,117750,2024-04-18 19:00:00,3,train
1129085,117751,2024-04-18 19:00:00,3,train
1129087,117749,2024-04-18 19:00:00,3,train
1129088,117756,2024-04-18 19:00:00,3,train
1129089,117754,2024-04-18 19:00:00,3,train
1131800,117753,2024-04-18 19:30:00,3,train
1131800,117757,2024-04-18 19:30:00,3,train
1131801,117755,2024-04-18 19:30:00,3,train
1131801,117760,2024-04-18 19:30:00,3,train
1021780,117759,2024-04-18 20:00:00,3,train
1132142,117758,2024-04-18 20:15:00,3,train
1021781,117761,2024-04-18 21:30:00,3,train
1021778,117763,2024-04-18 23:30:00,3,train
1130932,117762,2024-04-18 23:30:00,3,train
1130932,117764,2024-04-18 23:30:00,3,train
1130932,117765,2024-04-18 23:30:00,3,train
1130929,117771,2024-04-19 00:30:00,3,train
1130929,117772,2024-04-19 00:30:00,3,train
1130930,117769,2024-04-19 00:30:00,3,train
1130930,117770,2024-04-19 00:30:00,3,train
1130931,117766,2024-04-19 00:45:00,3,train
1130931,117767,2024-04-19 00:45:00,3,train
1130931,117768,2024-04-19 00:45:00,3,train
1132775,117773,2024-04-19 03:00:00,3,train
1131452,117775,2024-04-19 09:30:00,3,train
1131452,117777,2024-04-19 09:30:00,3,train
1131452,117778,2024-04-19 09:30:00,3,train
1131453,117774,2024-04-19 09:30:00,3,train
1131453,117776,2024-04-19 09:30:00,3,train
1131971,117779,2024-04-19 12:30:00,3,train
1131971,117780,2024-04-19 12:30:00,3,train
1131971,117785,2024-04-19 12:30:00,3,train
1132429,117784,2024-04-19 13:30:00,3,train
1132429,117787,2024-04-19 13:30:00,3,train
1134799,117782,2024-04-19 13:30:00,3,train
1134799,117783,2024-04-19 13:30:00,3,train
1134800,117781,2024-04-19 13:30:00,3,train
1134800,117786,2024-04-19 13:30:00,3,train
1128362,117788,2024-04-19 15:30:00,3,train
1128362,117789,2024-04-19 15:30:00,3,train
1128362,117792,2024-04-19 15:30:00,3,train
1132478,117790,2024-04-19 15:30:00,3,train
1132478,117791,2024-04-19 15:30:00,3,train
1132432,117793,2024-04-19 16:30:00,3,train
1132432,117796,2024-04-19 16:30:00,3,train
1132774,117794,2024-04-19 17:00:00,3,train
1132774,117797,2024-04-19 17:00:00,3,train
1132774,117802,2024-04-19 17:00:00,3,train
1127762,117795,2024-04-19 18:00:00,3,train
1127762,117798,2024-04-19 18:00:00,3,train
1127762,117800,2024-04-19 18:00:00,3,train
1133122,117799,2024-04-19 19:30:00,3,train
1135898,117801,2024-04-19 19:30:00,3,train
1135898,117803,2024-04-19 19:30:00,3,train
1134232,117808,2024-04-19 20:30:00,3,train
1128361,117804,2024-04-19 21:00:00,3,train
1128361,117807,2024-04-19 21:00:00,3,train
1132987,117805,2024-04-19 22:00:00,3,train
1132987,117806,2024-04-19 22:00:00,3,train
1132987,117809,2024-04-19 22:00:00,3,train
1134231,117810,2024-04-20 00:30:00,3,train
1134231,117811,2024-04-20 00:30:00,3,train
1136668,117814,2024-04-20 01:15:00,3,train
1136668,117815,2024-04-20 01:15:00,3,train
1137054,117812,2024-04-20 02:30:00,3,train
1137054,117813,2024-04-20 02:30:00,3,train
1137159,117816,2024-04-20 04:30:00,3,train
1137159,117817,2024-04-20 04:30:00,3,train
1137160,117818,2024-04-20 07:00:00,3,train
1137160,117819,2024-04-20 07:00:00,3,train
1137160,117821,2024-04-20 07:00:00,3,train
1135543,117820,2024-04-20 09:30:00,3,train
1135543,117822,2024-04-20 09:30:00,3,train
1139060,117826,2024-04-20 13:30:00,3,train
1139060,117827,2024-04-20 13:30:00,3,train
1132870,117828,2024-04-20 15:00:00,3,train
1132870,117829,2024-04-20 15:00:00,3,train
1132870,117833,2024-04-20 15:00:00,3,train
1071996,117830,2024-04-20 16:00:00,3,train
1071996,117832,2024-04-20 16:00:00,3,train
1071996,117836,2024-04-20 16:00:00,3,train
1138144,117831,2024-04-20 16:25:00,3,train
1138144,117834,2024-04-20 16:25:00,3,train
1138144,117837,2024-04-20 16:25:00,3,train
1132355,117835,2024-04-20 18:00:00,3,train
1132355,117838,2024-04-20 18:00:00,3,train
1132355,117839,2024-04-20 18:00:00,3,train
1140210,117840,2024-04-20 20:35:00,3,train
1140210,117846,2024-04-20 20:35:00,3,train
1071994,117842,2024-04-20 21:00:00,3,train
1071994,117847,2024-04-20 21:00:00,3,train
1071995,117843,2024-04-20 21:00:00,3,train
1071995,117845,2024-04-20 21:00:00,3,train
1071995,117849,2024-04-20 21:00:00,3,train
1132869,117841,2024-04-20 21:00:00,3,train
1132869,117844,2024-04-20 21:00:00,3,train
1132869,117848,2024-04-20 21:00:00,3,train
1140635,117850,2024-04-20 23:45:00,3,train
1140635,117851,2024-04-20 23:45:00,3,train
1140635,117852,2024-04-20 23:45:00,3,train
1140209,117853,2024-04-21 14:00:00,3,train
1140209,117854,2024-04-21 14:00:00,3,train
1139629,117855,2024-04-21 16:30:00,3,train
1139629,117856,2024-04-21 16:30:00,3,train
1139629,117858,2024-04-21 16:30:00,3,train
1140301,117857,2024-04-21 18:00:00,3,train
1140301,117859,2024-04-21 18:00:00,3,train
1140734,117860,2024-04-21 21:00:00,3,train
1140734,117861,2024-04-21 21:00:00,3,train
1138351,117863,2024-04-22 12:00:00,3,train
1144026,117862,2024-04-22 12:00:00,3,train
1144026,117864,2024-04-22 12:00:00,3,train
1144173,117865,2024-04-22 15:00:00,3,train
1143694,117866,2024-04-22 15:30:00,3,train
1143694,117867,2024-04-22 15:30:00,3,train
1144025,117868,2024-04-22 18:00:00,3,train
1144025,117870,2024-04-22 18:00:00,3,train
1137216,117869,2024-04-22 19:00:00,3,train
1137216,117871,2024-04-22 19:00:00,3,train
1137216,117873,2024-04-22 19:00:00,3,train
1144024,117872,2024-04-22 21:00:00,3,train
1123907,117876,2024-04-23 14:30:00,3,train
1123907,117880,2024-04-23 14:30:00,3,train
1123906,117883,2024-04-23 17:45:00,3,train
1123906,117884,2024-04-23 17:45:00,3,train
1123909,117882,2024-04-23 18:05:00,3,train
1123909,117885,2024-04-23 18:05:00,3,train
1123910,117886,2024-04-23 20:30:00,3,train
1123910,117887,2024-04-23 20:30:00,3,train
1137213,117888,2024-04-24 13:00:00,3,train
1137213,117891,2024-04-24 13:00:00,3,train
1137213,117892,2024-04-24 13:00:00,3,train
1123903,117889,2024-04-24 14:30:00,3,train
1123903,117890,2024-04-24 14:30:00,3,train
1137212,117894,2024-04-24 16:00:00,3,train
1137212,117899,2024-04-24 16:00:00,3,train
1137212,117901,2024-04-24 16:00:00,3,train
1138346,117893,2024-04-24 16:00:00,3,train
1138346,117896,2024-04-24 16:00:00,3,train
1138346,117898,2024-04-24 16:00:00,3,train
1151268,117895,2024-04-24 17:30:00,3,train
1151268,117902,2024-04-24 17:30:00,3,train
1151269,117897,2024-04-24 17:45:00,3,train
1151269,117903,2024-04-24 17:45:00,3,train
1151746,117900,2024-04-24 18:00:00,3,train
1151746,117904,2024-04-24 18:00:00,3,train
1152084,117905,2024-04-24 20:30:00,3,train
1152084,117907,2024-04-24 20:30:00,3,train
1152084,117909,2024-04-24 20:30:00,3,train
1152085,117906,2024-04-24 20:30:00,3,train
1152085,117908,2024-04-24 20:30:00,3,train
1138345,117910,2024-04-25 12:00:00,3,train
1138345,117911,2024-04-25 12:00:00,3,train
1155514,117913,2024-04-25 14:30:00,3,train
1155514,117915,2024-04-25 14:30:00,3,train
1155514,117917,2024-04-25 14:30:00,3,train
1155515,117912,2024-04-25 14:30:00,3,train
1155515,117914,2024-04-25 14:30:00,3,train
1138344,117916,2024-04-25 15:00:00,3,train
1156279,117918,2024-04-25 17:00:00,3,train
1156279,117920,2024-04-25 17:00:00,3,train
1152081,117919,2024-04-25 18:00:00,3,train
1152081,117921,2024-04-25 18:00:00,3,train
1152081,117922,2024-04-25 18:00:00,3,train
1156278,117923,2024-04-25 20:00:00,3,train
1156278,117925,2024-04-25 20:00:00,3,train
1156278,117928,2024-04-25 20:00:00,3,train
1155905,117924,2024-04-25 20:30:00,3,train
1155905,117926,2024-04-25 20:30:00,3,train
1156662,117927,2024-04-25 21:15:00,3,train
1156662,117929,2024-04-25 21:15:00,3,train
1156662,117930,2024-04-25 21:15:00,3,train
1136379,117931,2024-04-26 03:00:00,3,train
1136378,117932,2024-04-26 04:25:00,3,train
1136377,117933,2024-04-26 05:50:00,3,train
1136376,117934,2024-04-26 07:15:00,3,train
1161837,117935,2024-04-26 12:15:00,3,train
1159882,117937,2024-04-26 14:30:00,3,train
1159882,117938,2024-04-26 14:30:00,3,train
1160198,117936,2024-04-26 14:30:00,3,train
1160198,117939,2024-04-26 14:30:00,3,train
1156663,117940,2024-04-26 17:30:00,3,train
1156663,117941,2024-04-26 17:30:00,3,train
1160814,117942,2024-04-26 18:55:00,3,train
1160197,117943,2024-04-26 20:30:00,3,train
1160197,117944,2024-04-26 20:30:00,3,train
1161393,117945,2024-04-27 06:00:00,3,train
1161393,117946,2024-04-27 06:00:00,3,train
1162745,117947,2024-04-27 09:15:00,3,train
1162745,117948,2024-04-27 09:15:00,3,train
1165547,117949,2024-04-27 10:45:00,3,train
1165547,117950,2024-04-27 10:45:00,3,train
1163204,117952,2024-04-27 14:30:00,3,train
1163204,117954,2024-04-27 14:30:00,3,train
1163527,117951,2024-04-27 14:30:00,3,train
1163527,117953,2024-04-27 14:30:00,3,train
1163527,117955,2024-04-27 14:30:00,3,train
1164606,117956,2024-04-27 17:30:00,3,train
1164606,117958,2024-04-27 17:30:00,3,train
1164606,117960,2024-04-27 17:30:00,3,train
1156472,117957,2024-04-27 17:45:00,3,train
1156472,117959,2024-04-27 17:45:00,3,train
1163998,117961,2024-04-27 20:30:00,3,train
1163998,117962,2024-04-27 20:30:00,3,train
1166527,117963,2024-04-28 09:15:00,3,train
1166527,117964,2024-04-28 09:15:00,3,train
1159883,117965,2024-04-28 14:30:00,3,train
1159883,117966,2024-04-28 14:30:00,3,train
1167783,117967,2024-04-28 17:30:00,3,train
1167783,117968,2024-04-28 17:30:00,3,train
1167484,117969,2024-04-28 20:30:00,3,train
1163508,117971,2024-04-29 15:00:00,3,train
1163508,117972,2024-04-29 15:00:00,3,train
1163508,117973,2024-04-29 15:00:00,3,train
1165862,117974,2024-04-29 17:00:00,3,train
1165862,117975,2024-04-29 17:00:00,3,train
1165862,117976,2024-04-29 17:00:00,3,train
1165861,117977,2024-04-29 20:20:00,3,train
1165861,117978,2024-04-29 20:20:00,3,train
1165861,117979,2024-04-29 20:20:00,3,train
1174437,117980,2024-04-30 11:00:00,3,train
1174437,117981,2024-04-30 11:00:00,3,train
1163507,117982,2024-04-30 12:00:00,3,train
1163507,117983,2024-04-30 12:00:00,3,train
1123901,117985,2024-04-30 14:30:00,3,train
1123901,117988,2024-04-30 14:30:00,3,train
1123902,117984,2024-04-30 14:30:00,3,train
1123902,117986,2024-04-30 14:30:00,3,train
1163506,117987,2024-04-30 15:00:00,3,train
1163506,117989,2024-04-30 15:00:00,3,train
1163506,117990,2024-04-30 15:00:00,3,train
1123897,117992,2024-04-30 17:30:00,3,train
1123897,117994,2024-04-30 17:30:00,3,train
1123898,117991,2024-04-30 17:30:00,3,train
1123898,117993,2024-04-30 17:30:00,3,train
1176213,117995,2024-04-30 20:10:00,3,train
1176213,117999,2024-04-30 20:10:00,3,train
1123899,117996,2024-04-30 20:30:00,3,train
1123899,118000,2024-04-30 20:30:00,3,train
1123900,117997,2024-04-30 20:30:00,3,train
1123900,117998,2024-04-30 20:30:00,3,train
1123900,118001,2024-04-30 20:30:00,3,train
1163505,118002,2024-05-01 12:00:00,3,train
1163505,118003,2024-05-01 12:00:00,3,train
1123895,118005,2024-05-01 14:30:00,3,train
1123896,118004,2024-05-01 14:30:00,3,train
1123896,118006,2024-05-01 14:30:00,3,train
1179053,118007,2024-05-01 17:15:00,3,train
1179053,118013,2024-05-01 17:15:00,3,train
1179053,118015,2024-05-01 17:15:00,3,train
1179247,118008,2024-05-01 17:30:00,3,train
1179247,118010,2024-05-01 17:30:00,3,train
1179247,118012,2024-05-01 17:30:00,3,train
1179248,118009,2024-05-01 17:30:00,3,train
1179248,118011,2024-05-01 17:30:00,3,train
1179057,118014,2024-05-01 20:00:00,3,train
1179057,118017,2024-05-01 20:00:00,3,train
1179057,118020,2024-05-01 20:00:00,3,train
1180392,118016,2024-05-01 20:30:00,3,train
1180392,118019,2024-05-01 20:30:00,3,train
1180393,118018,2024-05-01 20:30:00,3,train
1180393,118021,2024-05-01 20:30:00,3,train
1179055,118022,2024-05-02 11:00:00,3,train
1179055,118024,2024-05-02 11:00:00,3,train
1184773,118023,2024-05-02 12:00:00,3,train
1184773,118025,2024-05-02 12:00:00,3,train
1179062,118030,2024-05-02 14:00:00,3,train
1179062,118031,2024-05-02 14:00:00,3,train
1183798,118026,2024-05-02 14:30:00,3,train
1183798,118029,2024-05-02 14:30:00,3,train
1183799,118027,2024-05-02 14:30:00,3,train
1183799,118028,2024-05-02 14:30:00,3,train
1183799,118032,2024-05-02 14:30:00,3,train
1179060,118033,2024-05-02 17:00:00,3,train
1179060,118036,2024-05-02 17:00:00,3,train
1179743,118034,2024-05-02 17:30:00,3,train
1179743,118037,2024-05-02 17:30:00,3,train
1179743,118042,2024-05-02 17:30:00,3,train
1179744,118035,2024-05-02 17:30:00,3,train
1179744,118038,2024-05-02 17:30:00,3,train
1179744,118041,2024-05-02 17:30:00,3,train
1184771,118039,2024-05-02 18:30:00,3,train
1184771,118040,2024-05-02 18:30:00,3,train
1184970,118043,2024-05-02 20:45:00,3,train
1184970,118047,2024-05-02 20:45:00,3,train
1184407,118044,2024-05-02 21:00:00,3,train
1184407,118046,2024-05-02 21:00:00,3,train
1184407,118049,2024-05-02 21:00:00,3,train
1179061,118045,2024-05-02 21:15:00,3,train
1179061,118048,2024-05-02 21:15:00,3,train
1184962,118050,2024-05-03 11:00:00,3,train
1184962,118051,2024-05-03 11:00:00,3,train
1188098,118053,2024-05-03 14:00:00,3,train
1188098,118057,2024-05-03 14:00:00,3,train
1187811,118054,2024-05-03 14:30:00,3,train
1187811,118056,2024-05-03 14:30:00,3,train
1188388,118052,2024-05-03 14:30:00,3,train
1188388,118055,2024-05-03 14:30:00,3,train
1188388,118058,2024-05-03 14:30:00,3,train
1188807,118059,2024-05-03 17:00:00,3,train
1188807,118064,2024-05-03 17:00:00,3,train
1185996,118060,2024-05-03 17:30:00,3,train
1185996,118062,2024-05-03 17:30:00,3,train
1188812,118061,2024-05-03 17:30:00,3,train
1188812,118063,2024-05-03 17:30:00,3,train
1188386,118066,2024-05-03 20:30:00,3,train
1188386,118068,2024-05-03 20:30:00,3,train
1188386,118071,2024-05-03 20:30:00,3,train
1191203,118065,2024-05-03 20:30:00,3,train
1191203,118069,2024-05-03 20:30:00,3,train
1191203,118072,2024-05-03 20:30:00,3,train
1187208,118067,2024-05-03 21:00:00,3,train
1187208,118070,2024-05-03 21:00:00,3,train
1187208,118073,2024-05-03 21:00:00,3,train
1191735,118074,2024-05-04 13:00:00,3,train
1191735,118075,2024-05-04 13:00:00,3,train
1188811,118077,2024-05-04 14:30:00,3,train
1188811,118079,2024-05-04 14:30:00,3,train
1188811,118081,2024-05-04 14:30:00,3,train
1191202,118076,2024-05-04 14:30:00,3,train
1191202,118078,2024-05-04 14:30:00,3,train
1191202,118080,2024-05-04 14:30:00,3,train
1191607,118082,2024-05-04 17:45:00,3,train
1191607,118084,2024-05-04 17:45:00,3,train
1192128,118083,2024-05-04 18:05:00,3,train
1192128,118085,2024-05-04 18:05:00,3,train
1192128,118086,2024-05-04 18:05:00,3,train
1184972,118087,2024-05-04 20:30:00,3,train
1184972,118088,2024-05-04 20:30:00,3,train
1195047,118089,2024-05-05 14:30:00,3,train
1195047,118090,2024-05-05 14:30:00,3,train
1194905,118091,2024-05-05 17:30:00,3,train
1194905,118092,2024-05-05 17:30:00,3,train
1194905,118093,2024-05-05 17:30:00,3,train
1188389,118094,2024-05-05 21:20:00,3,train
1188389,118095,2024-05-05 21:20:00,3,train
1188389,118096,2024-05-05 21:20:00,3,train
1199751,118097,2024-05-07 17:15:00,3,train
1199751,118099,2024-05-07 17:15:00,3,train
1199751,118101,2024-05-07 17:15:00,3,train
1199753,118098,2024-05-07 17:15:00,3,train
1199753,118100,2024-05-07 17:15:00,3,train
1199750,118102,2024-05-07 20:30:00,3,train
1199750,118104,2024-05-07 20:30:00,3,train
1199750,118106,2024-05-07 20:30:00,3,train
1199752,118103,2024-05-07 21:00:00,3,train
1199752,118105,2024-05-07 21:00:00,3,train
1208435,118107,2024-05-08 17:15:00,3,train
1208435,118109,2024-05-08 17:15:00,3,train
1208435,118111,2024-05-08 17:15:00,3,train
1208613,118108,2024-05-08 17:15:00,3,train
1208613,118110,2024-05-08 17:15:00,3,train
1208613,118112,2024-05-08 17:15:00,3,train
1208961,118113,2024-05-08 21:00:00,3,train
1208961,118115,2024-05-08 21:00:00,3,train
1208961,118117,2024-05-08 21:00:00,3,train
1209149,118114,2024-05-08 21:00:00,3,train
1209149,118116,2024-05-08 21:00:00,3,train
1214108,118118,2024-05-09 17:15:00,3,train
1214108,118119,2024-05-09 17:15:00,3,train
1213483,118120,2024-05-09 20:30:00,3,train
1213483,118121,2024-05-09 20:30:00,3,train
1213483,118122,2024-05-09 20:30:00,3,train
1213482,118123,2024-05-10 17:15:00,3,train
1213482,118124,2024-05-10 17:15:00,3,train
1214107,118125,2024-05-10 20:30:00,3,train
1221621,118126,2024-05-11 17:15:00,3,train
1221621,118127,2024-05-11 17:15:00,3,train
1221621,118128,2024-05-11 17:15:00,3,train
1218144,118129,2024-05-11 21:15:00,3,train
1218144,118130,2024-05-11 21:15:00,3,train
1218144,118131,2024-05-11 21:15:00,3,train
1225352,118132,2024-05-12 18:00:00,3,train
1225352,118133,2024-05-12 18:00:00,3,train
1225352,118134,2024-05-12 18:00:00,3,train
1228034,118135,2024-05-14 13:00:00,3,train
1228034,118136,2024-05-14 13:00:00,3,train
1228036,118137,2024-05-14 16:00:00,3,train
1228036,118138,2024-05-14 16:00:00,3,train
1228036,118139,2024-05-14 16:00:00,3,train
1196844,118140,2024-05-14 19:35:00,3,train
1196844,118141,2024-05-14 19:35:00,3,train
1190137,118142,2024-05-14 21:00:00,3,train
1190137,118147,2024-05-14 21:00:00,3,train
1190137,118148,2024-05-14 21:00:00,3,train
1190280,118144,2024-05-14 21:00:00,3,train
1190280,118145,2024-05-14 21:00:00,3,train
1190282,118143,2024-05-14 21:00:00,3,train
1190282,118146,2024-05-14 21:00:00,3,train
1190282,118149,2024-05-14 21:00:00,3,train
1196842,118150,2024-05-15 13:00:00,3,train
1196842,118151,2024-05-15 13:00:00,3,train
1196841,118152,2024-05-15 16:00:00,3,train
1196841,118155,2024-05-15 16:00:00,3,train
1196841,118157,2024-05-15 16:00:00,3,train
1228033,118153,2024-05-15 16:00:00,3,train
1228033,118154,2024-05-15 16:00:00,3,train
1228033,118156,2024-05-15 16:00:00,3,train
1240288,118164,2024-05-15 19:50:00,3,train
1240288,118170,2024-05-15 19:50:00,3,train
1228887,118167,2024-05-15 21:00:00,3,train
1228887,118169,2024-05-15 21:00:00,3,train
1242635,118165,2024-05-15 21:00:00,3,train
1242635,118168,2024-05-15 21:00:00,3,train
1223286,118171,2024-05-16 12:30:00,3,train
1223286,118174,2024-05-16 12:30:00,3,train
1223286,118176,2024-05-16 12:30:00,3,train
1237946,118173,2024-05-16 13:00:00,3,train
1237946,118175,2024-05-16 13:00:00,3,train
1228884,118178,2024-05-16 15:00:00,3,train
1228884,118181,2024-05-16 15:00:00,3,train
1223285,118182,2024-05-16 15:30:00,3,train
1239053,118180,2024-05-16 16:00:00,3,train
1239053,118183,2024-05-16 16:00:00,3,train
1239053,118185,2024-05-16 16:00:00,3,train
1244215,118184,2024-05-16 17:15:00,3,train
1244215,118187,2024-05-16 17:15:00,3,train
1228885,118186,2024-05-16 18:00:00,3,train
1228885,118188,2024-05-16 18:00:00,3,train
1244214,118189,2024-05-16 20:25:00,3,train
1244214,118190,2024-05-16 20:25:00,3,train
1248115,118191,2024-05-16 20:45:00,3,train
1248115,118193,2024-05-16 20:45:00,3,train
1228883,118192,2024-05-16 21:15:00,3,train
1228883,118194,2024-05-16 21:15:00,3,train
1248116,118195,2024-05-16 23:30:00,3,train
1249250,118196,2024-05-17 12:30:00,3,train
1249250,118197,2024-05-17 12:30:00,3,train
1249250,118199,2024-05-17 12:30:00,3,train
1244987,118200,2024-05-17 15:00:00,3,train
1244987,118203,2024-05-17 15:00:00,3,train
1244987,118204,2024-05-17 15:00:00,3,train
1247983,118198,2024-05-17 15:00:00,3,train
1247983,118201,2024-05-17 15:00:00,3,train
1247983,118205,2024-05-17 15:00:00,3,train
1223284,118202,2024-05-17 16:30:00,3,train
1223284,118208,2024-05-17 16:30:00,3,train
1248694,118209,2024-05-17 18:45:00,3,train
1248694,118210,2024-05-17 18:45:00,3,train
1248694,118211,2024-05-17 18:45:00,3,train
1223283,118212,2024-05-17 19:00:00,3,train
1223283,118214,2024-05-17 19:00:00,3,train
1244986,118213,2024-05-17 21:00:00,3,train
1244986,118215,2024-05-17 21:00:00,3,train
1244986,118216,2024-05-17 21:00:00,3,train
1252452,118217,2024-05-17 23:30:00,3,train
1252452,118218,2024-05-17 23:30:00,3,train
1252451,118219,2024-05-18 12:30:00,3,train
1252451,118220,2024-05-18 12:30:00,3,train
1252451,118225,2024-05-18 12:30:00,3,train
1251498,118226,2024-05-18 13:00:00,3,train
1251498,118227,2024-05-18 13:00:00,3,train
1248799,118229,2024-05-18 15:00:00,3,train
1252299,118228,2024-05-18 15:00:00,3,train
1252300,118230,2024-05-18 18:00:00,3,train
1223282,118231,2024-05-18 20:15:00,3,train
1223282,118233,2024-05-18 20:15:00,3,train
1248798,118232,2024-05-18 21:00:00,3,train
1248798,118234,2024-05-18 21:00:00,3,train
1223281,118235,2024-05-18 23:00:00,3,train
1223281,118236,2024-05-18 23:00:00,3,train
1223281,118237,2024-05-18 23:00:00,3,train
1251945,118238,2024-05-19 12:00:00,3,train
1251945,118239,2024-05-19 12:00:00,3,train
1256763,118240,2024-05-19 12:30:00,3,train
1256763,118241,2024-05-19 12:30:00,3,train
1256763,118242,2024-05-19 12:30:00,3,train
1252599,118245,2024-05-19 15:00:00,3,train
1256762,118243,2024-05-19 15:30:00,3,train
1255833,118244,2024-05-19 16:00:00,3,train
1255833,118246,2024-05-19 16:00:00,3,train
1255833,118247,2024-05-19 16:00:00,3,train
1259516,118248,2024-05-19 18:30:00,3,train
1259516,118249,2024-05-19 18:30:00,3,train
1256273,118252,2024-05-19 21:25:00,3,train
1256273,118253,2024-05-19 21:25:00,3,train
1223280,118250,2024-05-19 21:30:00,3,train
1223280,118251,2024-05-19 21:30:00,3,train
1260662,118255,2024-05-20 15:30:00,3,train
1260662,118256,2024-05-20 15:30:00,3,train
1263290,118254,2024-05-20 15:30:00,3,train
1263290,118257,2024-05-20 15:30:00,3,train
1263290,118258,2024-05-20 15:30:00,3,train
1260170,118259,2024-05-20 21:15:00,3,train
1260170,118260,2024-05-20 21:15:00,3,train
1260672,118261,2024-05-21 13:00:00,3,train
1260672,118262,2024-05-21 13:00:00,3,train
1264579,118263,2024-05-21 15:00:00,3,train
1264579,118265,2024-05-21 15:00:00,3,train
1264579,118267,2024-05-21 15:00:00,3,train
1266476,118264,2024-05-21 15:30:00,3,train
1266476,118266,2024-05-21 15:30:00,3,train
1266476,118268,2024-05-21 15:30:00,3,train
1265246,118269,2024-05-21 18:00:00,3,train
1265246,118270,2024-05-21 18:00:00,3,train
1260671,118271,2024-05-21 21:30:00,3,train
1260671,118272,2024-05-21 21:30:00,3,train
1260671,118273,2024-05-21 21:30:00,3,train
1268906,118274,2024-05-22 13:30:00,3,train
1268906,118275,2024-05-22 13:30:00,3,train
1268906,118276,2024-05-22 13:30:00,3,train
1270125,118277,2024-05-22 17:30:00,3,train
1270125,118279,2024-05-22 17:30:00,3,train
1269278,118278,2024-05-22 18:00:00,3,train
1269278,118280,2024-05-22 18:00:00,3,train
1269278,118281,2024-05-22 18:00:00,3,train
1270061,118282,2024-05-23 14:00:00,3,train
1270061,118283,2024-05-23 14:00:00,3,train
1273635,118284,2024-05-23 16:30:00,3,train
1273635,118286,2024-05-23 16:30:00,3,train
1273635,118289,2024-05-23 16:30:00,3,train
1273635,118291,2024-05-23 16:30:00,3,train
1270060,118285,2024-05-23 17:00:00,3,train
1270060,118288,2024-05-23 17:00:00,3,train
1269879,118287,2024-05-23 18:00:00,3,train
1269879,118290,2024-05-23 18:00:00,3,train
1274673,118292,2024-05-24 01:00:00,3,train
1274673,118293,2024-05-24 01:00:00,3,train
1275005,118294,2024-05-24 04:00:00,3,train
1275005,118295,2024-05-24 04:00:00,3,train
1275005,118296,2024-05-24 04:00:00,3,train
1270057,118297,2024-05-24 14:00:00,3,train
1270057,118298,2024-05-24 14:00:00,3,train
1270057,118299,2024-05-24 14:00:00,3,train
1270056,118300,2024-05-24 17:00:00,3,train
1270056,118301,2024-05-24 17:00:00,3,train
1277422,118302,2024-05-25 04:00:00,3,train
1277422,118303,2024-05-25 04:00:00,3,train
1277422,118304,2024-05-25 04:00:00,3,train
1277316,118305,2024-05-25 11:00:00,3,train
1277316,118306,2024-05-25 11:00:00,3,train
1277316,118307,2024-05-25 11:00:00,3,train
1276074,118310,2024-05-25 14:00:00,3,train
1276074,118312,2024-05-25 14:00:00,3,train
1276074,118314,2024-05-25 14:00:00,3,train
1276807,118311,2024-05-25 15:00:00,3,train
1276807,118313,2024-05-25 15:00:00,3,train
1276806,118315,2024-05-25 18:00:00,3,train
1276806,118316,2024-05-25 18:00:00,3,train
1276806,118317,2024-05-25 18:00:00,3,train
1276509,118318,2024-05-25 20:45:00,3,train
1276509,118320,2024-05-25 20:45:00,3,train
1276805,118319,2024-05-25 21:50:00,3,train
1276805,118321,2024-05-25 21:50:00,3,train
1276805,118322,2024-05-25 21:50:00,3,train
1280449,118323,2024-05-26 13:00:00,3,train
1280449,118324,2024-05-26 13:00:00,3,train
1280449,118325,2024-05-26 13:00:00,3,train
1280853,118326,2024-05-26 15:00:00,3,train
1280853,118327,2024-05-26 15:00:00,3,train
1280853,118328,2024-05-26 15:00:00,3,train
1280852,118329,2024-05-26 18:00:00,3,train
1280852,118331,2024-05-26 18:00:00,3,train
1282145,118330,2024-05-26 19:00:00,3,train
1282145,118332,2024-05-26 19:00:00,3,train
1280851,118333,2024-05-27 12:00:00,3,train
1280851,118334,2024-05-27 12:00:00,3,train
1280849,118338,2024-05-27 18:00:00,3,train
1280849,118339,2024-05-27 18:00:00,3,train
1280849,118340,2024-05-27 18:00:00,3,train
1251704,118341,2024-05-27 20:30:00,3,train
1251705,118342,2024-05-27 20:30:00,3,train
1251706,118343,2024-05-27 21:55:00,3,train
1251707,118344,2024-05-27 21:55:00,3,train
1251700,118345,2024-05-27 22:50:00,3,train
1251703,118346,2024-05-27 23:20:00,3,train
1251701,118347,2024-05-27 23:55:00,3,train
1251702,118348,2024-05-28 00:20:00,3,train
1284638,118349,2024-05-28 00:50:00,3,train
1284638,118351,2024-05-28 00:50:00,3,train
1284637,118350,2024-05-28 01:20:00,3,train
1284637,118352,2024-05-28 01:20:00,3,train
1284730,118353,2024-05-28 03:30:00,3,train
1284730,118356,2024-05-28 03:30:00,3,train
1284730,118357,2024-05-28 03:30:00,3,train
1284731,118354,2024-05-28 03:30:00,3,train
1284731,118355,2024-05-28 03:30:00,3,train
1284731,118358,2024-05-28 03:30:00,3,train
1263578,118359,2024-05-28 10:00:00,3,train
1263578,118360,2024-05-28 10:00:00,3,train
1263577,118361,2024-05-28 13:15:00,3,train
1263577,118362,2024-05-28 13:15:00,3,train
1284816,118365,2024-05-28 18:00:00,3,train
1284816,118366,2024-05-28 18:00:00,3,train
1284816,118369,2024-05-28 18:00:00,3,train
1284913,118368,2024-05-28 20:00:00,3,train
1284913,118371,2024-05-28 20:00:00,3,train
1284914,118367,2024-05-28 20:00:00,3,train
1284914,118370,2024-05-28 20:00:00,3,train
1284912,118372,2024-05-28 23:00:00,3,train
1284912,118374,2024-05-28 23:00:00,3,train
1284915,118373,2024-05-28 23:00:00,3,train
1284915,118375,2024-05-28 23:00:00,3,train
1284915,118376,2024-05-28 23:00:00,3,train
1285089,118377,2024-05-29 02:00:00,3,train
1285089,118378,2024-05-29 02:00:00,3,train
1285089,118380,2024-05-29 02:00:00,3,train
1285418,118379,2024-05-29 03:10:00,3,train
1285418,118381,2024-05-29 03:10:00,3,train
1285418,118382,2024-05-29 03:10:00,3,train
1263575,118383,2024-05-29 10:15:00,3,train
1263575,118384,2024-05-29 10:15:00,3,train
1263575,118385,2024-05-29 10:15:00,3,train
1286088,118386,2024-05-29 13:30:00,3,train
1286088,118387,2024-05-29 13:30:00,3,train
1286649,118389,2024-05-29 20:00:00,3,train
1286649,118390,2024-05-29 20:00:00,3,train
1287065,118388,2024-05-29 20:00:00,3,train
1287065,118391,2024-05-29 20:00:00,3,train
1287065,118392,2024-05-29 20:00:00,3,train
1287066,118393,2024-05-29 23:00:00,3,train
1287066,118395,2024-05-29 23:00:00,3,train
1285419,118394,2024-05-29 23:15:00,3,train
1285419,118396,2024-05-29 23:15:00,3,train
1287313,118398,2024-05-30 02:00:00,3,train
1287313,118400,2024-05-30 02:00:00,3,train
1287313,118401,2024-05-30 02:00:00,3,train
1289035,118397,2024-05-30 02:00:00,3,train
1289035,118399,2024-05-30 02:00:00,3,train
1288000,118402,2024-05-30 07:30:00,3,train
1288000,118403,2024-05-30 07:30:00,3,train
1288000,118404,2024-05-30 07:30:00,3,train
1286089,118405,2024-05-30 10:45:00,3,train
1286089,118406,2024-05-30 10:45:00,3,train
1286089,118407,2024-05-30 10:45:00,3,train
1288001,118408,2024-05-30 14:30:00,3,train
1288001,118409,2024-05-30 14:30:00,3,train
1288001,118410,2024-05-30 14:30:00,3,train
1293495,118411,2024-05-31 18:30:00,3,train
1290307,118412,2024-05-31 21:00:00,3,train
1290307,118413,2024-05-31 21:00:00,3,train
1289612,118414,2024-05-31 21:30:00,3,train
1289612,118415,2024-05-31 21:30:00,3,train
1282216,118416,2024-05-31 22:45:00,3,train
1290306,118417,2024-06-01 00:15:00,3,train
1290306,118418,2024-06-01 00:15:00,3,train
1294282,118419,2024-06-01 01:55:00,3,train
1294281,118420,2024-06-01 02:30:00,3,train
1294281,118421,2024-06-01 02:30:00,3,train
1290683,118422,2024-06-01 05:30:00,3,train
1290683,118423,2024-06-01 05:30:00,3,train
1291050,118424,2024-06-01 08:45:00,3,train
1291050,118425,2024-06-01 08:45:00,3,train
1291050,118426,2024-06-01 08:45:00,3,train
1295665,118427,2024-06-01 15:15:00,3,train
1294179,118428,2024-06-01 21:00:00,3,train
1294179,118429,2024-06-01 21:00:00,3,train
1294521,118430,2024-06-02 00:15:00,3,train
1294521,118431,2024-06-02 00:15:00,3,train
1296292,118432,2024-06-02 07:00:00,3,train
1296292,118433,2024-06-02 07:00:00,3,train
1296292,118434,2024-06-02 07:00:00,3,train
1296293,118435,2024-06-02 15:00:00,3,train
1296293,118436,2024-06-02 15:00:00,3,train
1297143,118437,2024-06-02 21:00:00,3,train
1297143,118438,2024-06-02 21:00:00,3,train
1297143,118439,2024-06-02 21:00:00,3,train
1298684,118440,2024-06-03 17:00:00,3,train
1298684,118441,2024-06-03 17:00:00,3,train
1298683,118442,2024-06-03 20:00:00,3,train
1298682,118443,2024-06-04 11:00:00,3,train
1298682,118444,2024-06-04 11:00:00,3,train
1280228,118446,2024-06-04 20:00:00,3,train
1280229,118448,2024-06-04 20:00:00,3,train
1280229,118451,2024-06-04 20:00:00,3,train
1280230,118450,2024-06-04 20:00:00,3,train
1280231,118445,2024-06-04 20:00:00,3,train
1280231,118447,2024-06-04 20:00:00,3,train
1298679,118449,2024-06-04 20:00:00,3,train
1290447,118453,2024-06-05 11:00:00,3,train
1290462,118452,2024-06-05 11:10:00,3,train
1298486,118454,2024-06-05 12:00:00,3,train
1298486,118455,2024-06-05 12:00:00,3,train
1290446,118456,2024-06-05 12:55:00,3,train
1303271,118458,2024-06-05 14:00:00,3,train
1303271,118459,2024-06-05 14:00:00,3,train
1298484,118460,2024-06-05 15:00:00,3,train
1298484,118461,2024-06-05 15:00:00,3,train
1290460,118457,2024-06-05 15:10:00,3,train
1290444,118463,2024-06-05 16:55:00,3,train
1303270,118462,2024-06-05 17:00:00,3,train
1303270,118464,2024-06-05 17:00:00,3,train
1303270,118467,2024-06-05 17:00:00,3,train
1298485,118465,2024-06-05 18:00:00,3,train
1298485,118468,2024-06-05 18:00:00,3,train
1290458,118466,2024-06-05 18:10:00,3,train
1290457,118469,2024-06-05 19:55:00,3,train
1290442,118471,2024-06-05 20:00:00,3,train
1303213,118472,2024-06-05 20:00:00,3,train
1303213,118479,2024-06-05 20:00:00,3,train
1303214,118473,2024-06-05 20:00:00,3,train
1303214,118476,2024-06-05 20:00:00,3,train
1303307,118470,2024-06-05 20:00:00,3,train
1303307,118475,2024-06-05 20:00:00,3,train
1303307,118477,2024-06-05 20:00:00,3,train
1298483,118474,2024-06-05 21:00:00,3,train
1298483,118478,2024-06-05 21:00:00,3,train
1298483,118480,2024-06-05 21:00:00,3,train
1290440,118482,2024-06-06 11:00:00,3,train
1290455,118481,2024-06-06 11:00:00,3,train
1290439,118483,2024-06-06 12:30:00,3,train
1290454,118484,2024-06-06 12:30:00,3,train
1290437,118485,2024-06-06 14:00:00,3,train
1304155,118487,2024-06-06 14:00:00,3,train
1304155,118488,2024-06-06 14:00:00,3,train
1290453,118486,2024-06-06 15:30:00,3,train
1290436,118489,2024-06-06 17:00:00,3,train
1290451,118490,2024-06-06 17:00:00,3,train
1304154,118491,2024-06-06 17:00:00,3,train
1302997,118492,2024-06-06 18:00:00,3,train
1302997,118494,2024-06-06 18:00:00,3,train
1290449,118493,2024-06-06 18:30:00,3,train
1290450,118496,2024-06-06 20:00:00,3,train
1304153,118499,2024-06-06 20:00:00,3,train
1305573,118498,2024-06-06 20:00:00,3,train
1305573,118501,2024-06-06 20:00:00,3,train
1305665,118495,2024-06-06 20:00:00,3,train
1305665,118502,2024-06-06 20:00:00,3,train
1290435,118497,2024-06-06 20:10:00,3,train
1290433,118500,2024-06-06 21:30:00,3,train
1307549,118503,2024-06-07 11:00:00,3,train
1307549,118505,2024-06-07 11:00:00,3,train
1305263,118504,2024-06-07 12:00:00,3,train
1305263,118506,2024-06-07 12:00:00,3,train
1307548,118507,2024-06-07 14:00:00,3,train
1307548,118508,2024-06-07 14:00:00,3,train
1305633,118509,2024-06-07 15:00:00,3,train
1305633,118510,2024-06-07 15:00:00,3,train
1281530,118511,2024-06-07 16:10:00,3,train
1307547,118512,2024-06-07 17:00:00,3,train
1307547,118513,2024-06-07 17:00:00,3,train
1307547,118516,2024-06-07 17:00:00,3,train
1305262,118514,2024-06-07 18:00:00,3,train
1305262,118515,2024-06-07 18:00:00,3,train
1307493,118518,2024-06-07 20:30:00,3,train
1307493,118519,2024-06-07 20:30:00,3,train
1307624,118517,2024-06-07 20:40:00,3,train
1307624,118520,2024-06-07 20:40:00,3,train
1307536,118521,2024-06-07 21:30:00,3,train
1307536,118522,2024-06-07 21:30:00,3,train
1307669,118523,2024-06-08 00:30:00,3,train
1307669,118524,2024-06-08 00:30:00,3,train
1305882,118525,2024-06-08 03:30:00,3,train
1305882,118526,2024-06-08 03:30:00,3,train
1307266,118527,2024-06-08 12:00:00,3,train
1307266,118528,2024-06-08 12:00:00,3,train
1307266,118529,2024-06-08 12:00:00,3,train
1307544,118530,2024-06-08 14:00:00,3,train
1307544,118531,2024-06-08 14:00:00,3,train
1307544,118533,2024-06-08 14:00:00,3,train
1281529,118532,2024-06-08 15:00:00,3,train
1308984,118535,2024-06-08 16:00:00,3,train
1308984,118536,2024-06-08 16:00:00,3,train
1308984,118540,2024-06-08 16:00:00,3,train
1281528,118534,2024-06-08 16:30:00,3,train
1308973,118538,2024-06-08 18:00:00,3,train
1308973,118539,2024-06-08 18:00:00,3,train
1308973,118541,2024-06-08 18:00:00,3,train
1307542,118545,2024-06-08 20:00:00,3,train
1307542,118546,2024-06-08 20:00:00,3,train
1309175,118544,2024-06-08 20:00:00,3,train
1309175,118548,2024-06-08 20:00:00,3,train
1309172,118542,2024-06-08 20:30:00,3,train
1309172,118543,2024-06-08 20:30:00,3,train
1309161,118547,2024-06-08 21:00:00,3,train
1310746,118549,2024-06-09 12:00:00,3,train
1310746,118550,2024-06-09 12:00:00,3,train
1310746,118555,2024-06-09 12:00:00,3,train
1310778,118554,2024-06-09 13:00:00,3,train
1310779,118553,2024-06-09 13:00:00,3,train
1310780,118551,2024-06-09 13:00:00,3,train
1310781,118552,2024-06-09 13:00:00,3,train
1310774,118559,2024-06-09 14:30:00,3,train
1310775,118556,2024-06-09 14:30:00,3,train
1310776,118557,2024-06-09 14:30:00,3,train
1310777,118558,2024-06-09 14:30:00,3,train
1311217,118560,2024-06-09 14:30:00,3,train
1311217,118565,2024-06-09 14:30:00,3,train
1310589,118561,2024-06-09 15:00:00,3,train
1310589,118563,2024-06-09 15:00:00,3,train
1310589,118569,2024-06-09 15:00:00,3,train
1310745,118562,2024-06-09 15:00:00,3,train
1310745,118568,2024-06-09 15:00:00,3,train
1310745,118570,2024-06-09 15:00:00,3,train
1310771,118567,2024-06-09 16:00:00,3,train
1310772,118566,2024-06-09 16:00:00,3,train
1310773,118564,2024-06-09 16:00:00,3,train
1310767,118573,2024-06-09 17:30:00,3,train
1310768,118571,2024-06-09 17:30:00,3,train
1310769,118574,2024-06-09 17:30:00,3,train
1311216,118572,2024-06-09 17:30:00,3,train
1311216,118576,2024-06-09 17:30:00,3,train
1310698,118578,2024-06-09 18:00:00,3,train
1310698,118581,2024-06-09 18:00:00,3,train
1310698,118582,2024-06-09 18:00:00,3,train
1310744,118575,2024-06-09 18:00:00,3,train
1310744,118579,2024-06-09 18:00:00,3,train
1310590,118577,2024-06-09 18:20:00,3,train
1310590,118580,2024-06-09 18:20:00,3,train
1310976,118585,2024-06-10 04:00:00,3,train
1310976,118586,2024-06-10 04:00:00,3,train
1310976,118587,2024-06-10 04:00:00,3,train
1311215,118588,2024-06-10 11:30:00,3,train
1312040,118590,2024-06-10 13:00:00,3,train
1312041,118591,2024-06-10 13:00:00,3,train
1312042,118592,2024-06-10 13:00:00,3,train
1312043,118589,2024-06-10 13:00:00,3,train
1312036,118593,2024-06-10 14:30:00,3,train
1312037,118597,2024-06-10 14:30:00,3,train
1312038,118594,2024-06-10 14:30:00,3,train
1312039,118596,2024-06-10 14:30:00,3,train
1312150,118595,2024-06-10 15:00:00,3,train
1312150,118599,2024-06-10 15:00:00,3,train
1312150,118602,2024-06-10 15:00:00,3,train
1312032,118601,2024-06-10 16:00:00,3,train
1312033,118600,2024-06-10 16:00:00,3,train
1312034,118598,2024-06-10 16:00:00,3,train
1311213,118603,2024-06-10 17:30:00,3,train
1311213,118605,2024-06-10 17:30:00,3,train
1311213,118607,2024-06-10 17:30:00,3,train
1313815,118608,2024-06-11 14:00:00,3,train
1313815,118609,2024-06-11 14:00:00,3,train
1313815,118610,2024-06-11 14:00:00,3,train
1313814,118612,2024-06-11 17:25:00,3,train
1313814,118613,2024-06-11 17:25:00,3,train
1313768,118611,2024-06-11 17:30:00,3,train
1313768,118614,2024-06-11 17:30:00,3,train
1313768,118617,2024-06-11 17:30:00,3,train
1315173,118618,2024-06-11 21:00:00,3,train
1315173,118619,2024-06-11 21:00:00,3,train
1292754,118620,2024-06-12 14:00:00,3,train
1292754,118621,2024-06-12 14:00:00,3,train
1315049,118622,2024-06-12 15:45:00,3,train
1315049,118624,2024-06-12 15:45:00,3,train
1292753,118623,2024-06-12 16:25:00,3,train
1292753,118625,2024-06-12 16:25:00,3,train
1292752,118626,2024-06-12 18:45:00,3,train
1292752,118629,2024-06-12 18:45:00,3,train
1292752,118632,2024-06-12 18:45:00,3,train
1315508,118627,2024-06-12 20:00:00,3,train
1315508,118631,2024-06-12 20:00:00,3,train
1315508,118633,2024-06-12 20:00:00,3,train
1315510,118628,2024-06-12 20:00:00,3,train
1315510,118630,2024-06-12 20:00:00,3,train
1315510,118634,2024-06-12 20:00:00,3,train
1292751,118635,2024-06-12 23:00:00,3,train
1292751,118636,2024-06-12 23:00:00,3,train
1292751,118637,2024-06-12 23:00:00,3,train
1315577,118638,2024-06-13 11:00:00,3,train
1315577,118639,2024-06-13 11:00:00,3,train
1315048,118641,2024-06-13 13:00:00,3,train
1315048,118643,2024-06-13 13:00:00,3,train
1315576,118642,2024-06-13 14:00:00,3,train
1315576,118646,2024-06-13 14:00:00,3,train
1317125,118640,2024-06-13 14:00:00,3,train
1317125,118644,2024-06-13 14:00:00,3,train
1315047,118648,2024-06-13 15:50:00,3,train
1315047,118651,2024-06-13 15:50:00,3,train
1315047,118655,2024-06-13 15:50:00,3,train
1317126,118647,2024-06-13 15:50:00,3,train
1317126,118650,2024-06-13 15:50:00,3,train
1317126,118654,2024-06-13 15:50:00,3,train
1315575,118652,2024-06-13 17:00:00,3,train
1315575,118656,2024-06-13 17:00:00,3,train
1315575,118657,2024-06-13 17:00:00,3,train
1314508,118659,2024-06-13 18:40:00,3,train
1314508,118661,2024-06-13 18:40:00,3,train
1314508,118664,2024-06-13 18:40:00,3,train
1317591,118658,2024-06-13 19:00:00,3,train
1317591,118660,2024-06-13 19:00:00,3,train
1317591,118663,2024-06-13 19:00:00,3,train
1317358,118662,2024-06-13 21:00:00,3,train
1317592,118665,2024-06-13 22:15:00,3,train
1317592,118666,2024-06-13 22:15:00,3,train
1315573,118667,2024-06-14 11:00:00,3,train
1308703,118668,2024-06-14 12:25:00,3,train
1316992,118669,2024-06-14 13:00:00,3,train
1314507,118670,2024-06-14 15:00:00,3,train
1314507,118674,2024-06-14 15:00:00,3,train
1308701,118671,2024-06-14 15:25:00,3,train
1315572,118672,2024-06-14 16:05:00,3,train
1318586,118673,2024-06-14 16:30:00,3,train
1318586,118676,2024-06-14 16:30:00,3,train
1318586,118680,2024-06-14 16:30:00,3,train
1315571,118675,2024-06-14 17:00:00,3,train
1315571,118679,2024-06-14 17:00:00,3,train
1319699,118677,2024-06-14 17:00:00,3,train
1318827,118678,2024-06-14 18:00:00,3,train
1318827,118681,2024-06-14 18:00:00,3,train
1318827,118683,2024-06-14 18:00:00,3,train
1319869,118682,2024-06-14 18:30:00,3,train
1296498,118684,2024-06-14 20:00:00,3,train
1318898,118685,2024-06-14 20:00:00,3,train
1318898,118688,2024-06-14 20:00:00,3,train
1318899,118686,2024-06-14 20:00:00,3,train
1318900,118687,2024-06-14 20:00:00,3,train
1318900,118690,2024-06-14 20:00:00,3,train
1318946,118689,2024-06-14 21:40:00,3,train
1318946,118692,2024-06-14 21:40:00,3,train
1296497,118691,2024-06-14 22:00:00,3,train
1296496,118694,2024-06-15 00:10:00,3,train
1320243,118693,2024-06-15 02:00:00,3,train
1319698,118695,2024-06-15 11:00:00,3,train
1319698,118696,2024-06-15 11:00:00,3,train
1320009,118697,2024-06-15 13:00:00,3,train
1320009,118698,2024-06-15 13:00:00,3,train
1320009,118701,2024-06-15 13:00:00,3,train
1320009,118704,2024-06-15 13:00:00,3,train
1320137,118700,2024-06-15 13:55:00,3,train
1320137,118702,2024-06-15 13:55:00,3,train
1320137,118705,2024-06-15 13:55:00,3,train
1318821,118699,2024-06-15 14:00:00,3,train
1318821,118703,2024-06-15 14:00:00,3,train
1320242,118706,2024-06-15 16:15:00,3,train
1320242,118707,2024-06-15 16:15:00,3,train
1318671,118708,2024-06-15 18:00:00,3,train
1318671,118711,2024-06-15 18:00:00,3,train
1318671,118714,2024-06-15 18:00:00,3,train
1320042,118710,2024-06-15 18:00:00,3,train
1320042,118716,2024-06-15 18:00:00,3,train
1320042,118720,2024-06-15 18:00:00,3,train
1320094,118709,2024-06-15 18:00:00,3,train
1320094,118712,2024-06-15 18:00:00,3,train
1320094,118717,2024-06-15 18:00:00,3,train
1320381,118713,2024-06-15 19:10:00,3,train
1320381,118715,2024-06-15 19:10:00,3,train
1320381,118721,2024-06-15 19:10:00,3,train
1320108,118718,2024-06-15 20:00:00,3,train
1320108,118722,2024-06-15 20:00:00,3,train
1320109,118719,2024-06-15 20:00:00,3,train
1320244,118723,2024-06-15 22:10:00,3,train
1320244,118724,2024-06-15 22:10:00,3,train
1321217,118725,2024-06-16 02:30:00,3,train
1321217,118726,2024-06-16 02:30:00,3,train
1321217,118727,2024-06-16 02:30:00,3,train
1321115,118728,2024-06-16 11:00:00,3,train
1321115,118729,2024-06-16 11:00:00,3,train
1321115,118730,2024-06-16 11:00:00,3,train
1321149,118732,2024-06-16 13:00:00,3,train
1321149,118734,2024-06-16 13:00:00,3,train
1321114,118733,2024-06-16 14:15:00,3,train
1321114,118735,2024-06-16 14:15:00,3,train
1321216,118736,2024-06-16 16:15:00,3,train
1321216,118739,2024-06-16 16:15:00,3,train
1321251,118738,2024-06-16 17:00:00,3,train
1321251,118741,2024-06-16 17:00:00,3,train
1321251,118742,2024-06-16 17:00:00,3,train
1321251,118746,2024-06-16 17:00:00,3,train
1321809,118737,2024-06-16 17:00:00,3,train
1321809,118740,2024-06-16 17:00:00,3,train
1321871,118743,2024-06-16 19:00:00,3,train
1321871,118748,2024-06-16 19:00:00,3,train
1321161,118744,2024-06-16 20:00:00,3,train
1321161,118749,2024-06-16 20:00:00,3,train
1321195,118745,2024-06-16 20:00:00,3,train
1321195,118747,2024-06-16 20:00:00,3,train
1321195,118750,2024-06-16 20:00:00,3,train
1321563,118751,2024-06-16 22:30:00,3,train
1321563,118752,2024-06-16 22:30:00,3,train
1321563,118753,2024-06-16 22:30:00,3,train
1321776,118754,2024-06-17 14:00:00,3,train
1321776,118755,2024-06-17 14:00:00,3,train
1321776,118756,2024-06-17 14:00:00,3,train
1333704,118757,2024-07-17 14:30:00,3,train
1333705,118759,2024-07-17 14:30:00,3,train
1333710,118758,2024-07-17 14:30:00,3,train
1333710,118760,2024-07-17 14:30:00,3,train
1333710,118761,2024-07-17 14:30:00,3,train
1333707,118762,2024-07-17 17:45:00,3,train
1333707,118764,2024-07-17 17:45:00,3,train
1333709,118763,2024-07-17 17:45:00,3,train
1333709,118765,2024-07-17 17:45:00,3,train
1333706,118766,2024-07-17 21:00:00,3,train
1333706,118768,2024-07-17 21:00:00,3,train
1333708,118767,2024-07-17 21:00:00,3,train
1333708,118769,2024-07-17 21:00:00,3,train
1380480,118770,2024-07-18 13:30:00,3,train
1380481,118771,2024-07-18 13:30:00,3,train
1380479,118772,2024-07-18 15:00:00,3,train
1384234,118773,2024-07-18 17:00:00,3,train
1384669,118774,2024-07-18 19:00:00,3,train
1380476,118775,2024-07-18 22:00:00,3,train
1380476,118776,2024-07-18 22:00:00,3,train
1380476,118777,2024-07-18 22:00:00,3,train
1380475,118778,2024-07-19 14:30:00,3,train
1380475,118779,2024-07-19 14:30:00,3,train
1385724,118780,2024-07-19 18:55:00,3,train
1385724,118781,2024-07-19 18:55:00,3,train
1380477,118782,2024-07-19 22:40:00,3,train
1380477,118783,2024-07-19 22:40:00,3,train
1389940,118784,2024-07-20 17:45:00,3,train
1389940,118785,2024-07-20 17:45:00,3,train
1391226,118786,2024-07-20 21:00:00,3,train
1391226,118787,2024-07-20 21:00:00,3,train
1391226,118788,2024-07-20 21:00:00,3,train
1395259,118789,2024-07-21 21:00:00,3,train
1395259,118790,2024-07-21 21:00:00,3,train
1395259,118791,2024-07-21 21:00:00,3,train
1399246,118792,2024-07-22 18:00:00,3,train
1399246,118793,2024-07-22 18:00:00,3,train
1399246,118794,2024-07-22 18:00:00,3,train
1349663,118795,2024-07-26 18:45:00,3,train
1429772,118798,2024-07-27 15:00:00,3,train
1429772,118800,2024-07-27 15:00:00,3,train
1429773,118802,2024-07-27 17:50:00,3,train
1429773,118804,2024-07-27 17:50:00,3,train
1428500,118803,2024-07-27 18:10:00,3,train
1428500,118805,2024-07-27 18:10:00,3,train
1428500,118806,2024-07-27 18:10:00,3,train
1433680,118810,2024-07-28 10:45:00,3,train
1433680,118811,2024-07-28 10:45:00,3,train
1434356,118812,2024-07-28 13:50:00,3,train
1434356,118814,2024-07-28 13:50:00,3,train
1434356,118816,2024-07-28 13:50:00,3,train
1435176,118813,2024-07-28 15:30:00,3,train
1435176,118815,2024-07-28 15:30:00,3,train
1435175,118817,2024-07-28 18:00:00,3,train
1435175,118819,2024-07-28 18:00:00,3,train
1440342,118818,2024-07-28 19:00:00,3,train
1440342,118820,2024-07-28 19:00:00,3,train
1370922,118821,2024-07-29 13:00:00,3,train
1370922,118822,2024-07-29 13:00:00,3,train
1370921,118824,2024-07-29 14:50:00,3,train
1370921,118826,2024-07-29 14:50:00,3,train
1440194,118823,2024-07-29 15:00:00,3,train
1440194,118825,2024-07-29 15:00:00,3,train
1370920,118827,2024-07-29 17:30:00,3,train
1370920,118828,2024-07-29 17:30:00,3,train
1370920,118829,2024-07-29 17:30:00,3,train
1443453,118830,2024-07-29 20:00:00,3,train
1443453,118832,2024-07-29 20:00:00,3,train
1370919,118831,2024-07-29 21:20:00,3,train
1443819,118834,2024-07-29 22:30:00,3,train
1443819,118836,2024-07-29 22:30:00,3,train
1443819,118837,2024-07-29 22:30:00,3,train
1442538,118833,2024-07-29 23:00:00,3,train
1442538,118835,2024-07-29 23:00:00,3,train
1443452,118838,2024-07-30 02:00:00,3,train
1443452,118840,2024-07-30 02:00:00,3,train
1450654,118839,2024-07-30 02:30:00,3,train
1450654,118841,2024-07-30 02:30:00,3,train
1441988,118843,2024-07-30 12:00:00,3,train
1441988,118844,2024-07-30 12:00:00,3,train
1441988,118846,2024-07-30 12:00:00,3,train
1447814,118842,2024-07-30 13:00:00,3,train
1447814,118845,2024-07-30 13:00:00,3,train
1447813,118847,2024-07-30 15:05:00,3,train
1447813,118849,2024-07-30 15:05:00,3,train
1447813,118850,2024-07-30 15:05:00,3,train
1438112,118851,2024-07-30 17:15:00,3,train
1438112,118853,2024-07-30 17:15:00,3,train
1449801,118852,2024-07-30 18:20:00,3,train
1449801,118854,2024-07-30 18:20:00,3,train
1438111,118855,2024-07-30 20:00:00,3,train
1438111,118857,2024-07-30 20:00:00,3,train
1449800,118856,2024-07-30 20:30:00,3,train
1449800,118858,2024-07-30 20:30:00,3,train
1438114,118859,2024-07-30 23:00:00,3,train
1438114,118860,2024-07-30 23:00:00,3,train
1370918,118861,2024-07-31 13:00:00,3,train
1370918,118862,2024-07-31 13:00:00,3,train
1370918,118863,2024-07-31 13:00:00,3,train
1370917,118864,2024-07-31 16:25:00,3,train
1370917,118865,2024-07-31 16:25:00,3,train
1370916,118867,2024-07-31 18:45:00,3,train
1370916,118868,2024-07-31 18:45:00,3,train
1456351,118869,2024-07-31 20:00:00,3,train
1456351,118871,2024-07-31 20:00:00,3,train
1370915,118870,2024-07-31 20:30:00,3,train
1370915,118873,2024-07-31 20:30:00,3,train
1435170,118872,2024-07-31 21:25:00,3,train
1435170,118874,2024-07-31 21:25:00,3,train
1457855,118875,2024-07-31 23:20:00,3,train
1457855,118876,2024-07-31 23:20:00,3,train
1456350,118877,2024-08-01 02:00:00,3,train
1456350,118878,2024-08-01 02:00:00,3,train
1461761,118879,2024-08-01 13:00:00,3,train
1461761,118880,2024-08-01 13:00:00,3,train
1461761,118882,2024-08-01 13:00:00,3,train
1455873,118881,2024-08-01 15:00:00,3,train
1455873,118883,2024-08-01 15:00:00,3,train
1461760,118884,2024-08-01 16:00:00,3,train
1461760,118885,2024-08-01 16:00:00,3,train
1461760,118887,2024-08-01 16:00:00,3,train
1460427,118886,2024-08-01 18:00:00,3,train
1460427,118888,2024-08-01 18:00:00,3,train
1462699,118889,2024-08-01 19:15:00,3,train
1462699,118890,2024-08-01 19:15:00,3,train
1462699,118891,2024-08-01 19:15:00,3,train
1463089,118892,2024-08-01 21:00:00,3,train
1462698,118893,2024-08-01 22:40:00,3,train
1462698,118894,2024-08-01 22:40:00,3,train
1462698,118896,2024-08-01 22:40:00,3,train
1451234,118895,2024-08-01 23:00:00,3,train
1466429,118899,2024-08-02 11:30:00,3,train
1466429,118901,2024-08-02 11:30:00,3,train
1466429,118905,2024-08-02 11:30:00,3,train
1460426,118902,2024-08-02 12:00:00,3,train
1460426,118903,2024-08-02 12:00:00,3,train
1455438,118900,2024-08-02 13:00:00,3,train
1455438,118904,2024-08-02 13:00:00,3,train
1456732,118907,2024-08-02 15:00:00,3,train
1456732,118909,2024-08-02 15:00:00,3,train
1456732,118913,2024-08-02 15:00:00,3,train
1469894,118906,2024-08-02 15:00:00,3,train
1469894,118910,2024-08-02 15:00:00,3,train
1470048,118908,2024-08-02 15:30:00,3,train
1470048,118911,2024-08-02 15:30:00,3,train
1470048,118914,2024-08-02 15:30:00,3,train
1469201,118912,2024-08-02 17:00:00,3,train
1469201,118915,2024-08-02 17:00:00,3,train
1463088,118917,2024-08-02 18:00:00,3,train
1463088,118918,2024-08-02 18:00:00,3,train
1466696,118916,2024-08-02 18:05:00,3,train
1466696,118919,2024-08-02 18:05:00,3,train
1469203,118921,2024-08-02 20:00:00,3,train
1467883,118920,2024-08-02 20:40:00,3,train
1467883,118922,2024-08-02 20:40:00,3,train
1469202,118923,2024-08-02 23:00:00,3,train
1469204,118924,2024-08-03 02:00:00,3,train
1469204,118925,2024-08-03 02:00:00,3,train
1471480,118928,2024-08-03 12:00:00,3,train
1471480,118929,2024-08-03 12:00:00,3,train
1471480,118930,2024-08-03 12:00:00,3,train
1470113,118926,2024-08-03 13:00:00,3,train
1470113,118927,2024-08-03 13:00:00,3,train
1470113,118931,2024-08-03 13:00:00,3,train
1470605,118932,2024-08-03 16:45:00,3,train
1470605,118933,2024-08-03 16:45:00,3,train
1470605,118935,2024-08-03 16:45:00,3,train
1472102,118934,2024-08-03 17:00:00,3,train
1471631,118936,2024-08-03 19:30:00,3,train
1471631,118939,2024-08-03 19:30:00,3,train
1472262,118938,2024-08-03 19:30:00,3,train
1472262,118941,2024-08-03 19:30:00,3,train
1471071,118937,2024-08-03 19:55:00,3,train
1471071,118940,2024-08-03 19:55:00,3,train
1471222,118943,2024-08-03 22:00:00,3,train
1471222,118945,2024-08-03 22:00:00,3,train
1471222,118946,2024-08-03 22:00:00,3,train
1472261,118942,2024-08-03 22:15:00,3,train
1472261,118944,2024-08-03 22:15:00,3,train
1474921,118947,2024-08-04 02:00:00,3,train
1474921,118948,2024-08-04 02:00:00,3,train
1475794,118949,2024-08-04 15:30:00,3,train
1475794,118950,2024-08-04 15:30:00,3,train
1475411,118951,2024-08-04 17:00:00,3,train
1475795,118952,2024-08-04 17:30:00,3,train
1475795,118953,2024-08-04 17:30:00,3,train
1475585,118954,2024-08-05 21:30:00,3,train
1475585,118955,2024-08-05 21:30:00,3,train
1480957,118956,2024-08-06 12:00:00,3,train
1480957,118958,2024-08-06 12:00:00,3,train
1473026,118957,2024-08-06 13:00:00,3,train
1484245,118959,2024-08-06 13:30:00,3,train
1484245,118960,2024-08-06 13:30:00,3,train
1473025,118961,2024-08-06 14:00:00,3,train
1484718,118962,2024-08-06 16:30:00,3,train
1484718,118964,2024-08-06 16:30:00,3,train
1488209,118963,2024-08-06 16:30:00,3,train
1488625,118966,2024-08-06 17:20:00,3,train
1480955,118965,2024-08-06 18:00:00,3,train
1480955,118967,2024-08-06 18:00:00,3,train
1488863,118968,2024-08-06 19:30:00,3,train
1488863,118969,2024-08-06 19:30:00,3,train
1480954,118970,2024-08-06 21:25:00,3,train
1480954,118971,2024-08-06 21:25:00,3,train
1480954,118972,2024-08-06 21:25:00,3,train
1423504,118974,2024-08-07 11:30:00,3,train
1423504,118975,2024-08-07 11:30:00,3,train
1423504,118977,2024-08-07 11:30:00,3,train
1423506,118973,2024-08-07 11:30:00,3,train
1423506,118976,2024-08-07 11:30:00,3,train
1423506,118978,2024-08-07 11:30:00,3,train
1484343,118979,2024-08-07 14:45:00,3,train
1484343,118981,2024-08-07 14:45:00,3,train
1491116,118983,2024-08-07 15:00:00,3,train
1491116,118986,2024-08-07 15:00:00,3,train
1491116,118988,2024-08-07 15:00:00,3,train
1423509,118980,2024-08-07 15:15:00,3,train
1423509,118982,2024-08-07 15:15:00,3,train
1423509,118987,2024-08-07 15:15:00,3,train
1489775,118985,2024-08-07 16:00:00,3,train
1489775,118990,2024-08-07 16:00:00,3,train
1423511,118984,2024-08-07 16:45:00,3,train
1423511,118989,2024-08-07 16:45:00,3,train
1423510,118991,2024-08-07 18:30:00,3,train
1423510,118993,2024-08-07 18:30:00,3,train
1423510,118998,2024-08-07 18:30:00,3,train
1491115,118992,2024-08-07 19:00:00,3,train
1491115,118996,2024-08-07 19:00:00,3,train
1423507,118995,2024-08-07 19:45:00,3,train
1423507,118997,2024-08-07 19:45:00,3,train
1423507,118999,2024-08-07 19:45:00,3,train
1493500,118994,2024-08-07 20:00:00,3,train
1491114,119000,2024-08-07 21:00:00,3,train
1423505,119001,2024-08-07 21:25:00,3,train
1423505,119002,2024-08-07 21:25:00,3,train
1491113,119003,2024-08-08 12:00:00,3,train
1491113,119004,2024-08-08 12:00:00,3,train
1492775,119005,2024-08-08 14:30:00,3,train
1492775,119006,2024-08-08 14:30:00,3,train
1492775,119008,2024-08-08 14:30:00,3,train
1491112,119007,2024-08-08 15:00:00,3,train
1491112,119009,2024-08-08 15:00:00,3,train
1494308,119010,2024-08-08 16:45:00,3,train
1494308,119012,2024-08-08 16:45:00,3,train
1494308,119014,2024-08-08 16:45:00,3,train
1494464,119011,2024-08-08 17:45:00,3,train
1494464,119013,2024-08-08 17:45:00,3,train
1494464,119015,2024-08-08 17:45:00,3,train
1491111,119017,2024-08-08 18:00:00,3,train
1494002,119016,2024-08-08 20:15:00,3,train
1494002,119020,2024-08-08 20:15:00,3,train
1494001,119018,2024-08-08 20:45:00,3,train
1494001,119021,2024-08-08 20:45:00,3,train
1491110,119019,2024-08-08 21:00:00,3,train
1491110,119022,2024-08-08 21:00:00,3,train
1491110,119023,2024-08-08 21:00:00,3,train
1494307,119024,2024-08-09 14:30:00,3,train
1494307,119027,2024-08-09 14:30:00,3,train
1494307,119028,2024-08-09 14:30:00,3,train
1494465,119025,2024-08-09 14:30:00,3,train
1494465,119026,2024-08-09 14:30:00,3,train
1497119,119029,2024-08-09 18:00:00,3,train
1497119,119030,2024-08-09 18:00:00,3,train
1497119,119031,2024-08-09 18:00:00,3,train
1497117,119032,2024-08-09 20:30:00,3,train
1497117,119033,2024-08-09 20:30:00,3,train
1497117,119036,2024-08-09 20:30:00,3,train
1499245,119034,2024-08-09 21:30:00,3,train
1499245,119035,2024-08-09 21:30:00,3,train
1499245,119037,2024-08-09 21:30:00,3,train
1499565,119038,2024-08-10 14:30:00,3,train
1499565,119040,2024-08-10 14:30:00,3,train
1499566,119039,2024-08-10 14:30:00,3,train
1499566,119042,2024-08-10 14:30:00,3,train
1499567,119041,2024-08-10 16:55:00,3,train
1499567,119044,2024-08-10 16:55:00,3,train
1499568,119043,2024-08-10 18:00:00,3,train
1499568,119045,2024-08-10 18:00:00,3,train
1499978,119046,2024-08-10 19:45:00,3,train
1499978,119047,2024-08-10 19:45:00,3,train
1499981,119049,2024-08-10 20:25:00,3,train
1497725,119048,2024-08-10 21:00:00,3,train
1497725,119050,2024-08-10 21:00:00,3,train
1499976,119052,2024-08-11 14:30:00,3,train
1499976,119053,2024-08-11 14:30:00,3,train
1499977,119051,2024-08-11 14:30:00,3,train
1499977,119054,2024-08-11 14:30:00,3,train
1499977,119056,2024-08-11 14:30:00,3,train
1502735,119055,2024-08-11 16:15:00,3,train
1502735,119059,2024-08-11 16:15:00,3,train
1502735,119061,2024-08-11 16:15:00,3,train
1502360,119057,2024-08-11 16:45:00,3,train
1502360,119060,2024-08-11 16:45:00,3,train
1502360,119063,2024-08-11 16:45:00,3,train
1502361,119058,2024-08-11 17:40:00,3,train
1502361,119062,2024-08-11 17:40:00,3,train
1502734,119064,2024-08-11 19:15:00,3,train
1502358,119065,2024-08-11 19:50:00,3,train
1502358,119067,2024-08-11 19:50:00,3,train
1502359,119066,2024-08-11 20:20:00,3,train
1502359,119068,2024-08-11 20:20:00,3,train
1502359,119069,2024-08-11 20:20:00,3,train
1502733,119070,2024-08-12 13:00:00,3,train
1502733,119071,2024-08-12 13:00:00,3,train
1502733,119074,2024-08-12 13:00:00,3,train
1504748,119073,2024-08-12 14:30:00,3,train
1504748,119076,2024-08-12 14:30:00,3,train
1505049,119072,2024-08-12 14:30:00,3,train
1505049,119075,2024-08-12 14:30:00,3,train
1505049,119078,2024-08-12 14:30:00,3,train
1502732,119077,2024-08-12 16:00:00,3,train
1502732,119080,2024-08-12 16:00:00,3,train
1504749,119079,2024-08-12 17:00:00,3,train
1504749,119082,2024-08-12 17:00:00,3,train
1504749,119084,2024-08-12 17:00:00,3,train
1505050,119081,2024-08-12 18:00:00,3,train
1505050,119083,2024-08-12 18:00:00,3,train
1506048,119086,2024-08-12 20:20:00,3,train
1506048,119088,2024-08-12 20:20:00,3,train
1506048,119090,2024-08-12 20:20:00,3,train
1505719,119085,2024-08-12 20:30:00,3,train
1505719,119087,2024-08-12 20:30:00,3,train
1505719,119089,2024-08-12 20:30:00,3,train
1510806,119093,2024-08-13 13:00:00,3,train
1510806,119094,2024-08-13 13:00:00,3,train
1510806,119095,2024-08-13 13:00:00,3,train
1509920,119092,2024-08-13 14:30:00,3,train
1509920,119096,2024-08-13 14:30:00,3,train
1510095,119091,2024-08-13 14:30:00,3,train
1510095,119097,2024-08-13 14:30:00,3,train
1510805,119099,2024-08-13 16:30:00,3,train
1510805,119101,2024-08-13 16:30:00,3,train
1510805,119104,2024-08-13 16:30:00,3,train
1510630,119098,2024-08-13 16:45:00,3,train
1510630,119103,2024-08-13 16:45:00,3,train
1505384,119100,2024-08-13 17:00:00,3,train
1505384,119102,2024-08-13 17:00:00,3,train
1505384,119106,2024-08-13 17:00:00,3,train
1510676,119105,2024-08-13 18:30:00,3,train
1510676,119107,2024-08-13 18:30:00,3,train
1510097,119108,2024-08-13 19:45:00,3,train
1510097,119110,2024-08-13 19:45:00,3,train
1513541,119109,2024-08-13 19:45:00,3,train
1513541,119111,2024-08-13 19:45:00,3,train
1513541,119112,2024-08-13 19:45:00,3,train
1510675,119113,2024-08-13 21:45:00,3,train
1510675,119114,2024-08-13 21:45:00,3,train
1510674,119115,2024-08-14 12:30:00,3,train
1510674,119116,2024-08-14 12:30:00,3,train
1510674,119117,2024-08-14 12:30:00,3,train
1500931,119118,2024-08-14 15:00:00,3,train
1500931,119119,2024-08-14 15:00:00,3,train
1500931,119121,2024-08-14 15:00:00,3,train
1510673,119120,2024-08-14 16:00:00,3,train
1510673,119122,2024-08-14 16:00:00,3,train
1510673,119123,2024-08-14 16:00:00,3,train
1510672,119124,2024-08-14 18:30:00,3,train
1510672,119125,2024-08-14 18:30:00,3,train
1510671,119126,2024-08-14 21:30:00,3,train
1510671,119127,2024-08-14 21:30:00,3,train
1516056,119131,2024-08-15 15:00:00,3,train
1516056,119133,2024-08-15 15:00:00,3,train
1516056,119134,2024-08-15 15:00:00,3,train
1516054,119137,2024-08-15 21:00:00,3,train
1516054,119138,2024-08-15 21:00:00,3,train
1517274,119139,2024-08-15 21:30:00,3,train
1516053,119140,2024-08-16 12:00:00,3,train
1516053,119141,2024-08-16 12:00:00,3,train
1516053,119142,2024-08-16 12:00:00,3,train
1516052,119144,2024-08-16 15:30:00,3,train
1516052,119147,2024-08-16 15:30:00,3,train
1517272,119143,2024-08-16 15:30:00,3,train
1517272,119146,2024-08-16 15:30:00,3,train
1517272,119149,2024-08-16 15:30:00,3,train
1514410,119145,2024-08-16 16:45:00,3,train
1514410,119148,2024-08-16 16:45:00,3,train
1514410,119150,2024-08-16 16:45:00,3,train
1517271,119151,2024-08-16 19:00:00,3,train
1517271,119153,2024-08-16 19:00:00,3,train
1514409,119152,2024-08-16 20:25:00,3,train
1514409,119158,2024-08-16 20:25:00,3,train
1516050,119154,2024-08-16 21:20:00,3,train
1516050,119157,2024-08-16 21:20:00,3,train
1516050,119160,2024-08-16 21:20:00,3,train
1517270,119155,2024-08-16 21:30:00,3,train
1517270,119156,2024-08-16 21:30:00,3,train
1517270,119159,2024-08-16 21:30:00,3,train
1519321,119161,2024-08-17 12:00:00,3,train
1519321,119162,2024-08-17 12:00:00,3,train
1518893,119163,2024-08-17 15:00:00,3,train
1520829,119164,2024-08-17 16:45:00,3,train
1520829,119165,2024-08-17 16:45:00,3,train
1520107,119166,2024-08-17 18:00:00,3,train
1520107,119172,2024-08-17 18:00:00,3,train
1521111,119167,2024-08-17 18:30:00,3,train
1521111,119175,2024-08-17 18:30:00,3,train
1521111,119178,2024-08-17 18:30:00,3,train
1521915,119169,2024-08-17 19:00:00,3,train
1521916,119173,2024-08-17 19:00:00,3,train
1521918,119170,2024-08-17 19:00:00,3,train
1521919,119174,2024-08-17 19:00:00,3,train
1521920,119168,2024-08-17 19:00:00,3,train
1521063,119177,2024-08-17 20:00:00,3,train
1521063,119181,2024-08-17 20:00:00,3,train
1522894,119176,2024-08-17 20:15:00,3,train
1522894,119179,2024-08-17 20:15:00,3,train
1521110,119180,2024-08-17 21:30:00,3,train
1521110,119182,2024-08-17 21:30:00,3,train
1521110,119183,2024-08-17 21:30:00,3,train
1521108,119184,2024-08-18 15:30:00,3,train
1521108,119185,2024-08-18 15:30:00,3,train
1523325,119186,2024-08-18 18:00:00,3,train
1523325,119188,2024-08-18 18:00:00,3,train
1523325,119192,2024-08-18 18:00:00,3,train
1521106,119187,2024-08-18 18:30:00,3,train
1521106,119189,2024-08-18 18:30:00,3,train
1521106,119190,2024-08-18 18:30:00,3,train
1521107,119191,2024-08-18 21:30:00,3,train
1521107,119193,2024-08-18 21:30:00,3,train
1521107,119194,2024-08-18 21:30:00,3,train
1521948,119195,2024-08-19 12:00:00,3,train
1521948,119196,2024-08-19 12:00:00,3,train
1521948,119197,2024-08-19 12:00:00,3,train
1526383,119198,2024-08-19 13:30:00,3,train
1526583,119205,2024-08-19 19:00:00,3,train
1526584,119204,2024-08-19 19:00:00,3,train
1526585,119201,2024-08-19 19:00:00,3,train
1526587,119202,2024-08-19 19:00:00,3,train
1526588,119199,2024-08-19 19:00:00,3,train
1526825,119203,2024-08-19 19:30:00,3,train
1526825,119207,2024-08-19 19:30:00,3,train
1526825,119209,2024-08-19 19:30:00,3,train
1529663,119206,2024-08-19 20:15:00,3,train
1529825,119208,2024-08-19 21:20:00,3,train
1529825,119210,2024-08-19 21:20:00,3,train
1521946,119211,2024-08-20 12:00:00,3,train
1521946,119212,2024-08-20 12:00:00,3,train
1526381,119213,2024-08-20 13:30:00,3,train
1526381,119215,2024-08-20 13:30:00,3,train
1526380,119216,2024-08-20 16:30:00,3,train
1526380,119218,2024-08-20 16:30:00,3,train
1526380,119219,2024-08-20 16:30:00,3,train
1526379,119220,2024-08-20 19:55:00,3,train
1526379,119221,2024-08-20 19:55:00,3,train
1524768,119223,2024-08-21 09:30:00,3,train
1524768,119224,2024-08-21 09:30:00,3,train
1524769,119222,2024-08-21 09:30:00,3,train
1524769,119225,2024-08-21 09:30:00,3,train
1524769,119229,2024-08-21 09:30:00,3,train
1517990,119226,2024-08-21 12:00:00,3,train
1517997,119228,2024-08-21 12:00:00,3,train
1518219,119227,2024-08-21 12:00:00,3,train
1521944,119234,2024-08-21 12:00:00,3,train
1521944,119235,2024-08-21 12:00:00,3,train
1521944,119236,2024-08-21 12:00:00,3,train
1517995,119232,2024-08-21 13:00:00,3,train
1517988,119233,2024-08-21 13:15:00,3,train
1517989,119231,2024-08-21 13:15:00,3,train
1517996,119230,2024-08-21 13:15:00,3,train
1517986,119239,2024-08-21 14:15:00,3,train
1517987,119237,2024-08-21 14:15:00,3,train
1517985,119240,2024-08-21 15:00:00,3,train
1521943,119242,2024-08-21 15:00:00,3,train
1521943,119243,2024-08-21 15:00:00,3,train
1533810,119245,2024-08-21 16:30:00,3,train
1518112,119244,2024-08-21 17:30:00,3,train
1518112,119246,2024-08-21 17:30:00,3,train
1533809,119248,2024-08-21 19:30:00,3,train
1533809,119250,2024-08-21 19:30:00,3,train
1533809,119251,2024-08-21 19:30:00,3,train
1518110,119247,2024-08-21 19:40:00,3,train
1518110,119249,2024-08-21 19:40:00,3,train
1518109,119252,2024-08-21 22:00:00,3,train
1518109,119253,2024-08-21 22:00:00,3,train
1518109,119254,2024-08-21 22:00:00,3,train
1536159,119255,2024-08-22 09:30:00,3,train
1521942,119257,2024-08-22 12:00:00,3,train
1521942,119263,2024-08-22 12:00:00,3,train
1521942,119264,2024-08-22 12:00:00,3,train
1536793,119258,2024-08-22 12:00:00,3,train
1536794,119259,2024-08-22 12:00:00,3,train
1536802,119256,2024-08-22 12:00:00,3,train
1536791,119261,2024-08-22 13:00:00,3,train
1536792,119260,2024-08-22 13:00:00,3,train
1536800,119262,2024-08-22 13:05:00,3,train
1538310,119265,2024-08-22 13:30:00,3,train
1538310,119268,2024-08-22 13:30:00,3,train
1538310,119273,2024-08-22 13:30:00,3,train
1536789,119270,2024-08-22 14:00:00,3,train
1536789,119274,2024-08-22 14:00:00,3,train
1536790,119266,2024-08-22 14:00:00,3,train
1536790,119272,2024-08-22 14:00:00,3,train
1536798,119267,2024-08-22 14:00:00,3,train
1536798,119271,2024-08-22 14:00:00,3,train
1521941,119269,2024-08-22 15:00:00,3,train
1521941,119275,2024-08-22 15:00:00,3,train
1521941,119277,2024-08-22 15:00:00,3,train
1518105,119276,2024-08-22 16:30:00,3,train
1518105,119278,2024-08-22 16:30:00,3,train
1536788,119280,2024-08-22 18:00:00,3,train
1536788,119284,2024-08-22 18:00:00,3,train
1536788,119287,2024-08-22 18:00:00,3,train
1518107,119281,2024-08-22 18:50:00,3,train
1518107,119285,2024-08-22 18:50:00,3,train
1536916,119283,2024-08-22 19:00:00,3,train
1536916,119286,2024-08-22 19:00:00,3,train
1536916,119289,2024-08-22 19:00:00,3,train
1518108,119288,2024-08-22 21:05:00,3,train
1518108,119290,2024-08-22 21:05:00,3,train
1539344,119291,2024-08-23 12:00:00,3,train
1539241,119294,2024-08-23 15:00:00,3,train
1539241,119297,2024-08-23 15:00:00,3,train
1539241,119302,2024-08-23 15:00:00,3,train
1539243,119293,2024-08-23 15:00:00,3,train
1539243,119299,2024-08-23 15:00:00,3,train
1539243,119304,2024-08-23 15:00:00,3,train
1539341,119292,2024-08-23 15:00:00,3,train
1539341,119298,2024-08-23 15:00:00,3,train
1539341,119303,2024-08-23 15:00:00,3,train
1539342,119296,2024-08-23 15:00:00,3,train
1539342,119301,2024-08-23 15:00:00,3,train
1539342,119305,2024-08-23 15:00:00,3,train
1539343,119295,2024-08-23 15:00:00,3,train
1539343,119300,2024-08-23 15:00:00,3,train
1518111,119306,2024-08-23 18:00:00,3,train
1518111,119307,2024-08-23 18:00:00,3,train
1541093,119309,2024-08-23 19:15:00,3,train
1541093,119310,2024-08-23 19:15:00,3,train
1541095,119308,2024-08-23 19:15:00,3,train
1541095,119311,2024-08-23 19:15:00,3,train
1518106,119312,2024-08-23 22:10:00,3,train
1518106,119313,2024-08-23 22:10:00,3,train
1518106,119314,2024-08-23 22:10:00,3,train
1537195,119315,2024-08-24 00:45:00,3,train
1537195,119316,2024-08-24 00:45:00,3,train
1537195,119317,2024-08-24 00:45:00,3,train
1530248,119318,2024-08-24 11:30:00,3,train
1530248,119319,2024-08-24 11:30:00,3,train
1530248,119320,2024-08-24 11:30:00,3,train
1539469,119321,2024-08-24 16:30:00,3,train
1539469,119322,2024-08-24 16:30:00,3,train
1539469,119323,2024-08-24 16:30:00,3,train
1541209,119324,2024-08-24 19:30:00,3,train
1541209,119325,2024-08-24 19:30:00,3,train
1541209,119326,2024-08-24 19:30:00,3,train
1541670,119327,2024-08-24 23:00:00,3,train
1541670,119328,2024-08-24 23:00:00,3,train
1541670,119329,2024-08-24 23:00:00,3,train
1543378,119330,2024-08-25 12:00:00,3,train
1543378,119331,2024-08-25 12:00:00,3,train
1541110,119332,2024-08-25 12:30:00,3,train
1541110,119333,2024-08-25 12:30:00,3,train
1543379,119334,2024-08-25 14:45:00,3,train
1543379,119336,2024-08-25 14:45:00,3,train
1541109,119335,2024-08-25 15:30:00,3,train
1541109,119337,2024-08-25 15:30:00,3,train
1530246,119338,2024-08-25 17:45:00,3,train
1530246,119339,2024-08-25 17:45:00,3,train
1530246,119341,2024-08-25 17:45:00,3,train
1541108,119340,2024-08-25 18:30:00,3,train
1541108,119342,2024-08-25 18:30:00,3,train
1541108,119344,2024-08-25 18:30:00,3,train
1543721,119343,2024-08-25 19:00:00,3,train
1544067,119345,2024-08-25 21:10:00,3,train
1544067,119347,2024-08-25 21:10:00,3,train
1541107,119349,2024-08-25 21:30:00,3,train
1530245,119346,2024-08-25 21:40:00,3,train
1530245,119348,2024-08-25 21:40:00,3,train
1541106,119351,2024-08-26 12:30:00,3,train
1546169,119350,2024-08-26 14:20:00,3,train
1546169,119352,2024-08-26 14:20:00,3,train
1546169,119354,2024-08-26 14:20:00,3,train
1544756,119353,2024-08-26 15:30:00,3,train
1544756,119358,2024-08-26 15:30:00,3,train
1544756,119363,2024-08-26 15:30:00,3,train
1541239,119359,2024-08-26 16:30:00,3,train
1541239,119367,2024-08-26 16:30:00,3,train
1541240,119357,2024-08-26 16:30:00,3,train
1541240,119364,2024-08-26 16:30:00,3,train
1541241,119360,2024-08-26 16:30:00,3,train
1541241,119366,2024-08-26 16:30:00,3,train
1541241,119373,2024-08-26 16:30:00,3,train
1541242,119356,2024-08-26 16:30:00,3,train
1541242,119365,2024-08-26 16:30:00,3,train
1541242,119369,2024-08-26 16:30:00,3,train
1546016,119355,2024-08-26 16:30:00,3,train
1546016,119368,2024-08-26 16:30:00,3,train
1546016,119372,2024-08-26 16:30:00,3,train
1518734,119361,2024-08-26 17:00:00,3,train
1518735,119362,2024-08-26 17:00:00,3,train
1545744,119371,2024-08-26 17:30:00,3,train
1545744,119376,2024-08-26 17:30:00,3,train
1545744,119382,2024-08-26 17:30:00,3,train
1544755,119370,2024-08-26 18:30:00,3,train
1544755,119378,2024-08-26 18:30:00,3,train
1541104,119377,2024-08-26 18:50:00,3,train
1541104,119379,2024-08-26 18:50:00,3,train
1518730,119375,2024-08-26 19:20:00,3,train
1518731,119374,2024-08-26 19:20:00,3,train
1546015,119384,2024-08-26 19:45:00,3,train
1518729,119401,2024-08-26 20:10:00,3,train
1548739,119383,2024-08-26 20:30:00,3,train
1548739,119390,2024-08-26 20:30:00,3,train
1548740,119380,2024-08-26 20:30:00,3,train
1548889,119385,2024-08-26 20:45:00,3,train
1548890,119381,2024-08-26 20:45:00,3,train
1518629,119387,2024-08-26 21:15:00,3,train
1518630,119386,2024-08-26 21:15:00,3,train
1541103,119389,2024-08-26 21:30:00,3,train
1544742,119388,2024-08-26 21:30:00,3,train
1546170,119392,2024-08-26 23:00:00,3,train
1546170,119394,2024-08-26 23:00:00,3,train
1507744,119391,2024-08-26 23:15:00,3,train
1518624,119395,2024-08-27 00:15:00,3,train
1549149,119393,2024-08-27 00:15:00,3,train
1549149,119399,2024-08-27 00:15:00,3,train
1549152,119397,2024-08-27 00:15:00,3,train
1549152,119400,2024-08-27 00:15:00,3,train
1549153,119396,2024-08-27 00:15:00,3,train
1549153,119398,2024-08-27 00:15:00,3,train
1543129,119403,2024-08-27 09:00:00,3,train
1543130,119402,2024-08-27 09:00:00,3,train
1543127,119404,2024-08-27 10:00:00,3,train
1543128,119405,2024-08-27 10:00:00,3,train
1545742,119406,2024-08-27 11:30:00,3,train
1545742,119411,2024-08-27 11:30:00,3,train
1545742,119414,2024-08-27 11:30:00,3,train
1544754,119408,2024-08-27 12:30:00,3,train
1544754,119412,2024-08-27 12:30:00,3,train
1544754,119420,2024-08-27 12:30:00,3,train
1545571,119407,2024-08-27 12:30:00,3,train
1550282,119424,2024-08-27 13:00:00,3,train
1550282,119425,2024-08-27 13:00:00,3,train
1550282,119429,2024-08-27 13:00:00,3,train
1550399,119415,2024-08-27 13:00:00,3,train
1550399,119416,2024-08-27 13:00:00,3,train
1550453,119417,2024-08-27 13:00:00,3,train
1550453,119418,2024-08-27 13:00:00,3,train
1550454,119421,2024-08-27 13:00:00,3,train
1550454,119422,2024-08-27 13:00:00,3,train
1550454,119423,2024-08-27 13:00:00,3,train
1546013,119419,2024-08-27 14:00:00,3,train
1546013,119426,2024-08-27 14:00:00,3,train
1546013,119433,2024-08-27 14:00:00,3,train
1549394,119413,2024-08-27 14:20:00,3,train
1549394,119427,2024-08-27 14:20:00,3,train
1545741,119428,2024-08-27 14:30:00,3,train
1545741,119434,2024-08-27 14:30:00,3,train
1544753,119431,2024-08-27 15:30:00,3,train
1544753,119432,2024-08-27 15:30:00,3,train
1546360,119430,2024-08-27 15:30:00,3,train
1546360,119435,2024-08-27 15:30:00,3,train
1549254,119437,2024-08-27 16:30:00,3,train
1549376,119436,2024-08-27 16:30:00,3,train
1549861,119438,2024-08-27 17:00:00,3,train
1545740,119440,2024-08-27 18:20:00,3,train
1544751,119441,2024-08-27 18:30:00,3,train
1544751,119442,2024-08-27 18:30:00,3,train
1546171,119439,2024-08-27 18:30:00,3,train
1549859,119445,2024-08-27 20:10:00,3,train
1549859,119451,2024-08-27 20:10:00,3,train
1545739,119443,2024-08-27 20:30:00,3,train
1545739,119454,2024-08-27 20:30:00,3,train
1545739,119455,2024-08-27 20:30:00,3,train
1549377,119444,2024-08-27 20:30:00,3,train
1549377,119450,2024-08-27 20:30:00,3,train
1551135,119447,2024-08-27 20:30:00,3,train
1551135,119449,2024-08-27 20:30:00,3,train
1549952,119446,2024-08-27 21:00:00,3,train
1549952,119452,2024-08-27 21:00:00,3,train
1549041,119448,2024-08-27 21:30:00,3,train
1549041,119453,2024-08-27 21:30:00,3,train
1549856,119456,2024-08-27 23:10:00,3,train
1549856,119460,2024-08-27 23:10:00,3,train
1549857,119457,2024-08-27 23:10:00,3,train
1549857,119459,2024-08-27 23:10:00,3,train
1549857,119461,2024-08-27 23:10:00,3,train
1549949,119458,2024-08-28 00:00:00,3,train
1549949,119465,2024-08-28 00:00:00,3,train
1549950,119462,2024-08-28 00:00:00,3,train
1549950,119463,2024-08-28 00:00:00,3,train
1549950,119464,2024-08-28 00:00:00,3,train
1549947,119466,2024-08-28 03:00:00,3,train
1549947,119467,2024-08-28 03:00:00,3,train
1549947,119468,2024-08-28 03:00:00,3,train
1549948,119469,2024-08-28 03:00:00,3,train
1549948,119470,2024-08-28 03:00:00,3,train
1548807,119474,2024-08-28 09:00:00,3,train
1550767,119472,2024-08-28 09:00:00,3,train
1550823,119473,2024-08-28 09:00:00,3,train
1550823,119475,2024-08-28 09:00:00,3,train
1550823,119478,2024-08-28 09:00:00,3,train
1550824,119471,2024-08-28 09:00:00,3,train
1550824,119476,2024-08-28 09:00:00,3,train
1548804,119477,2024-08-28 10:00:00,3,train
1548805,119480,2024-08-28 10:00:00,3,train
1548806,119479,2024-08-28 10:00:00,3,train
1546014,119481,2024-08-28 11:00:00,3,train
1546014,119484,2024-08-28 11:00:00,3,train
1548801,119483,2024-08-28 11:00:00,3,train
1548802,119482,2024-08-28 11:00:00,3,train
1551736,119486,2024-08-28 11:30:00,3,train
1551736,119487,2024-08-28 11:30:00,3,train
1550514,119489,2024-08-28 12:00:00,3,train
1550561,119488,2024-08-28 12:00:00,3,train
1551375,119485,2024-08-28 12:00:00,3,train
1551375,119490,2024-08-28 12:00:00,3,train
1553518,119496,2024-08-28 12:00:00,3,train
1553514,119491,2024-08-28 13:00:00,3,train
1553515,119493,2024-08-28 13:00:00,3,train
1553515,119497,2024-08-28 13:00:00,3,train
1553515,119507,2024-08-28 13:00:00,3,train
1553516,119492,2024-08-28 13:00:00,3,train
1553516,119503,2024-08-28 13:00:00,3,train
1553555,119495,2024-08-28 13:00:00,3,train
1553555,119501,2024-08-28 13:00:00,3,train
1553744,119494,2024-08-28 13:00:00,3,train
1553744,119502,2024-08-28 13:00:00,3,train
1541154,119508,2024-08-28 14:00:00,3,train
1546012,119500,2024-08-28 14:00:00,3,train
1546012,119512,2024-08-28 14:00:00,3,train
1551307,119498,2024-08-28 14:00:00,3,train
1551307,119505,2024-08-28 14:00:00,3,train
1553513,119504,2024-08-28 14:00:00,3,train
1553513,119511,2024-08-28 14:00:00,3,train
1553963,119499,2024-08-28 14:00:00,3,train
1553963,119510,2024-08-28 14:00:00,3,train
1553963,119518,2024-08-28 14:00:00,3,train
1551735,119506,2024-08-28 14:30:00,3,train
1551735,119513,2024-08-28 14:30:00,3,train
1541152,119520,2024-08-28 15:00:00,3,train
1551376,119509,2024-08-28 15:00:00,3,train
1551376,119519,2024-08-28 15:00:00,3,train
1551741,119521,2024-08-28 16:30:00,3,train
1551741,119525,2024-08-28 16:30:00,3,train
1546011,119523,2024-08-28 17:00:00,3,train
1546011,119527,2024-08-28 17:00:00,3,train
1546011,119530,2024-08-28 17:00:00,3,train
1551459,119522,2024-08-28 17:00:00,3,train
1551459,119526,2024-08-28 17:00:00,3,train
1551734,119524,2024-08-28 17:30:00,3,train
1551734,119528,2024-08-28 17:30:00,3,train
1551734,119531,2024-08-28 17:30:00,3,train
1544752,119529,2024-08-28 18:30:00,3,train
1551377,119532,2024-08-28 19:50:00,3,train
1551377,119534,2024-08-28 19:50:00,3,train
1551377,119535,2024-08-28 19:50:00,3,train
1555295,119533,2024-08-28 20:00:00,3,train
1551378,119536,2024-08-28 23:55:00,3,train
1551378,119538,2024-08-28 23:55:00,3,train
1552645,119539,2024-08-29 00:10:00,3,train
1552646,119540,2024-08-29 00:10:00,3,train
1552646,119541,2024-08-29 00:10:00,3,train
1552647,119542,2024-08-29 00:10:00,3,train
1556042,119537,2024-08-29 00:10:00,3,train
1556042,119543,2024-08-29 00:10:00,3,train
1556042,119544,2024-08-29 00:10:00,3,train
1554401,119546,2024-08-29 09:00:00,3,train
1554401,119549,2024-08-29 09:00:00,3,train
1554438,119545,2024-08-29 09:00:00,3,train
1554438,119548,2024-08-29 09:00:00,3,train
1554621,119547,2024-08-29 09:00:00,3,train
1554621,119550,2024-08-29 09:00:00,3,train
1554620,119551,2024-08-29 10:00:00,3,train
1554620,119553,2024-08-29 10:00:00,3,train
1554620,119557,2024-08-29 10:00:00,3,train
1554837,119552,2024-08-29 10:00:00,3,train
1554837,119555,2024-08-29 10:00:00,3,train
1554625,119554,2024-08-29 11:00:00,3,train
1539315,119559,2024-08-29 12:00:00,3,train
1539315,119560,2024-08-29 12:00:00,3,train
1554182,119558,2024-08-29 12:00:00,3,train
1554866,119556,2024-08-29 12:00:00,3,train
1554866,119561,2024-08-29 12:00:00,3,train
1554866,119566,2024-08-29 12:00:00,3,train
1544748,119563,2024-08-29 12:30:00,3,train
1544748,119564,2024-08-29 12:30:00,3,train
1544748,119567,2024-08-29 12:30:00,3,train
1554181,119562,2024-08-29 13:00:00,3,train
1546010,119565,2024-08-29 14:00:00,3,train
1546010,119571,2024-08-29 14:00:00,3,train
1546010,119576,2024-08-29 14:00:00,3,train
1555484,119568,2024-08-29 14:00:00,3,train
1555484,119569,2024-08-29 14:00:00,3,train
1539319,119570,2024-08-29 15:00:00,3,train
1539319,119578,2024-08-29 15:00:00,3,train
1544747,119572,2024-08-29 15:30:00,3,train
1544747,119577,2024-08-29 15:30:00,3,train
1544747,119583,2024-08-29 15:30:00,3,train
1556640,119574,2024-08-29 15:50:00,3,train
1556640,119581,2024-08-29 15:50:00,3,train
1541330,119575,2024-08-29 16:30:00,3,train
1541330,119585,2024-08-29 16:30:00,3,train
1541330,119591,2024-08-29 16:30:00,3,train
1541331,119582,2024-08-29 16:30:00,3,train
1541331,119588,2024-08-29 16:30:00,3,train
1541332,119579,2024-08-29 16:30:00,3,train
1541332,119589,2024-08-29 16:30:00,3,train
1555072,119586,2024-08-29 17:00:00,3,train
1546009,119587,2024-08-29 17:30:00,3,train
1546009,119592,2024-08-29 17:30:00,3,train
1546009,119597,2024-08-29 17:30:00,3,train
1551730,119584,2024-08-29 17:30:00,3,train
1551730,119590,2024-08-29 17:30:00,3,train
1544746,119595,2024-08-29 18:30:00,3,train
1554867,119593,2024-08-29 18:40:00,3,train
1554867,119594,2024-08-29 18:40:00,3,train
1551631,119600,2024-08-29 20:30:00,3,train
1551631,119607,2024-08-29 20:30:00,3,train
1559701,119599,2024-08-29 20:30:00,3,train
1559701,119606,2024-08-29 20:30:00,3,train
1559701,119612,2024-08-29 20:30:00,3,train
1559702,119598,2024-08-29 20:30:00,3,train
1559702,119601,2024-08-29 20:30:00,3,train
1559702,119611,2024-08-29 20:30:00,3,train
1556641,119602,2024-08-29 21:10:00,3,train
1556641,119608,2024-08-29 21:10:00,3,train
1556641,119613,2024-08-29 21:10:00,3,train
1560025,119603,2024-08-29 21:15:00,3,train
1560025,119609,2024-08-29 21:15:00,3,train
1560025,119614,2024-08-29 21:15:00,3,train
1551729,119605,2024-08-29 21:30:00,3,train
1551729,119610,2024-08-29 21:30:00,3,train
1544736,119617,2024-08-30 00:30:00,3,train
1544736,119618,2024-08-30 00:30:00,3,train
1544736,119619,2024-08-30 00:30:00,3,train
1544737,119615,2024-08-30 00:30:00,3,train
1544737,119616,2024-08-30 00:30:00,3,train
1559344,119620,2024-08-30 11:00:00,3,train
1559344,119622,2024-08-30 11:00:00,3,train
1560533,119621,2024-08-30 11:30:00,3,train
1560533,119623,2024-08-30 11:30:00,3,train
1560533,119629,2024-08-30 11:30:00,3,train
1559163,119624,2024-08-30 12:00:00,3,train
1559163,119627,2024-08-30 12:00:00,3,train
1559163,119630,2024-08-30 12:00:00,3,train
1544745,119625,2024-08-30 12:30:00,3,train
1544745,119626,2024-08-30 12:30:00,3,train
1559874,119628,2024-08-30 14:00:00,3,train
1559874,119632,2024-08-30 14:00:00,3,train
1559874,119634,2024-08-30 14:00:00,3,train
1560196,119633,2024-08-30 14:00:00,3,train
1560196,119636,2024-08-30 14:00:00,3,train
1562682,119631,2024-08-30 14:00:00,3,train
1562682,119637,2024-08-30 14:00:00,3,train
1562682,119638,2024-08-30 14:00:00,3,train
1544744,119635,2024-08-30 15:30:00,3,train
1544744,119639,2024-08-30 15:30:00,3,train
1560540,119641,2024-08-30 16:30:00,3,train
1560540,119643,2024-08-30 16:30:00,3,train
1560541,119640,2024-08-30 16:30:00,3,train
1560541,119642,2024-08-30 16:30:00,3,train
1560531,119645,2024-08-30 17:30:00,3,train
1560531,119648,2024-08-30 17:30:00,3,train
1560548,119644,2024-08-30 17:30:00,3,train
1560548,119647,2024-08-30 17:30:00,3,train
1544743,119646,2024-08-30 18:30:00,3,train
1544743,119649,2024-08-30 18:30:00,3,train
1544743,119652,2024-08-30 18:30:00,3,train
1560530,119650,2024-08-30 20:30:00,3,train
1560530,119653,2024-08-30 20:30:00,3,train
1563365,119651,2024-08-30 20:30:00,3,train
1563365,119654,2024-08-30 20:30:00,3,train
1560549,119655,2024-08-30 21:45:00,3,train
1560549,119656,2024-08-30 21:45:00,3,train
1560549,119657,2024-08-30 21:45:00,3,train
1562407,119658,2024-08-31 00:30:00,3,train
1562407,119659,2024-08-31 00:30:00,3,train
1560716,119660,2024-08-31 11:30:00,3,train
1560716,119661,2024-08-31 11:30:00,3,train
1563736,119662,2024-08-31 14:00:00,3,train
1563736,119663,2024-08-31 14:00:00,3,train
1563232,119664,2024-08-31 16:30:00,3,train
1563232,119665,2024-08-31 16:30:00,3,train
1563232,119666,2024-08-31 16:30:00,3,train
1566113,119667,2024-08-31 19:00:00,3,train
1566113,119668,2024-08-31 19:00:00,3,train
1560713,119669,2024-08-31 21:00:00,3,train
1560713,119670,2024-08-31 21:00:00,3,train
1560713,119671,2024-08-31 21:00:00,3,train
1541333,119674,2024-09-01 00:30:00,3,train
1541333,119675,2024-09-01 00:30:00,3,train
1541333,119676,2024-09-01 00:30:00,3,train
1541334,119672,2024-09-01 00:30:00,3,train
1541334,119673,2024-09-01 00:30:00,3,train
1567740,119678,2024-09-01 13:30:00,3,train
1567740,119682,2024-09-01 13:30:00,3,train
1567740,119684,2024-09-01 13:30:00,3,train
1563843,119677,2024-09-01 14:00:00,3,train
1563843,119681,2024-09-01 14:00:00,3,train
1563843,119683,2024-09-01 14:00:00,3,train
1566690,119679,2024-09-01 14:00:00,3,train
1566690,119680,2024-09-01 14:00:00,3,train
1566690,119685,2024-09-01 14:00:00,3,train
1562827,119687,2024-09-01 17:00:00,3,train
1562827,119688,2024-09-01 17:00:00,3,train
1567739,119686,2024-09-01 17:00:00,3,train
1567738,119689,2024-09-01 19:00:00,3,train
1567738,119690,2024-09-01 19:00:00,3,train
1567859,119691,2024-09-02 00:30:00,3,train
1567859,119692,2024-09-02 00:30:00,3,train
1569154,119693,2024-09-02 11:00:00,3,train
1569154,119695,2024-09-02 11:00:00,3,train
1560577,119694,2024-09-02 12:00:00,3,train
1560577,119696,2024-09-02 12:00:00,3,train
1567737,119699,2024-09-02 13:00:00,3,train
1560021,119698,2024-09-02 13:30:00,3,train
1560021,119701,2024-09-02 13:30:00,3,train
1560021,119705,2024-09-02 13:30:00,3,train
1569153,119700,2024-09-02 14:00:00,3,train
1569153,119704,2024-09-02 14:00:00,3,train
1569153,119708,2024-09-02 14:00:00,3,train
1569673,119697,2024-09-02 14:00:00,3,train
1569673,119703,2024-09-02 14:00:00,3,train
1569673,119706,2024-09-02 14:00:00,3,train
1560576,119702,2024-09-02 15:00:00,3,train
1560576,119707,2024-09-02 15:00:00,3,train
1560576,119709,2024-09-02 15:00:00,3,train
1567735,119712,2024-09-02 19:00:00,3,train
1567735,119713,2024-09-02 19:00:00,3,train
1569671,119714,2024-09-02 20:00:00,3,train
1569152,119715,2024-09-03 11:00:00,3,train
1569152,119716,2024-09-03 11:00:00,3,train
1563841,119719,2024-09-03 13:30:00,3,train
1563841,119720,2024-09-03 13:30:00,3,train
1563841,119726,2024-09-03 13:30:00,3,train
1569151,119722,2024-09-03 14:00:00,3,train
1569151,119729,2024-09-03 14:00:00,3,train
1569804,119723,2024-09-03 14:00:00,3,train
1569804,119731,2024-09-03 14:00:00,3,train
1569804,119733,2024-09-03 14:00:00,3,train
1560067,119724,2024-09-03 14:30:00,3,train
1560067,119728,2024-09-03 14:30:00,3,train
1560069,119721,2024-09-03 14:30:00,3,train
1560069,119727,2024-09-03 14:30:00,3,train
1560574,119725,2024-09-03 15:00:00,3,train
1560574,119730,2024-09-03 15:00:00,3,train
1558992,119732,2024-09-03 16:30:00,3,train
1558992,119734,2024-09-03 16:30:00,3,train
1558992,119740,2024-09-03 16:30:00,3,train
1560070,119735,2024-09-03 17:30:00,3,train
1560070,119738,2024-09-03 17:30:00,3,train
1560068,119736,2024-09-03 17:40:00,3,train
1560068,119739,2024-09-03 17:40:00,3,train
1560068,119744,2024-09-03 17:40:00,3,train
1569803,119737,2024-09-03 18:10:00,3,train
1569803,119742,2024-09-03 18:10:00,3,train
1573033,119741,2024-09-03 19:00:00,3,train
1573033,119743,2024-09-03 19:00:00,3,train
1569802,119745,2024-09-03 20:00:00,3,train
1569802,119747,2024-09-03 20:00:00,3,train
1569802,119749,2024-09-03 20:00:00,3,train
1560065,119746,2024-09-03 20:30:00,3,train
1560065,119748,2024-09-03 20:30:00,3,train
1569150,119750,2024-09-04 11:00:00,3,train
1569150,119753,2024-09-04 11:00:00,3,train
1569150,119757,2024-09-04 11:00:00,3,train
1560573,119751,2024-09-04 12:00:00,3,train
1560573,119755,2024-09-04 12:00:00,3,train
1560573,119759,2024-09-04 12:00:00,3,train
1575748,119758,2024-09-04 13:30:00,3,train
1575748,119763,2024-09-04 13:30:00,3,train
1569149,119762,2024-09-04 14:20:00,3,train
1569149,119765,2024-09-04 14:20:00,3,train
1576415,119760,2024-09-04 14:20:00,3,train
1576415,119767,2024-09-04 14:20:00,3,train
1560064,119761,2024-09-04 14:30:00,3,train
1560064,119764,2024-09-04 14:30:00,3,train
1560066,119766,2024-09-04 14:30:00,3,train
1569394,119769,2024-09-04 16:30:00,3,train
1575811,119768,2024-09-04 17:30:00,3,train
1575811,119771,2024-09-04 17:30:00,3,train
1575812,119770,2024-09-04 17:30:00,3,train
1576413,119774,2024-09-04 20:00:00,3,train
1551645,119776,2024-09-04 20:30:00,3,train
1551645,119777,2024-09-04 20:30:00,3,train
1575965,119773,2024-09-04 20:30:00,3,train
1575965,119775,2024-09-04 20:30:00,3,train
1575965,119778,2024-09-04 20:30:00,3,train
1575967,119772,2024-09-04 20:30:00,3,train
1569148,119780,2024-09-05 11:00:00,3,train
1569148,119782,2024-09-05 11:00:00,3,train
1576409,119779,2024-09-05 11:00:00,3,train
1576409,119781,2024-09-05 11:00:00,3,train
1576409,119783,2024-09-05 11:00:00,3,train
1572138,119784,2024-09-05 13:30:00,3,train
1572138,119787,2024-09-05 13:30:00,3,train
1572138,119789,2024-09-05 13:30:00,3,train
1579168,119785,2024-09-05 14:30:00,3,train
1579168,119788,2024-09-05 14:30:00,3,train
1579168,119791,2024-09-05 14:30:00,3,train
1579655,119786,2024-09-05 14:30:00,3,train
1579655,119790,2024-09-05 14:30:00,3,train
1579655,119792,2024-09-05 14:30:00,3,train
1576410,119794,2024-09-05 17:00:00,3,train
1576410,119797,2024-09-05 17:00:00,3,train
1579166,119793,2024-09-05 17:30:00,3,train
1579166,119796,2024-09-05 17:30:00,3,train
1579167,119795,2024-09-05 17:50:00,3,train
1579167,119798,2024-09-05 17:50:00,3,train
1579167,119799,2024-09-05 17:50:00,3,train
1551644,119800,2024-09-05 20:30:00,3,train
1551644,119803,2024-09-05 20:30:00,3,train
1580381,119801,2024-09-05 20:30:00,3,train
1580381,119804,2024-09-05 20:30:00,3,train
1580381,119807,2024-09-05 20:30:00,3,train
1580026,119802,2024-09-05 20:55:00,3,train
1580026,119806,2024-09-05 20:55:00,3,train
1580026,119809,2024-09-05 20:55:00,3,train
1579657,119805,2024-09-05 21:30:00,3,train
1579657,119808,2024-09-05 21:30:00,3,train
1579654,119811,2024-09-06 11:30:00,3,train
1579654,119814,2024-09-06 11:30:00,3,train
1579654,119815,2024-09-06 11:30:00,3,train
1579653,119820,2024-09-06 14:30:00,3,train
1579653,119821,2024-09-06 14:30:00,3,train
1579653,119824,2024-09-06 14:30:00,3,train
1583274,119816,2024-09-06 14:30:00,3,train
1583274,119818,2024-09-06 14:30:00,3,train
1583274,119822,2024-09-06 14:30:00,3,train
1583684,119817,2024-09-06 14:30:00,3,train
1583684,119819,2024-09-06 14:30:00,3,train
1583939,119823,2024-09-06 17:20:00,3,train
1583939,119828,2024-09-06 17:20:00,3,train
1580380,119825,2024-09-06 17:30:00,3,train
1580380,119830,2024-09-06 17:30:00,3,train
1580380,119833,2024-09-06 17:30:00,3,train
1584098,119826,2024-09-06 17:45:00,3,train
1584098,119829,2024-09-06 17:45:00,3,train
1579652,119827,2024-09-06 18:20:00,3,train
1579652,119831,2024-09-06 18:20:00,3,train
1583938,119832,2024-09-06 20:00:00,3,train
1583938,119835,2024-09-06 20:00:00,3,train
1583938,119838,2024-09-06 20:00:00,3,train
1586615,119834,2024-09-06 20:30:00,3,train
1586615,119837,2024-09-06 20:30:00,3,train
1579651,119836,2024-09-06 20:50:00,3,train
1579651,119839,2024-09-06 20:50:00,3,train
1583937,119840,2024-09-07 11:00:00,3,train
1583937,119842,2024-09-07 11:00:00,3,train
1587030,119841,2024-09-07 11:30:00,3,train
1587030,119843,2024-09-07 11:30:00,3,train
1586613,119844,2024-09-07 14:30:00,3,train
1586613,119847,2024-09-07 14:30:00,3,train
1587313,119845,2024-09-07 14:30:00,3,train
1587313,119848,2024-09-07 14:30:00,3,train
1583935,119850,2024-09-07 17:00:00,3,train
1583935,119854,2024-09-07 17:00:00,3,train
1586598,119852,2024-09-07 17:30:00,3,train
1586598,119855,2024-09-07 17:30:00,3,train
1586598,119857,2024-09-07 17:30:00,3,train
1587327,119851,2024-09-07 17:30:00,3,train
1583934,119856,2024-09-07 20:00:00,3,train
1583934,119858,2024-09-07 20:00:00,3,train
1580027,119860,2024-09-07 21:00:00,3,train
1580027,119862,2024-09-07 21:00:00,3,train
1584084,119859,2024-09-07 21:30:00,3,train
1584084,119861,2024-09-07 21:30:00,3,train
1590809,119863,2024-09-08 12:30:00,3,train
1590809,119864,2024-09-08 12:30:00,3,train
1590809,119868,2024-09-08 12:30:00,3,train
1589856,119865,2024-09-08 13:00:00,3,train
1589856,119867,2024-09-08 13:00:00,3,train
1590141,119866,2024-09-08 14:30:00,3,train
1590808,119869,2024-09-08 15:30:00,3,train
1590808,119870,2024-09-08 15:30:00,3,train
1590810,119871,2024-09-08 16:00:00,3,train
1590810,119872,2024-09-08 16:00:00,3,train
1590414,119873,2024-09-08 17:30:00,3,train
1590414,119874,2024-09-08 17:30:00,3,train
1593043,119876,2024-09-08 19:00:00,3,train
1593043,119878,2024-09-08 19:00:00,3,train
1593043,119879,2024-09-08 19:00:00,3,train
1583685,119877,2024-09-08 20:30:00,3,train
1583685,119880,2024-09-08 20:30:00,3,train
1590805,119881,2024-09-09 15:30:00,3,train
1590805,119883,2024-09-09 15:30:00,3,train
1590805,119884,2024-09-09 15:30:00,3,train
1588544,119882,2024-09-09 17:00:00,3,train
1588544,119885,2024-09-09 17:00:00,3,train
1588544,119887,2024-09-09 17:00:00,3,train
1590804,119886,2024-09-09 18:30:00,3,train
1590804,119888,2024-09-09 18:30:00,3,train
1590804,119889,2024-09-09 18:30:00,3,train
1586323,119893,2024-09-10 13:00:00,3,train
1586323,119894,2024-09-10 13:00:00,3,train
1586323,119895,2024-09-10 13:00:00,3,train
1588543,119896,2024-09-10 14:00:00,3,train
1560059,119891,2024-09-10 14:30:00,3,train
1560059,119892,2024-09-10 14:30:00,3,train
1560059,119898,2024-09-10 14:30:00,3,train
1560062,119890,2024-09-10 14:30:00,3,train
1560062,119897,2024-09-10 14:30:00,3,train
1560062,119899,2024-09-10 14:30:00,3,train
1586322,119900,2024-09-10 17:00:00,3,train
1586322,119903,2024-09-10 17:00:00,3,train
1560056,119901,2024-09-10 17:50:00,3,train
1560056,119904,2024-09-10 17:50:00,3,train
1560061,119902,2024-09-10 18:10:00,3,train
1560061,119905,2024-09-10 18:10:00,3,train
1560061,119907,2024-09-10 18:10:00,3,train
1596679,119906,2024-09-10 18:30:00,3,train
1596679,119909,2024-09-10 18:30:00,3,train
1560060,119908,2024-09-10 20:30:00,3,train
1560060,119910,2024-09-10 20:30:00,3,train
1560055,119911,2024-09-10 21:10:00,3,train
1586321,119912,2024-09-11 13:00:00,3,train
1586321,119915,2024-09-11 13:00:00,3,train
1586321,119916,2024-09-11 13:00:00,3,train
1588541,119917,2024-09-11 14:00:00,3,train
1588541,119920,2024-09-11 14:00:00,3,train
1560057,119913,2024-09-11 14:30:00,3,train
1560057,119919,2024-09-11 14:30:00,3,train
1560057,119922,2024-09-11 14:30:00,3,train
1560058,119914,2024-09-11 14:30:00,3,train
1560058,119918,2024-09-11 14:30:00,3,train
1588545,119921,2024-09-11 16:00:00,3,train
1588545,119925,2024-09-11 16:00:00,3,train
1588540,119924,2024-09-11 17:00:00,3,train
1588540,119927,2024-09-11 17:00:00,3,train
1588540,119929,2024-09-11 17:00:00,3,train
1600014,119923,2024-09-11 17:30:00,3,train
1600014,119926,2024-09-11 17:30:00,3,train
1600161,119928,2024-09-11 17:55:00,3,train
1600161,119930,2024-09-11 17:55:00,3,train
1551628,119932,2024-09-11 20:30:00,3,train
1551628,119937,2024-09-11 20:30:00,3,train
1600163,119936,2024-09-11 20:30:00,3,train
1600163,119939,2024-09-11 20:30:00,3,train
1600015,119933,2024-09-11 20:45:00,3,train
1600015,119938,2024-09-11 20:45:00,3,train
1588539,119940,2024-09-12 11:00:00,3,train
1588539,119941,2024-09-12 11:00:00,3,train
1588539,119942,2024-09-12 11:00:00,3,train
1599274,119943,2024-09-12 13:00:00,3,train
1599274,119951,2024-09-12 13:00:00,3,train
1599274,119953,2024-09-12 13:00:00,3,train
1602827,119946,2024-09-12 14:00:00,3,train
1602827,119947,2024-09-12 14:00:00,3,train
1602827,119954,2024-09-12 14:00:00,3,train
1600310,119945,2024-09-12 14:30:00,3,train
1600310,119950,2024-09-12 14:30:00,3,train
1602843,119944,2024-09-12 14:30:00,3,train
1602843,119948,2024-09-12 14:30:00,3,train
1588683,119949,2024-09-12 14:45:00,3,train
1588683,119952,2024-09-12 14:45:00,3,train
1599575,119955,2024-09-12 17:05:00,3,train
1599575,119959,2024-09-12 17:05:00,3,train
1602826,119956,2024-09-12 17:10:00,3,train
1602826,119961,2024-09-12 17:10:00,3,train
1602826,119963,2024-09-12 17:10:00,3,train
1600309,119957,2024-09-12 17:30:00,3,train
1600309,119960,2024-09-12 17:30:00,3,train
1600309,119964,2024-09-12 17:30:00,3,train
1602844,119958,2024-09-12 17:30:00,3,train
1602844,119962,2024-09-12 17:30:00,3,train
1603767,119966,2024-09-12 20:30:00,3,train
1603767,119968,2024-09-12 20:30:00,3,train
1604061,119965,2024-09-12 20:30:00,3,train
1604061,119967,2024-09-12 20:30:00,3,train
1602824,119969,2024-09-13 11:30:00,3,train
1602823,119970,2024-09-13 14:00:00,3,train
1602823,119974,2024-09-13 14:00:00,3,train
1602823,119978,2024-09-13 14:00:00,3,train
1606105,119972,2024-09-13 14:30:00,3,train
1606105,119976,2024-09-13 14:30:00,3,train
1606105,119981,2024-09-13 14:30:00,3,train
1606613,119971,2024-09-13 14:30:00,3,train
1606613,119973,2024-09-13 14:30:00,3,train
1606613,119975,2024-09-13 14:30:00,3,train
1603000,119977,2024-09-13 16:00:00,3,train
1603000,119979,2024-09-13 16:00:00,3,train
1602822,119984,2024-09-13 17:10:00,3,train
1603309,119980,2024-09-13 17:30:00,3,train
1603309,119982,2024-09-13 17:30:00,3,train
1606859,119983,2024-09-13 18:35:00,3,train
1606859,119985,2024-09-13 18:35:00,3,train
1606859,119987,2024-09-13 18:35:00,3,train
1606612,119986,2024-09-13 20:30:00,3,train
1606612,119988,2024-09-13 20:30:00,3,train
1609237,119989,2024-09-13 21:40:00,3,train
1609237,119990,2024-09-13 21:40:00,3,train
1609237,119991,2024-09-13 21:40:00,3,train
1609868,119992,2024-09-14 11:00:00,3,train
1609868,119993,2024-09-14 11:00:00,3,train
1609868,119995,2024-09-14 11:00:00,3,train
1609235,119994,2024-09-14 13:00:00,3,train
1609235,119996,2024-09-14 13:00:00,3,train
1606860,119997,2024-09-14 14:30:00,3,train
1606860,119999,2024-09-14 14:30:00,3,train
1609236,119998,2024-09-14 14:30:00,3,train
1609236,120000,2024-09-14 14:30:00,3,train
1606357,120001,2024-09-14 16:00:00,3,train
1606357,120002,2024-09-14 16:00:00,3,train
1606357,120298,2024-09-14 16:00:00,3,train
1609621,120003,2024-09-14 17:30:00,3,train
1609621,120005,2024-09-14 17:30:00,3,train
1609621,120008,2024-09-14 17:30:00,3,train
1610144,120006,2024-09-14 17:30:00,3,train
1610144,120297,2024-09-14 17:30:00,3,train
1608574,120004,2024-09-14 17:35:00,3,train
1608574,120007,2024-09-14 17:35:00,3,train
1609486,120009,2024-09-14 20:00:00,3,train
1609486,120012,2024-09-14 20:00:00,3,train
1609486,120296,2024-09-14 20:00:00,3,train
1604062,120010,2024-09-14 21:00:00,3,train
1604062,120011,2024-09-14 21:00:00,3,train
1614835,120013,2024-09-15 11:30:00,3,train
1614835,120015,2024-09-15 11:30:00,3,train
1614835,120295,2024-09-15 11:30:00,3,train
1612707,120014,2024-09-15 12:30:00,3,train
1612707,120293,2024-09-15 12:30:00,3,train
1612707,120294,2024-09-15 12:30:00,3,train
1612865,120016,2024-09-15 14:30:00,3,train
1612865,120017,2024-09-15 14:30:00,3,train
1614834,120290,2024-09-15 14:30:00,3,train
1614834,120291,2024-09-15 14:30:00,3,train
1614834,120292,2024-09-15 14:30:00,3,train
1613310,120288,2024-09-15 16:00:00,3,train
1613310,120289,2024-09-15 16:00:00,3,train
1612714,120284,2024-09-15 17:30:00,3,train
1612714,120285,2024-09-15 17:30:00,3,train
1614833,120286,2024-09-15 17:30:00,3,train
1614833,120287,2024-09-15 17:30:00,3,train
1606486,120279,2024-09-15 20:30:00,3,train
1606486,120280,2024-09-15 20:30:00,3,train
1606486,120281,2024-09-15 20:30:00,3,train
1614832,120282,2024-09-15 20:30:00,3,train
1614832,120283,2024-09-15 20:30:00,3,train
1609948,120277,2024-09-16 11:00:00,3,train
1609948,120278,2024-09-16 11:00:00,3,train
1614831,120274,2024-09-16 11:30:00,3,train
1614831,120275,2024-09-16 11:30:00,3,train
1614831,120276,2024-09-16 11:30:00,3,train
1609951,120272,2024-09-16 14:00:00,3,train
1609951,120273,2024-09-16 14:00:00,3,train
1614830,120270,2024-09-16 14:45:00,3,train
1614830,120271,2024-09-16 14:45:00,3,train
1614829,120268,2024-09-16 17:30:00,3,train
1614829,120269,2024-09-16 17:30:00,3,train
1614828,120265,2024-09-16 20:30:00,3,train
1614828,120266,2024-09-16 20:30:00,3,train
1614828,120267,2024-09-16 20:30:00,3,train
1609947,120263,2024-09-17 14:00:00,3,train
1609947,120264,2024-09-17 14:00:00,3,train
1617386,120261,2024-09-17 14:00:00,3,train
1617386,120262,2024-09-17 14:00:00,3,train
1617387,120258,2024-09-17 14:00:00,3,train
1617387,120259,2024-09-17 14:00:00,3,train
1617387,120260,2024-09-17 14:00:00,3,train
1621243,120256,2024-09-17 14:30:00,3,train
1621243,120257,2024-09-17 14:30:00,3,train
1617384,120254,2024-09-17 17:15:00,3,train
1617384,120255,2024-09-17 17:15:00,3,train
1621242,120252,2024-09-17 17:30:00,3,train
1621242,120253,2024-09-17 17:30:00,3,train
1617385,120250,2024-09-17 20:30:00,3,train
1617385,120251,2024-09-17 20:30:00,3,train
1611273,120248,2024-09-18 11:00:00,3,train
1611273,120249,2024-09-18 11:00:00,3,train
1621240,120246,2024-09-18 11:30:00,3,train
1621240,120247,2024-09-18 11:30:00,3,train
1609949,120243,2024-09-18 14:00:00,3,train
1609949,120244,2024-09-18 14:00:00,3,train
1609949,120245,2024-09-18 14:00:00,3,train
1624027,120240,2024-09-18 14:00:00,3,train
1624027,120241,2024-09-18 14:00:00,3,train
1624027,120242,2024-09-18 14:00:00,3,train
1624207,120237,2024-09-18 14:00:00,3,train
1624207,120238,2024-09-18 14:00:00,3,train
1624207,120239,2024-09-18 14:00:00,3,train
1621239,120234,2024-09-18 14:30:00,3,train
1621239,120235,2024-09-18 14:30:00,3,train
1621239,120236,2024-09-18 14:30:00,3,train
1621238,120231,2024-09-18 17:30:00,3,train
1621238,120232,2024-09-18 17:30:00,3,train
1621238,120233,2024-09-18 17:30:00,3,train
1609950,120228,2024-09-18 18:00:00,3,train
1609950,120229,2024-09-18 18:00:00,3,train
1609950,120230,2024-09-18 18:00:00,3,train
1551626,120226,2024-09-18 20:30:00,3,train
1551626,120227,2024-09-18 20:30:00,3,train
1551641,120224,2024-09-18 20:30:00,3,train
1551641,120225,2024-09-18 20:30:00,3,train
1621237,120222,2024-09-18 20:45:00,3,train
1621237,120223,2024-09-18 20:45:00,3,train
1625079,120220,2024-09-18 21:00:00,3,train
1625079,120221,2024-09-18 21:00:00,3,train
1629910,120218,2024-09-19 11:30:00,3,train
1629910,120219,2024-09-19 11:30:00,3,train
1629539,120215,2024-09-19 14:00:00,3,train
1629539,120216,2024-09-19 14:00:00,3,train
1629539,120217,2024-09-19 14:00:00,3,train
1628613,120211,2024-09-19 17:15:00,3,train
1628613,120212,2024-09-19 17:15:00,3,train
1629538,120209,2024-09-19 17:30:00,3,train
1629538,120210,2024-09-19 17:30:00,3,train
1629908,120207,2024-09-19 17:30:00,3,train
1629908,120208,2024-09-19 17:30:00,3,train
1629537,120205,2024-09-19 20:00:00,3,train
1629537,120206,2024-09-19 20:00:00,3,train
1628614,120202,2024-09-19 20:30:00,3,train
1628614,120203,2024-09-19 20:30:00,3,train
1628614,120204,2024-09-19 20:30:00,3,train
1629906,120199,2024-09-20 11:30:00,3,train
1629906,120200,2024-09-20 11:30:00,3,train
1629906,120201,2024-09-20 11:30:00,3,train
1629905,120196,2024-09-20 14:30:00,3,train
1629905,120197,2024-09-20 14:30:00,3,train
1629905,120198,2024-09-20 14:30:00,3,train
1629180,120194,2024-09-20 17:15:00,3,train
1629180,120195,2024-09-20 17:15:00,3,train
1629904,120192,2024-09-20 18:05:00,3,train
1629904,120193,2024-09-20 18:05:00,3,train
1629559,120189,2024-09-20 20:30:00,3,train
1629559,120190,2024-09-20 20:30:00,3,train
1629559,120191,2024-09-20 20:30:00,3,train
1629903,120187,2024-09-20 20:30:00,3,train
1629903,120188,2024-09-20 20:30:00,3,train
1637219,120185,2024-09-21 13:30:00,3,train
1637219,120186,2024-09-21 13:30:00,3,train
1637218,120183,2024-09-21 16:30:00,3,train
1637218,120184,2024-09-21 16:30:00,3,train
1634013,120181,2024-09-21 17:15:00,3,train
1634013,120182,2024-09-21 17:15:00,3,train
1637382,120178,2024-09-21 20:30:00,3,train
1637382,120179,2024-09-21 20:30:00,3,train
1637382,120180,2024-09-21 20:30:00,3,train
1637216,120176,2024-09-22 13:30:00,3,train
1637216,120177,2024-09-22 13:30:00,3,train
1637215,120173,2024-09-22 16:30:00,3,train
1637215,120174,2024-09-22 16:30:00,3,train
1637215,120175,2024-09-22 16:30:00,3,train
1640965,120168,2024-09-22 18:00:00,3,train
1640965,120169,2024-09-22 18:00:00,3,train
1640965,120170,2024-09-22 18:00:00,3,train
1640965,120171,2024-09-22 18:00:00,3,train
1640965,120172,2024-09-22 18:00:00,3,train
1637214,120165,2024-09-22 19:30:00,3,train
1637214,120166,2024-09-22 19:30:00,3,train
1637214,120167,2024-09-22 19:30:00,3,train
1642817,120163,2024-09-23 11:00:00,3,train
1642817,120164,2024-09-23 11:00:00,3,train
1642816,120161,2024-09-23 14:00:00,3,train
1642816,120162,2024-09-23 14:00:00,3,train
1644422,120159,2024-09-23 16:30:00,3,train
1644422,120160,2024-09-23 16:30:00,3,train
1642815,120156,2024-09-23 17:00:00,3,train
1642815,120157,2024-09-23 17:00:00,3,train
1642815,120158,2024-09-23 17:00:00,3,train
1644421,120154,2024-09-23 19:30:00,3,train
1644421,120155,2024-09-23 19:30:00,3,train
1642814,120152,2024-09-23 20:00:00,3,train
1642814,120153,2024-09-23 20:00:00,3,train
1649129,120149,2024-09-24 11:00:00,3,train
1649129,120150,2024-09-24 11:00:00,3,train
1649129,120151,2024-09-24 11:00:00,3,train
1647758,120147,2024-09-24 14:30:00,3,train
1647758,120148,2024-09-24 14:30:00,3,train
1647094,120143,2024-09-24 17:00:00,3,train
1647094,120144,2024-09-24 17:00:00,3,train
1644512,120141,2024-09-24 18:00:00,3,train
1644512,120142,2024-09-24 18:00:00,3,train
1648687,120138,2024-09-24 20:00:00,3,train
1648687,120139,2024-09-24 20:00:00,3,train
1648687,120140,2024-09-24 20:00:00,3,train
1644511,120136,2024-09-24 21:00:00,3,train
1644511,120137,2024-09-24 21:00:00,3,train
1652748,120134,2024-09-25 11:30:00,3,train
1652748,120135,2024-09-25 11:30:00,3,train
1599510,120132,2024-09-25 13:00:00,3,train
1599510,120133,2024-09-25 13:00:00,3,train
1652747,120130,2024-09-25 14:30:00,3,train
1652747,120131,2024-09-25 14:30:00,3,train
1599509,120127,2024-09-25 15:00:00,3,train
1599509,120128,2024-09-25 15:00:00,3,train
1599509,120129,2024-09-25 15:00:00,3,train
1652746,120125,2024-09-25 17:30:00,3,train
1652746,120126,2024-09-25 17:30:00,3,train
1654711,120123,2024-09-25 18:00:00,3,train
1654711,120124,2024-09-25 18:00:00,3,train
1599508,120121,2024-09-25 18:20:00,3,train
1599508,120122,2024-09-25 18:20:00,3,train
1599507,120118,2024-09-25 20:20:00,3,train
1599507,120119,2024-09-25 20:20:00,3,train
1599507,120120,2024-09-25 20:20:00,3,train
1652745,120114,2024-09-25 20:30:00,3,train
1652745,120115,2024-09-25 20:30:00,3,train
1653363,120110,2024-09-26 11:00:00,3,train
1653363,120111,2024-09-26 11:00:00,3,train
1652744,120108,2024-09-26 11:30:00,3,train
1652744,120109,2024-09-26 11:30:00,3,train
1654709,120106,2024-09-26 12:00:00,3,train
1654709,120107,2024-09-26 12:00:00,3,train
1657597,120103,2024-09-26 13:00:00,3,train
1657597,120104,2024-09-26 13:00:00,3,train
1657597,120105,2024-09-26 13:00:00,3,train
1654353,120101,2024-09-26 14:00:00,3,train
1654353,120102,2024-09-26 14:00:00,3,train
1652743,120098,2024-09-26 14:30:00,3,train
1652743,120099,2024-09-26 14:30:00,3,train
1652743,120100,2024-09-26 14:30:00,3,train
1654708,120096,2024-09-26 15:00:00,3,train
1654708,120097,2024-09-26 15:00:00,3,train
1657596,120094,2024-09-26 16:45:00,3,train
1657596,120095,2024-09-26 16:45:00,3,train
1652742,120092,2024-09-26 18:00:00,3,train
1652742,120093,2024-09-26 18:00:00,3,train
1658336,120089,2024-09-26 18:50:00,3,train
1658336,120090,2024-09-26 18:50:00,3,train
1658336,120091,2024-09-26 18:50:00,3,train
1551623,120087,2024-09-26 20:30:00,3,train
1551623,120088,2024-09-26 20:30:00,3,train
1654706,120085,2024-09-26 21:00:00,3,train
1654706,120086,2024-09-26 21:00:00,3,train
1658335,120083,2024-09-26 21:50:00,3,train
1658335,120084,2024-09-26 21:50:00,3,train
1661913,120080,2024-09-27 12:00:00,3,train
1661913,120081,2024-09-27 12:00:00,3,train
1661913,120082,2024-09-27 12:00:00,3,train
1661299,120078,2024-09-27 14:30:00,3,train
1661299,120079,2024-09-27 14:30:00,3,train
1661568,120073,2024-09-27 17:00:00,3,train
1661568,120074,2024-09-27 17:00:00,3,train
1658319,120070,2024-09-27 17:30:00,3,train
1658319,120071,2024-09-27 17:30:00,3,train
1658319,120072,2024-09-27 17:30:00,3,train
1662042,120068,2024-09-27 18:20:00,3,train
1662042,120069,2024-09-27 18:20:00,3,train
1661567,120066,2024-09-27 20:20:00,3,train
1661567,120067,2024-09-27 20:20:00,3,train
1663698,120064,2024-09-27 20:30:00,3,train
1663698,120065,2024-09-27 20:30:00,3,train
1662041,120062,2024-09-27 21:00:00,3,train
1662041,120063,2024-09-27 21:00:00,3,train
1663945,120018,2024-09-27 21:15:00,3,train
1663945,120060,2024-09-27 21:15:00,3,train
1663945,120061,2024-09-27 21:15:00,3,train
1662040,120019,2024-09-28 12:00:00,3,train
1662040,120020,2024-09-28 12:00:00,3,train
1662040,120059,2024-09-28 12:00:00,3,train
1662039,120021,2024-09-28 15:50:00,3,train
1662039,120026,2024-09-28 15:50:00,3,train
1664426,120022,2024-09-28 16:30:00,3,train
1664426,120028,2024-09-28 16:30:00,3,train
1664426,120031,2024-09-28 16:30:00,3,train
1664427,120023,2024-09-28 16:30:00,3,train
1664427,120025,2024-09-28 16:30:00,3,train
1664427,120030,2024-09-28 16:30:00,3,train
1664119,120027,2024-09-28 16:45:00,3,train
1664119,120033,2024-09-28 16:45:00,3,train
1664119,120058,2024-09-28 16:45:00,3,train
1663891,120024,2024-09-28 17:00:00,3,train
1663891,120029,2024-09-28 17:00:00,3,train
1663891,120035,2024-09-28 17:00:00,3,train
1662038,120032,2024-09-28 18:25:00,3,train
1662038,120034,2024-09-28 18:25:00,3,train
1664308,120036,2024-09-28 20:30:00,3,train
1664308,120038,2024-09-28 20:30:00,3,train
1664308,120042,2024-09-28 20:30:00,3,train
1666553,120037,2024-09-28 20:30:00,3,train
1666553,120039,2024-09-28 20:30:00,3,train
1664253,120040,2024-09-28 21:30:00,3,train
1664253,120041,2024-09-28 21:30:00,3,train
1664253,120043,2024-09-28 21:30:00,3,train
1667135,120046,2024-09-29 16:30:00,3,train
1667135,120051,2024-09-29 16:30:00,3,train
1667135,120053,2024-09-29 16:30:00,3,train
1667178,120047,2024-09-29 16:30:00,3,train
1667178,120049,2024-09-29 16:30:00,3,train
1667178,120052,2024-09-29 16:30:00,3,train
1667340,120048,2024-09-29 17:00:00,3,train
1667340,120050,2024-09-29 17:00:00,3,train
1667340,120054,2024-09-29 17:00:00,3,train
1667340,120056,2024-09-29 17:00:00,3,train
1667177,120055,2024-09-29 19:30:00,3,train
1667177,120057,2024-09-29 19:30:00,3,train
1670829,120299,2024-09-30 14:20:00,3,train
1670829,120300,2024-09-30 14:20:00,3,train
1667175,120301,2024-09-30 16:30:00,3,train
1667175,120303,2024-09-30 16:30:00,3,train
1667175,120305,2024-09-30 16:30:00,3,train
1670828,120302,2024-09-30 17:00:00,3,train
1670828,120304,2024-09-30 17:00:00,3,train
1667174,120306,2024-09-30 19:30:00,3,train
1667174,120307,2024-09-30 19:30:00,3,train
1670826,120308,2024-10-01 11:00:00,3,train
1670826,120309,2024-10-01 11:00:00,3,train
1670825,120310,2024-10-01 14:00:00,3,train
1670825,120311,2024-10-01 14:00:00,3,train
1670825,120313,2024-10-01 14:00:00,3,train
1670824,120314,2024-10-01 18:20:00,3,train
1670824,120316,2024-10-01 18:20:00,3,train
1675523,120317,2024-10-01 19:30:00,3,train
1675523,120318,2024-10-01 19:30:00,3,train
1675523,120320,2024-10-01 19:30:00,3,train
1670823,120319,2024-10-01 20:20:00,3,train
1670823,120321,2024-10-01 20:20:00,3,train
1682711,120322,2024-10-03 12:00:00,3,train
1682711,120323,2024-10-03 12:00:00,3,train
1682711,120324,2024-10-03 12:00:00,3,train
1680007,120325,2024-10-03 14:00:00,3,train
1680007,120327,2024-10-03 14:00:00,3,train
1680007,120328,2024-10-03 14:00:00,3,train
1682710,120326,2024-10-03 15:00:00,3,train
1682710,120329,2024-10-03 15:00:00,3,train
1682710,120330,2024-10-03 15:00:00,3,train
1680006,120331,2024-10-03 17:20:00,3,train
1680006,120332,2024-10-03 17:20:00,3,train
1680006,120334,2024-10-03 17:20:00,3,train
1680005,120337,2024-10-03 20:00:00,3,train
1682708,120338,2024-10-03 21:50:00,3,train
1682707,120339,2024-10-04 12:00:00,3,train
1682707,120340,2024-10-04 12:00:00,3,train
1686474,120341,2024-10-04 14:00:00,3,train
1682706,120342,2024-10-04 15:00:00,3,train
1682706,120343,2024-10-04 15:00:00,3,train
1686473,120344,2024-10-04 17:00:00,3,train
1686473,120346,2024-10-04 17:00:00,3,train
1686473,120348,2024-10-04 17:00:00,3,train
1660330,120345,2024-10-04 17:30:00,3,train
1660329,120347,2024-10-04 18:55:00,3,train
1660328,120349,2024-10-04 20:15:00,3,train
1682704,120351,2024-10-04 21:00:00,3,train
1660327,120350,2024-10-04 21:35:00,3,train
1688348,120352,2024-10-04 23:10:00,3,train
1688676,120353,2024-10-05 00:30:00,3,train
1688675,120354,2024-10-05 02:00:00,3,train
1688675,120355,2024-10-05 02:00:00,3,train
1686172,120356,2024-10-05 12:00:00,3,train
1686172,120357,2024-10-05 12:00:00,3,train
1688140,120358,2024-10-05 15:30:00,3,train
1688140,120360,2024-10-05 15:30:00,3,train
1686469,120359,2024-10-05 17:00:00,3,train
1688465,120361,2024-10-05 18:00:00,3,train
1688465,120363,2024-10-05 18:00:00,3,train
1686468,120364,2024-10-05 20:00:00,3,train
1686468,120365,2024-10-05 20:00:00,3,train
1686468,120368,2024-10-05 20:00:00,3,train
1689361,120362,2024-10-05 20:45:00,3,train
1689361,120367,2024-10-05 20:45:00,3,train
1689361,120369,2024-10-05 20:45:00,3,train
1688920,120366,2024-10-05 21:00:00,3,train
1688920,120370,2024-10-05 21:00:00,3,train
1691444,120371,2024-10-06 12:30:00,3,train
1691444,120372,2024-10-06 12:30:00,3,train
1691444,120374,2024-10-06 12:30:00,3,train
1690905,120373,2024-10-06 13:30:00,3,train
1690905,120375,2024-10-06 13:30:00,3,train
1690905,120377,2024-10-06 13:30:00,3,train
1691443,120376,2024-10-06 15:30:00,3,train
1691443,120378,2024-10-06 15:30:00,3,train
1691451,120380,2024-10-06 17:00:00,3,train
1691451,120382,2024-10-06 17:00:00,3,train
1691451,120386,2024-10-06 17:00:00,3,train
1691661,120379,2024-10-06 17:00:00,3,train
1691661,120381,2024-10-06 17:00:00,3,train
1691661,120383,2024-10-06 17:00:00,3,train
1691442,120384,2024-10-06 18:30:00,3,train
1691442,120385,2024-10-06 18:30:00,3,train
1691876,120387,2024-10-06 20:15:00,3,train
1691876,120388,2024-10-06 20:15:00,3,train
1693963,120389,2024-10-06 21:15:00,3,train
1693963,120390,2024-10-06 21:15:00,3,train
1691441,120391,2024-10-07 12:30:00,3,train
1691441,120392,2024-10-07 12:30:00,3,train
1691440,120393,2024-10-07 15:30:00,3,train
1691440,120394,2024-10-07 15:30:00,3,train
1656180,120395,2024-10-07 17:00:00,3,train
1656181,120396,2024-10-07 18:10:00,3,train
1656175,120398,2024-10-07 19:10:00,3,train
1656178,120397,2024-10-07 19:10:00,3,train
1656177,120399,2024-10-07 20:05:00,3,train
1656176,120400,2024-10-07 20:30:00,3,train
1697751,120401,2024-10-07 21:15:00,3,train
1697751,120403,2024-10-07 21:15:00,3,train
1697751,120404,2024-10-07 21:15:00,3,train
1697750,120402,2024-10-07 21:50:00,3,train
1697750,120405,2024-10-07 21:50:00,3,train
1697750,120406,2024-10-07 21:50:00,3,train
1697946,120410,2024-10-08 00:10:00,3,train
1697946,120411,2024-10-08 00:10:00,3,train
1697947,120407,2024-10-08 01:30:00,3,train
1697947,120408,2024-10-08 01:30:00,3,train
1697947,120409,2024-10-08 01:30:00,3,train
1698515,120412,2024-10-08 12:30:00,3,train
1698318,120413,2024-10-08 17:00:00,3,train
1698318,120415,2024-10-08 17:00:00,3,train
1698318,120418,2024-10-08 17:00:00,3,train
1698320,120414,2024-10-08 17:00:00,3,train
1698320,120416,2024-10-08 17:00:00,3,train
1698513,120417,2024-10-08 18:30:00,3,train
1698513,120419,2024-10-08 18:30:00,3,train
1698513,120422,2024-10-08 18:30:00,3,train
1698317,120420,2024-10-08 19:40:00,3,train
1698317,120423,2024-10-08 19:40:00,3,train
1698319,120421,2024-10-08 20:25:00,3,train
1698319,120424,2024-10-08 20:25:00,3,train
1699538,120425,2024-10-08 22:00:00,3,train
1699538,120427,2024-10-08 22:00:00,3,train
1699387,120426,2024-10-08 22:30:00,3,train
1699387,120428,2024-10-08 22:30:00,3,train
1701866,120429,2024-10-09 17:00:00,3,train
1701866,120431,2024-10-09 17:00:00,3,train
1701866,120433,2024-10-09 17:00:00,3,train
1701984,120430,2024-10-09 17:00:00,3,train
1701984,120432,2024-10-09 17:00:00,3,train
1701985,120434,2024-10-09 19:40:00,3,train
1701985,120436,2024-10-09 19:40:00,3,train
1699540,120435,2024-10-09 20:00:00,3,train
1699540,120437,2024-10-09 20:00:00,3,train
1702323,120438,2024-10-09 22:00:00,3,train
1702323,120441,2024-10-09 22:00:00,3,train
1702323,120442,2024-10-09 22:00:00,3,train
1704866,120439,2024-10-09 22:00:00,3,train
1704866,120440,2024-10-09 22:00:00,3,train
1704124,120443,2024-10-10 11:00:00,3,train
1704124,120444,2024-10-10 11:00:00,3,train
1704124,120445,2024-10-10 11:00:00,3,train
1704123,120446,2024-10-10 14:00:00,3,train
1704123,120447,2024-10-10 14:00:00,3,train
1704122,120448,2024-10-10 17:00:00,3,train
1704122,120449,2024-10-10 17:00:00,3,train
1704122,120450,2024-10-10 17:00:00,3,train
1704121,120451,2024-10-10 20:25:00,3,train
1704120,120452,2024-10-11 11:00:00,3,train
1704120,120453,2024-10-11 11:00:00,3,train
1704120,120454,2024-10-11 11:00:00,3,train
1704119,120455,2024-10-11 14:35:00,3,train
1704119,120456,2024-10-11 14:35:00,3,train
1704119,120457,2024-10-11 14:35:00,3,train
1705589,120458,2024-10-11 18:00:00,3,train
1705589,120459,2024-10-11 18:00:00,3,train
1704117,120461,2024-10-11 20:30:00,3,train
1704117,120463,2024-10-11 20:30:00,3,train
1705865,120460,2024-10-11 21:15:00,3,train
1705865,120462,2024-10-11 21:15:00,3,train
1705865,120464,2024-10-11 21:15:00,3,train
1710439,120465,2024-10-12 11:00:00,3,train
1710439,120466,2024-10-12 11:00:00,3,train
1710439,120467,2024-10-12 11:00:00,3,train
1707248,120468,2024-10-12 14:00:00,3,train
1707966,120470,2024-10-12 17:00:00,3,train
1707966,120471,2024-10-12 17:00:00,3,train
1710668,120469,2024-10-12 18:00:00,3,train
1710668,120472,2024-10-12 18:00:00,3,train
1710668,120473,2024-10-12 18:00:00,3,train
1711152,120474,2024-10-12 21:50:00,3,train
1711152,120475,2024-10-12 21:50:00,3,train
1713814,120476,2024-10-13 12:30:00,3,train
1713814,120477,2024-10-13 12:30:00,3,train
1713814,120478,2024-10-13 12:30:00,3,train
1713124,120479,2024-10-13 16:00:00,3,train
1713124,120480,2024-10-13 16:00:00,3,train
1713124,120481,2024-10-13 16:00:00,3,train
1713923,120482,2024-10-13 20:00:00,3,train
1713923,120483,2024-10-13 20:00:00,3,train
1713923,120484,2024-10-13 20:00:00,3,train
1713923,120485,2024-10-13 20:00:00,3,train
1706809,120487,2024-10-15 20:00:00,3,train
1706809,120488,2024-10-15 20:00:00,3,train
1706810,120486,2024-10-15 20:00:00,3,train
1710404,120489,2024-10-16 11:00:00,3,train
1710404,120490,2024-10-16 11:00:00,3,train
1710404,120491,2024-10-16 11:00:00,3,train
1704292,120492,2024-10-16 13:00:00,3,train
1710403,120494,2024-10-16 14:35:00,3,train
1710403,120495,2024-10-16 14:35:00,3,train
1704291,120493,2024-10-16 15:40:00,3,train
1710402,120496,2024-10-16 18:45:00,3,train
1710402,120497,2024-10-16 18:45:00,3,train
1725232,120498,2024-10-16 19:30:00,3,train
1725232,120499,2024-10-16 19:30:00,3,train
1723142,120500,2024-10-16 20:00:00,3,train
1722925,120501,2024-10-16 21:00:00,3,train
1725543,120502,2024-10-17 11:00:00,3,train
1725543,120503,2024-10-17 11:00:00,3,train
1725543,120505,2024-10-17 11:00:00,3,train
1704290,120504,2024-10-17 13:00:00,3,train
1704289,120506,2024-10-17 14:15:00,3,train
1725542,120507,2024-10-17 14:40:00,3,train
1725542,120508,2024-10-17 14:40:00,3,train
1726128,120509,2024-10-17 17:00:00,3,train
1726128,120510,2024-10-17 17:00:00,3,train
1728218,120511,2024-10-17 17:00:00,3,train
1728218,120512,2024-10-17 17:00:00,3,train
1726127,120513,2024-10-17 19:30:00,3,train
1726127,120516,2024-10-17 19:30:00,3,train
1726127,120519,2024-10-17 19:30:00,3,train
1728217,120515,2024-10-17 19:45:00,3,train
1728217,120518,2024-10-17 19:45:00,3,train
1726252,120514,2024-10-17 20:00:00,3,train
1726252,120517,2024-10-17 20:00:00,3,train
1726252,120520,2024-10-17 20:00:00,3,train
1728331,120521,2024-10-18 13:00:00,3,train
1728331,120522,2024-10-18 13:00:00,3,train
1728331,120523,2024-10-18 13:00:00,3,train
1726258,120524,2024-10-18 16:30:00,3,train
1726258,120525,2024-10-18 16:30:00,3,train
1728950,120526,2024-10-18 17:00:00,3,train
1728950,120527,2024-10-18 17:00:00,3,train
1728943,120528,2024-10-18 19:00:00,3,train
1728943,120532,2024-10-18 19:00:00,3,train
1729042,120529,2024-10-18 20:00:00,3,train
1729042,120536,2024-10-18 20:00:00,3,train
1729042,120539,2024-10-18 20:00:00,3,train
1551618,120535,2024-10-18 20:30:00,3,train
1551618,120538,2024-10-18 20:30:00,3,train
1551619,120531,2024-10-18 20:30:00,3,train
1551619,120537,2024-10-18 20:30:00,3,train
1551633,120534,2024-10-18 20:30:00,3,train
1551635,120530,2024-10-18 20:30:00,3,train
1551635,120533,2024-10-18 20:30:00,3,train
1730932,120540,2024-10-19 13:00:00,3,train
1730932,120541,2024-10-19 13:00:00,3,train
1730933,120542,2024-10-19 16:00:00,3,train
1730933,120546,2024-10-19 16:00:00,3,train
1731082,120543,2024-10-19 16:30:00,3,train
1731082,120545,2024-10-19 16:30:00,3,train
1731082,120548,2024-10-19 16:30:00,3,train
1731153,120547,2024-10-19 18:00:00,3,train
1731081,120552,2024-10-19 19:45:00,3,train
1731375,120549,2024-10-19 20:30:00,3,train
1731375,120551,2024-10-19 20:30:00,3,train
1732508,120550,2024-10-19 21:15:00,3,train
1732508,120553,2024-10-19 21:15:00,3,train
1732508,120554,2024-10-19 21:15:00,3,train
1732883,120555,2024-10-20 17:20:00,3,train
1732883,120558,2024-10-20 17:20:00,3,train
1732883,120559,2024-10-20 17:20:00,3,train
1732883,120562,2024-10-20 17:20:00,3,train
1733056,120560,2024-10-20 20:30:00,3,train
1733056,120561,2024-10-20 20:30:00,3,train
1729291,120563,2024-10-21 12:30:00,3,train
1729291,120564,2024-10-21 12:30:00,3,train
1736826,120565,2024-10-21 19:10:00,3,train
1736826,120566,2024-10-21 19:10:00,3,train
1736825,120567,2024-10-21 22:00:00,3,train
1736825,120568,2024-10-21 22:00:00,3,train
1729289,120569,2024-10-22 12:30:00,3,train
1729289,120570,2024-10-22 12:30:00,3,train
1729288,120571,2024-10-22 15:30:00,3,train
1729288,120572,2024-10-22 15:30:00,3,train
1729288,120573,2024-10-22 15:30:00,3,train
1739244,120574,2024-10-22 19:00:00,3,train
1739244,120575,2024-10-22 19:00:00,3,train
1739243,120576,2024-10-22 21:30:00,3,train
1739243,120577,2024-10-22 21:30:00,3,train
1729287,120578,2024-10-23 12:30:00,3,train
1729287,120579,2024-10-23 12:30:00,3,train
1729287,120580,2024-10-23 12:30:00,3,train
1729286,120581,2024-10-23 16:25:00,3,train
1729286,120582,2024-10-23 16:25:00,3,train
1729286,120583,2024-10-23 16:25:00,3,train
1742297,120584,2024-10-23 23:30:00,3,train
1742297,120585,2024-10-23 23:30:00,3,train
1729285,120586,2024-10-24 12:30:00,3,train
1729285,120587,2024-10-24 12:30:00,3,train
1729284,120588,2024-10-24 15:30:00,3,train
1729284,120589,2024-10-24 15:30:00,3,train
1744789,120590,2024-10-24 18:30:00,3,train
1744789,120591,2024-10-24 18:30:00,3,train
1744788,120592,2024-10-24 21:30:00,3,train
1744788,120593,2024-10-24 21:30:00,3,train
1739749,120594,2024-10-25 12:30:00,3,train
1739749,120596,2024-10-25 12:30:00,3,train
1739749,120598,2024-10-25 12:30:00,3,train
1721333,120595,2024-10-25 13:00:00,3,train
1721332,120597,2024-10-25 14:30:00,3,train
1721330,120599,2024-10-25 15:45:00,3,train
1737473,120600,2024-10-25 16:00:00,3,train
1737473,120602,2024-10-25 16:00:00,3,train
1721331,120601,2024-10-25 17:00:00,3,train
1747243,120603,2024-10-25 18:10:00,3,train
1743019,120604,2024-10-25 18:55:00,3,train
1743019,120606,2024-10-25 18:55:00,3,train
1747534,120605,2024-10-25 19:30:00,3,train
1747533,120607,2024-10-25 20:45:00,3,train
1747533,120608,2024-10-25 20:45:00,3,train
1745439,120609,2024-10-25 21:30:00,3,train
1745439,120610,2024-10-25 21:30:00,3,train
1748622,120611,2024-10-26 13:00:00,3,train
1748622,120613,2024-10-26 13:00:00,3,train
1748622,120615,2024-10-26 13:00:00,3,train
1747242,120612,2024-10-26 13:30:00,3,train
1747242,120614,2024-10-26 13:30:00,3,train
1748352,120616,2024-10-26 15:55:00,3,train
1748352,120617,2024-10-26 15:55:00,3,train
1747382,120619,2024-10-26 19:00:00,3,train
1747382,120620,2024-10-26 19:00:00,3,train
1750671,120618,2024-10-26 19:00:00,3,train
1750671,120621,2024-10-26 19:00:00,3,train
1748620,120622,2024-10-26 22:40:00,3,train
1748620,120623,2024-10-26 22:40:00,3,train
1748620,120624,2024-10-26 22:40:00,3,train
1751716,120625,2024-10-27 14:30:00,3,train
1751716,120626,2024-10-27 14:30:00,3,train
1751715,120627,2024-10-27 17:10:00,3,train
1730189,120628,2024-10-30 09:00:00,3,validation
1730189,120629,2024-10-30 09:00:00,3,validation
1730188,120630,2024-10-30 11:20:00,3,validation
1730188,120631,2024-10-30 11:20:00,3,validation
1730187,120632,2024-10-30 14:20:00,3,validation
1730187,120633,2024-10-30 14:20:00,3,validation
1730187,120634,2024-10-30 14:20:00,3,validation
1730186,120635,2024-10-30 17:00:00,3,validation
1730186,120636,2024-10-30 17:00:00,3,validation
1766230,120637,2024-10-31 09:00:00,3,validation
1766230,120638,2024-10-31 09:00:00,3,validation
1766230,120639,2024-10-31 09:00:00,3,validation
1766229,120640,2024-10-31 12:10:00,3,validation
1766229,120641,2024-10-31 12:10:00,3,validation
1767165,120642,2024-10-31 14:00:00,3,validation
1767165,120643,2024-10-31 14:00:00,3,validation
1767165,120644,2024-10-31 14:00:00,3,validation
1767166,120645,2024-10-31 17:35:00,3,validation
1767166,120646,2024-10-31 17:35:00,3,validation
1770853,120647,2024-11-01 11:30:00,3,validation
1770853,120648,2024-11-01 11:30:00,3,validation
1771290,120649,2024-11-01 14:10:00,3,validation
1771290,120650,2024-11-01 14:10:00,3,validation
1773453,120651,2024-11-02 11:35:00,3,validation
1773453,120652,2024-11-02 11:35:00,3,validation
1773453,120653,2024-11-02 11:35:00,3,validation
1773943,120654,2024-11-02 15:55:00,3,validation
1773943,120655,2024-11-02 15:55:00,3,validation
1773943,120656,2024-11-02 15:55:00,3,validation
1752170,120659,2024-11-02 22:55:00,3,validation
1752170,120660,2024-11-02 22:55:00,3,validation
1778057,120661,2024-11-03 12:00:00,3,validation
1778057,120662,2024-11-03 12:00:00,3,validation
1778057,120663,2024-11-03 12:00:00,3,validation
1779216,120664,2024-11-03 16:00:00,3,validation
1779216,120665,2024-11-03 16:00:00,3,validation
1779216,120666,2024-11-03 16:00:00,3,validation
1779217,120667,2024-11-03 19:30:00,3,validation
1779217,120668,2024-11-03 19:30:00,3,validation
1779217,120669,2024-11-03 19:30:00,3,validation
1779217,120670,2024-11-03 19:30:00,3,validation
1777707,120671,2024-11-04 15:30:00,3,validation
1777707,120672,2024-11-04 15:30:00,3,validation
1783584,120673,2024-11-05 12:00:00,3,validation
1783584,120674,2024-11-05 12:00:00,3,validation
1783583,120675,2024-11-05 14:30:00,3,validation
1783583,120676,2024-11-05 14:30:00,3,validation
1791622,120677,2024-11-06 12:00:00,3,validation
1791622,120678,2024-11-06 12:00:00,3,validation
1791622,120679,2024-11-06 12:00:00,3,validation
1790467,120680,2024-11-06 15:00:00,3,validation
1790467,120681,2024-11-06 15:00:00,3,validation
1790467,120682,2024-11-06 15:00:00,3,validation
1791620,120683,2024-11-07 14:30:00,3,validation
1791620,120684,2024-11-07 14:30:00,3,validation
1800525,120685,2024-11-08 12:00:00,3,validation
1800525,120686,2024-11-08 12:00:00,3,validation
1800525,120687,2024-11-08 12:00:00,3,validation
1800504,120688,2024-11-08 15:15:00,3,validation
1801193,120689,2024-11-08 18:00:00,3,validation
1801193,120690,2024-11-08 18:00:00,3,validation
1804409,120691,2024-11-09 12:00:00,3,validation
1804409,120692,2024-11-09 12:00:00,3,validation
1804409,120693,2024-11-09 12:00:00,3,validation
1804848,120694,2024-11-10 15:30:00,3,validation
1804848,120695,2024-11-10 15:30:00,3,validation
1804847,120696,2024-11-10 18:00:00,3,validation
1804847,120697,2024-11-10 18:00:00,3,validation
1782410,120698,2024-11-10 19:00:00,3,validation
1782410,120699,2024-11-10 19:00:00,3,validation
1804846,120700,2024-11-10 21:00:00,3,validation
1725717,120701,2024-11-11 11:00:00,3,validation
1725716,120704,2024-11-11 12:00:00,3,validation
1725715,120702,2024-11-11 14:30:00,3,validation
1811306,120703,2024-11-11 15:30:00,3,validation
1725714,120705,2024-11-11 15:40:00,3,validation
1813430,120710,2024-11-12 05:00:00,3,validation
1813430,120711,2024-11-12 05:00:00,3,validation
1813430,120712,2024-11-12 05:00:00,3,validation
1725724,120707,2024-11-12 07:00:00,3,validation
1725725,120706,2024-11-12 07:00:00,3,validation
1725722,120708,2024-11-12 08:00:00,3,validation
1725723,120709,2024-11-12 08:00:00,3,validation
1813889,120713,2024-11-12 08:00:00,3,validation
1813889,120714,2024-11-12 08:00:00,3,validation
1725720,120715,2024-11-12 09:30:00,3,validation
1725721,120716,2024-11-12 09:30:00,3,validation
1725718,120717,2024-11-12 10:45:00,3,validation
1725719,120719,2024-11-12 10:45:00,3,validation
1813431,120718,2024-11-12 11:00:00,3,validation
1813431,120720,2024-11-12 11:00:00,3,validation
1813431,120721,2024-11-12 11:00:00,3,validation
1816343,120723,2024-11-12 12:30:00,3,validation
1816342,120722,2024-11-12 12:45:00,3,validation
1816340,120724,2024-11-12 13:50:00,3,validation
1813890,120725,2024-11-12 14:00:00,3,validation
1813890,120729,2024-11-12 14:00:00,3,validation
1816338,120726,2024-11-12 14:30:00,3,validation
1816339,120728,2024-11-12 14:30:00,3,validation
1814695,120730,2024-11-12 15:00:00,3,validation
1816336,120731,2024-11-12 15:50:00,3,validation
1816337,120732,2024-11-12 16:00:00,3,validation
1816595,120737,2024-11-13 07:00:00,3,validation
1816595,120738,2024-11-13 07:00:00,3,validation
1816595,120742,2024-11-13 07:00:00,3,validation
1817570,120734,2024-11-13 07:00:00,3,validation
1817571,120733,2024-11-13 07:00:00,3,validation
1817568,120735,2024-11-13 08:00:00,3,validation
1817569,120736,2024-11-13 08:00:00,3,validation
1817566,120739,2024-11-13 09:00:00,3,validation
1817566,120740,2024-11-13 09:00:00,3,validation
1817566,120744,2024-11-13 09:00:00,3,validation
1817567,120741,2024-11-13 09:00:00,3,validation
1817567,120743,2024-11-13 09:00:00,3,validation
1817086,120745,2024-11-13 10:45:00,3,validation
1817086,120746,2024-11-13 10:45:00,3,validation
1817564,120748,2024-11-13 12:00:00,3,validation
1817564,120749,2024-11-13 12:00:00,3,validation
1817564,120751,2024-11-13 12:00:00,3,validation
1817565,120747,2024-11-13 12:00:00,3,validation
1817565,120750,2024-11-13 12:00:00,3,validation
1819677,120752,2024-11-13 14:00:00,3,validation
1819677,120753,2024-11-13 14:00:00,3,validation
1820220,120756,2024-11-14 07:00:00,3,validation
1820220,120757,2024-11-14 07:00:00,3,validation
1820220,120758,2024-11-14 07:00:00,3,validation
1820221,120754,2024-11-14 07:00:00,3,validation
1820221,120755,2024-11-14 07:00:00,3,validation
1820218,120759,2024-11-14 10:00:00,3,validation
1820218,120761,2024-11-14 10:00:00,3,validation
1820219,120760,2024-11-14 10:00:00,3,validation
1820219,120762,2024-11-14 10:00:00,3,validation
1820216,120763,2024-11-14 13:00:00,3,validation
1820216,120766,2024-11-14 13:00:00,3,validation
1820217,120764,2024-11-14 13:00:00,3,validation
1820217,120765,2024-11-14 13:00:00,3,validation
1820217,120767,2024-11-14 13:00:00,3,validation
1822889,120768,2024-11-15 05:00:00,3,validation
1822889,120769,2024-11-15 05:00:00,3,validation
1822889,120770,2024-11-15 05:00:00,3,validation
1822888,120771,2024-11-15 08:00:00,3,validation
1822888,120772,2024-11-15 08:00:00,3,validation
1822887,120773,2024-11-15 11:50:00,3,validation
1822887,120774,2024-11-15 11:50:00,3,validation
1725740,120776,2024-11-17 07:00:00,3,validation
1725741,120775,2024-11-17 07:00:00,3,validation
1725739,120777,2024-11-17 08:10:00,3,validation
1725738,120778,2024-11-17 08:25:00,3,validation
1725737,120779,2024-11-17 09:10:00,3,validation
1725736,120780,2024-11-17 09:25:00,3,validation
1725735,120781,2024-11-17 10:15:00,3,validation
1725734,120782,2024-11-17 10:45:00,3,validation
1827323,120784,2024-11-17 12:30:00,3,validation
1827324,120783,2024-11-17 12:30:00,3,validation
1827322,120785,2024-11-17 13:30:00,3,validation
1827321,120786,2024-11-17 13:40:00,3,validation
1827319,120788,2024-11-17 14:30:00,3,validation
1827320,120787,2024-11-17 14:30:00,3,validation
1827317,120789,2024-11-17 15:30:00,3,validation
1827318,120790,2024-11-17 15:30:00,3,validation
1827609,120791,2024-11-18 07:00:00,3,validation
1827610,120792,2024-11-18 07:00:00,3,validation
1827607,120793,2024-11-18 08:00:00,3,validation
1827608,120806,2024-11-18 08:00:00,3,validation
1827605,120803,2024-11-18 09:00:00,3,validation
1827605,120804,2024-11-18 09:00:00,3,validation
1827605,120805,2024-11-18 09:00:00,3,validation
1827606,120795,2024-11-18 09:00:00,3,validation
1827606,120796,2024-11-18 09:00:00,3,validation
1827606,120798,2024-11-18 09:00:00,3,validation
1827604,120797,2024-11-18 12:10:00,3,validation
1827604,120799,2024-11-18 12:10:00,3,validation
1827603,120800,2024-11-18 13:45:00,3,validation
1827603,120801,2024-11-18 13:45:00,3,validation
1827603,120802,2024-11-18 13:45:00,3,validation
1829683,120808,2024-11-19 05:00:00,3,validation
1829683,120810,2024-11-19 05:00:00,3,validation
1829683,120843,2024-11-19 05:00:00,3,validation
1829684,120807,2024-11-19 05:00:00,3,validation
1829684,120809,2024-11-19 05:00:00,3,validation
1829682,120846,2024-11-19 08:00:00,3,validation
1829682,120847,2024-11-19 08:00:00,3,validation
1829681,120844,2024-11-19 08:15:00,3,validation
1829681,120845,2024-11-19 08:15:00,3,validation
1829679,120849,2024-11-19 11:00:00,3,validation
1829679,120851,2024-11-19 11:00:00,3,validation
1829679,120852,2024-11-19 11:00:00,3,validation
1829680,120848,2024-11-19 11:00:00,3,validation
1829680,120850,2024-11-19 11:00:00,3,validation
1831609,120853,2024-11-19 15:00:00,3,validation
1831609,120854,2024-11-19 15:00:00,3,validation
1831609,120855,2024-11-19 15:00:00,3,validation
1831763,120856,2024-11-20 05:00:00,3,validation
1831763,120857,2024-11-20 05:00:00,3,validation
1831762,120858,2024-11-20 08:00:00,3,validation
1831762,120859,2024-11-20 08:00:00,3,validation
1831762,120860,2024-11-20 08:00:00,3,validation
1831761,120861,2024-11-20 11:45:00,3,validation
1831761,120862,2024-11-20 11:45:00,3,validation
1831761,120863,2024-11-20 11:45:00,3,validation
1725732,120864,2024-11-21 07:00:00,3,validation
1725733,120865,2024-11-21 07:30:00,3,validation
1725730,120866,2024-11-21 08:00:00,3,validation
1725731,120867,2024-11-21 08:25:00,3,validation
1725728,120869,2024-11-21 09:25:00,3,validation
1725729,120868,2024-11-21 09:25:00,3,validation
1725727,120870,2024-11-21 10:30:00,3,validation
1725726,120871,2024-11-21 10:35:00,3,validation
1835771,120873,2024-11-21 12:45:00,3,validation
1835772,120872,2024-11-21 12:45:00,3,validation
1835770,120875,2024-11-21 14:00:00,3,validation
1835769,120874,2024-11-21 14:10:00,3,validation
1835768,120877,2024-11-21 15:10:00,3,validation
1835861,120876,2024-11-21 15:10:00,3,validation
1835859,120878,2024-11-21 16:25:00,3,validation
1835860,120879,2024-11-21 16:50:00,3,validation
1836359,120881,2024-11-22 07:00:00,3,validation
1836360,120880,2024-11-22 07:00:00,3,validation
1836357,120883,2024-11-22 08:00:00,3,validation
1836358,120882,2024-11-22 08:00:00,3,validation
1836355,120884,2024-11-22 09:00:00,3,validation
1836355,120887,2024-11-22 09:00:00,3,validation
1836355,120889,2024-11-22 09:00:00,3,validation
1836356,120885,2024-11-22 09:00:00,3,validation
1836356,120886,2024-11-22 09:00:00,3,validation
1836356,120888,2024-11-22 09:00:00,3,validation
1836353,120890,2024-11-22 12:00:00,3,validation
1836353,120892,2024-11-22 12:00:00,3,validation
1836353,120894,2024-11-22 12:00:00,3,validation
1836354,120891,2024-11-22 12:20:00,3,validation
1836354,120893,2024-11-22 12:20:00,3,validation
1836354,120895,2024-11-22 12:20:00,3,validation
1837752,120896,2024-11-23 07:00:00,3,validation
1837752,120899,2024-11-23 07:00:00,3,validation
1837752,120900,2024-11-23 07:00:00,3,validation
1837753,120897,2024-11-23 07:00:00,3,validation
1837753,120898,2024-11-23 07:00:00,3,validation
1837750,120901,2024-11-23 10:00:00,3,validation
1837750,120904,2024-11-23 10:00:00,3,validation
1837751,120902,2024-11-23 10:00:00,3,validation
1837751,120903,2024-11-23 10:00:00,3,validation
1837751,120905,2024-11-23 10:00:00,3,validation
1837551,120906,2024-11-23 12:30:00,3,validation
1837551,120911,2024-11-23 12:30:00,3,validation
1837551,120912,2024-11-23 12:30:00,3,validation
1837748,120908,2024-11-23 13:00:00,3,validation
1837748,120909,2024-11-23 13:00:00,3,validation
1837748,120914,2024-11-23 13:00:00,3,validation
1837749,120907,2024-11-23 13:00:00,3,validation
1837749,120910,2024-11-23 13:00:00,3,validation
1837749,120913,2024-11-23 13:00:00,3,validation
1838851,120916,2024-11-23 19:00:00,3,validation
1808260,120915,2024-11-23 19:30:00,3,validation
1808260,120917,2024-11-23 19:30:00,3,validation
1808260,120918,2024-11-23 19:30:00,3,validation
1838916,120919,2024-11-24 05:00:00,3,validation
1838916,120920,2024-11-24 05:00:00,3,validation
1838916,120921,2024-11-24 05:00:00,3,validation
1838915,120922,2024-11-24 08:10:00,3,validation
1838915,120923,2024-11-24 08:10:00,3,validation
1838914,120924,2024-11-24 11:00:00,3,validation
1839767,120928,2024-11-24 15:00:00,3,validation
1839767,120930,2024-11-24 15:00:00,3,validation
1839156,120929,2024-11-24 15:15:00,3,validation
1839163,120931,2024-11-24 17:00:00,3,validation
1839163,120932,2024-11-24 17:00:00,3,validation
1839911,120933,2024-11-24 18:30:00,3,validation
1840710,120967,2024-11-30 06:00:00,3,validation
1840711,120966,2024-11-30 06:00:00,3,validation
1840708,120968,2024-11-30 07:25:00,3,validation
1840709,120969,2024-11-30 07:25:00,3,validation
1840707,120970,2024-11-30 08:25:00,3,validation
1840706,120971,2024-11-30 08:55:00,3,validation
1840705,120972,2024-11-30 09:30:00,3,validation
1840704,120973,2024-11-30 10:00:00,3,validation
1845159,120974,2024-11-30 11:50:00,3,validation
1845163,120975,2024-11-30 11:55:00,3,validation
1845161,120976,2024-11-30 12:50:00,3,validation
1845162,120977,2024-11-30 12:50:00,3,validation
1845158,120978,2024-11-30 13:50:00,3,validation
1845160,120979,2024-11-30 13:55:00,3,validation
1845156,120981,2024-11-30 14:50:00,3,validation
1845157,120980,2024-11-30 14:50:00,3,validation
1845385,120983,2024-12-01 06:00:00,3,validation
1845386,120982,2024-12-01 06:00:00,3,validation
1845383,120984,2024-12-01 07:00:00,3,validation
1845384,120985,2024-12-01 07:00:00,3,validation
1845382,120986,2024-12-01 08:10:00,3,validation
1845382,120988,2024-12-01 08:10:00,3,validation
1845382,120990,2024-12-01 08:10:00,3,validation
1845381,120987,2024-12-01 08:20:00,3,validation
1845381,120989,2024-12-01 08:20:00,3,validation
1845381,120991,2024-12-01 08:20:00,3,validation
1845379,120992,2024-12-01 11:00:00,3,validation
1845379,120994,2024-12-01 11:00:00,3,validation
1845380,120993,2024-12-01 11:40:00,3,validation
1845380,120995,2024-12-01 11:40:00,3,validation
1846249,120996,2024-12-02 06:00:00,3,validation
1846249,120998,2024-12-02 06:00:00,3,validation
1846249,121000,2024-12-02 06:00:00,3,validation
1846250,120997,2024-12-02 06:00:00,3,validation
1846250,120999,2024-12-02 06:00:00,3,validation
1846250,121001,2024-12-02 06:00:00,3,validation
1846248,121002,2024-12-02 09:10:00,3,validation
1846248,121005,2024-12-02 09:10:00,3,validation
1846247,121003,2024-12-02 09:15:00,3,validation
1846247,121004,2024-12-02 09:15:00,3,validation
1846245,121006,2024-12-02 12:00:00,3,validation
1846245,121008,2024-12-02 12:00:00,3,validation
1846245,121010,2024-12-02 12:00:00,3,validation
1846246,121007,2024-12-02 12:15:00,3,validation
1846246,121009,2024-12-02 12:15:00,3,validation
1846246,121011,2024-12-02 12:15:00,3,validation
1847264,121012,2024-12-03 06:00:00,3,validation
1847264,121013,2024-12-03 06:00:00,3,validation
1847264,121014,2024-12-03 06:00:00,3,validation
1847263,121015,2024-12-03 09:05:00,3,validation
1847263,121016,2024-12-03 09:05:00,3,validation
1844941,121018,2024-12-03 12:00:00,3,validation
1844941,121020,2024-12-03 12:00:00,3,validation
1844941,121022,2024-12-03 12:00:00,3,validation
1847262,121017,2024-12-03 12:00:00,3,validation
1847262,121019,2024-12-03 12:00:00,3,validation
1847262,121021,2024-12-03 12:00:00,3,validation
1844940,121023,2024-12-03 15:00:00,3,validation
1844940,121024,2024-12-03 15:00:00,3,validation
1844937,121025,2024-12-04 12:00:00,3,validation
1844937,121026,2024-12-04 12:00:00,3,validation
1845120,121027,2024-12-04 18:00:00,3,validation
1845120,121028,2024-12-04 18:00:00,3,validation
1844935,121029,2024-12-04 22:15:00,3,validation
1844935,121030,2024-12-04 22:15:00,3,validation
1847906,121031,2024-12-05 06:00:00,3,validation
1847907,121032,2024-12-05 06:00:00,3,validation
1847904,121033,2024-12-05 07:00:00,3,validation
1847905,121034,2024-12-05 07:00:00,3,validation
1847903,121035,2024-12-05 08:10:00,3,validation
1847969,121036,2024-12-05 08:10:00,3,validation
1847902,121038,2024-12-05 09:00:00,3,validation
1847901,121037,2024-12-05 09:10:00,3,validation
1849032,121039,2024-12-05 12:30:00,3,validation
1849033,121053,2024-12-05 12:30:00,3,validation
1849031,121041,2024-12-05 13:30:00,3,validation
1849030,121040,2024-12-05 13:55:00,3,validation
1849028,121042,2024-12-05 14:45:00,3,validation
1849029,121043,2024-12-05 14:45:00,3,validation
1848969,121044,2024-12-05 18:00:00,3,validation
1848969,121045,2024-12-05 18:00:00,3,validation
1848969,121046,2024-12-05 18:00:00,3,validation
1848968,121047,2024-12-05 21:15:00,3,validation
1848968,121048,2024-12-05 21:15:00,3,validation
1849254,121050,2024-12-06 06:00:00,3,validation
1849255,121049,2024-12-06 06:00:00,3,validation
1849252,121052,2024-12-06 07:00:00,3,validation
1849253,121051,2024-12-06 07:00:00,3,validation
1849251,121054,2024-12-06 08:10:00,3,validation
1849251,121057,2024-12-06 08:10:00,3,validation
1849251,121058,2024-12-06 08:10:00,3,validation
1849250,121055,2024-12-06 08:20:00,3,validation
1849250,121056,2024-12-06 08:20:00,3,validation
1849248,121060,2024-12-06 11:00:00,3,validation
1849248,121061,2024-12-06 11:00:00,3,validation
1849248,121064,2024-12-06 11:00:00,3,validation
1849249,121059,2024-12-06 11:10:00,3,validation
1849249,121063,2024-12-06 11:10:00,3,validation
1848967,121062,2024-12-06 12:00:00,3,validation
1848967,121065,2024-12-06 12:00:00,3,validation
1848965,121066,2024-12-06 18:15:00,3,validation
1848965,121067,2024-12-06 18:15:00,3,validation
1848965,121068,2024-12-06 18:15:00,3,validation
1850051,121070,2024-12-07 06:00:00,3,validation
1850051,121072,2024-12-07 06:00:00,3,validation
1850052,121069,2024-12-07 06:00:00,3,validation
1850052,121071,2024-12-07 06:00:00,3,validation
1850049,121074,2024-12-07 09:00:00,3,validation
1850049,121076,2024-12-07 09:00:00,3,validation
1850050,121073,2024-12-07 09:00:00,3,validation
1850050,121075,2024-12-07 09:00:00,3,validation
1850050,121077,2024-12-07 09:00:00,3,validation
1850047,121078,2024-12-07 12:00:00,3,validation
1850047,121080,2024-12-07 12:00:00,3,validation
1850047,121082,2024-12-07 12:00:00,3,validation
1850048,121079,2024-12-07 12:00:00,3,validation
1850048,121081,2024-12-07 12:00:00,3,validation
1850048,121083,2024-12-07 12:00:00,3,validation
1850363,121084,2024-12-07 21:00:00,3,validation
1850363,121085,2024-12-07 21:00:00,3,validation
1850938,121086,2024-12-08 06:00:00,3,validation
1850938,121087,2024-12-08 06:00:00,3,validation
1850937,121088,2024-12-08 09:00:00,3,validation
1850937,121089,2024-12-08 09:00:00,3,validation
1850937,121090,2024-12-08 09:00:00,3,validation
1850362,121092,2024-12-08 12:00:00,3,validation
1850362,121094,2024-12-08 12:00:00,3,validation
1850936,121091,2024-12-08 12:10:00,3,validation
1850936,121093,2024-12-08 12:10:00,3,validation
1850936,121095,2024-12-08 12:10:00,3,validation
1850361,121096,2024-12-08 15:00:00,3,validation
1850361,121097,2024-12-08 15:00:00,3,validation
1850361,121098,2024-12-08 15:00:00,3,validation
1850359,121099,2024-12-08 21:00:00,3,validation
1850359,121100,2024-12-08 21:00:00,3,validation
1852632,121101,2024-12-09 16:30:00,3,validation
1852632,121102,2024-12-09 16:30:00,3,validation
1852631,121103,2024-12-09 20:00:00,3,validation
1852630,121104,2024-12-10 13:30:00,3,validation
1852630,121105,2024-12-10 13:30:00,3,validation
1852630,121106,2024-12-10 13:30:00,3,validation
1852629,121107,2024-12-10 16:30:00,3,validation
1852629,121108,2024-12-10 16:30:00,3,validation
1852629,121109,2024-12-10 16:30:00,3,validation
1854845,121110,2024-12-11 13:30:00,3,validation
1854845,121111,2024-12-11 13:30:00,3,validation
1854845,121112,2024-12-11 13:30:00,3,validation
1852218,121113,2024-12-12 09:00:00,3,validation
1852218,121114,2024-12-12 09:00:00,3,validation
1852217,121115,2024-12-12 12:30:00,3,validation
1852217,121116,2024-12-12 12:30:00,3,validation
1852216,121117,2024-12-13 09:00:00,3,validation
1852216,121119,2024-12-13 09:00:00,3,validation
1852216,121120,2024-12-13 09:00:00,3,validation
1856181,121123,2024-12-13 12:00:00,3,validation
1856181,121124,2024-12-13 12:00:00,3,validation
1852215,121121,2024-12-13 13:00:00,3,validation
1852215,121122,2024-12-13 13:00:00,3,validation
1852215,121125,2024-12-13 13:00:00,3,validation
1856180,121126,2024-12-13 15:00:00,3,validation
1856179,121127,2024-12-13 18:00:00,3,validation
1856179,121128,2024-12-13 18:00:00,3,validation
1856177,121129,2024-12-13 21:00:00,3,validation
1856177,121130,2024-12-13 21:00:00,3,validation
1856949,121132,2024-12-14 09:00:00,3,validation
1856949,121133,2024-12-14 09:00:00,3,validation
1856949,121134,2024-12-14 09:00:00,3,validation
1857300,121135,2024-12-14 12:00:00,3,validation
1857300,121136,2024-12-14 12:00:00,3,validation
1858074,121137,2024-12-14 13:35:00,3,validation
1858074,121138,2024-12-14 13:35:00,3,validation
1858132,121139,2024-12-14 15:00:00,3,validation
1858132,121140,2024-12-14 15:00:00,3,validation
1858424,121141,2024-12-14 18:00:00,3,validation
1858424,121142,2024-12-14 18:00:00,3,validation
1857094,121143,2024-12-14 21:00:00,3,validation
1857094,121144,2024-12-14 21:00:00,3,validation
1859211,121145,2024-12-15 12:20:00,3,validation
1859211,121147,2024-12-15 12:20:00,3,validation
1859211,121149,2024-12-15 12:20:00,3,validation
1859399,121146,2024-12-15 13:30:00,3,validation
1859399,121148,2024-12-15 13:30:00,3,validation
1859399,121150,2024-12-15 13:30:00,3,validation
1859559,121151,2024-12-15 16:30:00,3,validation
1859559,121152,2024-12-15 16:30:00,3,validation
1860169,121153,2024-12-15 19:30:00,3,validation
1860169,121154,2024-12-15 19:30:00,3,validation
1873416,121155,2025-01-14 12:00:00,3,validation
1873416,121156,2025-01-14 12:00:00,3,validation
1873416,121158,2025-01-14 12:00:00,3,validation
1873483,121157,2025-01-14 14:00:00,3,validation
1873483,121159,2025-01-14 14:00:00,3,validation
1873444,121160,2025-01-14 16:30:00,3,validation
1873444,121161,2025-01-14 16:30:00,3,validation
1873444,121162,2025-01-14 16:30:00,3,validation
1873562,121163,2025-01-14 19:40:00,3,validation
1873562,121164,2025-01-14 19:40:00,3,validation
1873599,121165,2025-01-14 22:00:00,3,validation
1873599,121166,2025-01-14 22:00:00,3,validation
1873414,121168,2025-01-15 12:00:00,3,validation
1873414,121169,2025-01-15 12:00:00,3,validation
1873484,121167,2025-01-15 14:00:00,3,validation
1873445,121170,2025-01-15 16:30:00,3,validation
1873524,121171,2025-01-15 18:45:00,3,validation
1873524,121172,2025-01-15 18:45:00,3,validation
1873600,121173,2025-01-15 21:30:00,3,validation
1873600,121174,2025-01-15 21:30:00,3,validation
1873442,121175,2025-01-16 14:00:00,3,validation
1873442,121176,2025-01-16 14:00:00,3,validation
1873561,121177,2025-01-16 16:30:00,3,validation
1873561,121178,2025-01-16 16:30:00,3,validation
1873411,121179,2025-01-16 18:00:00,3,validation
1873411,121181,2025-01-16 18:00:00,3,validation
1873563,121180,2025-01-16 18:45:00,3,validation
1873563,121182,2025-01-16 18:45:00,3,validation
1873563,121183,2025-01-16 18:45:00,3,validation
1873525,121184,2025-01-16 21:40:00,3,validation
1873443,121185,2025-01-17 14:00:00,3,validation
1873443,121186,2025-01-17 14:00:00,3,validation
1873485,121187,2025-01-17 17:30:00,3,validation
1873485,121188,2025-01-17 17:30:00,3,validation
1873485,121189,2025-01-17 17:30:00,3,validation
1873598,121190,2025-01-17 20:45:00,3,validation
1873598,121191,2025-01-17 20:45:00,3,validation
1873598,121192,2025-01-17 20:45:00,3,validation
1873526,121201,2025-01-18 01:00:00,3,validation
1873526,121202,2025-01-18 01:00:00,3,validation
1873526,121204,2025-01-18 01:00:00,3,validation
1882774,121194,2025-01-18 14:00:00,3,validation
1882774,121195,2025-01-18 14:00:00,3,validation
1882774,121196,2025-01-18 14:00:00,3,validation
1882773,121197,2025-01-18 17:30:00,3,validation
1882770,121198,2025-01-18 20:20:00,3,validation
1882770,121199,2025-01-18 20:20:00,3,validation
1882771,121200,2025-01-18 21:55:00,3,validation
1882771,121205,2025-01-18 21:55:00,3,validation
1882776,121206,2025-01-19 14:00:00,3,validation
1882776,121207,2025-01-19 14:00:00,3,validation
1882777,121208,2025-01-19 16:50:00,3,validation
1882777,121209,2025-01-19 16:50:00,3,validation
1882777,121210,2025-01-19 16:50:00,3,validation
1882772,121211,2025-01-19 20:30:00,3,validation
1882772,121212,2025-01-19 20:30:00,3,validation
1882775,121213,2025-01-19 22:35:00,3,validation
1882775,121214,2025-01-19 22:35:00,3,validation
1882775,121215,2025-01-19 22:35:00,3,validation
1887667,121216,2025-01-20 12:00:00,3,validation
1887667,121217,2025-01-20 12:00:00,3,validation
1871883,121218,2025-01-20 13:30:00,3,validation
1887666,121219,2025-01-20 15:00:00,3,validation
1887666,121221,2025-01-20 15:00:00,3,validation
1895393,121220,2025-01-20 16:00:00,3,validation
1895392,121222,2025-01-20 17:30:00,3,validation
1887665,121223,2025-01-20 18:00:00,3,validation
1887664,121224,2025-01-20 21:00:00,3,validation
1887664,121225,2025-01-20 21:00:00,3,validation
1897931,121226,2025-01-21 11:00:00,3,validation
1897931,121227,2025-01-21 11:00:00,3,validation
1897931,121231,2025-01-21 11:00:00,3,validation
1883896,121229,2025-01-21 12:00:00,3,validation
1883896,121230,2025-01-21 12:00:00,3,validation
1883896,121232,2025-01-21 12:00:00,3,validation
1887663,121228,2025-01-21 12:00:00,3,validation
1887662,121233,2025-01-21 15:00:00,3,validation
1887662,121234,2025-01-21 15:00:00,3,validation
1883895,121235,2025-01-21 16:00:00,3,validation
1884988,121237,2025-01-21 22:00:00,3,validation
1884988,121238,2025-01-21 22:00:00,3,validation
1884988,121240,2025-01-21 22:00:00,3,validation
1884989,121236,2025-01-21 22:00:00,3,validation
1884989,121239,2025-01-21 22:00:00,3,validation
1885002,121244,2025-01-21 22:00:00,3,validation
1885002,121245,2025-01-21 22:00:00,3,validation
1909885,121241,2025-01-22 12:00:00,3,validation
1909885,121242,2025-01-22 12:00:00,3,validation
1909884,121243,2025-01-22 15:00:00,3,validation
1909884,121246,2025-01-22 15:00:00,3,validation
1909884,121247,2025-01-22 15:00:00,3,validation
1909883,121248,2025-01-22 18:30:00,3,validation
1909883,121250,2025-01-22 18:30:00,3,validation
1884972,121249,2025-01-22 19:00:00,3,validation
1884972,121251,2025-01-22 19:00:00,3,validation
1909882,121252,2025-01-22 21:00:00,3,validation
1909882,121254,2025-01-22 21:00:00,3,validation
1884957,121255,2025-01-22 22:00:00,3,validation
1884957,121260,2025-01-22 22:00:00,3,validation
1884958,121259,2025-01-22 22:00:00,3,validation
1884958,121262,2025-01-22 22:00:00,3,validation
1884959,121257,2025-01-22 22:00:00,3,validation
1884959,121263,2025-01-22 22:00:00,3,validation
1884973,121256,2025-01-22 22:00:00,3,validation
1884973,121261,2025-01-22 22:00:00,3,validation
1884973,121265,2025-01-22 22:00:00,3,validation
1884974,121269,2025-01-22 22:00:00,3,validation
1884974,121270,2025-01-22 22:00:00,3,validation
1884974,121271,2025-01-22 22:00:00,3,validation
1909881,121272,2025-01-23 12:00:00,3,validation
1909881,121273,2025-01-23 12:00:00,3,validation
1909881,121274,2025-01-23 12:00:00,3,validation
1909880,121275,2025-01-23 15:30:00,3,validation
1909880,121276,2025-01-23 15:30:00,3,validation
1909879,121277,2025-01-23 18:00:00,3,validation
1909879,121279,2025-01-23 18:00:00,3,validation
1920857,121278,2025-01-23 18:00:00,3,validation
1920857,121280,2025-01-23 18:00:00,3,validation
1909878,121282,2025-01-23 21:00:00,3,validation
1909878,121286,2025-01-23 21:00:00,3,validation
1920856,121281,2025-01-23 21:00:00,3,validation
1920856,121283,2025-01-23 21:00:00,3,validation
1884984,121284,2025-01-23 22:00:00,3,validation
1884984,121290,2025-01-23 22:00:00,3,validation
1884986,121288,2025-01-23 22:00:00,3,validation
1884999,121285,2025-01-23 22:00:00,3,validation
1884999,121291,2025-01-23 22:00:00,3,validation
1885001,121287,2025-01-23 22:00:00,3,validation
1885001,121289,2025-01-23 22:00:00,3,validation
1929644,121292,2025-01-24 12:00:00,3,validation
1929644,121293,2025-01-24 12:00:00,3,validation
1929643,121294,2025-01-24 15:00:00,3,validation
1929643,121295,2025-01-24 15:00:00,3,validation
1885003,121297,2025-01-24 18:00:00,3,validation
1885003,121300,2025-01-24 18:00:00,3,validation
1920855,121298,2025-01-24 18:00:00,3,validation
1920855,121301,2025-01-24 18:00:00,3,validation
1929642,121296,2025-01-24 18:00:00,3,validation
1929642,121299,2025-01-24 18:00:00,3,validation
1929641,121302,2025-01-24 21:00:00,3,validation
1929641,121304,2025-01-24 21:00:00,3,validation
1929641,121314,2025-01-24 21:00:00,3,validation
1920854,121303,2025-01-24 21:15:00,3,validation
1920854,121318,2025-01-24 21:15:00,3,validation
1884954,121305,2025-01-24 22:00:00,3,validation
1884954,121311,2025-01-24 22:00:00,3,validation
1884954,121319,2025-01-24 22:00:00,3,validation
1884969,121308,2025-01-24 22:00:00,3,validation
1884969,121310,2025-01-24 22:00:00,3,validation
1884970,121309,2025-01-24 22:00:00,3,validation
1884970,121316,2025-01-24 22:00:00,3,validation
1884970,121320,2025-01-24 22:00:00,3,validation
1884971,121307,2025-01-24 22:00:00,3,validation
1884971,121313,2025-01-24 22:00:00,3,validation
1884971,121317,2025-01-24 22:00:00,3,validation
1885004,121306,2025-01-24 22:00:00,3,validation
1885004,121312,2025-01-24 22:00:00,3,validation
1885004,121315,2025-01-24 22:00:00,3,validation
1929640,121321,2025-01-25 12:00:00,3,validation
1929640,121322,2025-01-25 12:00:00,3,validation
1929639,121323,2025-01-25 15:00:00,3,validation
1929639,121324,2025-01-25 15:00:00,3,validation
1929639,121325,2025-01-25 15:00:00,3,validation
1938219,121326,2025-01-25 18:00:00,3,validation
1938219,121327,2025-01-25 18:00:00,3,validation
1938219,121328,2025-01-25 18:00:00,3,validation
1929637,121329,2025-01-25 21:00:00,3,validation
1929637,121331,2025-01-25 21:00:00,3,validation
1929637,121332,2025-01-25 21:00:00,3,validation
1938218,121330,2025-01-25 22:00:00,3,validation
1938218,121333,2025-01-25 22:00:00,3,validation
1945134,121335,2025-01-26 18:00:00,3,validation
1945134,121336,2025-01-26 18:00:00,3,validation
1945134,121337,2025-01-26 18:00:00,3,validation
1945134,121341,2025-01-26 18:00:00,3,validation
1947727,121334,2025-01-26 18:00:00,3,validation
1947727,121338,2025-01-26 18:00:00,3,validation
1947727,121339,2025-01-26 18:00:00,3,validation
1947726,121340,2025-01-26 21:00:00,3,validation
1947726,121342,2025-01-26 21:00:00,3,validation
1947726,121343,2025-01-26 21:00:00,3,validation
1947725,121344,2025-01-27 15:00:00,3,validation
1947725,121345,2025-01-27 15:00:00,3,validation
1947725,121346,2025-01-27 15:00:00,3,validation
1947724,121347,2025-01-27 18:45:00,3,validation
1947724,121348,2025-01-27 18:45:00,3,validation
1947724,121349,2025-01-27 18:45:00,3,validation
1960733,121350,2025-01-28 15:00:00,3,validation
1960733,121351,2025-01-28 15:00:00,3,validation
1960732,121352,2025-01-28 18:00:00,3,validation
1960731,121353,2025-01-28 21:00:00,3,validation
1884953,121355,2025-01-28 22:00:00,3,validation
1884953,121363,2025-01-28 22:00:00,3,validation
1884953,121364,2025-01-28 22:00:00,3,validation
1884966,121357,2025-01-28 22:00:00,3,validation
1884966,121359,2025-01-28 22:00:00,3,validation
1884966,121361,2025-01-28 22:00:00,3,validation
1884968,121354,2025-01-28 22:00:00,3,validation
1884968,121358,2025-01-28 22:00:00,3,validation
1884968,121360,2025-01-28 22:00:00,3,validation
1884987,121356,2025-01-28 22:00:00,3,validation
1884987,121362,2025-01-28 22:00:00,3,validation
1882252,121366,2025-01-29 12:30:00,3,validation
1882252,121368,2025-01-29 12:30:00,3,validation
1882254,121365,2025-01-29 12:30:00,3,validation
1882254,121367,2025-01-29 12:30:00,3,validation
1882251,121369,2025-01-29 15:00:00,3,validation
1882253,121370,2025-01-29 15:00:00,3,validation
1882253,121371,2025-01-29 15:00:00,3,validation
1882250,121372,2025-01-29 17:35:00,3,validation
1882250,121373,2025-01-29 17:35:00,3,validation
1882249,121374,2025-01-29 18:15:00,3,validation
1882249,121375,2025-01-29 18:15:00,3,validation
1882255,121377,2025-01-29 20:00:00,3,validation
1882256,121376,2025-01-29 20:55:00,3,validation
1882256,121378,2025-01-29 20:55:00,3,validation
1882256,121379,2025-01-29 20:55:00,3,validation
1968552,121382,2025-01-30 15:00:00,3,validation
1968552,121383,2025-01-30 15:00:00,3,validation
1968552,121386,2025-01-30 15:00:00,3,validation
1974305,121381,2025-01-30 15:30:00,3,validation
1974305,121385,2025-01-30 15:30:00,3,validation
1974307,121380,2025-01-30 15:30:00,3,validation
1974307,121384,2025-01-30 15:30:00,3,validation
1974306,121389,2025-01-30 18:00:00,3,validation
1974306,121391,2025-01-30 18:00:00,3,validation
1974308,121387,2025-01-30 18:00:00,3,validation
1974308,121390,2025-01-30 18:00:00,3,validation
1974308,121394,2025-01-30 18:00:00,3,validation
1968551,121388,2025-01-30 18:10:00,3,validation
1968551,121392,2025-01-30 18:10:00,3,validation
1975231,121393,2025-01-30 20:30:00,3,validation
1975231,121395,2025-01-30 20:30:00,3,validation
1976200,121396,2025-01-30 21:10:00,3,validation
1976200,121397,2025-01-30 21:10:00,3,validation
1968548,121398,2025-01-31 15:00:00,3,validation
1968548,121401,2025-01-31 15:00:00,3,validation
1975230,121400,2025-01-31 15:30:00,3,validation
1975230,121402,2025-01-31 15:30:00,3,validation
1975230,121405,2025-01-31 15:30:00,3,validation
1976201,121399,2025-01-31 15:30:00,3,validation
1976201,121403,2025-01-31 15:30:00,3,validation
1982394,121404,2025-01-31 18:00:00,3,validation
1982394,121406,2025-01-31 18:00:00,3,validation
1981582,121407,2025-01-31 18:45:00,3,validation
1981582,121408,2025-01-31 18:45:00,3,validation
1987643,121409,2025-01-31 20:30:00,3,validation
1987643,121412,2025-01-31 20:30:00,3,validation
1981583,121410,2025-01-31 20:45:00,3,validation
1981583,121413,2025-01-31 20:45:00,3,validation
1968553,121411,2025-01-31 21:00:00,3,validation
1968553,121414,2025-01-31 21:00:00,3,validation
1982347,121415,2025-02-01 12:00:00,3,validation
1982347,121416,2025-02-01 12:00:00,3,validation
1987322,121419,2025-02-01 15:00:00,3,validation
1988988,121418,2025-02-01 15:30:00,3,validation
1988988,121421,2025-02-01 15:30:00,3,validation
1988989,121417,2025-02-01 15:30:00,3,validation
1988989,121420,2025-02-01 15:30:00,3,validation
1981264,121424,2025-02-01 18:00:00,3,validation
1981264,121425,2025-02-01 18:00:00,3,validation
1988987,121422,2025-02-01 18:00:00,3,validation
1988987,121426,2025-02-01 18:00:00,3,validation
1988987,121428,2025-02-01 18:00:00,3,validation
1988990,121423,2025-02-01 18:00:00,3,validation
1988990,121427,2025-02-01 18:00:00,3,validation
1983731,121432,2025-02-01 19:50:00,3,validation
1988984,121429,2025-02-01 20:40:00,3,validation
1988692,121431,2025-02-01 21:00:00,3,validation
1988692,121433,2025-02-01 21:00:00,3,validation
1988985,121430,2025-02-01 21:00:00,3,validation
1983729,121434,2025-02-02 13:00:00,3,validation
1983729,121435,2025-02-02 13:00:00,3,validation
1993680,121436,2025-02-02 14:00:00,3,validation
1993680,121437,2025-02-02 14:00:00,3,validation
1988983,121438,2025-02-02 15:30:00,3,validation
1988983,121441,2025-02-02 15:30:00,3,validation
1988983,121443,2025-02-02 15:30:00,3,validation
1988986,121439,2025-02-02 15:30:00,3,validation
1988986,121450,2025-02-02 15:30:00,3,validation
1983728,121440,2025-02-02 16:00:00,3,validation
1983728,121442,2025-02-02 16:00:00,3,validation
1983728,121446,2025-02-02 16:00:00,3,validation
1995364,121445,2025-02-02 17:30:00,3,validation
1995364,121449,2025-02-02 17:30:00,3,validation
1995364,121455,2025-02-02 17:30:00,3,validation
1994813,121444,2025-02-02 18:00:00,3,validation
1994813,121448,2025-02-02 18:00:00,3,validation
1994813,121453,2025-02-02 18:00:00,3,validation
1994815,121447,2025-02-02 18:45:00,3,validation
1994815,121454,2025-02-02 18:45:00,3,validation
1994815,121458,2025-02-02 18:45:00,3,validation
1983727,121451,2025-02-02 19:00:00,3,validation
1983727,121452,2025-02-02 19:00:00,3,validation
1983727,121456,2025-02-02 19:00:00,3,validation
1994814,121457,2025-02-02 21:10:00,3,validation
1994814,121464,2025-02-02 21:10:00,3,validation
1994814,121465,2025-02-02 21:10:00,3,validation
2001943,121460,2025-02-02 21:15:00,3,validation
2001943,121462,2025-02-02 21:15:00,3,validation
1983726,121459,2025-02-02 22:00:00,3,validation
1994812,121461,2025-02-02 22:30:00,3,validation
1994812,121463,2025-02-02 22:30:00,3,validation
2000919,121468,2025-02-03 15:30:00,3,validation
2000919,121470,2025-02-03 15:30:00,3,validation
2000920,121466,2025-02-03 15:30:00,3,validation
2000920,121471,2025-02-03 15:30:00,3,validation
2002549,121469,2025-02-03 16:00:00,3,validation
2002549,121472,2025-02-03 16:00:00,3,validation
2002549,121475,2025-02-03 16:00:00,3,validation
2000377,121474,2025-02-03 18:00:00,3,validation
2000377,121476,2025-02-03 18:00:00,3,validation
2000377,121478,2025-02-03 18:00:00,3,validation
2000378,121473,2025-02-03 18:00:00,3,validation
2000378,121477,2025-02-03 18:00:00,3,validation
2000378,121479,2025-02-03 18:00:00,3,validation
2002556,121480,2025-02-03 21:40:00,3,validation
2002556,121482,2025-02-03 21:40:00,3,validation
2002556,121485,2025-02-03 21:40:00,3,validation
2002557,121481,2025-02-03 21:45:00,3,validation
2002557,121484,2025-02-03 21:45:00,3,validation
2002557,121486,2025-02-03 21:45:00,3,validation
2002547,121483,2025-02-03 22:20:00,3,validation
2009093,121488,2025-02-04 15:30:00,3,validation
2009093,121490,2025-02-04 15:30:00,3,validation
2009094,121487,2025-02-04 15:30:00,3,validation
2009094,121489,2025-02-04 15:30:00,3,validation
2002545,121491,2025-02-04 16:00:00,3,validation
2002555,121493,2025-02-04 18:00:00,3,validation
2002555,121494,2025-02-04 18:00:00,3,validation
2009960,121492,2025-02-04 18:00:00,3,validation
2009960,121495,2025-02-04 18:00:00,3,validation
2009095,121496,2025-02-04 20:30:00,3,validation
2009095,121498,2025-02-04 20:30:00,3,validation
2014571,121497,2025-02-04 20:45:00,3,validation
2014571,121499,2025-02-04 20:45:00,3,validation
2014571,121501,2025-02-04 20:45:00,3,validation
2002543,121500,2025-02-04 22:00:00,3,validation
2002543,121502,2025-02-04 22:00:00,3,validation
2016394,121503,2025-02-05 13:00:00,3,validation
2016394,121509,2025-02-05 13:00:00,3,validation
2016396,121506,2025-02-05 13:00:00,3,validation
2016396,121512,2025-02-05 13:00:00,3,validation
2016396,121517,2025-02-05 13:00:00,3,validation
2016397,121504,2025-02-05 13:00:00,3,validation
2016397,121511,2025-02-05 13:00:00,3,validation
2016397,121516,2025-02-05 13:00:00,3,validation
2016399,121507,2025-02-05 13:00:00,3,validation
2016399,121515,2025-02-05 13:00:00,3,validation
2016399,121518,2025-02-05 13:00:00,3,validation
2016400,121508,2025-02-05 13:00:00,3,validation
2016400,121513,2025-02-05 13:00:00,3,validation
2016401,121505,2025-02-05 13:00:00,3,validation
2016401,121514,2025-02-05 13:00:00,3,validation
2016469,121519,2025-02-05 19:30:00,3,validation
2016469,121520,2025-02-05 19:30:00,3,validation
2016468,121521,2025-02-05 22:00:00,3,validation
2016468,121522,2025-02-05 22:00:00,3,validation
2016468,121523,2025-02-05 22:00:00,3,validation
2016467,121528,2025-02-06 13:00:00,3,validation
2016467,121532,2025-02-06 13:00:00,3,validation
2016467,121535,2025-02-06 13:00:00,3,validation
2021835,121526,2025-02-06 13:00:00,3,validation
2021835,121534,2025-02-06 13:00:00,3,validation
2021835,121537,2025-02-06 13:00:00,3,validation
2021836,121525,2025-02-06 13:00:00,3,validation
2021836,121530,2025-02-06 13:00:00,3,validation
2022138,121524,2025-02-06 13:00:00,3,validation
2022138,121529,2025-02-06 13:00:00,3,validation
2022138,121533,2025-02-06 13:00:00,3,validation
2022139,121527,2025-02-06 13:00:00,3,validation
2022139,121531,2025-02-06 13:00:00,3,validation
2022139,121536,2025-02-06 13:00:00,3,validation
2016464,121538,2025-02-06 22:45:00,3,validation
2016464,121539,2025-02-06 22:45:00,3,validation
2028055,121540,2025-02-07 13:00:00,3,validation
2028055,121542,2025-02-07 13:00:00,3,validation
2028055,121544,2025-02-07 13:00:00,3,validation
2028056,121541,2025-02-07 14:00:00,3,validation
2028056,121543,2025-02-07 14:00:00,3,validation
2028056,121546,2025-02-07 14:00:00,3,validation
2027505,121545,2025-02-07 16:00:00,3,validation
2027505,121547,2025-02-07 16:00:00,3,validation
2027505,121549,2025-02-07 16:00:00,3,validation
2016186,121548,2025-02-07 17:45:00,3,validation
2016186,121550,2025-02-07 17:45:00,3,validation
2016476,121551,2025-02-07 21:20:00,3,validation
2016476,121552,2025-02-07 21:20:00,3,validation
2035615,121553,2025-02-08 17:45:00,3,validation
2035615,121554,2025-02-08 17:45:00,3,validation
2036148,121555,2025-02-08 21:00:00,3,validation
2036148,121556,2025-02-08 21:00:00,3,validation
2040793,121557,2025-02-09 13:00:00,3,validation
2040793,121558,2025-02-09 13:00:00,3,validation
2043074,121559,2025-02-09 14:30:00,3,validation
2043074,121560,2025-02-09 14:30:00,3,validation
2043074,121562,2025-02-09 14:30:00,3,validation
2041948,121561,2025-02-09 16:00:00,3,validation
2041948,121563,2025-02-09 16:00:00,3,validation
2043073,121564,2025-02-09 17:30:00,3,validation
2043073,121565,2025-02-09 17:30:00,3,validation
2043075,121567,2025-02-09 19:00:00,3,validation
2043075,121568,2025-02-09 19:00:00,3,validation
2043075,121570,2025-02-09 19:00:00,3,validation
2048055,121566,2025-02-09 19:30:00,3,validation
2048055,121571,2025-02-09 19:30:00,3,validation
2048055,121572,2025-02-09 19:30:00,3,validation
2043072,121569,2025-02-09 20:30:00,3,validation
2043072,121573,2025-02-09 20:30:00,3,validation
2019251,121574,2025-02-10 11:00:00,3,validation
2019251,121575,2025-02-10 11:00:00,3,validation
2019251,121578,2025-02-10 11:00:00,3,validation
2047718,121579,2025-02-10 13:00:00,3,validation
2047718,121582,2025-02-10 13:00:00,3,validation
2047720,121576,2025-02-10 13:00:00,3,validation
2047720,121581,2025-02-10 13:00:00,3,validation
2047720,121586,2025-02-10 13:00:00,3,validation
2047721,121577,2025-02-10 13:00:00,3,validation
2047721,121580,2025-02-10 13:00:00,3,validation
2047721,121584,2025-02-10 13:00:00,3,validation
2019250,121583,2025-02-10 14:25:00,3,validation
2019250,121585,2025-02-10 14:25:00,3,validation
2047714,121587,2025-02-10 16:00:00,3,validation
2047714,121595,2025-02-10 16:00:00,3,validation
2047714,121596,2025-02-10 16:00:00,3,validation
2047715,121589,2025-02-10 16:15:00,3,validation
2047715,121593,2025-02-10 16:15:00,3,validation
2047716,121588,2025-02-10 16:15:00,3,validation
2047716,121591,2025-02-10 16:15:00,3,validation
2047716,121598,2025-02-10 16:15:00,3,validation
2047717,121592,2025-02-10 16:30:00,3,validation
2047717,121597,2025-02-10 16:30:00,3,validation
2047717,121602,2025-02-10 16:30:00,3,validation
2019249,121590,2025-02-10 17:00:00,3,validation
2019249,121594,2025-02-10 17:00:00,3,validation
2030196,121600,2025-02-10 19:00:00,3,validation
2030196,121603,2025-02-10 19:00:00,3,validation
2054628,121601,2025-02-10 19:00:00,3,validation
2054630,121599,2025-02-10 19:00:00,3,validation
2019248,121605,2025-02-10 20:00:00,3,validation
2054627,121604,2025-02-10 20:15:00,3,validation
2054627,121606,2025-02-10 20:15:00,3,validation
2055568,121607,2025-02-10 22:00:00,3,validation
2055568,121610,2025-02-10 22:00:00,3,validation
2055884,121609,2025-02-10 22:00:00,3,validation
2055567,121608,2025-02-10 23:00:00,3,validation
2054663,121611,2025-02-11 11:00:00,3,validation
2054663,121615,2025-02-11 11:00:00,3,validation
2030195,121612,2025-02-11 12:00:00,3,validation
2030195,121613,2025-02-11 12:00:00,3,validation
2030195,121616,2025-02-11 12:00:00,3,validation
2057406,121614,2025-02-11 13:00:00,3,validation
2057406,121617,2025-02-11 13:00:00,3,validation
2057406,121619,2025-02-11 13:00:00,3,validation
2057709,121618,2025-02-11 13:00:00,3,validation
2057709,121620,2025-02-11 13:00:00,3,validation
2057105,121622,2025-02-11 16:15:00,3,validation
2057105,121626,2025-02-11 16:15:00,3,validation
2057405,121621,2025-02-11 16:15:00,3,validation
2057405,121623,2025-02-11 16:15:00,3,validation
2057405,121628,2025-02-11 16:15:00,3,validation
2054662,121624,2025-02-11 17:30:00,3,validation
2054662,121627,2025-02-11 17:30:00,3,validation
2054662,121630,2025-02-11 17:30:00,3,validation
2049409,121625,2025-02-11 18:00:00,3,validation
2049409,121629,2025-02-11 18:00:00,3,validation
2062210,121631,2025-02-11 19:10:00,3,validation
2056539,121632,2025-02-11 20:40:00,3,validation
2056539,121634,2025-02-11 20:40:00,3,validation
2056539,121635,2025-02-11 20:40:00,3,validation
2063103,121633,2025-02-11 22:00:00,3,validation
2063103,121636,2025-02-11 22:00:00,3,validation
2063103,121637,2025-02-11 22:00:00,3,validation
2063417,121638,2025-02-12 11:00:00,3,validation
2063417,121639,2025-02-12 11:00:00,3,validation
2054976,121642,2025-02-12 13:00:00,3,validation
2054976,121643,2025-02-12 13:00:00,3,validation
2064260,121641,2025-02-12 14:00:00,3,validation
2064260,121646,2025-02-12 14:00:00,3,validation
2030192,121640,2025-02-12 15:00:00,3,validation
2030192,121644,2025-02-12 15:00:00,3,validation
2030194,121645,2025-02-12 18:00:00,3,validation
2030194,121647,2025-02-12 18:00:00,3,validation
2030194,121648,2025-02-12 18:00:00,3,validation
2070554,121649,2025-02-12 20:20:00,3,validation
2070554,121651,2025-02-12 20:20:00,3,validation
2065071,121650,2025-02-12 21:00:00,3,validation
2065071,121652,2025-02-12 21:00:00,3,validation
2054973,121653,2025-02-12 22:00:00,3,validation
2054973,121654,2025-02-12 22:00:00,3,validation
2054972,121655,2025-02-13 13:00:00,3,validation
2054972,121656,2025-02-13 13:00:00,3,validation
2071497,121657,2025-02-13 15:00:00,3,validation
2071497,121658,2025-02-13 15:00:00,3,validation
2071497,121660,2025-02-13 15:00:00,3,validation
2054971,121659,2025-02-13 16:00:00,3,validation
2054971,121661,2025-02-13 16:00:00,3,validation
2054971,121663,2025-02-13 16:00:00,3,validation
2065068,121662,2025-02-13 18:00:00,3,validation
2065068,121664,2025-02-13 18:00:00,3,validation
2054970,121665,2025-02-13 19:00:00,3,validation
2054969,121666,2025-02-13 22:00:00,3,validation
2054969,121667,2025-02-13 22:00:00,3,validation
2053957,121668,2025-02-14 11:00:00,3,validation
2053957,121670,2025-02-14 11:00:00,3,validation
2053956,121669,2025-02-14 11:45:00,3,validation
2053956,121672,2025-02-14 11:45:00,3,validation
2053956,121673,2025-02-14 11:45:00,3,validation
2053955,121671,2025-02-14 13:20:00,3,validation
2053955,121674,2025-02-14 13:20:00,3,validation
2053954,121676,2025-02-14 15:10:00,3,validation
2053954,121678,2025-02-14 15:10:00,3,validation
2053953,121675,2025-02-14 15:15:00,3,validation
2053953,121677,2025-02-14 15:15:00,3,validation
2053951,121679,2025-02-14 17:15:00,3,validation
2053951,121682,2025-02-14 17:15:00,3,validation
2053951,121685,2025-02-14 17:15:00,3,validation
2053952,121680,2025-02-14 17:20:00,3,validation
2053952,121683,2025-02-14 17:20:00,3,validation
2079240,121681,2025-02-14 18:00:00,3,validation
2079240,121686,2025-02-14 18:00:00,3,validation
2054268,121688,2025-02-14 19:50:00,3,validation
2078425,121691,2025-02-14 22:00:00,3,validation
2078425,121692,2025-02-14 22:00:00,3,validation
2084959,121694,2025-02-15 11:00:00,3,validation
2084959,121697,2025-02-15 11:00:00,3,validation
2084960,121693,2025-02-15 11:00:00,3,validation
2084960,121695,2025-02-15 11:00:00,3,validation
2084960,121698,2025-02-15 11:00:00,3,validation
2079238,121696,2025-02-15 12:00:00,3,validation
2079238,121699,2025-02-15 12:00:00,3,validation
2079238,121700,2025-02-15 12:00:00,3,validation
2084957,121702,2025-02-15 13:45:00,3,validation
2084980,121701,2025-02-15 14:30:00,3,validation
2084980,121703,2025-02-15 14:30:00,3,validation
2084980,121706,2025-02-15 14:30:00,3,validation
2084955,121704,2025-02-15 16:05:00,3,validation
2084955,121708,2025-02-15 16:05:00,3,validation
2084955,121710,2025-02-15 16:05:00,3,validation
2084956,121705,2025-02-15 16:15:00,3,validation
2084956,121707,2025-02-15 16:15:00,3,validation
2085504,121709,2025-02-15 17:30:00,3,validation
2085504,121712,2025-02-15 17:30:00,3,validation
2084954,121711,2025-02-15 18:00:00,3,validation
2084954,121714,2025-02-15 18:00:00,3,validation
2084953,121713,2025-02-15 19:15:00,3,validation
2084953,121715,2025-02-15 19:15:00,3,validation
2084953,121717,2025-02-15 19:15:00,3,validation
2079235,121716,2025-02-15 21:00:00,3,validation
2079235,121718,2025-02-15 21:00:00,3,validation
2091952,121720,2025-02-16 11:00:00,3,validation
2091952,121722,2025-02-16 11:00:00,3,validation
2091953,121719,2025-02-16 11:00:00,3,validation
2091953,121721,2025-02-16 11:00:00,3,validation
2091946,121724,2025-02-16 13:10:00,3,validation
2091946,121725,2025-02-16 13:10:00,3,validation
2091951,121723,2025-02-16 13:15:00,3,validation
2091951,121726,2025-02-16 13:15:00,3,validation
2091951,121729,2025-02-16 13:15:00,3,validation
2092228,121727,2025-02-16 14:00:00,3,validation
2092228,121730,2025-02-16 14:00:00,3,validation
2092228,121732,2025-02-16 14:00:00,3,validation
2091947,121728,2025-02-16 15:30:00,3,validation
2091947,121731,2025-02-16 15:30:00,3,validation
2091950,121733,2025-02-16 16:25:00,3,validation
2091948,121734,2025-02-16 17:10:00,3,validation
2091948,121735,2025-02-16 17:10:00,3,validation
2091948,121737,2025-02-16 17:10:00,3,validation
2091949,121736,2025-02-16 18:40:00,3,validation
2091949,121739,2025-02-16 18:40:00,3,validation
2091949,121740,2025-02-16 18:40:00,3,validation
2092226,121738,2025-02-16 20:15:00,3,validation
2098540,121741,2025-02-17 12:00:00,3,validation
2098540,121743,2025-02-17 12:00:00,3,validation
2092225,121745,2025-02-17 14:00:00,3,validation
2092225,121748,2025-02-17 14:00:00,3,validation
2092225,121751,2025-02-17 14:00:00,3,validation
2099069,121742,2025-02-17 14:00:00,3,validation
2099069,121746,2025-02-17 14:00:00,3,validation
2099069,121749,2025-02-17 14:00:00,3,validation
2099070,121744,2025-02-17 14:00:00,3,validation
2099070,121747,2025-02-17 14:00:00,3,validation
2099070,121750,2025-02-17 14:00:00,3,validation
2099068,121754,2025-02-17 17:00:00,3,validation
2099068,121757,2025-02-17 17:00:00,3,validation
2099068,121759,2025-02-17 17:00:00,3,validation
2099067,121753,2025-02-17 17:15:00,3,validation
2099067,121756,2025-02-17 17:15:00,3,validation
2099067,121758,2025-02-17 17:15:00,3,validation
2092224,121752,2025-02-17 17:35:00,3,validation
2092224,121755,2025-02-17 17:35:00,3,validation
2099066,121761,2025-02-17 20:35:00,3,validation
2099065,121760,2025-02-17 21:30:00,3,validation
2099065,121762,2025-02-17 21:30:00,3,validation
2109456,121763,2025-02-18 11:00:00,3,validation
2109456,121764,2025-02-18 11:00:00,3,validation
2109454,121765,2025-02-18 13:15:00,3,validation
2109454,121766,2025-02-18 13:15:00,3,validation
2109455,121767,2025-02-18 15:55:00,3,validation
2109455,121768,2025-02-18 15:55:00,3,validation
1884967,121851,2025-02-18 20:00:00,3,validation
1884967,121852,2025-02-18 20:00:00,3,validation
1884967,121853,2025-02-18 20:00:00,3,validation
1884979,121769,2025-02-18 22:00:00,3,validation
1884979,121772,2025-02-18 22:00:00,3,validation
1884980,121770,2025-02-18 22:00:00,3,validation
1884980,121774,2025-02-18 22:00:00,3,validation
1884994,121771,2025-02-18 22:00:00,3,validation
1884994,121775,2025-02-18 22:00:00,3,validation
1884995,121773,2025-02-18 22:00:00,3,validation
1884995,121776,2025-02-18 22:00:00,3,validation
1884995,121777,2025-02-18 22:00:00,3,validation
2098536,121778,2025-02-19 12:00:00,3,validation
2098536,121779,2025-02-19 12:00:00,3,validation
2098535,121780,2025-02-19 15:00:00,3,validation
2098535,121781,2025-02-19 15:00:00,3,validation
1884948,121782,2025-02-19 22:00:00,3,validation
1884948,121783,2025-02-19 22:00:00,3,validation
1884964,121784,2025-02-19 22:00:00,3,validation
1884964,121785,2025-02-19 22:00:00,3,validation
2098534,121786,2025-02-20 12:00:00,3,validation
2098534,121787,2025-02-20 12:00:00,3,validation
2098533,121788,2025-02-20 15:00:00,3,validation
2098533,121789,2025-02-20 15:00:00,3,validation
2064515,121790,2025-02-20 16:00:00,3,validation
2064515,121791,2025-02-20 16:00:00,3,validation
2118909,121792,2025-02-20 18:00:00,3,validation
2118909,121793,2025-02-20 18:00:00,3,validation
2118909,121794,2025-02-20 18:00:00,3,validation
2117427,121795,2025-02-21 11:00:00,3,validation
2117427,121796,2025-02-21 11:00:00,3,validation
2118907,121797,2025-02-21 12:00:00,3,validation
2118907,121798,2025-02-21 12:00:00,3,validation
2117426,121799,2025-02-21 14:00:00,3,validation
2117426,121800,2025-02-21 14:00:00,3,validation
2117425,121801,2025-02-21 16:55:00,3,validation
2117425,121802,2025-02-21 16:55:00,3,validation
2117425,121803,2025-02-21 16:55:00,3,validation
2117424,121804,2025-02-21 20:40:00,3,validation
2117424,121805,2025-02-21 20:40:00,3,validation
2118904,121806,2025-02-21 21:35:00,3,validation
2118904,121807,2025-02-21 21:35:00,3,validation
2118904,121808,2025-02-21 21:35:00,3,validation
2141260,121809,2025-02-22 18:00:00,3,validation
2141260,121811,2025-02-22 18:00:00,3,validation
2141260,121814,2025-02-22 18:00:00,3,validation
2141264,121810,2025-02-22 18:00:00,3,validation
2141264,121812,2025-02-22 18:00:00,3,validation
2141264,121813,2025-02-22 18:00:00,3,validation
2143059,121815,2025-02-22 22:00:00,3,validation
2143059,121816,2025-02-22 22:00:00,3,validation
2149515,121817,2025-02-23 14:00:00,3,validation
2149515,121818,2025-02-23 14:00:00,3,validation
2150393,121819,2025-02-23 16:00:00,3,validation
2150393,121820,2025-02-23 16:00:00,3,validation
2150394,121821,2025-02-23 20:50:00,3,validation
2150394,121822,2025-02-23 20:50:00,3,validation
2150394,121823,2025-02-23 20:50:00,3,validation
2150394,121824,2025-02-23 20:50:00,3,validation
2157745,121825,2025-02-24 17:00:00,3,validation
2157745,121826,2025-02-24 17:00:00,3,validation
1884996,121827,2025-02-24 18:00:00,3,validation
1884963,121828,2025-02-24 20:00:00,3,validation
1884963,121829,2025-02-24 20:00:00,3,validation
2157744,121830,2025-02-25 12:00:00,3,validation
2157744,121831,2025-02-25 12:00:00,3,validation
2157743,121832,2025-02-25 15:00:00,3,validation
2157743,121833,2025-02-25 15:00:00,3,validation
2157743,121835,2025-02-25 15:00:00,3,validation
1884992,121834,2025-02-25 16:00:00,3,validation
1884992,121836,2025-02-25 16:00:00,3,validation
1884992,121837,2025-02-25 16:00:00,3,validation
1884975,121838,2025-02-25 22:00:00,3,validation
1884975,121839,2025-02-25 22:00:00,3,validation
1884945,121841,2025-02-26 22:00:00,3,validation
1884945,121846,2025-02-26 22:00:00,3,validation
1884946,121842,2025-02-26 22:00:00,3,validation
1884946,121849,2025-02-26 22:00:00,3,validation
1884946,121855,2025-02-26 22:00:00,3,validation
1884960,121840,2025-02-26 22:00:00,3,validation
1884960,121845,2025-02-26 22:00:00,3,validation
1884961,121843,2025-02-26 22:00:00,3,validation
1884961,121847,2025-02-26 22:00:00,3,validation
1884961,121850,2025-02-26 22:00:00,3,validation
1884962,121844,2025-02-26 22:00:00,3,validation
1884962,121848,2025-02-26 22:00:00,3,validation
1884962,121854,2025-02-26 22:00:00,3,validation
2157740,121856,2025-02-27 12:00:00,3,validation
2157740,121857,2025-02-27 12:00:00,3,validation
2167204,121858,2025-02-27 13:00:00,3,validation
2167204,121859,2025-02-27 13:00:00,3,validation
2157739,121860,2025-02-27 15:00:00,3,validation
2157739,121862,2025-02-27 15:00:00,3,validation
2157739,121864,2025-02-27 15:00:00,3,validation
2167203,121861,2025-02-27 16:00:00,3,validation
2167203,121863,2025-02-27 16:00:00,3,validation
2167201,121865,2025-02-27 22:00:00,3,validation
2167201,121866,2025-02-27 22:00:00,3,validation
2167201,121867,2025-02-27 22:00:00,3,validation
2189606,121868,2025-02-28 13:00:00,3,validation
2189606,121869,2025-02-28 13:00:00,3,validation
2189606,121870,2025-02-28 13:00:00,3,validation
2189605,121871,2025-02-28 17:00:00,3,validation
2189605,121872,2025-02-28 17:00:00,3,validation
2189604,121873,2025-02-28 19:00:00,3,validation
2189604,121874,2025-02-28 19:00:00,3,validation
2179845,121876,2025-03-01 12:30:00,3,validation
2179845,121877,2025-03-01 12:30:00,3,validation
2179846,121875,2025-03-01 12:30:00,3,validation
2179846,121878,2025-03-01 12:30:00,3,validation
2179843,121880,2025-03-01 15:00:00,3,validation
2179843,121882,2025-03-01 15:00:00,3,validation
2179844,121879,2025-03-01 15:00:00,3,validation
2179844,121881,2025-03-01 15:00:00,3,validation
2179844,121883,2025-03-01 15:00:00,3,validation
2179841,121884,2025-03-01 17:30:00,3,validation
2179841,121885,2025-03-01 17:30:00,3,validation
2179842,121886,2025-03-01 18:10:00,3,validation
2179840,121887,2025-03-01 20:15:00,3,validation
2179840,121888,2025-03-01 20:15:00,3,validation
2179839,121889,2025-03-01 20:45:00,3,validation
2189599,121890,2025-03-01 22:00:00,3,validation
2189599,121891,2025-03-01 22:00:00,3,validation
2201528,121893,2025-03-02 12:30:00,3,validation
2201528,121895,2025-03-02 12:30:00,3,validation
2201529,121892,2025-03-02 12:30:00,3,validation
2201529,121896,2025-03-02 12:30:00,3,validation
2201548,121894,2025-03-02 13:00:00,3,validation
2201548,121897,2025-03-02 13:00:00,3,validation
2201526,121899,2025-03-02 15:00:00,3,validation
2201527,121898,2025-03-02 15:00:00,3,validation
2201524,121901,2025-03-02 17:30:00,3,validation
2201525,121900,2025-03-02 17:30:00,3,validation
2201546,121902,2025-03-02 19:00:00,3,validation
2201546,121905,2025-03-02 19:00:00,3,validation
2201523,121904,2025-03-02 20:00:00,3,validation
2201522,121903,2025-03-02 20:55:00,3,validation
2201545,121906,2025-03-02 22:25:00,3,validation
2201545,121907,2025-03-02 22:25:00,3,validation
2201537,121911,2025-03-03 12:00:00,3,validation
2201537,121912,2025-03-03 12:00:00,3,validation
2207720,121908,2025-03-03 12:00:00,3,validation
2207720,121913,2025-03-03 12:00:00,3,validation
2208084,121910,2025-03-03 12:30:00,3,validation
2208084,121915,2025-03-03 12:30:00,3,validation
2208085,121909,2025-03-03 12:30:00,3,validation
2208085,121914,2025-03-03 12:30:00,3,validation
2201536,121918,2025-03-03 15:00:00,3,validation
2201536,121922,2025-03-03 15:00:00,3,validation
2208083,121916,2025-03-03 15:00:00,3,validation
2208083,121919,2025-03-03 15:00:00,3,validation
2208082,121917,2025-03-03 15:10:00,3,validation
2208082,121920,2025-03-03 15:10:00,3,validation
2208082,121925,2025-03-03 15:10:00,3,validation
2201543,121921,2025-03-03 16:00:00,3,validation
2201543,121924,2025-03-03 16:00:00,3,validation
2208081,121923,2025-03-03 17:30:00,3,validation
2208081,121926,2025-03-03 17:30:00,3,validation
2208081,121932,2025-03-03 17:30:00,3,validation
2201535,121928,2025-03-03 18:00:00,3,validation
2201535,121931,2025-03-03 18:00:00,3,validation
2208080,121927,2025-03-03 18:20:00,3,validation
2208080,121930,2025-03-03 18:20:00,3,validation
2201542,121929,2025-03-03 19:00:00,3,validation
2201542,121933,2025-03-03 19:00:00,3,validation
2208078,121934,2025-03-03 20:30:00,3,validation
2208079,121935,2025-03-03 20:35:00,3,validation
2208079,121936,2025-03-03 20:35:00,3,validation
2208079,121939,2025-03-03 20:35:00,3,validation
2201541,121937,2025-03-03 22:00:00,3,validation
2201541,121938,2025-03-03 22:00:00,3,validation
2201541,121940,2025-03-03 22:00:00,3,validation
2207718,121941,2025-03-04 12:00:00,3,validation
2207718,121942,2025-03-04 12:00:00,3,validation
2207718,121943,2025-03-04 12:00:00,3,validation
2201532,121945,2025-03-04 15:00:00,3,validation
2201532,121948,2025-03-04 15:00:00,3,validation
2207717,121944,2025-03-04 15:00:00,3,validation
2207717,121949,2025-03-04 15:00:00,3,validation
2215052,121947,2025-03-04 15:30:00,3,validation
2215052,121951,2025-03-04 15:30:00,3,validation
2215052,121954,2025-03-04 15:30:00,3,validation
2215053,121946,2025-03-04 15:30:00,3,validation
2215053,121950,2025-03-04 15:30:00,3,validation
2215063,121952,2025-03-04 17:30:00,3,validation
2201531,121957,2025-03-04 18:00:00,3,validation
2215051,121953,2025-03-04 18:00:00,3,validation
2215051,121955,2025-03-04 18:00:00,3,validation
2215050,121956,2025-03-04 18:55:00,3,validation
2215050,121958,2025-03-04 18:55:00,3,validation
2215050,121961,2025-03-04 18:55:00,3,validation
2215049,121959,2025-03-04 20:30:00,3,validation
2215049,121960,2025-03-04 20:30:00,3,validation
2201530,121962,2025-03-04 21:00:00,3,validation
2215048,121963,2025-03-04 22:25:00,3,validation
2215048,121964,2025-03-04 22:25:00,3,validation
2215048,121965,2025-03-04 22:25:00,3,validation
2222693,121966,2025-03-05 15:30:00,3,validation
2222693,121967,2025-03-05 15:30:00,3,validation
2222693,121969,2025-03-05 15:30:00,3,validation
2215060,121968,2025-03-05 17:30:00,3,validation
2215060,121971,2025-03-05 17:30:00,3,validation
2222692,121970,2025-03-05 19:30:00,3,validation
2222692,121972,2025-03-05 19:30:00,3,validation
2222692,121975,2025-03-05 19:30:00,3,validation
2215059,121973,2025-03-05 21:00:00,3,validation
2215059,121974,2025-03-05 21:00:00,3,validation
2222691,121976,2025-03-05 22:45:00,3,validation
2222691,121977,2025-03-05 22:45:00,3,validation
2222691,121978,2025-03-05 22:45:00,3,validation
2229956,121979,2025-03-06 14:30:00,3,validation
2229956,121980,2025-03-06 14:30:00,3,validation
2222353,121981,2025-03-06 15:00:00,3,validation
2222353,121984,2025-03-06 15:00:00,3,validation
2229219,121982,2025-03-06 15:00:00,3,validation
2229219,121983,2025-03-06 15:00:00,3,validation
2229955,121985,2025-03-06 17:30:00,3,validation
2229955,121987,2025-03-06 17:30:00,3,validation
2222352,121986,2025-03-06 18:00:00,3,validation
2222352,121988,2025-03-06 18:00:00,3,validation
2222352,121989,2025-03-06 18:00:00,3,validation
2222351,121990,2025-03-06 22:15:00,3,validation
2222351,121991,2025-03-06 22:15:00,3,validation
2221521,121994,2025-03-07 12:00:00,3,validation
2221521,121999,2025-03-07 12:00:00,3,validation
2221521,122004,2025-03-07 12:00:00,3,validation
2221529,121993,2025-03-07 12:00:00,3,validation
2221529,121998,2025-03-07 12:00:00,3,validation
2221530,121992,2025-03-07 12:00:00,3,validation
2221530,121996,2025-03-07 12:00:00,3,validation
2221530,122001,2025-03-07 12:00:00,3,validation
2235728,121995,2025-03-07 12:30:00,3,validation
2235728,122000,2025-03-07 12:30:00,3,validation
2235728,122003,2025-03-07 12:30:00,3,validation
2235729,121997,2025-03-07 12:30:00,3,validation
2235729,122002,2025-03-07 12:30:00,3,validation
2221520,122009,2025-03-07 15:00:00,3,validation
2221520,122011,2025-03-07 15:00:00,3,validation
2221524,122006,2025-03-07 15:00:00,3,validation
2221524,122010,2025-03-07 15:00:00,3,validation
2221532,122005,2025-03-07 15:00:00,3,validation
2221532,122015,2025-03-07 15:00:00,3,validation
2221532,122022,2025-03-07 15:00:00,3,validation
2235724,122008,2025-03-07 15:00:00,3,validation
2235724,122012,2025-03-07 15:00:00,3,validation
2235723,122007,2025-03-07 15:30:00,3,validation
2235723,122013,2025-03-07 15:30:00,3,validation
2221523,122014,2025-03-07 17:00:00,3,validation
2221523,122019,2025-03-07 17:00:00,3,validation
2221519,122017,2025-03-07 17:15:00,3,validation
2221519,122018,2025-03-07 17:15:00,3,validation
2235726,122016,2025-03-07 17:30:00,3,validation
2235726,122024,2025-03-07 17:30:00,3,validation
2235726,122026,2025-03-07 17:30:00,3,validation
2181472,122021,2025-03-07 17:40:00,3,validation
2235727,122020,2025-03-07 17:45:00,3,validation
2235727,122027,2025-03-07 17:45:00,3,validation
2235727,122030,2025-03-07 17:45:00,3,validation
2221528,122023,2025-03-07 18:10:00,3,validation
2238307,122025,2025-03-07 18:15:00,3,validation
2238307,122028,2025-03-07 18:15:00,3,validation
2235725,122029,2025-03-07 20:15:00,3,validation
2235725,122032,2025-03-07 20:15:00,3,validation
2221518,122031,2025-03-07 21:00:00,3,validation
2221518,122035,2025-03-07 21:00:00,3,validation
2235722,122033,2025-03-07 21:30:00,3,validation
2235722,122034,2025-03-07 21:30:00,3,validation
2235722,122036,2025-03-07 21:30:00,3,validation
2238305,122037,2025-03-08 12:00:00,3,validation
2238305,122048,2025-03-08 12:00:00,3,validation
2238305,122049,2025-03-08 12:00:00,3,validation
2243340,122040,2025-03-08 12:00:00,3,validation
2243340,122047,2025-03-08 12:00:00,3,validation
2243342,122041,2025-03-08 12:00:00,3,validation
2243342,122046,2025-03-08 12:00:00,3,validation
2243342,122050,2025-03-08 12:00:00,3,validation
2244373,122039,2025-03-08 12:00:00,3,validation
2244373,122045,2025-03-08 12:00:00,3,validation
2246383,122042,2025-03-08 12:30:00,3,validation
2246383,122044,2025-03-08 12:30:00,3,validation
2246383,122051,2025-03-08 12:30:00,3,validation
2246384,122038,2025-03-08 12:30:00,3,validation
2246384,122043,2025-03-08 12:30:00,3,validation
2238304,122054,2025-03-08 15:00:00,3,validation
2238304,122058,2025-03-08 15:00:00,3,validation
2244369,122052,2025-03-08 15:00:00,3,validation
2244374,122055,2025-03-08 15:00:00,3,validation
2245717,122056,2025-03-08 15:00:00,3,validation
2245717,122057,2025-03-08 15:00:00,3,validation
2246048,122060,2025-03-08 15:00:00,3,validation
2246048,122061,2025-03-08 15:00:00,3,validation
2246381,122053,2025-03-08 15:00:00,3,validation
2246381,122059,2025-03-08 15:00:00,3,validation
2246381,122066,2025-03-08 15:00:00,3,validation
2246382,122062,2025-03-08 15:30:00,3,validation
2246382,122063,2025-03-08 15:30:00,3,validation
2246382,122067,2025-03-08 15:30:00,3,validation
2246047,122064,2025-03-08 15:35:00,3,validation
2246047,122065,2025-03-08 15:35:00,3,validation
2238303,122069,2025-03-08 18:00:00,3,validation
2238303,122072,2025-03-08 18:00:00,3,validation
2243341,122071,2025-03-08 18:00:00,3,validation
2244034,122068,2025-03-08 18:00:00,3,validation
2239179,122076,2025-03-08 19:00:00,3,validation
2239179,122079,2025-03-08 19:00:00,3,validation
2239179,122080,2025-03-08 19:00:00,3,validation
2246380,122070,2025-03-08 19:00:00,3,validation
2246380,122073,2025-03-08 19:00:00,3,validation
2246888,122075,2025-03-08 20:20:00,3,validation
2246888,122081,2025-03-08 20:20:00,3,validation
2246378,122077,2025-03-08 20:45:00,3,validation
2246378,122084,2025-03-08 20:45:00,3,validation
2238302,122087,2025-03-08 21:00:00,3,validation
2244371,122074,2025-03-08 21:00:00,3,validation
2244371,122082,2025-03-08 21:00:00,3,validation
2244371,122086,2025-03-08 21:00:00,3,validation
2244377,122078,2025-03-08 21:00:00,3,validation
2244377,122083,2025-03-08 21:00:00,3,validation
2239178,122085,2025-03-08 22:00:00,3,validation
2251651,122088,2025-03-09 12:00:00,3,validation
2251651,122091,2025-03-09 12:00:00,3,validation
2251651,122093,2025-03-09 12:00:00,3,validation
2252586,122089,2025-03-09 12:00:00,3,validation
2253488,122095,2025-03-09 12:30:00,3,validation
2253489,122090,2025-03-09 12:30:00,3,validation
2253489,122092,2025-03-09 12:30:00,3,validation
2253489,122094,2025-03-09 12:30:00,3,validation
2251969,122097,2025-03-09 14:20:00,3,validation
2253487,122096,2025-03-09 15:30:00,3,validation
2253487,122100,2025-03-09 15:30:00,3,validation
2239176,122101,2025-03-09 16:00:00,3,validation
2239176,122105,2025-03-09 16:00:00,3,validation
2253486,122098,2025-03-09 16:00:00,3,validation
2253486,122102,2025-03-09 16:00:00,3,validation
2253497,122099,2025-03-09 16:30:00,3,validation
2253484,122103,2025-03-09 17:30:00,3,validation
2253484,122104,2025-03-09 17:30:00,3,validation
2252587,122107,2025-03-09 18:00:00,3,validation
2252587,122116,2025-03-09 18:00:00,3,validation
2253492,122110,2025-03-09 18:00:00,3,validation
2253492,122114,2025-03-09 18:00:00,3,validation
2253492,122125,2025-03-09 18:00:00,3,validation
2253495,122106,2025-03-09 18:00:00,3,validation
2253495,122111,2025-03-09 18:00:00,3,validation
2253495,122119,2025-03-09 18:00:00,3,validation
2253485,122108,2025-03-09 18:15:00,3,validation
2258542,122109,2025-03-09 19:20:00,3,validation
2258542,122115,2025-03-09 19:20:00,3,validation
2239175,122121,2025-03-09 19:55:00,3,validation
2253482,122113,2025-03-09 20:00:00,3,validation
2253482,122120,2025-03-09 20:00:00,3,validation
2253482,122124,2025-03-09 20:00:00,3,validation
2259411,122112,2025-03-09 20:10:00,3,validation
2259411,122118,2025-03-09 20:10:00,3,validation
2253803,122117,2025-03-09 21:00:00,3,validation
2253803,122123,2025-03-09 21:00:00,3,validation
2258833,122122,2025-03-09 21:00:00,3,validation
2239174,122126,2025-03-09 23:05:00,3,validation
2239174,122127,2025-03-09 23:05:00,3,validation
2261063,122128,2025-03-10 13:00:00,3,validation
2261063,122129,2025-03-10 13:00:00,3,validation
2261063,122130,2025-03-10 13:00:00,3,validation
2259984,122133,2025-03-10 15:00:00,3,validation
2259984,122136,2025-03-10 15:00:00,3,validation
2260559,122132,2025-03-10 15:30:00,3,validation
2260559,122137,2025-03-10 15:30:00,3,validation
2260559,122139,2025-03-10 15:30:00,3,validation
2260560,122131,2025-03-10 15:30:00,3,validation
2260560,122135,2025-03-10 15:30:00,3,validation
2260847,122134,2025-03-10 16:00:00,3,validation
2260561,122138,2025-03-10 17:00:00,3,validation
2260561,122144,2025-03-10 17:00:00,3,validation
2260561,122153,2025-03-10 17:00:00,3,validation
2242133,122142,2025-03-10 18:00:00,3,validation
2242133,122148,2025-03-10 18:00:00,3,validation
2242133,122152,2025-03-10 18:00:00,3,validation
2253801,122141,2025-03-10 18:00:00,3,validation
2253801,122147,2025-03-10 18:00:00,3,validation
2253801,122155,2025-03-10 18:00:00,3,validation
2260558,122140,2025-03-10 18:00:00,3,validation
2260558,122145,2025-03-10 18:00:00,3,validation
2266530,122143,2025-03-10 18:00:00,3,validation
2266530,122149,2025-03-10 18:00:00,3,validation
2266530,122154,2025-03-10 18:00:00,3,validation
2266529,122151,2025-03-10 18:20:00,3,validation
2260557,122146,2025-03-10 18:45:00,3,validation
2260557,122156,2025-03-10 18:45:00,3,validation
2253721,122157,2025-03-10 19:00:00,3,validation
2253721,122161,2025-03-10 19:00:00,3,validation
2266945,122150,2025-03-10 19:30:00,3,validation
2266945,122159,2025-03-10 19:30:00,3,validation
2260556,122160,2025-03-10 20:30:00,3,validation
2260556,122165,2025-03-10 20:30:00,3,validation
2260555,122163,2025-03-10 21:00:00,3,validation
2260555,122169,2025-03-10 21:00:00,3,validation
2242132,122162,2025-03-10 21:05:00,3,validation
2242132,122166,2025-03-10 21:05:00,3,validation
2253800,122158,2025-03-10 21:15:00,3,validation
2253800,122164,2025-03-10 21:15:00,3,validation
2253800,122167,2025-03-10 21:15:00,3,validation
2267768,122168,2025-03-10 22:30:00,3,validation
2267768,122170,2025-03-10 22:30:00,3,validation
2266830,122171,2025-03-11 12:00:00,3,validation
2266830,122172,2025-03-11 12:00:00,3,validation
2268866,122176,2025-03-11 15:00:00,3,validation
2268866,122180,2025-03-11 15:00:00,3,validation
2269767,122173,2025-03-11 15:00:00,3,validation
2269767,122177,2025-03-11 15:00:00,3,validation
2269767,122181,2025-03-11 15:00:00,3,validation
2269770,122175,2025-03-11 15:00:00,3,validation
2269770,122179,2025-03-11 15:00:00,3,validation
2269770,122182,2025-03-11 15:00:00,3,validation
2269370,122174,2025-03-11 15:30:00,3,validation
2269370,122178,2025-03-11 15:30:00,3,validation
2269370,122183,2025-03-11 15:30:00,3,validation
2269302,122185,2025-03-11 18:00:00,3,validation
2269302,122189,2025-03-11 18:00:00,3,validation
2269302,122192,2025-03-11 18:00:00,3,validation
2269766,122187,2025-03-11 18:00:00,3,validation
2269766,122190,2025-03-11 18:00:00,3,validation
2269769,122184,2025-03-11 18:00:00,3,validation
2269769,122188,2025-03-11 18:00:00,3,validation
2269769,122193,2025-03-11 18:00:00,3,validation
2269369,122186,2025-03-11 18:20:00,3,validation
2269369,122191,2025-03-11 18:20:00,3,validation
2269369,122195,2025-03-11 18:20:00,3,validation
2269768,122194,2025-03-11 21:00:00,3,validation
2269768,122197,2025-03-11 21:00:00,3,validation
2269368,122196,2025-03-11 21:45:00,3,validation
2278687,122198,2025-03-12 12:00:00,3,validation
2278687,122199,2025-03-12 12:00:00,3,validation
2274381,122200,2025-03-12 15:00:00,3,validation
2274381,122201,2025-03-12 15:00:00,3,validation
2274381,122202,2025-03-12 15:00:00,3,validation
2278780,122205,2025-03-13 17:45:00,3,validation
2278780,122206,2025-03-13 17:45:00,3,validation
2282596,122203,2025-03-13 18:00:00,3,validation
2282596,122204,2025-03-13 18:00:00,3,validation
2278781,122207,2025-03-13 22:15:00,3,validation
2278781,122208,2025-03-13 22:15:00,3,validation
2278781,122209,2025-03-13 22:15:00,3,validation
2282603,122210,2025-03-14 12:00:00,3,validation
2282603,122211,2025-03-14 12:00:00,3,validation
2282603,122212,2025-03-14 12:00:00,3,validation
2278779,122213,2025-03-14 17:45:00,3,validation
2278779,122214,2025-03-14 17:45:00,3,validation
2282602,122215,2025-03-14 18:35:00,3,validation
2282602,122217,2025-03-14 18:35:00,3,validation
2282602,122221,2025-03-14 18:35:00,3,validation
2278778,122216,2025-03-14 20:30:00,3,validation
2278778,122218,2025-03-14 20:30:00,3,validation
2282601,122219,2025-03-14 22:00:00,3,validation
2282601,122220,2025-03-14 22:00:00,3,validation
2292973,122222,2025-03-15 17:45:00,3,validation
2292973,122223,2025-03-15 17:45:00,3,validation
2292973,122224,2025-03-15 17:45:00,3,validation
2301207,122225,2025-03-15 21:00:00,3,validation
2301207,122227,2025-03-15 21:00:00,3,validation
2300556,122226,2025-03-15 22:00:00,3,validation
2300556,122228,2025-03-15 22:00:00,3,validation
2300556,122229,2025-03-15 22:00:00,3,validation
2307274,122230,2025-03-16 14:00:00,3,validation
2307274,122231,2025-03-16 14:00:00,3,validation
2309007,122232,2025-03-16 17:00:00,3,validation
2310106,122233,2025-03-16 19:00:00,3,validation
2310106,122234,2025-03-16 19:00:00,3,validation
2200138,122236,2025-03-18 22:00:00,3,validation
2200138,122242,2025-03-18 22:00:00,3,validation
2200138,122244,2025-03-18 22:00:00,3,validation
2200139,122235,2025-03-18 22:00:00,3,validation
2200139,122239,2025-03-18 22:00:00,3,validation
2200140,122238,2025-03-18 22:00:00,3,validation
2200140,122241,2025-03-18 22:00:00,3,validation
2200141,122243,2025-03-18 22:00:00,3,validation
2200141,122245,2025-03-18 22:00:00,3,validation
2200143,122237,2025-03-18 22:00:00,3,validation
2200143,122240,2025-03-18 22:00:00,3,validation
2179838,122246,2025-03-19 14:00:00,3,validation
2179838,122247,2025-03-19 14:00:00,3,validation
2179837,122248,2025-03-19 16:15:00,3,validation
2179837,122249,2025-03-19 16:15:00,3,validation
2179835,122250,2025-03-19 19:15:00,3,validation
2179835,122251,2025-03-19 19:15:00,3,validation
2179836,122252,2025-03-19 21:20:00,3,validation
2179836,122253,2025-03-19 21:20:00,3,validation
2179836,122256,2025-03-19 21:20:00,3,validation
2200136,122257,2025-03-19 22:00:00,3,validation
2200137,122254,2025-03-19 22:00:00,3,validation
2340577,122255,2025-03-19 22:00:00,3,validation
2179834,122258,2025-03-20 14:00:00,3,validation
2179834,122259,2025-03-20 14:00:00,3,validation
2179833,122260,2025-03-20 16:45:00,3,validation
2179833,122261,2025-03-20 16:45:00,3,validation
2236875,122262,2025-03-20 19:10:00,3,validation
2236875,122263,2025-03-20 19:10:00,3,validation
2236875,122264,2025-03-20 19:10:00,3,validation
2179832,122265,2025-03-20 22:45:00,3,validation
2179832,122266,2025-03-20 22:45:00,3,validation
2342626,122267,2025-03-21 13:00:00,3,validation
2342626,122268,2025-03-21 13:00:00,3,validation
2344398,122269,2025-03-21 15:50:00,3,validation
2344398,122270,2025-03-21 15:50:00,3,validation
2342627,122271,2025-03-21 18:15:00,3,validation
2342627,122272,2025-03-21 18:15:00,3,validation
2342627,122273,2025-03-21 18:15:00,3,validation
2344399,122274,2025-03-21 22:50:00,3,validation
2344399,122275,2025-03-21 22:50:00,3,validation
2349136,122276,2025-03-22 13:00:00,3,validation
2349136,122277,2025-03-22 13:00:00,3,validation
2349136,122278,2025-03-22 13:00:00,3,validation
2350954,122279,2025-03-22 16:20:00,3,validation
2350954,122280,2025-03-22 16:20:00,3,validation
2350954,122287,2025-03-22 16:20:00,3,validation
2356864,122286,2025-03-22 18:00:00,3,validation
2356866,122285,2025-03-22 18:00:00,3,validation
2356868,122282,2025-03-22 18:00:00,3,validation
2356869,122284,2025-03-22 18:00:00,3,validation
2356870,122283,2025-03-22 18:00:00,3,validation
2356871,122281,2025-03-22 18:00:00,3,validation
2349137,122288,2025-03-22 20:40:00,3,validation
2349137,122289,2025-03-22 20:40:00,3,validation
2350955,122290,2025-03-22 23:30:00,3,validation
2350955,122291,2025-03-22 23:30:00,3,validation
2350955,122292,2025-03-22 23:30:00,3,validation
2357022,122293,2025-03-23 13:00:00,3,validation
2357022,122294,2025-03-23 13:00:00,3,validation
2357022,122295,2025-03-23 13:00:00,3,validation
2356481,122296,2025-03-23 18:10:00,3,validation
2356481,122297,2025-03-23 18:10:00,3,validation
2364262,122298,2025-03-23 20:55:00,3,validation
2364262,122299,2025-03-23 20:55:00,3,validation
2363434,122300,2025-03-23 23:20:00,3,validation
2363434,122301,2025-03-23 23:20:00,3,validation
2357023,122302,2025-03-24 13:00:00,3,validation
2357023,122303,2025-03-24 13:00:00,3,validation
2369235,122304,2025-03-24 15:45:00,3,validation
2369235,122305,2025-03-24 15:45:00,3,validation
2371525,122309,2025-03-24 18:00:00,3,validation
2371526,122308,2025-03-24 18:00:00,3,validation
2371530,122306,2025-03-24 18:00:00,3,validation
2371531,122307,2025-03-24 18:00:00,3,validation
2364263,122310,2025-03-24 18:35:00,3,validation
2364263,122312,2025-03-24 18:35:00,3,validation
2375153,122311,2025-03-24 19:10:00,3,validation
2375153,122313,2025-03-24 19:10:00,3,validation
2375153,122314,2025-03-24 19:10:00,3,validation
2370595,122315,2025-03-24 21:05:00,3,validation
2370595,122316,2025-03-24 21:05:00,3,validation
2340575,122318,2025-03-25 22:00:00,3,validation
2340575,122320,2025-03-25 22:00:00,3,validation
2340576,122317,2025-03-25 22:00:00,3,validation
2340576,122319,2025-03-25 22:00:00,3,validation
2340579,122321,2025-03-26 22:00:00,3,validation
2340579,122323,2025-03-26 22:00:00,3,validation
2344228,122322,2025-03-26 22:00:00,3,validation
580027,128049,2023-10-25 18:00:00,4,train
557633,115876,2023-10-25 20:00:00,4,train
557626,115874,2023-10-25 20:30:00,4,train
557626,115877,2023-10-25 20:30:00,4,train
557626,115878,2023-10-25 20:30:00,4,train
487656,115881,2023-10-26 12:00:00,4,train
487656,115882,2023-10-26 12:00:00,4,train
487656,115883,2023-10-26 12:00:00,4,train
588338,115879,2023-10-26 12:00:00,4,train
588338,115880,2023-10-26 12:00:00,4,train
589226,115884,2023-10-26 15:00:00,4,train
589226,115887,2023-10-26 15:00:00,4,train
566813,115886,2023-10-26 16:00:00,4,train
566813,115888,2023-10-26 16:00:00,4,train
566815,115885,2023-10-26 16:00:00,4,train
566815,115889,2023-10-26 16:00:00,4,train
589725,115892,2023-10-26 18:00:00,4,train
566812,115893,2023-10-26 19:00:00,4,train
566812,115895,2023-10-26 19:00:00,4,train
566812,115897,2023-10-26 19:00:00,4,train
566814,115894,2023-10-26 19:00:00,4,train
566814,115896,2023-10-26 19:00:00,4,train
585168,115898,2023-10-26 21:00:00,4,train
585168,115899,2023-10-26 21:00:00,4,train
585168,115900,2023-10-26 21:00:00,4,train
589049,115901,2023-10-27 11:00:00,4,train
589049,115902,2023-10-27 11:00:00,4,train
589049,115903,2023-10-27 11:00:00,4,train
593763,115905,2023-10-27 13:30:00,4,train
593763,115907,2023-10-27 13:30:00,4,train
589047,115904,2023-10-27 14:15:00,4,train
589047,115906,2023-10-27 14:15:00,4,train
589732,115908,2023-10-27 15:00:00,4,train
589732,115909,2023-10-27 15:00:00,4,train
589734,115910,2023-10-27 16:00:00,4,train
589734,115911,2023-10-27 16:00:00,4,train
589734,115914,2023-10-27 16:00:00,4,train
592593,115913,2023-10-27 16:30:00,4,train
592593,115916,2023-10-27 16:30:00,4,train
592593,115918,2023-10-27 16:30:00,4,train
589048,115912,2023-10-27 17:30:00,4,train
589048,115915,2023-10-27 17:30:00,4,train
589048,115921,2023-10-27 17:30:00,4,train
589731,115917,2023-10-27 19:00:00,4,train
589731,115920,2023-10-27 19:00:00,4,train
589731,115922,2023-10-27 19:00:00,4,train
589733,115919,2023-10-27 19:00:00,4,train
589733,115923,2023-10-27 19:00:00,4,train
589733,115927,2023-10-27 19:00:00,4,train
487653,115925,2023-10-27 20:00:00,4,train
589046,115924,2023-10-27 21:00:00,4,train
589046,115926,2023-10-27 21:00:00,4,train
557551,115928,2023-10-28 10:30:00,4,train
597061,115929,2023-10-28 11:00:00,4,train
597061,115931,2023-10-28 11:00:00,4,train
597060,115932,2023-10-28 14:00:00,4,train
597060,115933,2023-10-28 14:00:00,4,train
597060,115934,2023-10-28 14:00:00,4,train
593237,115937,2023-10-28 16:00:00,4,train
593237,115939,2023-10-28 16:00:00,4,train
593237,115941,2023-10-28 16:00:00,4,train
593332,115935,2023-10-28 16:00:00,4,train
593332,115936,2023-10-28 16:00:00,4,train
597458,115938,2023-10-28 17:00:00,4,train
597458,115940,2023-10-28 17:00:00,4,train
597458,115942,2023-10-28 17:00:00,4,train
593331,115943,2023-10-28 19:00:00,4,train
593331,115944,2023-10-28 19:00:00,4,train
593331,115948,2023-10-28 19:00:00,4,train
593236,115946,2023-10-28 19:30:00,4,train
593236,115950,2023-10-28 19:30:00,4,train
593236,115952,2023-10-28 19:30:00,4,train
597457,115945,2023-10-28 20:00:00,4,train
597457,115947,2023-10-28 20:00:00,4,train
601536,115953,2023-10-29 10:30:00,4,train
601536,115954,2023-10-29 10:30:00,4,train
601210,115955,2023-10-29 12:00:00,4,train
601210,115956,2023-10-29 12:00:00,4,train
601210,115957,2023-10-29 12:00:00,4,train
597261,115958,2023-10-29 17:00:00,4,train
597261,115960,2023-10-29 17:00:00,4,train
597261,115963,2023-10-29 17:00:00,4,train
597459,115959,2023-10-29 17:00:00,4,train
597459,115962,2023-10-29 17:00:00,4,train
597459,115965,2023-10-29 17:00:00,4,train
589045,115961,2023-10-29 18:00:00,4,train
589045,115964,2023-10-29 18:00:00,4,train
602151,115966,2023-10-29 20:00:00,4,train
602151,115968,2023-10-29 20:00:00,4,train
602151,115971,2023-10-29 20:00:00,4,train
602567,115967,2023-10-29 20:25:00,4,train
602567,115970,2023-10-29 20:25:00,4,train
602150,115969,2023-10-29 21:00:00,4,train
602150,115972,2023-10-29 21:00:00,4,train
589043,115973,2023-10-30 12:00:00,4,train
589043,115974,2023-10-30 12:00:00,4,train
589043,115975,2023-10-30 12:00:00,4,train
607261,115976,2023-10-30 14:00:00,4,train
607261,115978,2023-10-30 14:00:00,4,train
606592,115977,2023-10-30 15:00:00,4,train
606592,115979,2023-10-30 15:00:00,4,train
607260,115980,2023-10-30 17:00:00,4,train
607260,115982,2023-10-30 17:00:00,4,train
589042,115981,2023-10-30 18:00:00,4,train
589042,115983,2023-10-30 18:00:00,4,train
606591,115984,2023-10-30 21:30:00,4,train
606591,115986,2023-10-30 21:30:00,4,train
557650,115985,2023-10-30 22:00:00,4,train
609845,115987,2023-10-31 12:00:00,4,train
609845,115988,2023-10-31 12:00:00,4,train
609844,115989,2023-10-31 15:00:00,4,train
609844,115990,2023-10-31 15:00:00,4,train
609844,115992,2023-10-31 15:00:00,4,train
607263,115991,2023-10-31 17:00:00,4,train
607263,115993,2023-10-31 17:00:00,4,train
607262,115995,2023-10-31 20:00:00,4,train
607262,115998,2023-10-31 20:00:00,4,train
557637,116004,2023-10-31 21:00:00,4,train
557638,116005,2023-10-31 21:00:00,4,train
557639,116003,2023-10-31 21:00:00,4,train
557645,116001,2023-10-31 21:00:00,4,train
557645,116002,2023-10-31 21:00:00,4,train
557647,115997,2023-10-31 21:00:00,4,train
557647,115999,2023-10-31 21:00:00,4,train
557647,116006,2023-10-31 21:00:00,4,train
613289,115996,2023-10-31 21:10:00,4,train
613289,116000,2023-10-31 21:10:00,4,train
613289,116007,2023-10-31 21:10:00,4,train
557642,116008,2023-11-01 14:00:00,4,train
557642,116009,2023-11-01 14:00:00,4,train
557642,116010,2023-11-01 14:00:00,4,train
609846,116011,2023-11-01 17:00:00,4,train
609846,116012,2023-11-01 17:00:00,4,train
609846,116013,2023-11-01 17:00:00,4,train
613791,116014,2023-11-01 20:10:00,4,train
613791,116017,2023-11-01 20:10:00,4,train
613791,116018,2023-11-01 20:10:00,4,train
557623,116019,2023-11-01 21:00:00,4,train
557625,116015,2023-11-01 21:00:00,4,train
557632,116016,2023-11-01 21:00:00,4,train
618020,116020,2023-11-02 20:00:00,4,train
618020,116021,2023-11-02 20:00:00,4,train
618020,116022,2023-11-02 20:00:00,4,train
614391,116023,2023-11-03 12:00:00,4,train
614391,116024,2023-11-03 12:00:00,4,train
614389,116026,2023-11-03 18:10:00,4,train
614389,116027,2023-11-03 18:10:00,4,train
614388,116028,2023-11-03 21:00:00,4,train
614388,116029,2023-11-03 21:00:00,4,train
614388,116030,2023-11-03 21:00:00,4,train
614390,116025,2023-11-04 15:00:00,4,train
614390,116031,2023-11-04 15:00:00,4,train
624609,116032,2023-11-04 18:00:00,4,train
624609,116033,2023-11-04 18:00:00,4,train
624609,116034,2023-11-04 18:00:00,4,train
626378,116035,2023-11-04 21:30:00,4,train
626378,116036,2023-11-04 21:30:00,4,train
626378,116037,2023-11-04 21:30:00,4,train
627533,116038,2023-11-05 21:30:00,4,train
627533,116039,2023-11-05 21:30:00,4,train
630731,116040,2023-11-07 12:30:00,4,train
630731,116041,2023-11-07 12:30:00,4,train
630731,116042,2023-11-07 12:30:00,4,train
630728,116043,2023-11-07 15:30:00,4,train
625803,116048,2023-11-07 21:00:00,4,train
625805,116044,2023-11-07 21:00:00,4,train
625806,116045,2023-11-07 21:00:00,4,train
625809,116046,2023-11-07 21:00:00,4,train
625810,116047,2023-11-07 21:00:00,4,train
611950,116049,2023-11-08 08:30:00,4,train
640016,116050,2023-11-08 11:35:00,4,train
640016,116051,2023-11-08 11:35:00,4,train
640016,116053,2023-11-08 11:35:00,4,train
634158,116052,2023-11-08 12:30:00,4,train
634158,116054,2023-11-08 12:30:00,4,train
637705,116056,2023-11-08 15:30:00,4,train
637705,116057,2023-11-08 15:30:00,4,train
638391,116058,2023-11-08 18:30:00,4,train
638391,116059,2023-11-08 18:30:00,4,train
638391,116060,2023-11-08 18:30:00,4,train
638216,116066,2023-11-08 21:00:00,4,train
638216,116069,2023-11-08 21:00:00,4,train
638216,116074,2023-11-08 21:00:00,4,train
638217,116065,2023-11-08 21:00:00,4,train
638217,116072,2023-11-08 21:00:00,4,train
638217,116078,2023-11-08 21:00:00,4,train
638380,116064,2023-11-08 21:00:00,4,train
638380,116077,2023-11-08 21:00:00,4,train
638381,116061,2023-11-08 21:00:00,4,train
638381,116068,2023-11-08 21:00:00,4,train
638387,116063,2023-11-08 21:00:00,4,train
638387,116070,2023-11-08 21:00:00,4,train
638387,116075,2023-11-08 21:00:00,4,train
638557,116062,2023-11-08 21:00:00,4,train
638557,116071,2023-11-08 21:00:00,4,train
637062,116067,2023-11-08 21:30:00,4,train
637062,116073,2023-11-08 21:30:00,4,train
637062,116076,2023-11-08 21:30:00,4,train
611949,116079,2023-11-09 07:00:00,4,train
611948,116084,2023-11-09 08:30:00,4,train
644047,116085,2023-11-09 12:30:00,4,train
644047,116086,2023-11-09 12:30:00,4,train
644047,116087,2023-11-09 12:30:00,4,train
641382,116088,2023-11-09 14:30:00,4,train
641382,116090,2023-11-09 14:30:00,4,train
641382,116092,2023-11-09 14:30:00,4,train
644046,116089,2023-11-09 16:15:00,4,train
644046,116091,2023-11-09 16:15:00,4,train
642324,116093,2023-11-09 18:15:00,4,train
642324,116094,2023-11-09 18:15:00,4,train
645591,116095,2023-11-09 20:40:00,4,train
645591,116096,2023-11-09 20:40:00,4,train
645504,116097,2023-11-11 07:00:00,4,train
645504,116098,2023-11-11 07:00:00,4,train
645503,116099,2023-11-11 10:00:00,4,train
645503,116100,2023-11-11 10:00:00,4,train
645503,116101,2023-11-11 10:00:00,4,train
632665,116102,2023-11-11 17:55:00,4,train
632665,116103,2023-11-11 17:55:00,4,train
642313,116106,2023-11-11 21:00:00,4,train
642322,116104,2023-11-11 21:00:00,4,train
642322,116105,2023-11-11 21:00:00,4,train
650639,116107,2023-11-12 07:00:00,4,train
650639,116108,2023-11-12 07:00:00,4,train
650639,116109,2023-11-12 07:00:00,4,train
651309,116110,2023-11-12 10:30:00,4,train
651309,116111,2023-11-12 10:30:00,4,train
651309,116112,2023-11-12 10:30:00,4,train
655887,116113,2023-11-12 16:15:00,4,train
655887,116114,2023-11-12 16:15:00,4,train
632664,116115,2023-11-12 17:55:00,4,train
632664,116116,2023-11-12 17:55:00,4,train
625956,116117,2023-11-12 21:00:00,4,train
625956,116118,2023-11-12 21:00:00,4,train
625957,116119,2023-11-12 21:00:00,4,train
625957,116121,2023-11-12 21:00:00,4,train
625959,116122,2023-11-12 21:00:00,4,train
653253,116120,2023-11-12 21:00:00,4,train
653253,116123,2023-11-12 21:00:00,4,train
651571,116124,2023-11-13 13:30:00,4,train
651571,116125,2023-11-13 13:30:00,4,train
651571,116126,2023-11-13 13:30:00,4,train
651399,116127,2023-11-13 15:00:00,4,train
651570,116128,2023-11-13 16:30:00,4,train
651570,116129,2023-11-13 16:30:00,4,train
651570,116130,2023-11-13 16:30:00,4,train
656853,116132,2023-11-13 17:55:00,4,train
651398,116131,2023-11-13 18:00:00,4,train
651398,116133,2023-11-13 18:00:00,4,train
651398,116135,2023-11-13 18:00:00,4,train
651569,116134,2023-11-13 19:30:00,4,train
651569,116136,2023-11-13 19:30:00,4,train
651569,116137,2023-11-13 19:30:00,4,train
651568,116138,2023-11-13 23:00:00,4,train
651568,116139,2023-11-13 23:00:00,4,train
651568,116140,2023-11-13 23:00:00,4,train
662108,116141,2023-11-14 13:30:00,4,train
662108,116142,2023-11-14 13:30:00,4,train
662108,116144,2023-11-14 13:30:00,4,train
656852,116143,2023-11-14 14:55:00,4,train
656852,116145,2023-11-14 14:55:00,4,train
662109,116146,2023-11-14 17:00:00,4,train
662109,116149,2023-11-14 17:00:00,4,train
651396,116147,2023-11-14 18:00:00,4,train
651396,116148,2023-11-14 18:00:00,4,train
662110,116150,2023-11-14 20:00:00,4,train
662110,116151,2023-11-14 20:00:00,4,train
662111,116152,2023-11-14 22:30:00,4,train
662111,116153,2023-11-14 22:30:00,4,train
656430,116154,2023-11-15 13:30:00,4,train
656430,116155,2023-11-15 13:30:00,4,train
656430,116157,2023-11-15 13:30:00,4,train
651395,116156,2023-11-15 15:00:00,4,train
651395,116158,2023-11-15 15:00:00,4,train
660879,116159,2023-11-15 17:00:00,4,train
660879,116160,2023-11-15 17:00:00,4,train
657483,116161,2023-11-15 19:30:00,4,train
661959,116162,2023-11-15 22:30:00,4,train
664715,116164,2023-11-16 13:00:00,4,train
664715,116166,2023-11-16 13:00:00,4,train
664715,116169,2023-11-16 13:00:00,4,train
669660,116163,2023-11-16 13:30:00,4,train
669660,116165,2023-11-16 13:30:00,4,train
651393,116167,2023-11-16 15:00:00,4,train
651393,116168,2023-11-16 15:00:00,4,train
670527,116171,2023-11-16 16:30:00,4,train
664714,116170,2023-11-16 16:55:00,4,train
664714,116172,2023-11-16 16:55:00,4,train
664713,116174,2023-11-16 19:30:00,4,train
664713,116175,2023-11-16 19:30:00,4,train
669835,116173,2023-11-16 19:30:00,4,train
664712,116178,2023-11-16 22:00:00,4,train
673619,116176,2023-11-16 22:00:00,4,train
673619,116177,2023-11-16 22:00:00,4,train
671591,116179,2023-11-16 23:30:00,4,train
674022,116180,2023-11-17 10:30:00,4,train
674022,116181,2023-11-17 10:30:00,4,train
674023,116182,2023-11-17 10:30:00,4,train
674023,116183,2023-11-17 10:30:00,4,train
673567,116184,2023-11-17 13:00:00,4,train
673567,116185,2023-11-17 13:00:00,4,train
674356,116187,2023-11-17 13:30:00,4,train
674356,116188,2023-11-17 13:30:00,4,train
673566,116186,2023-11-17 14:10:00,4,train
673566,116189,2023-11-17 14:10:00,4,train
673566,116190,2023-11-17 14:10:00,4,train
676206,116191,2023-11-17 15:00:00,4,train
676206,116192,2023-11-17 15:00:00,4,train
673506,116193,2023-11-17 16:30:00,4,train
673506,116195,2023-11-17 16:30:00,4,train
674377,116194,2023-11-17 17:30:00,4,train
674377,116197,2023-11-17 17:30:00,4,train
674377,116200,2023-11-17 17:30:00,4,train
674833,116196,2023-11-17 17:30:00,4,train
674833,116199,2023-11-17 17:30:00,4,train
674487,116198,2023-11-17 19:00:00,4,train
670009,116201,2023-11-17 19:30:00,4,train
670009,116202,2023-11-17 19:30:00,4,train
670009,116203,2023-11-17 19:30:00,4,train
677665,116206,2023-11-17 22:00:00,4,train
670522,116207,2023-11-17 22:30:00,4,train
674486,116204,2023-11-17 23:00:00,4,train
674486,116205,2023-11-17 23:00:00,4,train
677273,116208,2023-11-18 10:30:00,4,train
677273,116209,2023-11-18 10:30:00,4,train
678440,116210,2023-11-18 17:00:00,4,train
681265,116211,2023-11-18 22:00:00,4,train
682582,116212,2023-11-19 17:00:00,4,train
682582,116214,2023-11-19 17:00:00,4,train
682582,116215,2023-11-19 17:00:00,4,train
682152,116213,2023-11-19 18:00:00,4,train
682152,116216,2023-11-19 18:00:00,4,train
684959,116217,2023-11-19 21:00:00,4,train
684959,116218,2023-11-19 21:00:00,4,train
678163,116220,2023-11-20 14:55:00,4,train
678163,116222,2023-11-20 14:55:00,4,train
685242,116223,2023-11-20 18:15:00,4,train
685242,116225,2023-11-20 18:15:00,4,train
685210,116224,2023-11-20 19:00:00,4,train
685210,116226,2023-11-20 19:00:00,4,train
688032,116227,2023-11-20 20:55:00,4,train
688032,116228,2023-11-20 20:55:00,4,train
679896,116229,2023-11-21 15:00:00,4,train
688340,116230,2023-11-21 17:55:00,4,train
688340,116232,2023-11-21 17:55:00,4,train
657209,116233,2023-11-21 21:00:00,4,train
657380,116231,2023-11-21 21:00:00,4,train
644620,116234,2023-11-22 12:00:00,4,train
644620,116235,2023-11-22 12:00:00,4,train
644619,116236,2023-11-22 14:10:00,4,train
644619,116238,2023-11-22 14:10:00,4,train
644619,116240,2023-11-22 14:10:00,4,train
679894,116237,2023-11-22 15:00:00,4,train
679894,116239,2023-11-22 15:00:00,4,train
644618,116241,2023-11-22 17:50:00,4,train
644618,116243,2023-11-22 17:50:00,4,train
679893,116242,2023-11-22 18:00:00,4,train
679893,116244,2023-11-22 18:00:00,4,train
644787,116245,2023-11-22 19:45:00,4,train
644787,116246,2023-11-22 19:45:00,4,train
694317,116247,2023-11-23 12:00:00,4,train
694317,116248,2023-11-23 12:00:00,4,train
694316,116249,2023-11-23 14:30:00,4,train
694316,116251,2023-11-23 14:30:00,4,train
694316,116253,2023-11-23 14:30:00,4,train
679892,116250,2023-11-23 15:00:00,4,train
679892,116252,2023-11-23 15:00:00,4,train
676202,116255,2023-11-23 18:00:00,4,train
676202,116257,2023-11-23 18:00:00,4,train
676202,116260,2023-11-23 18:00:00,4,train
679891,116254,2023-11-23 18:00:00,4,train
679891,116259,2023-11-23 18:00:00,4,train
695007,116256,2023-11-23 18:15:00,4,train
695007,116258,2023-11-23 18:15:00,4,train
695006,116261,2023-11-23 20:55:00,4,train
695006,116262,2023-11-23 20:55:00,4,train
695006,116264,2023-11-23 20:55:00,4,train
676204,116263,2023-11-23 21:00:00,4,train
676204,116265,2023-11-23 21:00:00,4,train
676200,116271,2023-11-24 12:00:00,4,train
676199,116272,2023-11-24 13:25:00,4,train
676198,116273,2023-11-24 14:50:00,4,train
676197,116274,2023-11-24 16:45:00,4,train
697699,116275,2023-11-24 17:30:00,4,train
697699,116278,2023-11-24 17:30:00,4,train
698192,116276,2023-11-24 18:00:00,4,train
698192,116279,2023-11-24 18:00:00,4,train
698192,116280,2023-11-24 18:00:00,4,train
699513,116277,2023-11-24 18:30:00,4,train
699860,116282,2023-11-24 20:00:00,4,train
698004,116281,2023-11-24 20:10:00,4,train
698004,116283,2023-11-24 20:10:00,4,train
698004,116286,2023-11-24 20:10:00,4,train
698605,116285,2023-11-24 21:30:00,4,train
699859,116284,2023-11-24 22:20:00,4,train
699859,116287,2023-11-24 22:20:00,4,train
699859,116288,2023-11-24 22:20:00,4,train
698604,116289,2023-11-24 23:00:00,4,train
698604,116290,2023-11-24 23:00:00,4,train
698604,116291,2023-11-24 23:00:00,4,train
698193,116292,2023-11-25 01:30:00,4,train
698193,116293,2023-11-25 01:30:00,4,train
698193,116294,2023-11-25 01:30:00,4,train
699512,116295,2023-11-25 12:00:00,4,train
699512,116296,2023-11-25 12:00:00,4,train
700790,116297,2023-11-25 14:35:00,4,train
700790,116298,2023-11-25 14:35:00,4,train
702291,116299,2023-11-25 17:15:00,4,train
702291,116301,2023-11-25 17:15:00,4,train
700107,116300,2023-11-25 17:30:00,4,train
700107,116302,2023-11-25 17:30:00,4,train
700107,116303,2023-11-25 17:30:00,4,train
701026,116304,2023-11-25 18:00:00,4,train
701381,116305,2023-11-25 21:30:00,4,train
701381,116307,2023-11-25 21:30:00,4,train
701381,116309,2023-11-25 21:30:00,4,train
700568,116306,2023-11-25 21:40:00,4,train
700568,116308,2023-11-25 21:40:00,4,train
700568,116310,2023-11-25 21:40:00,4,train
703259,116311,2023-11-26 01:00:00,4,train
703259,116312,2023-11-26 01:00:00,4,train
703471,116313,2023-11-26 03:30:00,4,train
703471,116314,2023-11-26 03:30:00,4,train
702946,116315,2023-11-26 11:00:00,4,train
702946,116316,2023-11-26 11:00:00,4,train
702946,116317,2023-11-26 11:00:00,4,train
702945,116318,2023-11-26 15:00:00,4,train
702945,116319,2023-11-26 15:00:00,4,train
702945,116320,2023-11-26 15:00:00,4,train
703484,116321,2023-11-26 19:00:00,4,train
703484,116322,2023-11-26 19:00:00,4,train
703893,116323,2023-11-26 21:20:00,4,train
703893,116324,2023-11-26 21:20:00,4,train
703893,116325,2023-11-26 21:20:00,4,train
700057,116328,2023-11-28 15:00:00,4,train
700057,116329,2023-11-28 15:00:00,4,train
700056,116330,2023-11-28 18:00:00,4,train
686700,116331,2023-11-29 14:00:00,4,train
700055,116333,2023-11-29 15:00:00,4,train
700055,116334,2023-11-29 15:00:00,4,train
686699,116332,2023-11-29 15:15:00,4,train
700054,116335,2023-11-29 18:00:00,4,train
700054,116337,2023-11-29 18:00:00,4,train
713239,116336,2023-11-29 18:00:00,4,train
713239,116338,2023-11-29 18:00:00,4,train
713239,116339,2023-11-29 18:00:00,4,train
713238,116340,2023-11-29 21:15:00,4,train
713238,116341,2023-11-29 21:15:00,4,train
713238,116342,2023-11-29 21:15:00,4,train
705447,116343,2023-11-30 13:30:00,4,train
705447,116345,2023-11-30 13:30:00,4,train
705447,116346,2023-11-30 13:30:00,4,train
686698,116344,2023-11-30 14:00:00,4,train
700053,116348,2023-11-30 15:00:00,4,train
686697,116347,2023-11-30 16:00:00,4,train
715731,116349,2023-11-30 18:00:00,4,train
715731,116350,2023-11-30 18:00:00,4,train
705443,116351,2023-11-30 19:30:00,4,train
705443,116352,2023-11-30 19:30:00,4,train
715730,116353,2023-11-30 20:30:00,4,train
715730,116354,2023-11-30 20:30:00,4,train
715730,116355,2023-11-30 20:30:00,4,train
705442,116356,2023-12-01 13:30:00,4,train
705442,116357,2023-12-01 13:30:00,4,train
705442,116358,2023-12-01 13:30:00,4,train
705446,116359,2023-12-01 16:30:00,4,train
705446,116361,2023-12-01 16:30:00,4,train
714117,116360,2023-12-01 17:00:00,4,train
714117,116362,2023-12-01 17:00:00,4,train
714117,116364,2023-12-01 17:00:00,4,train
710108,116363,2023-12-01 18:20:00,4,train
710108,116365,2023-12-01 18:20:00,4,train
705445,116366,2023-12-01 19:30:00,4,train
705445,116367,2023-12-01 19:30:00,4,train
716325,116368,2023-12-01 20:50:00,4,train
716325,116370,2023-12-01 20:50:00,4,train
710107,116369,2023-12-01 21:00:00,4,train
710107,116372,2023-12-01 21:00:00,4,train
712803,116371,2023-12-01 22:30:00,4,train
718350,116373,2023-12-02 16:30:00,4,train
718350,116375,2023-12-02 16:30:00,4,train
718273,116374,2023-12-02 17:00:00,4,train
718273,116376,2023-12-02 17:00:00,4,train
716310,116377,2023-12-02 19:30:00,4,train
716310,116380,2023-12-02 19:30:00,4,train
718274,116378,2023-12-02 20:00:00,4,train
718274,116379,2023-12-02 20:00:00,4,train
717650,116381,2023-12-02 22:30:00,4,train
717826,116382,2023-12-03 13:30:00,4,train
717826,116383,2023-12-03 13:30:00,4,train
718354,116384,2023-12-03 17:10:00,4,train
718354,116386,2023-12-03 17:10:00,4,train
720310,116385,2023-12-03 18:00:00,4,train
720310,116387,2023-12-03 18:00:00,4,train
720310,116389,2023-12-03 18:00:00,4,train
720310,116390,2023-12-03 18:00:00,4,train
717652,116388,2023-12-03 20:30:00,4,train
716311,116391,2023-12-03 22:30:00,4,train
716311,116392,2023-12-03 22:30:00,4,train
722448,116393,2023-12-04 13:30:00,4,train
722448,116394,2023-12-04 13:30:00,4,train
722448,116395,2023-12-04 13:30:00,4,train
722284,116397,2023-12-04 16:45:00,4,train
722284,116399,2023-12-04 16:45:00,4,train
722034,116400,2023-12-04 19:30:00,4,train
722034,116401,2023-12-04 19:30:00,4,train
722700,116402,2023-12-04 22:30:00,4,train
722700,116403,2023-12-04 22:30:00,4,train
722700,116404,2023-12-04 22:30:00,4,train
724305,116405,2023-12-05 13:30:00,4,train
724305,116407,2023-12-05 13:30:00,4,train
714458,116406,2023-12-05 14:15:00,4,train
714458,116408,2023-12-05 14:15:00,4,train
718164,116409,2023-12-05 15:00:00,4,train
718164,116411,2023-12-05 15:00:00,4,train
724676,116410,2023-12-05 16:30:00,4,train
724676,116412,2023-12-05 16:30:00,4,train
714457,116413,2023-12-05 17:25:00,4,train
714457,116414,2023-12-05 17:25:00,4,train
718163,116415,2023-12-05 18:15:00,4,train
718163,116416,2023-12-05 18:15:00,4,train
722282,116417,2023-12-05 19:30:00,4,train
665459,116418,2023-12-05 21:00:00,4,train
665459,116421,2023-12-05 21:00:00,4,train
718165,116419,2023-12-05 21:00:00,4,train
665456,116423,2023-12-05 22:00:00,4,train
722695,116420,2023-12-05 22:30:00,4,train
722695,116422,2023-12-05 22:30:00,4,train
714456,116424,2023-12-06 12:25:00,4,train
714456,116425,2023-12-06 12:25:00,4,train
714456,116427,2023-12-06 12:25:00,4,train
727022,116426,2023-12-06 13:30:00,4,train
727022,116428,2023-12-06 13:30:00,4,train
726727,116429,2023-12-06 16:30:00,4,train
726727,116431,2023-12-06 16:30:00,4,train
726727,116433,2023-12-06 16:30:00,4,train
714455,116430,2023-12-06 17:00:00,4,train
714455,116432,2023-12-06 17:00:00,4,train
718161,116434,2023-12-06 18:30:00,4,train
718161,116435,2023-12-06 18:30:00,4,train
718161,116438,2023-12-06 18:30:00,4,train
727021,116436,2023-12-06 19:30:00,4,train
727021,116437,2023-12-06 19:30:00,4,train
726930,116441,2023-12-06 21:00:00,4,train
726930,116444,2023-12-06 21:00:00,4,train
727033,116439,2023-12-06 21:00:00,4,train
727033,116443,2023-12-06 21:00:00,4,train
727033,116446,2023-12-06 21:00:00,4,train
727282,116440,2023-12-06 21:00:00,4,train
727282,116442,2023-12-06 21:00:00,4,train
727282,116445,2023-12-06 21:00:00,4,train
729100,116447,2023-12-07 12:00:00,4,train
729100,116448,2023-12-07 12:00:00,4,train
729555,116450,2023-12-07 15:00:00,4,train
729555,116451,2023-12-07 15:00:00,4,train
729555,116452,2023-12-07 15:00:00,4,train
726504,116449,2023-12-07 16:00:00,4,train
726504,116453,2023-12-07 16:00:00,4,train
726504,116456,2023-12-07 16:00:00,4,train
729554,116455,2023-12-07 18:00:00,4,train
729554,116457,2023-12-07 18:00:00,4,train
729783,116454,2023-12-07 18:00:00,4,train
729783,116458,2023-12-07 18:00:00,4,train
729783,116459,2023-12-07 18:00:00,4,train
729099,116460,2023-12-07 20:10:00,4,train
729099,116463,2023-12-07 20:10:00,4,train
729553,116466,2023-12-07 21:00:00,4,train
729673,116461,2023-12-07 21:00:00,4,train
729673,116464,2023-12-07 21:00:00,4,train
729674,116462,2023-12-07 21:00:00,4,train
729674,116465,2023-12-07 21:00:00,4,train
729675,116467,2023-12-07 21:00:00,4,train
721563,116468,2023-12-08 13:25:00,4,train
731974,116469,2023-12-08 16:10:00,4,train
731974,116470,2023-12-08 16:10:00,4,train
721561,116471,2023-12-08 17:00:00,4,train
733305,116472,2023-12-08 19:05:00,4,train
732062,116473,2023-12-08 21:15:00,4,train
732062,116476,2023-12-08 21:15:00,4,train
733533,116474,2023-12-08 22:00:00,4,train
733533,116475,2023-12-08 22:00:00,4,train
733242,116477,2023-12-09 14:30:00,4,train
733242,116480,2023-12-09 14:30:00,4,train
733782,116479,2023-12-09 16:00:00,4,train
733782,116482,2023-12-09 16:00:00,4,train
733929,116478,2023-12-09 16:00:00,4,train
733929,116481,2023-12-09 16:00:00,4,train
734026,116483,2023-12-09 21:00:00,4,train
734026,116484,2023-12-09 21:00:00,4,train
735354,116485,2023-12-10 12:00:00,4,train
735426,116486,2023-12-10 13:55:00,4,train
735426,116487,2023-12-10 13:55:00,4,train
735426,116488,2023-12-10 13:55:00,4,train
735426,116489,2023-12-10 13:55:00,4,train
735426,116490,2023-12-10 13:55:00,4,train
735864,116491,2023-12-10 21:00:00,4,train
734773,116495,2023-12-11 15:00:00,4,train
734773,116496,2023-12-11 15:00:00,4,train
734773,116497,2023-12-11 15:00:00,4,train
734771,116498,2023-12-11 21:00:00,4,train
734771,116499,2023-12-11 21:00:00,4,train
734771,116500,2023-12-11 21:00:00,4,train
739218,116501,2023-12-12 12:00:00,4,train
739218,116502,2023-12-12 12:00:00,4,train
738902,116503,2023-12-12 18:00:00,4,train
738902,116505,2023-12-12 18:00:00,4,train
738902,116507,2023-12-12 18:00:00,4,train
739488,116504,2023-12-12 18:00:00,4,train
738803,116506,2023-12-12 21:00:00,4,train
718511,116508,2023-12-13 09:00:00,4,train
718511,116509,2023-12-13 09:00:00,4,train
718510,116510,2023-12-13 11:25:00,4,train
718510,116511,2023-12-13 11:25:00,4,train
718509,116512,2023-12-13 13:35:00,4,train
718509,116513,2023-12-13 13:35:00,4,train
718508,116514,2023-12-13 16:10:00,4,train
718508,116515,2023-12-13 16:10:00,4,train
741744,116516,2023-12-13 18:00:00,4,train
743206,116517,2023-12-14 09:00:00,4,train
743206,116518,2023-12-14 09:00:00,4,train
743206,116519,2023-12-14 09:00:00,4,train
743205,116520,2023-12-14 12:00:00,4,train
743205,116521,2023-12-14 12:00:00,4,train
743698,116522,2023-12-14 14:30:00,4,train
743698,116523,2023-12-14 14:30:00,4,train
743697,116524,2023-12-14 16:30:00,4,train
743697,116525,2023-12-14 16:30:00,4,train
743697,116526,2023-12-14 16:30:00,4,train
745398,116527,2023-12-15 12:00:00,4,train
745398,116528,2023-12-15 12:00:00,4,train
745730,116529,2023-12-15 14:15:00,4,train
745730,116530,2023-12-15 14:15:00,4,train
745730,116531,2023-12-15 14:15:00,4,train
729299,116532,2023-12-15 18:00:00,4,train
729298,116533,2023-12-15 19:50:00,4,train
729300,116534,2023-12-15 21:10:00,4,train
729301,116535,2023-12-15 22:40:00,4,train
747512,116536,2023-12-16 00:30:00,4,train
746971,116537,2023-12-16 14:30:00,4,train
746971,116538,2023-12-16 14:30:00,4,train
747276,116539,2023-12-16 17:30:00,4,train
747276,116541,2023-12-16 17:30:00,4,train
747511,116542,2023-12-16 18:00:00,4,train
748298,116543,2023-12-16 20:45:00,4,train
748298,116544,2023-12-16 20:45:00,4,train
749416,116545,2023-12-16 23:15:00,4,train
749416,116546,2023-12-16 23:15:00,4,train
749339,116547,2023-12-17 17:00:00,4,train
749339,116549,2023-12-17 17:00:00,4,train
749770,116548,2023-12-17 17:00:00,4,train
749770,116550,2023-12-17 17:00:00,4,train
749769,116551,2023-12-17 19:45:00,4,train
749769,116552,2023-12-17 19:45:00,4,train
749769,116553,2023-12-17 19:45:00,4,train
751439,116554,2023-12-18 00:15:00,4,train
751439,116555,2023-12-18 00:15:00,4,train
759392,116558,2023-12-27 16:30:00,4,train
759392,116559,2023-12-27 16:30:00,4,train
759391,116560,2023-12-27 19:45:00,4,train
759391,116561,2023-12-27 19:45:00,4,train
759391,116562,2023-12-27 19:45:00,4,train
762276,116563,2023-12-28 13:00:00,4,train
762276,116564,2023-12-28 13:00:00,4,train
762276,116565,2023-12-28 13:00:00,4,train
762528,116566,2023-12-28 18:00:00,4,train
762528,116567,2023-12-28 18:00:00,4,train
763322,116568,2023-12-29 13:00:00,4,train
762527,116569,2023-12-29 15:30:00,4,train
762527,116570,2023-12-29 15:30:00,4,train
762527,116571,2023-12-29 15:30:00,4,train
764514,116572,2023-12-30 13:00:00,4,train
764514,116573,2023-12-30 13:00:00,4,train
765392,116574,2023-12-30 18:00:00,4,train
765392,116575,2023-12-30 18:00:00,4,train
778713,116579,2024-01-11 18:00:00,4,train
778715,116578,2024-01-11 18:00:00,4,train
778716,116580,2024-01-11 18:00:00,4,train
778717,116576,2024-01-11 18:00:00,4,train
778766,116577,2024-01-11 18:00:00,4,train
780414,116584,2024-01-13 05:00:00,4,train
780415,116583,2024-01-13 05:00:00,4,train
780416,116582,2024-01-13 05:00:00,4,train
780410,116587,2024-01-13 06:00:00,4,train
780411,116585,2024-01-13 06:00:00,4,train
780412,116586,2024-01-13 06:00:00,4,train
780413,116588,2024-01-13 06:00:00,4,train
781003,116589,2024-01-13 16:30:00,4,train
781057,116591,2024-01-13 18:00:00,4,train
781060,116590,2024-01-13 18:00:00,4,train
790966,116593,2024-01-18 19:05:00,4,train
790976,116592,2024-01-18 19:15:00,4,train
794080,116596,2024-01-18 22:00:00,4,train
794081,116597,2024-01-18 22:00:00,4,train
794083,116598,2024-01-18 22:00:00,4,train
794088,116595,2024-01-18 22:00:00,4,train
794090,116594,2024-01-18 22:00:00,4,train
794092,116599,2024-01-18 22:00:00,4,train
792766,116604,2024-01-19 02:00:00,4,train
792768,116602,2024-01-19 02:00:00,4,train
792769,116601,2024-01-19 02:00:00,4,train
781521,116606,2024-01-19 08:00:00,4,train
781520,116605,2024-01-19 09:00:00,4,train
794641,116608,2024-01-19 18:00:00,4,train
794642,116607,2024-01-19 18:00:00,4,train
794644,116609,2024-01-19 18:00:00,4,train
794645,116611,2024-01-19 18:00:00,4,train
794647,116610,2024-01-19 18:00:00,4,train
794635,116614,2024-01-19 19:15:00,4,train
794635,116616,2024-01-19 19:15:00,4,train
794635,116625,2024-01-19 19:15:00,4,train
794636,116612,2024-01-19 19:15:00,4,train
794636,116615,2024-01-19 19:15:00,4,train
794636,116618,2024-01-19 19:15:00,4,train
794639,116613,2024-01-19 19:15:00,4,train
794639,116617,2024-01-19 19:15:00,4,train
787191,116621,2024-01-19 22:00:00,4,train
787192,116622,2024-01-19 22:00:00,4,train
794633,116624,2024-01-19 22:00:00,4,train
794633,116630,2024-01-19 22:00:00,4,train
794637,116619,2024-01-19 22:10:00,4,train
794637,116628,2024-01-19 22:10:00,4,train
794638,116623,2024-01-19 22:10:00,4,train
794638,116631,2024-01-19 22:10:00,4,train
787187,116629,2024-01-19 23:10:00,4,train
787188,116634,2024-01-20 01:00:00,4,train
787190,116633,2024-01-20 01:00:00,4,train
795943,116635,2024-01-20 08:00:00,4,train
795943,116636,2024-01-20 08:00:00,4,train
795995,116637,2024-01-20 08:00:00,4,train
795995,116638,2024-01-20 08:00:00,4,train
796377,116643,2024-01-20 11:00:00,4,train
796377,116649,2024-01-20 11:00:00,4,train
796378,116641,2024-01-20 11:00:00,4,train
796378,116647,2024-01-20 11:00:00,4,train
796378,116648,2024-01-20 11:00:00,4,train
796381,116640,2024-01-20 11:00:00,4,train
796381,116645,2024-01-20 11:00:00,4,train
796508,116642,2024-01-20 11:00:00,4,train
796508,116646,2024-01-20 11:00:00,4,train
796508,116650,2024-01-20 11:00:00,4,train
798969,116639,2024-01-20 11:00:00,4,train
798969,116644,2024-01-20 11:00:00,4,train
797873,116655,2024-01-20 15:00:00,4,train
797873,116661,2024-01-20 15:00:00,4,train
797873,116665,2024-01-20 15:00:00,4,train
797874,116652,2024-01-20 15:00:00,4,train
797874,116656,2024-01-20 15:00:00,4,train
797879,116653,2024-01-20 15:00:00,4,train
797879,116658,2024-01-20 15:00:00,4,train
797880,116651,2024-01-20 15:00:00,4,train
797880,116660,2024-01-20 15:00:00,4,train
797881,116654,2024-01-20 15:00:00,4,train
797881,116657,2024-01-20 15:00:00,4,train
799496,116659,2024-01-20 15:30:00,4,train
799496,116662,2024-01-20 15:30:00,4,train
797870,116664,2024-01-20 18:00:00,4,train
797870,116669,2024-01-20 18:00:00,4,train
797872,116666,2024-01-20 18:00:00,4,train
797872,116671,2024-01-20 18:00:00,4,train
797876,116667,2024-01-20 18:05:00,4,train
797876,116670,2024-01-20 18:05:00,4,train
797878,116668,2024-01-20 18:05:00,4,train
797878,116672,2024-01-20 18:05:00,4,train
800315,116674,2024-01-20 21:20:00,4,train
800316,116673,2024-01-20 21:20:00,4,train
800317,116675,2024-01-20 21:20:00,4,train
800317,116676,2024-01-20 21:20:00,4,train
799131,116678,2024-01-21 02:00:00,4,train
799132,116677,2024-01-21 02:00:00,4,train
796253,116680,2024-01-21 06:00:00,4,train
799363,116679,2024-01-21 06:00:00,4,train
799363,116681,2024-01-21 06:00:00,4,train
796336,116682,2024-01-21 08:00:00,4,train
796336,116683,2024-01-21 08:00:00,4,train
799585,116684,2024-01-21 11:00:00,4,train
799585,116685,2024-01-21 11:00:00,4,train
800038,116686,2024-01-21 12:00:00,4,train
800038,116689,2024-01-21 12:00:00,4,train
802131,116687,2024-01-21 12:00:00,4,train
802131,116688,2024-01-21 12:00:00,4,train
802329,116690,2024-01-21 14:00:00,4,train
802329,116691,2024-01-21 14:00:00,4,train
802329,116692,2024-01-21 14:00:00,4,train
801291,116695,2024-01-21 16:00:00,4,train
801292,116693,2024-01-21 16:00:00,4,train
801292,116694,2024-01-21 16:00:00,4,train
802166,116696,2024-01-21 20:00:00,4,train
802162,116701,2024-01-21 23:00:00,4,train
802162,116702,2024-01-21 23:00:00,4,train
802163,116697,2024-01-21 23:00:00,4,train
802164,116698,2024-01-21 23:00:00,4,train
802164,116699,2024-01-21 23:00:00,4,train
802164,116700,2024-01-21 23:00:00,4,train
805127,116703,2024-01-22 13:15:00,4,train
805127,116707,2024-01-22 13:15:00,4,train
805127,116709,2024-01-22 13:15:00,4,train
805128,116704,2024-01-22 13:15:00,4,train
805128,116705,2024-01-22 13:15:00,4,train
787382,116706,2024-01-22 14:00:00,4,train
787382,116708,2024-01-22 14:00:00,4,train
787381,116710,2024-01-22 15:50:00,4,train
787381,116711,2024-01-22 15:50:00,4,train
787384,116712,2024-01-22 18:30:00,4,train
787384,116713,2024-01-22 18:30:00,4,train
787383,116715,2024-01-22 20:25:00,4,train
805765,116716,2024-01-23 08:30:00,4,train
805765,116717,2024-01-23 08:30:00,4,train
805765,116718,2024-01-23 08:30:00,4,train
806178,116719,2024-01-23 14:00:00,4,train
806178,116720,2024-01-23 14:00:00,4,train
806178,116721,2024-01-23 14:00:00,4,train
806177,116722,2024-01-23 17:40:00,4,train
806177,116723,2024-01-23 17:40:00,4,train
806778,116724,2024-01-23 19:30:00,4,train
806778,116725,2024-01-23 19:30:00,4,train
806778,116726,2024-01-23 19:30:00,4,train
806777,116727,2024-01-23 22:50:00,4,train
806777,116728,2024-01-23 22:50:00,4,train
787380,116729,2024-01-24 14:00:00,4,train
787380,116730,2024-01-24 14:00:00,4,train
787379,116731,2024-01-24 16:35:00,4,train
787379,116732,2024-01-24 16:35:00,4,train
787379,116733,2024-01-24 16:35:00,4,train
787378,116734,2024-01-24 20:00:00,4,train
787378,116735,2024-01-24 20:00:00,4,train
787377,116736,2024-01-24 22:15:00,4,train
787377,116737,2024-01-24 22:15:00,4,train
812850,116738,2024-01-25 14:00:00,4,train
812850,116739,2024-01-25 14:00:00,4,train
812849,116740,2024-01-25 16:10:00,4,train
812849,116741,2024-01-25 16:10:00,4,train
813406,116742,2024-01-25 18:30:00,4,train
813406,116743,2024-01-25 18:30:00,4,train
813406,116744,2024-01-25 18:30:00,4,train
813405,116745,2024-01-25 22:00:00,4,train
813405,116746,2024-01-25 22:00:00,4,train
813405,116747,2024-01-25 22:00:00,4,train
810096,116748,2024-01-26 14:00:00,4,train
810096,116749,2024-01-26 14:00:00,4,train
810096,116750,2024-01-26 14:00:00,4,train
809464,116751,2024-01-26 17:30:00,4,train
809464,116752,2024-01-26 17:30:00,4,train
815409,116753,2024-01-26 19:45:00,4,train
815409,116754,2024-01-26 19:45:00,4,train
815409,116755,2024-01-26 19:45:00,4,train
816384,116756,2024-01-26 23:00:00,4,train
816384,116757,2024-01-26 23:00:00,4,train
818252,116758,2024-01-27 14:00:00,4,train
818252,116759,2024-01-27 14:00:00,4,train
818252,116760,2024-01-27 14:00:00,4,train
818472,116761,2024-01-27 17:25:00,4,train
818472,116762,2024-01-27 17:25:00,4,train
818886,116763,2024-01-27 19:30:00,4,train
818886,116764,2024-01-27 19:30:00,4,train
819092,116765,2024-01-27 21:40:00,4,train
819092,116766,2024-01-27 21:40:00,4,train
821411,116767,2024-01-28 16:30:00,4,train
821411,116768,2024-01-28 16:30:00,4,train
821411,116769,2024-01-28 16:30:00,4,train
821095,116770,2024-01-28 20:30:00,4,train
821095,116771,2024-01-28 20:30:00,4,train
822509,116772,2024-01-29 17:00:00,4,train
822509,116773,2024-01-29 17:00:00,4,train
822508,116774,2024-01-30 14:00:00,4,train
822508,116775,2024-01-30 14:00:00,4,train
826771,116778,2024-01-30 20:00:00,4,train
822506,116779,2024-01-31 14:00:00,4,train
822505,116780,2024-01-31 17:00:00,4,train
822505,116782,2024-01-31 17:00:00,4,train
822505,116783,2024-01-31 17:00:00,4,train
800026,116781,2024-01-31 17:30:00,4,train
800025,116784,2024-01-31 18:45:00,4,train
800023,116785,2024-01-31 19:55:00,4,train
800022,116786,2024-01-31 20:00:00,4,train
800024,116787,2024-01-31 20:45:00,4,train
800021,116788,2024-01-31 21:00:00,4,train
831944,116789,2024-01-31 22:10:00,4,train
831944,116790,2024-01-31 22:10:00,4,train
831944,116791,2024-01-31 22:10:00,4,train
822504,116794,2024-02-01 14:00:00,4,train
822504,116795,2024-02-01 14:00:00,4,train
822504,116796,2024-02-01 14:00:00,4,train
832380,116793,2024-02-01 15:30:00,4,train
832380,116798,2024-02-01 15:30:00,4,train
832380,116800,2024-02-01 15:30:00,4,train
832381,116792,2024-02-01 15:30:00,4,train
832381,116797,2024-02-01 15:30:00,4,train
822503,116799,2024-02-01 17:00:00,4,train
822503,116801,2024-02-01 17:00:00,4,train
822503,116802,2024-02-01 17:00:00,4,train
832377,116803,2024-02-01 18:45:00,4,train
832377,116804,2024-02-01 18:45:00,4,train
832378,116805,2024-02-01 21:30:00,4,train
832378,116806,2024-02-01 21:30:00,4,train
832378,116809,2024-02-01 21:30:00,4,train
831943,116807,2024-02-01 22:30:00,4,train
831943,116808,2024-02-01 22:30:00,4,train
835097,116810,2024-02-02 18:30:00,4,train
835097,116812,2024-02-02 18:30:00,4,train
835097,116814,2024-02-02 18:30:00,4,train
835283,116811,2024-02-02 18:30:00,4,train
835283,116813,2024-02-02 18:30:00,4,train
835283,116815,2024-02-02 18:30:00,4,train
835282,116816,2024-02-02 22:00:00,4,train
835282,116817,2024-02-02 22:00:00,4,train
835282,116818,2024-02-02 22:00:00,4,train
837314,116820,2024-02-03 15:30:00,4,train
837314,116822,2024-02-03 15:30:00,4,train
837314,116823,2024-02-03 15:30:00,4,train
837316,116819,2024-02-03 15:30:00,4,train
837316,116821,2024-02-03 15:30:00,4,train
837315,116824,2024-02-03 19:25:00,4,train
837315,116825,2024-02-03 19:25:00,4,train
837315,116827,2024-02-03 19:25:00,4,train
837661,116826,2024-02-03 21:30:00,4,train
837661,116828,2024-02-03 21:30:00,4,train
837660,116829,2024-02-03 23:00:00,4,train
837660,116830,2024-02-03 23:00:00,4,train
837660,116831,2024-02-03 23:00:00,4,train
837313,116832,2024-02-04 15:30:00,4,train
837313,116834,2024-02-04 15:30:00,4,train
837659,116833,2024-02-04 15:30:00,4,train
837659,116835,2024-02-04 15:30:00,4,train
839543,116837,2024-02-04 18:30:00,4,train
839541,116838,2024-02-04 19:30:00,4,train
839541,116839,2024-02-04 19:30:00,4,train
839541,116840,2024-02-04 19:30:00,4,train
839270,116841,2024-02-04 23:00:00,4,train
839270,116842,2024-02-04 23:00:00,4,train
839270,116843,2024-02-04 23:00:00,4,train
839723,116847,2024-02-05 15:30:00,4,train
839723,116849,2024-02-05 15:30:00,4,train
839723,116850,2024-02-05 15:30:00,4,train
841470,116846,2024-02-05 15:30:00,4,train
841470,116848,2024-02-05 15:30:00,4,train
841469,116853,2024-02-05 18:30:00,4,train
839722,116852,2024-02-05 19:30:00,4,train
839722,116854,2024-02-05 19:30:00,4,train
841904,116855,2024-02-05 21:30:00,4,train
841904,116859,2024-02-05 21:30:00,4,train
841734,116856,2024-02-05 21:45:00,4,train
841734,116858,2024-02-05 21:45:00,4,train
841734,116860,2024-02-05 21:45:00,4,train
844176,116862,2024-02-06 15:30:00,4,train
844176,116865,2024-02-06 15:30:00,4,train
844329,116861,2024-02-06 15:30:00,4,train
844329,116864,2024-02-06 15:30:00,4,train
844329,116866,2024-02-06 15:30:00,4,train
837895,116867,2024-02-06 17:00:00,4,train
837895,116870,2024-02-06 17:00:00,4,train
842070,116868,2024-02-06 18:30:00,4,train
842070,116871,2024-02-06 18:30:00,4,train
844897,116869,2024-02-06 18:30:00,4,train
844897,116872,2024-02-06 18:30:00,4,train
844328,116873,2024-02-06 21:30:00,4,train
844328,116875,2024-02-06 21:30:00,4,train
847132,116874,2024-02-06 21:30:00,4,train
847132,116876,2024-02-06 21:30:00,4,train
837894,116877,2024-02-07 14:00:00,4,train
837894,116878,2024-02-07 14:00:00,4,train
837893,116879,2024-02-07 17:00:00,4,train
837893,116880,2024-02-07 17:00:00,4,train
837893,116881,2024-02-07 17:00:00,4,train
837892,116882,2024-02-08 14:00:00,4,train
837892,116883,2024-02-08 14:00:00,4,train
837891,116886,2024-02-08 17:30:00,4,train
837891,116890,2024-02-08 17:30:00,4,train
851025,116884,2024-02-08 17:30:00,4,train
851025,116888,2024-02-08 17:30:00,4,train
851026,116887,2024-02-08 17:30:00,4,train
851026,116891,2024-02-08 17:30:00,4,train
851027,116885,2024-02-08 17:30:00,4,train
851027,116889,2024-02-08 17:30:00,4,train
854449,116892,2024-02-08 21:30:00,4,train
854449,116894,2024-02-08 21:30:00,4,train
854449,116896,2024-02-08 21:30:00,4,train
854451,116893,2024-02-08 21:30:00,4,train
854452,116895,2024-02-08 21:30:00,4,train
849274,116897,2024-02-09 16:00:00,4,train
855147,116898,2024-02-09 17:30:00,4,train
847918,116899,2024-02-09 18:15:00,4,train
847918,116900,2024-02-09 18:15:00,4,train
847919,116901,2024-02-09 21:30:00,4,train
847919,116904,2024-02-09 21:30:00,4,train
847919,116905,2024-02-09 21:30:00,4,train
855148,116903,2024-02-09 21:30:00,4,train
857715,116902,2024-02-09 21:30:00,4,train
849272,116906,2024-02-10 16:00:00,4,train
858102,116908,2024-02-10 17:30:00,4,train
858102,116910,2024-02-10 17:30:00,4,train
857776,116907,2024-02-10 18:15:00,4,train
857776,116909,2024-02-10 18:15:00,4,train
858291,116911,2024-02-10 21:30:00,4,train
858291,116912,2024-02-10 21:30:00,4,train
861321,116913,2024-02-10 23:00:00,4,train
861529,116915,2024-02-11 19:00:00,4,train
861529,116916,2024-02-11 19:00:00,4,train
861529,116918,2024-02-11 19:00:00,4,train
862188,116917,2024-02-11 19:30:00,4,train
864737,116919,2024-02-11 22:00:00,4,train
864737,116920,2024-02-11 22:00:00,4,train
864737,116921,2024-02-11 22:00:00,4,train
849621,116923,2024-02-14 14:00:00,4,train
849622,116922,2024-02-14 14:00:00,4,train
849619,116924,2024-02-14 15:00:00,4,train
849618,116925,2024-02-14 16:00:00,4,train
849615,116927,2024-02-14 17:15:00,4,train
877145,116928,2024-02-14 19:00:00,4,train
877146,116929,2024-02-14 19:00:00,4,train
877142,116930,2024-02-14 20:40:00,4,train
877139,116931,2024-02-14 21:40:00,4,train
877141,116932,2024-02-14 22:10:00,4,train
878398,116934,2024-02-15 14:00:00,4,train
878396,116935,2024-02-15 14:55:00,4,train
878395,116936,2024-02-15 16:15:00,4,train
878395,116938,2024-02-15 16:15:00,4,train
878394,116937,2024-02-15 16:25:00,4,train
878394,116939,2024-02-15 16:25:00,4,train
878393,116940,2024-02-15 18:35:00,4,train
878393,116943,2024-02-15 18:35:00,4,train
878392,116941,2024-02-15 18:40:00,4,train
878392,116942,2024-02-15 18:40:00,4,train
878392,116944,2024-02-15 18:40:00,4,train
882161,116945,2024-02-16 14:00:00,4,train
882161,116946,2024-02-16 14:00:00,4,train
882161,116947,2024-02-16 14:00:00,4,train
882159,116949,2024-02-16 16:40:00,4,train
882159,116950,2024-02-16 16:40:00,4,train
882160,116948,2024-02-16 17:00:00,4,train
882160,116951,2024-02-16 17:00:00,4,train
882160,116952,2024-02-16 17:00:00,4,train
885878,116955,2024-02-17 14:00:00,4,train
885878,116956,2024-02-17 14:00:00,4,train
885878,116957,2024-02-17 14:00:00,4,train
885877,116958,2024-02-17 17:25:00,4,train
885877,116959,2024-02-17 17:25:00,4,train
889069,116960,2024-02-18 16:00:00,4,train
889068,116961,2024-02-18 19:00:00,4,train
853203,116963,2024-02-19 14:00:00,4,train
853204,116962,2024-02-19 14:00:00,4,train
853202,116964,2024-02-19 14:50:00,4,train
853201,116965,2024-02-19 15:10:00,4,train
853199,116966,2024-02-19 15:35:00,4,train
853200,116967,2024-02-19 16:15:00,4,train
853198,116968,2024-02-19 16:25:00,4,train
853197,116969,2024-02-19 17:20:00,4,train
894207,116971,2024-02-19 20:30:00,4,train
894208,116970,2024-02-19 20:30:00,4,train
894034,116973,2024-02-19 21:40:00,4,train
894206,116972,2024-02-19 21:40:00,4,train
894033,116974,2024-02-19 22:45:00,4,train
894993,116975,2024-02-20 14:00:00,4,train
894994,116976,2024-02-20 14:00:00,4,train
894991,116977,2024-02-20 15:00:00,4,train
894992,116978,2024-02-20 15:00:00,4,train
894989,116979,2024-02-20 16:20:00,4,train
894989,116981,2024-02-20 16:20:00,4,train
894989,116983,2024-02-20 16:20:00,4,train
894990,116980,2024-02-20 16:25:00,4,train
894990,116982,2024-02-20 16:25:00,4,train
894990,116984,2024-02-20 16:25:00,4,train
894987,116985,2024-02-20 19:20:00,4,train
894987,116987,2024-02-20 19:20:00,4,train
894988,116986,2024-02-20 19:45:00,4,train
894988,116988,2024-02-20 19:45:00,4,train
894988,116989,2024-02-20 19:45:00,4,train
898159,116991,2024-02-21 14:00:00,4,train
898159,116993,2024-02-21 14:00:00,4,train
898159,116995,2024-02-21 14:00:00,4,train
898160,116990,2024-02-21 14:00:00,4,train
898160,116992,2024-02-21 14:00:00,4,train
898160,116994,2024-02-21 14:00:00,4,train
898158,116996,2024-02-21 17:00:00,4,train
898158,116998,2024-02-21 17:00:00,4,train
898157,116997,2024-02-21 17:40:00,4,train
898157,116999,2024-02-21 17:40:00,4,train
898155,117000,2024-02-21 19:00:00,4,train
898155,117003,2024-02-21 19:00:00,4,train
898156,117001,2024-02-21 19:30:00,4,train
898156,117002,2024-02-21 19:30:00,4,train
901929,117004,2024-02-22 14:00:00,4,train
901929,117005,2024-02-22 14:00:00,4,train
901928,117006,2024-02-22 19:00:00,4,train
901928,117007,2024-02-22 19:00:00,4,train
904917,117008,2024-02-23 14:00:00,4,train
904917,117009,2024-02-23 14:00:00,4,train
904916,117010,2024-02-23 16:20:00,4,train
904916,117011,2024-02-23 16:20:00,4,train
904915,117012,2024-02-23 18:25:00,4,train
904915,117013,2024-02-23 18:25:00,4,train
908532,117014,2024-02-24 02:30:00,4,train
908532,117015,2024-02-24 02:30:00,4,train
908532,117016,2024-02-24 02:30:00,4,train
908100,117017,2024-02-24 14:00:00,4,train
908100,117018,2024-02-24 14:00:00,4,train
910831,117019,2024-02-24 16:50:00,4,train
910831,117020,2024-02-24 16:50:00,4,train
910831,117021,2024-02-24 16:50:00,4,train
858555,117022,2024-02-26 14:00:00,4,train
858555,117023,2024-02-26 14:00:00,4,train
917106,117026,2024-02-26 22:00:00,4,train
917106,117027,2024-02-26 22:00:00,4,train
916250,117028,2024-02-27 05:00:00,4,train
916250,117029,2024-02-27 05:00:00,4,train
916645,117030,2024-02-27 08:00:00,4,train
916645,117031,2024-02-27 08:00:00,4,train
858553,117032,2024-02-27 14:00:00,4,train
858553,117033,2024-02-27 14:00:00,4,train
920689,117034,2024-02-27 14:00:00,4,train
920689,117035,2024-02-27 14:00:00,4,train
917104,117036,2024-02-27 22:00:00,4,train
917104,117037,2024-02-27 22:00:00,4,train
916982,117038,2024-02-28 05:00:00,4,train
916982,117039,2024-02-28 05:00:00,4,train
921537,117040,2024-02-28 08:00:00,4,train
921537,117041,2024-02-28 08:00:00,4,train
924485,117042,2024-02-28 11:00:00,4,train
924485,117043,2024-02-28 11:00:00,4,train
924485,117044,2024-02-28 11:00:00,4,train
858550,117045,2024-02-28 17:00:00,4,train
858550,117046,2024-02-28 17:00:00,4,train
858550,117047,2024-02-28 17:00:00,4,train
923736,117048,2024-02-28 19:00:00,4,train
923736,117049,2024-02-28 19:00:00,4,train
926163,117050,2024-02-28 21:30:00,4,train
907491,117051,2024-02-29 13:00:00,4,train
858549,117052,2024-02-29 14:00:00,4,train
858549,117053,2024-02-29 14:00:00,4,train
907489,117054,2024-02-29 16:00:00,4,train
858548,117056,2024-02-29 17:00:00,4,train
858548,117057,2024-02-29 17:00:00,4,train
858548,117059,2024-02-29 17:00:00,4,train
926742,117055,2024-02-29 17:30:00,4,train
926742,117058,2024-02-29 17:30:00,4,train
907490,117060,2024-02-29 19:00:00,4,train
907490,117061,2024-02-29 19:00:00,4,train
907490,117062,2024-02-29 19:00:00,4,train
926740,117063,2024-02-29 21:30:00,4,train
926740,117064,2024-02-29 21:30:00,4,train
926740,117065,2024-02-29 21:30:00,4,train
907488,117066,2024-02-29 22:00:00,4,train
907488,117067,2024-02-29 22:00:00,4,train
926360,117068,2024-03-01 13:00:00,4,train
929683,117069,2024-03-01 17:30:00,4,train
926359,117070,2024-03-01 19:00:00,4,train
926359,117071,2024-03-01 19:00:00,4,train
931781,117073,2024-03-01 21:30:00,4,train
931781,117078,2024-03-01 21:30:00,4,train
917102,117072,2024-03-01 22:00:00,4,train
917103,117074,2024-03-01 22:00:00,4,train
917101,117075,2024-03-01 23:00:00,4,train
917100,117076,2024-03-01 23:15:00,4,train
917098,117077,2024-03-02 00:00:00,4,train
917099,117079,2024-03-02 00:25:00,4,train
917096,117080,2024-03-02 00:50:00,4,train
917097,117081,2024-03-02 01:15:00,4,train
929389,117082,2024-03-02 13:00:00,4,train
929389,117083,2024-03-02 13:00:00,4,train
929696,117084,2024-03-02 16:00:00,4,train
932760,117086,2024-03-02 19:00:00,4,train
932761,117085,2024-03-02 19:00:00,4,train
932758,117087,2024-03-02 20:00:00,4,train
932759,117088,2024-03-02 20:00:00,4,train
932756,117090,2024-03-02 21:00:00,4,train
932756,117091,2024-03-02 21:00:00,4,train
932757,117089,2024-03-02 21:10:00,4,train
932757,117092,2024-03-02 21:10:00,4,train
932755,117093,2024-03-02 23:00:00,4,train
932755,117096,2024-03-02 23:00:00,4,train
932755,117097,2024-03-02 23:00:00,4,train
932754,117094,2024-03-02 23:20:00,4,train
932754,117095,2024-03-02 23:20:00,4,train
932754,117098,2024-03-02 23:20:00,4,train
934251,117099,2024-03-03 13:00:00,4,train
932256,117100,2024-03-03 16:00:00,4,train
934079,117103,2024-03-03 19:00:00,4,train
934504,117101,2024-03-03 19:00:00,4,train
934504,117104,2024-03-03 19:00:00,4,train
934504,117110,2024-03-03 19:00:00,4,train
934505,117102,2024-03-03 19:00:00,4,train
934505,117105,2024-03-03 19:00:00,4,train
934855,117109,2024-03-03 20:00:00,4,train
934857,117107,2024-03-03 20:00:00,4,train
934859,117106,2024-03-03 20:00:00,4,train
934860,117108,2024-03-03 20:00:00,4,train
934503,117111,2024-03-03 21:00:00,4,train
934503,117112,2024-03-03 21:00:00,4,train
931893,117114,2024-03-03 22:00:00,4,train
931893,117117,2024-03-03 22:00:00,4,train
934501,117113,2024-03-03 22:00:00,4,train
934501,117115,2024-03-03 22:00:00,4,train
934501,117118,2024-03-03 22:00:00,4,train
934502,117116,2024-03-03 22:45:00,4,train
934502,117119,2024-03-03 22:45:00,4,train
934502,117121,2024-03-03 22:45:00,4,train
934500,117120,2024-03-04 00:25:00,4,train
934500,117122,2024-03-04 00:25:00,4,train
933171,117123,2024-03-04 14:00:00,4,train
933171,117124,2024-03-04 14:00:00,4,train
937140,117125,2024-03-04 16:00:00,4,train
937140,117126,2024-03-04 16:00:00,4,train
937140,117127,2024-03-04 16:00:00,4,train
937141,117129,2024-03-04 19:00:00,4,train
937372,117128,2024-03-04 19:00:00,4,train
937372,117130,2024-03-04 19:00:00,4,train
937371,117131,2024-03-04 20:50:00,4,train
937371,117132,2024-03-04 20:50:00,4,train
937371,117133,2024-03-04 20:50:00,4,train
937370,117134,2024-03-05 00:10:00,4,train
937370,117135,2024-03-05 00:10:00,4,train
937370,117136,2024-03-05 00:10:00,4,train
939991,117139,2024-03-05 16:00:00,4,train
939991,117140,2024-03-05 16:00:00,4,train
939991,117141,2024-03-05 16:00:00,4,train
933169,117142,2024-03-05 17:00:00,4,train
933169,117143,2024-03-05 17:00:00,4,train
933169,117145,2024-03-05 17:00:00,4,train
939518,117144,2024-03-05 19:00:00,4,train
939518,117146,2024-03-05 19:00:00,4,train
939518,117148,2024-03-05 19:00:00,4,train
942893,117147,2024-03-05 20:00:00,4,train
935368,117149,2024-03-05 22:00:00,4,train
933168,117150,2024-03-06 14:00:00,4,train
933168,117151,2024-03-06 14:00:00,4,train
933167,117152,2024-03-06 17:00:00,4,train
922895,117153,2024-03-06 17:30:00,4,train
922895,117154,2024-03-06 17:30:00,4,train
944724,117155,2024-03-06 19:00:00,4,train
944724,117158,2024-03-06 19:00:00,4,train
944724,117160,2024-03-06 19:00:00,4,train
948419,117156,2024-03-06 19:00:00,4,train
948419,117159,2024-03-06 19:00:00,4,train
948419,117162,2024-03-06 19:00:00,4,train
922894,117157,2024-03-06 19:55:00,4,train
922894,117161,2024-03-06 19:55:00,4,train
935361,117164,2024-03-06 22:00:00,4,train
935362,117166,2024-03-06 22:00:00,4,train
935362,117167,2024-03-06 22:00:00,4,train
939136,117169,2024-03-06 22:00:00,4,train
922891,117163,2024-03-06 22:15:00,4,train
922891,117165,2024-03-06 22:15:00,4,train
922891,117168,2024-03-06 22:15:00,4,train
950496,117170,2024-03-07 17:15:00,4,train
950496,117172,2024-03-07 17:15:00,4,train
950496,117174,2024-03-07 17:15:00,4,train
922893,117171,2024-03-07 17:30:00,4,train
922893,117173,2024-03-07 17:30:00,4,train
922893,117175,2024-03-07 17:30:00,4,train
950495,117176,2024-03-07 20:15:00,4,train
922892,117177,2024-03-07 21:15:00,4,train
922892,117178,2024-03-07 21:15:00,4,train
922892,117179,2024-03-07 21:15:00,4,train
922890,117180,2024-03-08 00:45:00,4,train
922890,117181,2024-03-08 00:45:00,4,train
922889,117182,2024-03-08 17:30:00,4,train
922889,117183,2024-03-08 17:30:00,4,train
922888,117184,2024-03-08 19:20:00,4,train
922888,117185,2024-03-08 19:20:00,4,train
922888,117186,2024-03-08 19:20:00,4,train
950455,117187,2024-03-08 22:15:00,4,train
950455,117188,2024-03-08 22:15:00,4,train
955933,117189,2024-03-09 19:20:00,4,train
955933,117190,2024-03-09 19:20:00,4,train
959458,117191,2024-03-09 22:00:00,4,train
959458,117192,2024-03-09 22:00:00,4,train
963502,117193,2024-03-10 20:00:00,4,train
963502,117194,2024-03-10 20:00:00,4,train
964523,117195,2024-03-10 22:15:00,4,train
964523,117196,2024-03-10 22:15:00,4,train
964523,117197,2024-03-10 22:15:00,4,train
956501,129536,2024-03-11 17:30:00,4,train
956501,129537,2024-03-11 17:30:00,4,train
956501,129538,2024-03-11 17:30:00,4,train
956502,117199,2024-03-11 17:30:00,4,train
956502,117203,2024-03-11 17:30:00,4,train
956504,117201,2024-03-11 17:30:00,4,train
948418,117204,2024-03-11 20:00:00,4,train
948418,117205,2024-03-11 20:00:00,4,train
973537,117207,2024-03-11 21:30:00,4,train
973537,117210,2024-03-11 21:30:00,4,train
973537,117213,2024-03-11 21:30:00,4,train
973538,117206,2024-03-11 21:30:00,4,train
973538,117208,2024-03-11 21:30:00,4,train
973538,117212,2024-03-11 21:30:00,4,train
973749,117209,2024-03-11 22:00:00,4,train
973749,117211,2024-03-11 22:00:00,4,train
973749,117214,2024-03-11 22:00:00,4,train
974357,117215,2024-03-12 17:30:00,4,train
974357,117218,2024-03-12 17:30:00,4,train
974357,117220,2024-03-12 17:30:00,4,train
974561,117216,2024-03-12 17:30:00,4,train
974561,117217,2024-03-12 17:30:00,4,train
974561,117219,2024-03-12 17:30:00,4,train
974560,117221,2024-03-12 21:30:00,4,train
974560,117239,2024-03-12 21:30:00,4,train
979450,117240,2024-03-13 17:30:00,4,train
979450,117241,2024-03-13 17:30:00,4,train
963335,117242,2024-03-13 18:00:00,4,train
963335,117243,2024-03-13 18:00:00,4,train
963335,117244,2024-03-13 18:00:00,4,train
963332,117245,2024-03-13 21:00:00,4,train
963332,117247,2024-03-13 21:00:00,4,train
963337,117246,2024-03-13 22:00:00,4,train
963337,117249,2024-03-13 22:00:00,4,train
963337,117252,2024-03-13 22:00:00,4,train
963338,117248,2024-03-13 22:00:00,4,train
963338,117250,2024-03-13 22:00:00,4,train
963338,117251,2024-03-13 22:00:00,4,train
963331,117253,2024-03-14 22:00:00,4,train
963331,117254,2024-03-14 22:00:00,4,train
941778,117255,2024-03-17 15:00:00,4,train
941779,117256,2024-03-17 15:00:00,4,train
941776,117257,2024-03-17 16:00:00,4,train
941777,117259,2024-03-17 16:15:00,4,train
941775,117258,2024-03-17 17:05:00,4,train
941772,117260,2024-03-17 19:10:00,4,train
1001022,117262,2024-03-17 21:00:00,4,train
1001029,117261,2024-03-17 21:00:00,4,train
1001025,117264,2024-03-17 22:00:00,4,train
1001027,117263,2024-03-17 22:00:00,4,train
1001028,117265,2024-03-17 23:20:00,4,train
1001026,117266,2024-03-18 00:30:00,4,train
1001023,117267,2024-03-18 00:45:00,4,train
1001798,117268,2024-03-18 15:00:00,4,train
1001799,117269,2024-03-18 15:00:00,4,train
1001796,117271,2024-03-18 15:50:00,4,train
1001797,117270,2024-03-18 16:00:00,4,train
1001794,117273,2024-03-18 16:55:00,4,train
1001794,117275,2024-03-18 16:55:00,4,train
1001795,117272,2024-03-18 16:55:00,4,train
1001795,117274,2024-03-18 16:55:00,4,train
1001795,117276,2024-03-18 16:55:00,4,train
1001792,117278,2024-03-18 19:30:00,4,train
1001792,117298,2024-03-18 19:30:00,4,train
1005006,117279,2024-03-19 15:00:00,4,train
1005006,117281,2024-03-19 15:00:00,4,train
1005006,117283,2024-03-19 15:00:00,4,train
1005007,117280,2024-03-19 15:00:00,4,train
1005007,117282,2024-03-19 15:00:00,4,train
1005004,117284,2024-03-19 17:00:00,4,train
1005004,117285,2024-03-19 17:00:00,4,train
1005005,117286,2024-03-19 17:55:00,4,train
1005005,117287,2024-03-19 17:55:00,4,train
1005002,117289,2024-03-19 20:30:00,4,train
1005002,117290,2024-03-19 20:30:00,4,train
1005003,117288,2024-03-19 20:30:00,4,train
1005003,117291,2024-03-19 20:30:00,4,train
1005003,117292,2024-03-19 20:30:00,4,train
1008949,117293,2024-03-20 16:55:00,4,train
1008949,117294,2024-03-20 16:55:00,4,train
1008949,117295,2024-03-20 16:55:00,4,train
1008948,117296,2024-03-20 20:30:00,4,train
1008948,117297,2024-03-20 20:30:00,4,train
1012605,117299,2024-03-21 15:00:00,4,train
1012683,117300,2024-03-21 15:00:00,4,train
1012604,117301,2024-03-21 16:00:00,4,train
1012607,117302,2024-03-21 16:15:00,4,train
1008273,117305,2024-03-21 17:00:00,4,train
1008273,117309,2024-03-21 17:00:00,4,train
1008273,117311,2024-03-21 17:00:00,4,train
1012606,117303,2024-03-21 17:05:00,4,train
1012684,117304,2024-03-21 17:25:00,4,train
988041,117307,2024-03-21 18:00:00,4,train
988041,117310,2024-03-21 18:00:00,4,train
988041,117314,2024-03-21 18:00:00,4,train
1012603,117306,2024-03-21 18:05:00,4,train
1012685,117308,2024-03-21 18:30:00,4,train
1015695,117312,2024-03-21 20:25:00,4,train
1015696,117313,2024-03-21 20:25:00,4,train
1015693,117315,2024-03-21 21:25:00,4,train
1015694,117316,2024-03-21 21:25:00,4,train
1015691,117317,2024-03-21 22:35:00,4,train
1015692,117318,2024-03-21 23:00:00,4,train
1015689,117319,2024-03-21 23:25:00,4,train
1015690,117320,2024-03-22 00:10:00,4,train
1011804,117321,2024-03-22 14:00:00,4,train
1011804,117324,2024-03-22 14:00:00,4,train
1016577,117322,2024-03-22 15:00:00,4,train
1016578,117323,2024-03-22 15:00:00,4,train
1016575,117325,2024-03-22 16:05:00,4,train
1016576,117326,2024-03-22 16:10:00,4,train
1012431,117330,2024-03-22 17:00:00,4,train
1012431,117331,2024-03-22 17:00:00,4,train
1016573,117327,2024-03-22 17:05:00,4,train
1016573,117329,2024-03-22 17:05:00,4,train
1016574,117328,2024-03-22 17:10:00,4,train
1016574,117332,2024-03-22 17:10:00,4,train
1016574,117334,2024-03-22 17:10:00,4,train
1016571,117333,2024-03-22 19:30:00,4,train
1016571,117335,2024-03-22 19:30:00,4,train
1016571,117337,2024-03-22 19:30:00,4,train
1016572,117336,2024-03-22 21:20:00,4,train
1016572,117338,2024-03-22 21:20:00,4,train
1016572,117339,2024-03-22 21:20:00,4,train
988040,117340,2024-03-22 22:00:00,4,train
988040,117341,2024-03-22 22:00:00,4,train
1019859,117342,2024-03-23 15:00:00,4,train
1019859,117345,2024-03-23 15:00:00,4,train
1019859,117346,2024-03-23 15:00:00,4,train
1019860,117343,2024-03-23 15:00:00,4,train
1019860,117344,2024-03-23 15:00:00,4,train
1019860,117347,2024-03-23 15:00:00,4,train
1018923,117350,2024-03-23 17:00:00,4,train
1018923,117351,2024-03-23 17:00:00,4,train
1019857,117348,2024-03-23 18:30:00,4,train
1019857,117352,2024-03-23 18:30:00,4,train
1019857,117354,2024-03-23 18:30:00,4,train
1019858,117349,2024-03-23 18:30:00,4,train
1019858,117353,2024-03-23 18:30:00,4,train
1019858,117355,2024-03-23 18:30:00,4,train
1019855,117356,2024-03-23 21:45:00,4,train
1019855,117358,2024-03-23 21:45:00,4,train
1019856,117357,2024-03-23 22:15:00,4,train
1019856,117359,2024-03-23 22:15:00,4,train
1019856,117360,2024-03-23 22:15:00,4,train
1023010,117361,2024-03-24 15:00:00,4,train
1023010,117362,2024-03-24 15:00:00,4,train
1023009,117363,2024-03-24 16:50:00,4,train
1023009,117364,2024-03-24 16:50:00,4,train
1023009,117365,2024-03-24 16:50:00,4,train
1023008,117366,2024-03-24 21:00:00,4,train
1023008,117367,2024-03-24 21:00:00,4,train
996611,117368,2024-03-25 19:00:00,4,train
996611,117371,2024-03-25 19:00:00,4,train
996611,117372,2024-03-25 19:00:00,4,train
929390,117369,2024-03-25 20:00:00,4,train
929390,117374,2024-03-25 20:00:00,4,train
929390,117376,2024-03-25 20:00:00,4,train
996604,117370,2024-03-25 20:00:00,4,train
996604,117373,2024-03-25 20:00:00,4,train
996604,117375,2024-03-25 20:00:00,4,train
1030252,117377,2024-03-26 16:00:00,4,train
1030252,117378,2024-03-26 16:00:00,4,train
996617,117379,2024-03-26 22:00:00,4,train
996617,117380,2024-03-26 22:00:00,4,train
1038684,117381,2024-03-27 22:45:00,4,train
1038684,117382,2024-03-27 22:45:00,4,train
1038684,117383,2024-03-27 22:45:00,4,train
1030251,117384,2024-03-28 17:00:00,4,train
1030251,117385,2024-03-28 17:00:00,4,train
988042,117387,2024-03-28 19:00:00,4,train
988042,117390,2024-03-28 19:00:00,4,train
988042,117392,2024-03-28 19:00:00,4,train
1026923,117386,2024-03-28 19:00:00,4,train
1026923,117389,2024-03-28 19:00:00,4,train
996605,117388,2024-03-28 20:00:00,4,train
996605,117391,2024-03-28 20:00:00,4,train
996605,117394,2024-03-28 20:00:00,4,train
996598,117393,2024-03-28 22:00:00,4,train
996598,117396,2024-03-28 22:00:00,4,train
1026922,117395,2024-03-28 22:00:00,4,train
1026922,117397,2024-03-28 22:00:00,4,train
1026922,117398,2024-03-28 22:00:00,4,train
963334,117399,2024-03-29 19:00:00,4,train
963334,117402,2024-03-29 19:00:00,4,train
1026921,117400,2024-03-29 19:00:00,4,train
1026921,117403,2024-03-29 19:00:00,4,train
935364,117401,2024-03-29 20:00:00,4,train
1022702,117405,2024-03-29 22:00:00,4,train
1026920,117404,2024-03-29 22:20:00,4,train
1026920,117406,2024-03-29 22:20:00,4,train
1042496,117407,2024-03-30 19:00:00,4,train
1042496,117408,2024-03-30 19:00:00,4,train
1042496,117409,2024-03-30 19:00:00,4,train
1045502,117410,2024-03-30 22:50:00,4,train
1045502,117411,2024-03-30 22:50:00,4,train
1045502,117412,2024-03-30 22:50:00,4,train
996609,117413,2024-03-31 16:00:00,4,train
996609,117414,2024-03-31 16:00:00,4,train
996614,117415,2024-03-31 19:00:00,4,train
1048414,117416,2024-03-31 21:00:00,4,train
1048414,117417,2024-03-31 21:00:00,4,train
1048414,117418,2024-03-31 21:00:00,4,train
996616,117419,2024-04-01 19:00:00,4,train
996616,117420,2024-04-01 19:00:00,4,train
996616,117421,2024-04-01 19:00:00,4,train
1024294,117423,2024-04-02 11:30:00,4,train
1024294,117424,2024-04-02 11:30:00,4,train
1050860,117425,2024-04-02 13:00:00,4,train
1050860,117426,2024-04-02 13:00:00,4,train
1056786,117427,2024-04-02 15:30:00,4,train
1056786,117433,2024-04-02 15:30:00,4,train
1050859,117428,2024-04-02 16:00:00,4,train
1050859,117434,2024-04-02 16:00:00,4,train
1041667,117432,2024-04-02 16:30:00,4,train
1041667,117437,2024-04-02 16:30:00,4,train
1041667,117441,2024-04-02 16:30:00,4,train
1041668,117429,2024-04-02 16:30:00,4,train
1041668,117435,2024-04-02 16:30:00,4,train
1041668,117440,2024-04-02 16:30:00,4,train
1041669,117431,2024-04-02 16:30:00,4,train
1041669,117438,2024-04-02 16:30:00,4,train
1041670,117430,2024-04-02 16:30:00,4,train
1041670,117436,2024-04-02 16:30:00,4,train
1038333,117439,2024-04-02 18:30:00,4,train
1038333,117442,2024-04-02 18:30:00,4,train
1038333,117446,2024-04-02 18:30:00,4,train
996599,117443,2024-04-02 20:00:00,4,train
996599,117448,2024-04-02 20:00:00,4,train
996599,117454,2024-04-02 20:00:00,4,train
1057896,117444,2024-04-02 20:30:00,4,train
1057896,117451,2024-04-02 20:30:00,4,train
1057897,117447,2024-04-02 20:30:00,4,train
1057897,117452,2024-04-02 20:30:00,4,train
1058170,117450,2024-04-02 20:45:00,4,train
1058170,117453,2024-04-02 20:45:00,4,train
1058170,117460,2024-04-02 20:45:00,4,train
1058171,117445,2024-04-02 20:45:00,4,train
1058171,117455,2024-04-02 20:45:00,4,train
1057598,117449,2024-04-02 21:00:00,4,train
1057598,117457,2024-04-02 21:00:00,4,train
1057598,117459,2024-04-02 21:00:00,4,train
1024298,117456,2024-04-02 22:30:00,4,train
1024298,117462,2024-04-02 22:30:00,4,train
1024299,117458,2024-04-02 22:30:00,4,train
1024299,117461,2024-04-02 22:30:00,4,train
1024299,117463,2024-04-02 22:30:00,4,train
1024296,117466,2024-04-03 00:30:00,4,train
1024296,117467,2024-04-03 00:30:00,4,train
1024296,117468,2024-04-03 00:30:00,4,train
1024297,117464,2024-04-03 00:30:00,4,train
1024297,117465,2024-04-03 00:30:00,4,train
1038335,117469,2024-04-03 12:30:00,4,train
1038335,117471,2024-04-03 12:30:00,4,train
1038335,117472,2024-04-03 12:30:00,4,train
996606,117470,2024-04-03 13:00:00,4,train
996606,117473,2024-04-03 13:00:00,4,train
1038338,117474,2024-04-03 15:30:00,4,train
1038338,117478,2024-04-03 15:30:00,4,train
1063038,117485,2024-04-03 15:30:00,4,train
963330,117475,2024-04-03 16:00:00,4,train
963330,117481,2024-04-03 16:00:00,4,train
1058984,117477,2024-04-03 16:30:00,4,train
1058984,117483,2024-04-03 16:30:00,4,train
1058984,117488,2024-04-03 16:30:00,4,train
1059257,117476,2024-04-03 16:30:00,4,train
1059257,117484,2024-04-03 16:30:00,4,train
996608,117480,2024-04-03 17:00:00,4,train
996608,117489,2024-04-03 17:00:00,4,train
996612,117479,2024-04-03 17:00:00,4,train
996612,117486,2024-04-03 17:00:00,4,train
996612,117491,2024-04-03 17:00:00,4,train
1059240,117482,2024-04-03 17:00:00,4,train
1059240,117490,2024-04-03 17:00:00,4,train
1059240,117492,2024-04-03 17:00:00,4,train
1050005,117494,2024-04-03 20:00:00,4,train
1050005,117498,2024-04-03 20:00:00,4,train
1058983,117495,2024-04-03 20:30:00,4,train
1064605,117496,2024-04-03 20:30:00,4,train
940693,117497,2024-04-03 21:00:00,4,train
1038339,117499,2024-04-03 21:30:00,4,train
1038339,117500,2024-04-03 21:30:00,4,train
1061158,117501,2024-04-04 00:30:00,4,train
1061158,117502,2024-04-04 00:30:00,4,train
1061158,117503,2024-04-04 00:30:00,4,train
1038344,117504,2024-04-04 12:30:00,4,train
1038344,117505,2024-04-04 12:30:00,4,train
1038348,117506,2024-04-04 15:30:00,4,train
1038348,117508,2024-04-04 15:30:00,4,train
1050856,117507,2024-04-04 16:00:00,4,train
1050856,117510,2024-04-04 16:00:00,4,train
1055090,117509,2024-04-04 16:00:00,4,train
1065362,117512,2024-04-04 16:30:00,4,train
1065362,117514,2024-04-04 16:30:00,4,train
1065362,117515,2024-04-04 16:30:00,4,train
996610,117511,2024-04-04 17:00:00,4,train
996603,117513,2024-04-04 18:00:00,4,train
996603,117516,2024-04-04 18:00:00,4,train
996603,117517,2024-04-04 18:00:00,4,train
1067890,117518,2024-04-04 20:30:00,4,train
1067890,117521,2024-04-04 20:30:00,4,train
996596,117519,2024-04-04 21:00:00,4,train
996596,117522,2024-04-04 21:00:00,4,train
996600,117523,2024-04-04 21:00:00,4,train
1065685,117520,2024-04-04 21:30:00,4,train
1065685,117524,2024-04-04 21:30:00,4,train
1065685,117525,2024-04-04 21:30:00,4,train
1038336,117526,2024-04-05 12:30:00,4,train
1038336,117527,2024-04-05 12:30:00,4,train
1038342,117528,2024-04-05 15:30:00,4,train
1038342,117529,2024-04-05 15:30:00,4,train
1068537,117530,2024-04-05 17:00:00,4,train
1068537,117531,2024-04-05 17:00:00,4,train
1038343,117532,2024-04-05 18:30:00,4,train
1038343,117534,2024-04-05 18:30:00,4,train
1065684,117533,2024-04-05 19:00:00,4,train
1065684,117535,2024-04-05 19:00:00,4,train
1072512,117536,2024-04-05 20:00:00,4,train
1072512,117537,2024-04-05 20:00:00,4,train
1065683,117538,2024-04-05 21:30:00,4,train
1065683,117539,2024-04-05 21:30:00,4,train
1065683,117540,2024-04-05 21:30:00,4,train
1073609,117541,2024-04-06 21:30:00,4,train
1073609,117542,2024-04-06 21:30:00,4,train
1068635,117543,2024-04-07 01:30:00,4,train
1068635,117544,2024-04-07 01:30:00,4,train
1068634,117552,2024-04-08 00:30:00,4,train
1068634,117553,2024-04-08 00:30:00,4,train
1073608,117549,2024-04-08 02:30:00,4,train
1073608,117550,2024-04-08 02:30:00,4,train
1073608,117551,2024-04-08 02:30:00,4,train
1034845,117546,2024-04-08 07:30:00,4,train
1035035,117545,2024-04-08 07:30:00,4,train
1034843,117548,2024-04-08 08:30:00,4,train
1034844,117547,2024-04-08 08:30:00,4,train
1034840,117554,2024-04-08 09:55:00,4,train
1034839,117555,2024-04-08 10:20:00,4,train
1034842,117556,2024-04-08 11:30:00,4,train
1086379,117557,2024-04-08 12:00:00,4,train
1086379,117559,2024-04-08 12:00:00,4,train
1086379,117561,2024-04-08 12:00:00,4,train
1086378,117558,2024-04-08 12:45:00,4,train
1086378,117560,2024-04-08 12:45:00,4,train
1086653,117563,2024-04-08 15:05:00,4,train
1086653,117565,2024-04-08 15:05:00,4,train
1086655,117562,2024-04-08 15:30:00,4,train
1086655,117567,2024-04-08 15:30:00,4,train
1086655,117571,2024-04-08 15:30:00,4,train
1075385,117564,2024-04-08 16:00:00,4,train
1075385,117569,2024-04-08 16:00:00,4,train
1038177,117566,2024-04-08 16:30:00,4,train
1038177,117570,2024-04-08 16:30:00,4,train
1038177,117572,2024-04-08 16:30:00,4,train
1055087,117568,2024-04-08 17:00:00,4,train
1038176,117573,2024-04-08 19:45:00,4,train
1038176,117574,2024-04-08 19:45:00,4,train
1088992,117575,2024-04-08 21:00:00,4,train
1088992,117580,2024-04-08 21:00:00,4,train
1085711,117577,2024-04-08 21:30:00,4,train
1085711,117578,2024-04-08 21:30:00,4,train
1089234,117576,2024-04-08 21:50:00,4,train
1089234,117579,2024-04-08 21:50:00,4,train
1084635,117582,2024-04-09 00:30:00,4,train
1084635,117583,2024-04-09 00:30:00,4,train
1087197,117581,2024-04-09 08:30:00,4,train
1087197,117585,2024-04-09 08:30:00,4,train
1087198,117584,2024-04-09 08:30:00,4,train
1087198,117586,2024-04-09 08:30:00,4,train
1087198,117587,2024-04-09 08:30:00,4,train
1087466,117588,2024-04-09 11:30:00,4,train
1087466,117590,2024-04-09 11:30:00,4,train
1075791,117592,2024-04-09 12:00:00,4,train
1075791,117593,2024-04-09 12:00:00,4,train
1087467,117589,2024-04-09 12:15:00,4,train
1087467,117591,2024-04-09 12:15:00,4,train
1090184,117594,2024-04-09 14:00:00,4,train
1090184,117597,2024-04-09 14:00:00,4,train
1088756,117596,2024-04-09 14:30:00,4,train
1088756,117601,2024-04-09 14:30:00,4,train
1089004,117595,2024-04-09 14:30:00,4,train
1089004,117599,2024-04-09 14:30:00,4,train
1089004,117603,2024-04-09 14:30:00,4,train
1075790,117598,2024-04-09 15:00:00,4,train
1075790,117600,2024-04-09 15:00:00,4,train
1091491,117605,2024-04-09 18:30:00,4,train
1091491,117606,2024-04-09 18:30:00,4,train
1075382,117608,2024-04-09 19:00:00,4,train
1075382,117610,2024-04-09 19:00:00,4,train
1050891,117607,2024-04-09 19:55:00,4,train
1050891,117609,2024-04-09 19:55:00,4,train
1071998,117612,2024-04-09 21:00:00,4,train
1071998,117622,2024-04-09 21:00:00,4,train
1072000,117611,2024-04-09 21:00:00,4,train
1072000,117621,2024-04-09 21:00:00,4,train
1072002,117614,2024-04-09 21:00:00,4,train
1072002,117618,2024-04-09 21:00:00,4,train
1072003,117616,2024-04-09 21:00:00,4,train
1072003,117619,2024-04-09 21:00:00,4,train
1072004,117615,2024-04-09 21:00:00,4,train
1095538,117613,2024-04-09 21:30:00,4,train
1091490,117617,2024-04-09 22:30:00,4,train
1091490,117620,2024-04-09 22:30:00,4,train
1093354,117624,2024-04-10 08:30:00,4,train
1093354,117626,2024-04-10 08:30:00,4,train
1093916,117623,2024-04-10 08:30:00,4,train
1093916,117625,2024-04-10 08:30:00,4,train
1089003,117628,2024-04-10 11:30:00,4,train
1089003,117630,2024-04-10 11:30:00,4,train
1093915,117627,2024-04-10 11:30:00,4,train
1093915,117629,2024-04-10 11:30:00,4,train
1075789,117631,2024-04-10 12:00:00,4,train
1075789,117632,2024-04-10 12:00:00,4,train
1094736,117636,2024-04-10 14:30:00,4,train
1094736,117638,2024-04-10 14:30:00,4,train
1099111,117635,2024-04-10 14:30:00,4,train
1099111,117637,2024-04-10 14:30:00,4,train
1075380,117639,2024-04-10 16:00:00,4,train
1075380,117641,2024-04-10 16:00:00,4,train
1075380,117643,2024-04-10 16:00:00,4,train
1089718,117640,2024-04-10 16:30:00,4,train
1089718,117642,2024-04-10 16:30:00,4,train
1089718,117645,2024-04-10 16:30:00,4,train
1096520,117644,2024-04-10 18:30:00,4,train
1096520,117646,2024-04-10 18:30:00,4,train
1095811,117647,2024-04-10 20:00:00,4,train
1095811,117648,2024-04-10 20:00:00,4,train
1096404,117653,2024-04-10 21:00:00,4,train
1096404,117659,2024-04-10 21:00:00,4,train
1096405,117651,2024-04-10 21:00:00,4,train
1096405,117656,2024-04-10 21:00:00,4,train
1096405,117660,2024-04-10 21:00:00,4,train
1096406,117650,2024-04-10 21:00:00,4,train
1096406,117655,2024-04-10 21:00:00,4,train
1096407,117649,2024-04-10 21:00:00,4,train
1096407,117657,2024-04-10 21:00:00,4,train
1096407,117658,2024-04-10 21:00:00,4,train
1096606,117652,2024-04-10 21:00:00,4,train
1096519,117654,2024-04-10 21:30:00,4,train
1075378,117665,2024-04-11 16:00:00,4,train
1089719,117664,2024-04-11 16:00:00,4,train
1089719,117666,2024-04-11 16:00:00,4,train
1102040,117668,2024-04-11 18:30:00,4,train
1102040,117669,2024-04-11 18:30:00,4,train
1102040,117673,2024-04-11 18:30:00,4,train
1075379,117671,2024-04-11 19:00:00,4,train
1075379,117672,2024-04-11 19:00:00,4,train
1075379,117674,2024-04-11 19:00:00,4,train
1100503,117675,2024-04-12 10:00:00,4,train
1100503,117676,2024-04-12 10:00:00,4,train
1100502,117677,2024-04-12 13:15:00,4,train
1100502,117678,2024-04-12 13:15:00,4,train
1100502,117679,2024-04-12 13:15:00,4,train
1105444,117680,2024-04-12 16:30:00,4,train
1105444,117681,2024-04-12 16:30:00,4,train
1105287,117682,2024-04-12 19:05:00,4,train
1105287,117683,2024-04-12 19:05:00,4,train
1105287,117685,2024-04-12 19:05:00,4,train
1105435,117684,2024-04-12 21:00:00,4,train
1105435,117686,2024-04-12 21:00:00,4,train
1105883,117687,2024-04-13 10:00:00,4,train
1105883,117688,2024-04-13 10:00:00,4,train
1105883,117689,2024-04-13 10:00:00,4,train
1106483,117690,2024-04-13 13:45:00,4,train
1106483,117691,2024-04-13 13:45:00,4,train
1107430,117692,2024-04-13 14:30:00,4,train
1107430,117693,2024-04-13 14:30:00,4,train
1107430,117694,2024-04-13 14:30:00,4,train
1110327,117697,2024-04-14 13:30:00,4,train
1110327,117698,2024-04-14 13:30:00,4,train
1111439,117699,2024-04-14 17:30:00,4,train
1111439,117700,2024-04-14 17:30:00,4,train
1111439,117701,2024-04-14 17:30:00,4,train
1106381,117702,2024-04-15 15:00:00,4,train
1106381,117703,2024-04-15 15:00:00,4,train
1106381,117704,2024-04-15 15:00:00,4,train
1109060,117705,2024-04-15 21:00:00,4,train
1109060,117706,2024-04-15 21:00:00,4,train
1106380,117707,2024-04-16 12:00:00,4,train
1106380,117708,2024-04-16 12:00:00,4,train
1114847,117709,2024-04-16 13:00:00,4,train
1077657,117710,2024-04-16 13:30:00,4,train
1077657,117711,2024-04-16 13:30:00,4,train
1077657,117713,2024-04-16 13:30:00,4,train
1106379,117712,2024-04-16 15:00:00,4,train
1077656,117714,2024-04-16 16:30:00,4,train
1077656,117715,2024-04-16 16:30:00,4,train
1114845,117716,2024-04-16 19:00:00,4,train
1114845,117717,2024-04-16 19:00:00,4,train
1114845,117718,2024-04-16 19:00:00,4,train
1106378,117719,2024-04-17 12:00:00,4,train
1106378,117720,2024-04-17 12:00:00,4,train
1077655,117721,2024-04-17 12:30:00,4,train
1077655,117722,2024-04-17 12:30:00,4,train
1114843,117723,2024-04-17 13:00:00,4,train
1114843,117725,2024-04-17 13:00:00,4,train
1114843,117728,2024-04-17 13:00:00,4,train
1126452,117724,2024-04-17 14:30:00,4,train
1126452,117726,2024-04-17 14:30:00,4,train
1114844,117731,2024-04-17 17:35:00,4,train
1125269,117734,2024-04-18 00:00:00,4,train
1125270,117732,2024-04-18 00:00:00,4,train
1125271,117733,2024-04-18 00:00:00,4,train
1106372,117735,2024-04-18 12:00:00,4,train
1106372,117736,2024-04-18 12:00:00,4,train
1077652,117737,2024-04-18 12:30:00,4,train
1077652,117738,2024-04-18 12:30:00,4,train
1106375,117743,2024-04-18 15:00:00,4,train
1106375,117745,2024-04-18 15:00:00,4,train
1077651,117742,2024-04-18 15:30:00,4,train
1077651,117744,2024-04-18 15:30:00,4,train
1077651,117746,2024-04-18 15:30:00,4,train
1063387,117748,2024-04-18 18:30:00,4,train
1077650,117747,2024-04-18 18:30:00,4,train
1077650,117752,2024-04-18 18:30:00,4,train
1129083,117750,2024-04-18 19:00:00,4,train
1129085,117751,2024-04-18 19:00:00,4,train
1129087,117749,2024-04-18 19:00:00,4,train
1129088,117756,2024-04-18 19:00:00,4,train
1129089,117754,2024-04-18 19:00:00,4,train
1131800,117753,2024-04-18 19:30:00,4,train
1131800,117757,2024-04-18 19:30:00,4,train
1131801,117755,2024-04-18 19:30:00,4,train
1131801,117760,2024-04-18 19:30:00,4,train
1021780,117759,2024-04-18 20:00:00,4,train
1132142,117758,2024-04-18 20:15:00,4,train
1021781,117761,2024-04-18 21:30:00,4,train
1021778,117763,2024-04-18 23:30:00,4,train
1130932,117762,2024-04-18 23:30:00,4,train
1130932,117764,2024-04-18 23:30:00,4,train
1130932,117765,2024-04-18 23:30:00,4,train
1130929,117771,2024-04-19 00:30:00,4,train
1130929,117772,2024-04-19 00:30:00,4,train
1130930,117769,2024-04-19 00:30:00,4,train
1130930,117770,2024-04-19 00:30:00,4,train
1130931,117766,2024-04-19 00:45:00,4,train
1130931,117767,2024-04-19 00:45:00,4,train
1130931,117768,2024-04-19 00:45:00,4,train
1132775,117773,2024-04-19 03:00:00,4,train
1131452,117775,2024-04-19 09:30:00,4,train
1131452,117777,2024-04-19 09:30:00,4,train
1131452,117778,2024-04-19 09:30:00,4,train
1131453,117774,2024-04-19 09:30:00,4,train
1131453,117776,2024-04-19 09:30:00,4,train
1131971,117779,2024-04-19 12:30:00,4,train
1131971,117780,2024-04-19 12:30:00,4,train
1131971,117785,2024-04-19 12:30:00,4,train
1132429,117784,2024-04-19 13:30:00,4,train
1132429,117787,2024-04-19 13:30:00,4,train
1134799,117782,2024-04-19 13:30:00,4,train
1134799,117783,2024-04-19 13:30:00,4,train
1134800,117781,2024-04-19 13:30:00,4,train
1134800,117786,2024-04-19 13:30:00,4,train
1128362,117788,2024-04-19 15:30:00,4,train
1128362,117789,2024-04-19 15:30:00,4,train
1128362,117792,2024-04-19 15:30:00,4,train
1132478,117790,2024-04-19 15:30:00,4,train
1132478,117791,2024-04-19 15:30:00,4,train
1132432,117793,2024-04-19 16:30:00,4,train
1132432,117796,2024-04-19 16:30:00,4,train
1132774,117794,2024-04-19 17:00:00,4,train
1132774,117797,2024-04-19 17:00:00,4,train
1132774,117802,2024-04-19 17:00:00,4,train
1127762,117795,2024-04-19 18:00:00,4,train
1127762,117798,2024-04-19 18:00:00,4,train
1127762,117800,2024-04-19 18:00:00,4,train
1133122,117799,2024-04-19 19:30:00,4,train
1135898,117801,2024-04-19 19:30:00,4,train
1135898,117803,2024-04-19 19:30:00,4,train
1134232,117808,2024-04-19 20:30:00,4,train
1128361,117804,2024-04-19 21:00:00,4,train
1128361,117807,2024-04-19 21:00:00,4,train
1132987,117805,2024-04-19 22:00:00,4,train
1132987,117806,2024-04-19 22:00:00,4,train
1132987,117809,2024-04-19 22:00:00,4,train
1134231,117810,2024-04-20 00:30:00,4,train
1134231,117811,2024-04-20 00:30:00,4,train
1136668,117814,2024-04-20 01:15:00,4,train
1136668,117815,2024-04-20 01:15:00,4,train
1137054,117812,2024-04-20 02:30:00,4,train
1137054,117813,2024-04-20 02:30:00,4,train
1137159,117816,2024-04-20 04:30:00,4,train
1137159,117817,2024-04-20 04:30:00,4,train
1137160,117818,2024-04-20 07:00:00,4,train
1137160,117819,2024-04-20 07:00:00,4,train
1137160,117821,2024-04-20 07:00:00,4,train
1135543,117820,2024-04-20 09:30:00,4,train
1135543,117822,2024-04-20 09:30:00,4,train
1139060,117826,2024-04-20 13:30:00,4,train
1139060,117827,2024-04-20 13:30:00,4,train
1132870,117828,2024-04-20 15:00:00,4,train
1132870,117829,2024-04-20 15:00:00,4,train
1132870,117833,2024-04-20 15:00:00,4,train
1071996,117830,2024-04-20 16:00:00,4,train
1071996,117832,2024-04-20 16:00:00,4,train
1071996,117836,2024-04-20 16:00:00,4,train
1138144,117831,2024-04-20 16:25:00,4,train
1138144,117834,2024-04-20 16:25:00,4,train
1138144,117837,2024-04-20 16:25:00,4,train
1132355,117835,2024-04-20 18:00:00,4,train
1132355,117838,2024-04-20 18:00:00,4,train
1132355,117839,2024-04-20 18:00:00,4,train
1140210,117840,2024-04-20 20:35:00,4,train
1140210,117846,2024-04-20 20:35:00,4,train
1071994,117842,2024-04-20 21:00:00,4,train
1071994,117847,2024-04-20 21:00:00,4,train
1071995,117843,2024-04-20 21:00:00,4,train
1071995,117845,2024-04-20 21:00:00,4,train
1071995,117849,2024-04-20 21:00:00,4,train
1132869,117841,2024-04-20 21:00:00,4,train
1132869,117844,2024-04-20 21:00:00,4,train
1132869,117848,2024-04-20 21:00:00,4,train
1140635,117850,2024-04-20 23:45:00,4,train
1140635,117851,2024-04-20 23:45:00,4,train
1140635,117852,2024-04-20 23:45:00,4,train
1140209,117853,2024-04-21 14:00:00,4,train
1140209,117854,2024-04-21 14:00:00,4,train
1139629,117855,2024-04-21 16:30:00,4,train
1139629,117856,2024-04-21 16:30:00,4,train
1139629,117858,2024-04-21 16:30:00,4,train
1140301,117857,2024-04-21 18:00:00,4,train
1140301,117859,2024-04-21 18:00:00,4,train
1140734,117860,2024-04-21 21:00:00,4,train
1140734,117861,2024-04-21 21:00:00,4,train
1138351,117863,2024-04-22 12:00:00,4,train
1144026,117862,2024-04-22 12:00:00,4,train
1144026,117864,2024-04-22 12:00:00,4,train
1144173,117865,2024-04-22 15:00:00,4,train
1143694,117866,2024-04-22 15:30:00,4,train
1143694,117867,2024-04-22 15:30:00,4,train
1144025,117868,2024-04-22 18:00:00,4,train
1144025,117870,2024-04-22 18:00:00,4,train
1137216,117869,2024-04-22 19:00:00,4,train
1137216,117871,2024-04-22 19:00:00,4,train
1137216,117873,2024-04-22 19:00:00,4,train
1144024,117872,2024-04-22 21:00:00,4,train
1123907,117876,2024-04-23 14:30:00,4,train
1123907,117880,2024-04-23 14:30:00,4,train
1123906,117883,2024-04-23 17:45:00,4,train
1123906,117884,2024-04-23 17:45:00,4,train
1123909,117882,2024-04-23 18:05:00,4,train
1123909,117885,2024-04-23 18:05:00,4,train
1123910,117886,2024-04-23 20:30:00,4,train
1123910,117887,2024-04-23 20:30:00,4,train
1137213,117888,2024-04-24 13:00:00,4,train
1137213,117891,2024-04-24 13:00:00,4,train
1137213,117892,2024-04-24 13:00:00,4,train
1123903,117889,2024-04-24 14:30:00,4,train
1123903,117890,2024-04-24 14:30:00,4,train
1137212,117894,2024-04-24 16:00:00,4,train
1137212,117899,2024-04-24 16:00:00,4,train
1137212,117901,2024-04-24 16:00:00,4,train
1138346,117893,2024-04-24 16:00:00,4,train
1138346,117896,2024-04-24 16:00:00,4,train
1138346,117898,2024-04-24 16:00:00,4,train
1151268,117895,2024-04-24 17:30:00,4,train
1151268,117902,2024-04-24 17:30:00,4,train
1151269,117897,2024-04-24 17:45:00,4,train
1151269,117903,2024-04-24 17:45:00,4,train
1151746,117900,2024-04-24 18:00:00,4,train
1151746,117904,2024-04-24 18:00:00,4,train
1152084,117905,2024-04-24 20:30:00,4,train
1152084,117907,2024-04-24 20:30:00,4,train
1152084,117909,2024-04-24 20:30:00,4,train
1152085,117906,2024-04-24 20:30:00,4,train
1152085,117908,2024-04-24 20:30:00,4,train
1138345,117910,2024-04-25 12:00:00,4,train
1138345,117911,2024-04-25 12:00:00,4,train
1155514,117913,2024-04-25 14:30:00,4,train
1155514,117915,2024-04-25 14:30:00,4,train
1155514,117917,2024-04-25 14:30:00,4,train
1155515,117912,2024-04-25 14:30:00,4,train
1155515,117914,2024-04-25 14:30:00,4,train
1138344,117916,2024-04-25 15:00:00,4,train
1156279,117918,2024-04-25 17:00:00,4,train
1156279,117920,2024-04-25 17:00:00,4,train
1152081,117919,2024-04-25 18:00:00,4,train
1152081,117921,2024-04-25 18:00:00,4,train
1152081,117922,2024-04-25 18:00:00,4,train
1156278,117923,2024-04-25 20:00:00,4,train
1156278,117925,2024-04-25 20:00:00,4,train
1156278,117928,2024-04-25 20:00:00,4,train
1155905,117924,2024-04-25 20:30:00,4,train
1155905,117926,2024-04-25 20:30:00,4,train
1156662,117927,2024-04-25 21:15:00,4,train
1156662,117929,2024-04-25 21:15:00,4,train
1156662,117930,2024-04-25 21:15:00,4,train
1136379,117931,2024-04-26 03:00:00,4,train
1136378,117932,2024-04-26 04:25:00,4,train
1136377,117933,2024-04-26 05:50:00,4,train
1136376,117934,2024-04-26 07:15:00,4,train
1161837,117935,2024-04-26 12:15:00,4,train
1159882,117937,2024-04-26 14:30:00,4,train
1159882,117938,2024-04-26 14:30:00,4,train
1160198,117936,2024-04-26 14:30:00,4,train
1160198,117939,2024-04-26 14:30:00,4,train
1156663,117940,2024-04-26 17:30:00,4,train
1156663,117941,2024-04-26 17:30:00,4,train
1160814,117942,2024-04-26 18:55:00,4,train
1160197,117943,2024-04-26 20:30:00,4,train
1160197,117944,2024-04-26 20:30:00,4,train
1161393,117945,2024-04-27 06:00:00,4,train
1161393,117946,2024-04-27 06:00:00,4,train
1162745,117947,2024-04-27 09:15:00,4,train
1162745,117948,2024-04-27 09:15:00,4,train
1165547,117949,2024-04-27 10:45:00,4,train
1165547,117950,2024-04-27 10:45:00,4,train
1163204,117952,2024-04-27 14:30:00,4,train
1163204,117954,2024-04-27 14:30:00,4,train
1163527,117951,2024-04-27 14:30:00,4,train
1163527,117953,2024-04-27 14:30:00,4,train
1163527,117955,2024-04-27 14:30:00,4,train
1164606,117956,2024-04-27 17:30:00,4,train
1164606,117958,2024-04-27 17:30:00,4,train
1164606,117960,2024-04-27 17:30:00,4,train
1156472,117957,2024-04-27 17:45:00,4,train
1156472,117959,2024-04-27 17:45:00,4,train
1163998,117961,2024-04-27 20:30:00,4,train
1163998,117962,2024-04-27 20:30:00,4,train
1166527,117963,2024-04-28 09:15:00,4,train
1166527,117964,2024-04-28 09:15:00,4,train
1159883,117965,2024-04-28 14:30:00,4,train
1159883,117966,2024-04-28 14:30:00,4,train
1167783,117967,2024-04-28 17:30:00,4,train
1167783,117968,2024-04-28 17:30:00,4,train
1167484,117969,2024-04-28 20:30:00,4,train
1163508,117971,2024-04-29 15:00:00,4,train
1163508,117972,2024-04-29 15:00:00,4,train
1163508,117973,2024-04-29 15:00:00,4,train
1165862,117974,2024-04-29 17:00:00,4,train
1165862,117975,2024-04-29 17:00:00,4,train
1165862,117976,2024-04-29 17:00:00,4,train
1165861,117977,2024-04-29 20:20:00,4,train
1165861,117978,2024-04-29 20:20:00,4,train
1165861,117979,2024-04-29 20:20:00,4,train
1174437,117980,2024-04-30 11:00:00,4,train
1174437,117981,2024-04-30 11:00:00,4,train
1163507,117982,2024-04-30 12:00:00,4,train
1163507,117983,2024-04-30 12:00:00,4,train
1123901,117985,2024-04-30 14:30:00,4,train
1123901,117988,2024-04-30 14:30:00,4,train
1123902,117984,2024-04-30 14:30:00,4,train
1123902,117986,2024-04-30 14:30:00,4,train
1163506,117987,2024-04-30 15:00:00,4,train
1163506,117989,2024-04-30 15:00:00,4,train
1163506,117990,2024-04-30 15:00:00,4,train
1123897,117992,2024-04-30 17:30:00,4,train
1123897,117994,2024-04-30 17:30:00,4,train
1123898,117991,2024-04-30 17:30:00,4,train
1123898,117993,2024-04-30 17:30:00,4,train
1176213,117995,2024-04-30 20:10:00,4,train
1176213,117999,2024-04-30 20:10:00,4,train
1123899,117996,2024-04-30 20:30:00,4,train
1123899,118000,2024-04-30 20:30:00,4,train
1123900,117997,2024-04-30 20:30:00,4,train
1123900,117998,2024-04-30 20:30:00,4,train
1123900,118001,2024-04-30 20:30:00,4,train
1163505,118002,2024-05-01 12:00:00,4,train
1163505,118003,2024-05-01 12:00:00,4,train
1123895,118005,2024-05-01 14:30:00,4,train
1123896,118004,2024-05-01 14:30:00,4,train
1123896,118006,2024-05-01 14:30:00,4,train
1179053,118007,2024-05-01 17:15:00,4,train
1179053,118013,2024-05-01 17:15:00,4,train
1179053,118015,2024-05-01 17:15:00,4,train
1179247,118008,2024-05-01 17:30:00,4,train
1179247,118010,2024-05-01 17:30:00,4,train
1179247,118012,2024-05-01 17:30:00,4,train
1179248,118009,2024-05-01 17:30:00,4,train
1179248,118011,2024-05-01 17:30:00,4,train
1179057,118014,2024-05-01 20:00:00,4,train
1179057,118017,2024-05-01 20:00:00,4,train
1179057,118020,2024-05-01 20:00:00,4,train
1180392,118016,2024-05-01 20:30:00,4,train
1180392,118019,2024-05-01 20:30:00,4,train
1180393,118018,2024-05-01 20:30:00,4,train
1180393,118021,2024-05-01 20:30:00,4,train
1179055,118022,2024-05-02 11:00:00,4,train
1179055,118024,2024-05-02 11:00:00,4,train
1184773,118023,2024-05-02 12:00:00,4,train
1184773,118025,2024-05-02 12:00:00,4,train
1179062,118030,2024-05-02 14:00:00,4,train
1179062,118031,2024-05-02 14:00:00,4,train
1183798,118026,2024-05-02 14:30:00,4,train
1183798,118029,2024-05-02 14:30:00,4,train
1183799,118027,2024-05-02 14:30:00,4,train
1183799,118028,2024-05-02 14:30:00,4,train
1183799,118032,2024-05-02 14:30:00,4,train
1179060,118033,2024-05-02 17:00:00,4,train
1179060,118036,2024-05-02 17:00:00,4,train
1179743,118034,2024-05-02 17:30:00,4,train
1179743,118037,2024-05-02 17:30:00,4,train
1179743,118042,2024-05-02 17:30:00,4,train
1179744,118035,2024-05-02 17:30:00,4,train
1179744,118038,2024-05-02 17:30:00,4,train
1179744,118041,2024-05-02 17:30:00,4,train
1184771,118039,2024-05-02 18:30:00,4,train
1184771,118040,2024-05-02 18:30:00,4,train
1184970,118043,2024-05-02 20:45:00,4,train
1184970,118047,2024-05-02 20:45:00,4,train
1184407,118044,2024-05-02 21:00:00,4,train
1184407,118046,2024-05-02 21:00:00,4,train
1184407,118049,2024-05-02 21:00:00,4,train
1179061,118045,2024-05-02 21:15:00,4,train
1179061,118048,2024-05-02 21:15:00,4,train
1184962,118050,2024-05-03 11:00:00,4,train
1184962,118051,2024-05-03 11:00:00,4,train
1188098,118053,2024-05-03 14:00:00,4,train
1188098,118057,2024-05-03 14:00:00,4,train
1187811,118054,2024-05-03 14:30:00,4,train
1187811,118056,2024-05-03 14:30:00,4,train
1188388,118052,2024-05-03 14:30:00,4,train
1188388,118055,2024-05-03 14:30:00,4,train
1188388,118058,2024-05-03 14:30:00,4,train
1188807,118059,2024-05-03 17:00:00,4,train
1188807,118064,2024-05-03 17:00:00,4,train
1185996,118060,2024-05-03 17:30:00,4,train
1185996,118062,2024-05-03 17:30:00,4,train
1188812,118061,2024-05-03 17:30:00,4,train
1188812,118063,2024-05-03 17:30:00,4,train
1188386,118066,2024-05-03 20:30:00,4,train
1188386,118068,2024-05-03 20:30:00,4,train
1188386,118071,2024-05-03 20:30:00,4,train
1191203,118065,2024-05-03 20:30:00,4,train
1191203,118069,2024-05-03 20:30:00,4,train
1191203,118072,2024-05-03 20:30:00,4,train
1187208,118067,2024-05-03 21:00:00,4,train
1187208,118070,2024-05-03 21:00:00,4,train
1187208,118073,2024-05-03 21:00:00,4,train
1191735,118074,2024-05-04 13:00:00,4,train
1191735,118075,2024-05-04 13:00:00,4,train
1188811,118077,2024-05-04 14:30:00,4,train
1188811,118079,2024-05-04 14:30:00,4,train
1188811,118081,2024-05-04 14:30:00,4,train
1191202,118076,2024-05-04 14:30:00,4,train
1191202,118078,2024-05-04 14:30:00,4,train
1191202,118080,2024-05-04 14:30:00,4,train
1191607,118082,2024-05-04 17:45:00,4,train
1191607,118084,2024-05-04 17:45:00,4,train
1192128,118083,2024-05-04 18:05:00,4,train
1192128,118085,2024-05-04 18:05:00,4,train
1192128,118086,2024-05-04 18:05:00,4,train
1184972,118087,2024-05-04 20:30:00,4,train
1184972,118088,2024-05-04 20:30:00,4,train
1195047,118089,2024-05-05 14:30:00,4,train
1195047,118090,2024-05-05 14:30:00,4,train
1194905,118091,2024-05-05 17:30:00,4,train
1194905,118092,2024-05-05 17:30:00,4,train
1194905,118093,2024-05-05 17:30:00,4,train
1188389,118094,2024-05-05 21:20:00,4,train
1188389,118095,2024-05-05 21:20:00,4,train
1188389,118096,2024-05-05 21:20:00,4,train
1199751,118097,2024-05-07 17:15:00,4,train
1199751,118099,2024-05-07 17:15:00,4,train
1199751,118101,2024-05-07 17:15:00,4,train
1199753,118098,2024-05-07 17:15:00,4,train
1199753,118100,2024-05-07 17:15:00,4,train
1199750,118102,2024-05-07 20:30:00,4,train
1199750,118104,2024-05-07 20:30:00,4,train
1199750,118106,2024-05-07 20:30:00,4,train
1199752,118103,2024-05-07 21:00:00,4,train
1199752,118105,2024-05-07 21:00:00,4,train
1208435,118107,2024-05-08 17:15:00,4,train
1208435,118109,2024-05-08 17:15:00,4,train
1208435,118111,2024-05-08 17:15:00,4,train
1208613,118108,2024-05-08 17:15:00,4,train
1208613,118110,2024-05-08 17:15:00,4,train
1208613,118112,2024-05-08 17:15:00,4,train
1208961,118113,2024-05-08 21:00:00,4,train
1208961,118115,2024-05-08 21:00:00,4,train
1208961,118117,2024-05-08 21:00:00,4,train
1209149,118114,2024-05-08 21:00:00,4,train
1209149,118116,2024-05-08 21:00:00,4,train
1214108,118118,2024-05-09 17:15:00,4,train
1214108,118119,2024-05-09 17:15:00,4,train
1213483,118120,2024-05-09 20:30:00,4,train
1213483,118121,2024-05-09 20:30:00,4,train
1213483,118122,2024-05-09 20:30:00,4,train
1213482,118123,2024-05-10 17:15:00,4,train
1213482,118124,2024-05-10 17:15:00,4,train
1214107,118125,2024-05-10 20:30:00,4,train
1221621,118126,2024-05-11 17:15:00,4,train
1221621,118127,2024-05-11 17:15:00,4,train
1221621,118128,2024-05-11 17:15:00,4,train
1218144,118129,2024-05-11 21:15:00,4,train
1218144,118130,2024-05-11 21:15:00,4,train
1218144,118131,2024-05-11 21:15:00,4,train
1225352,118132,2024-05-12 18:00:00,4,train
1225352,118133,2024-05-12 18:00:00,4,train
1225352,118134,2024-05-12 18:00:00,4,train
1228034,118135,2024-05-14 13:00:00,4,train
1228034,118136,2024-05-14 13:00:00,4,train
1228036,118137,2024-05-14 16:00:00,4,train
1228036,118138,2024-05-14 16:00:00,4,train
1228036,118139,2024-05-14 16:00:00,4,train
1196844,118140,2024-05-14 19:35:00,4,train
1196844,118141,2024-05-14 19:35:00,4,train
1190137,118142,2024-05-14 21:00:00,4,train
1190137,118147,2024-05-14 21:00:00,4,train
1190137,118148,2024-05-14 21:00:00,4,train
1190280,118144,2024-05-14 21:00:00,4,train
1190280,118145,2024-05-14 21:00:00,4,train
1190282,118143,2024-05-14 21:00:00,4,train
1190282,118146,2024-05-14 21:00:00,4,train
1190282,118149,2024-05-14 21:00:00,4,train
1196842,118150,2024-05-15 13:00:00,4,train
1196842,118151,2024-05-15 13:00:00,4,train
1196841,118152,2024-05-15 16:00:00,4,train
1196841,118155,2024-05-15 16:00:00,4,train
1196841,118157,2024-05-15 16:00:00,4,train
1228033,118153,2024-05-15 16:00:00,4,train
1228033,118154,2024-05-15 16:00:00,4,train
1228033,118156,2024-05-15 16:00:00,4,train
1240288,118164,2024-05-15 19:50:00,4,train
1240288,118170,2024-05-15 19:50:00,4,train
1228887,118167,2024-05-15 21:00:00,4,train
1228887,118169,2024-05-15 21:00:00,4,train
1242635,118165,2024-05-15 21:00:00,4,train
1242635,118168,2024-05-15 21:00:00,4,train
1223286,118171,2024-05-16 12:30:00,4,train
1223286,118174,2024-05-16 12:30:00,4,train
1223286,118176,2024-05-16 12:30:00,4,train
1237946,118173,2024-05-16 13:00:00,4,train
1237946,118175,2024-05-16 13:00:00,4,train
1228884,118178,2024-05-16 15:00:00,4,train
1228884,118181,2024-05-16 15:00:00,4,train
1223285,118182,2024-05-16 15:30:00,4,train
1239053,118180,2024-05-16 16:00:00,4,train
1239053,118183,2024-05-16 16:00:00,4,train
1239053,118185,2024-05-16 16:00:00,4,train
1244215,118184,2024-05-16 17:15:00,4,train
1244215,118187,2024-05-16 17:15:00,4,train
1228885,118186,2024-05-16 18:00:00,4,train
1228885,118188,2024-05-16 18:00:00,4,train
1244214,118189,2024-05-16 20:25:00,4,train
1244214,118190,2024-05-16 20:25:00,4,train
1248115,118191,2024-05-16 20:45:00,4,train
1248115,118193,2024-05-16 20:45:00,4,train
1228883,118192,2024-05-16 21:15:00,4,train
1228883,118194,2024-05-16 21:15:00,4,train
1248116,118195,2024-05-16 23:30:00,4,train
1249250,118196,2024-05-17 12:30:00,4,train
1249250,118197,2024-05-17 12:30:00,4,train
1249250,118199,2024-05-17 12:30:00,4,train
1244987,118200,2024-05-17 15:00:00,4,train
1244987,118203,2024-05-17 15:00:00,4,train
1244987,118204,2024-05-17 15:00:00,4,train
1247983,118198,2024-05-17 15:00:00,4,train
1247983,118201,2024-05-17 15:00:00,4,train
1247983,118205,2024-05-17 15:00:00,4,train
1223284,118202,2024-05-17 16:30:00,4,train
1223284,118208,2024-05-17 16:30:00,4,train
1248694,118209,2024-05-17 18:45:00,4,train
1248694,118210,2024-05-17 18:45:00,4,train
1248694,118211,2024-05-17 18:45:00,4,train
1223283,118212,2024-05-17 19:00:00,4,train
1223283,118214,2024-05-17 19:00:00,4,train
1244986,118213,2024-05-17 21:00:00,4,train
1244986,118215,2024-05-17 21:00:00,4,train
1244986,118216,2024-05-17 21:00:00,4,train
1252452,118217,2024-05-17 23:30:00,4,train
1252452,118218,2024-05-17 23:30:00,4,train
1252451,118219,2024-05-18 12:30:00,4,train
1252451,118220,2024-05-18 12:30:00,4,train
1252451,118225,2024-05-18 12:30:00,4,train
1251498,118226,2024-05-18 13:00:00,4,train
1251498,118227,2024-05-18 13:00:00,4,train
1248799,118229,2024-05-18 15:00:00,4,train
1252299,118228,2024-05-18 15:00:00,4,train
1252300,118230,2024-05-18 18:00:00,4,train
1223282,118231,2024-05-18 20:15:00,4,train
1223282,118233,2024-05-18 20:15:00,4,train
1248798,118232,2024-05-18 21:00:00,4,train
1248798,118234,2024-05-18 21:00:00,4,train
1223281,118235,2024-05-18 23:00:00,4,train
1223281,118236,2024-05-18 23:00:00,4,train
1223281,118237,2024-05-18 23:00:00,4,train
1251945,118238,2024-05-19 12:00:00,4,train
1251945,118239,2024-05-19 12:00:00,4,train
1256763,118240,2024-05-19 12:30:00,4,train
1256763,118241,2024-05-19 12:30:00,4,train
1256763,118242,2024-05-19 12:30:00,4,train
1252599,118245,2024-05-19 15:00:00,4,train
1256762,118243,2024-05-19 15:30:00,4,train
1255833,118244,2024-05-19 16:00:00,4,train
1255833,118246,2024-05-19 16:00:00,4,train
1255833,118247,2024-05-19 16:00:00,4,train
1259516,118248,2024-05-19 18:30:00,4,train
1259516,118249,2024-05-19 18:30:00,4,train
1256273,118252,2024-05-19 21:25:00,4,train
1256273,118253,2024-05-19 21:25:00,4,train
1223280,118250,2024-05-19 21:30:00,4,train
1223280,118251,2024-05-19 21:30:00,4,train
1260662,118255,2024-05-20 15:30:00,4,train
1260662,118256,2024-05-20 15:30:00,4,train
1263290,118254,2024-05-20 15:30:00,4,train
1263290,118257,2024-05-20 15:30:00,4,train
1263290,118258,2024-05-20 15:30:00,4,train
1260170,118259,2024-05-20 21:15:00,4,train
1260170,118260,2024-05-20 21:15:00,4,train
1260672,118261,2024-05-21 13:00:00,4,train
1260672,118262,2024-05-21 13:00:00,4,train
1264579,118263,2024-05-21 15:00:00,4,train
1264579,118265,2024-05-21 15:00:00,4,train
1264579,118267,2024-05-21 15:00:00,4,train
1266476,118264,2024-05-21 15:30:00,4,train
1266476,118266,2024-05-21 15:30:00,4,train
1266476,118268,2024-05-21 15:30:00,4,train
1265246,118269,2024-05-21 18:00:00,4,train
1265246,118270,2024-05-21 18:00:00,4,train
1260671,118271,2024-05-21 21:30:00,4,train
1260671,118272,2024-05-21 21:30:00,4,train
1260671,118273,2024-05-21 21:30:00,4,train
1268906,118274,2024-05-22 13:30:00,4,train
1268906,118275,2024-05-22 13:30:00,4,train
1268906,118276,2024-05-22 13:30:00,4,train
1270125,118277,2024-05-22 17:30:00,4,train
1270125,118279,2024-05-22 17:30:00,4,train
1269278,118278,2024-05-22 18:00:00,4,train
1269278,118280,2024-05-22 18:00:00,4,train
1269278,118281,2024-05-22 18:00:00,4,train
1270061,118282,2024-05-23 14:00:00,4,train
1270061,118283,2024-05-23 14:00:00,4,train
1273635,118284,2024-05-23 16:30:00,4,train
1273635,118286,2024-05-23 16:30:00,4,train
1273635,118289,2024-05-23 16:30:00,4,train
1273635,118291,2024-05-23 16:30:00,4,train
1270060,118285,2024-05-23 17:00:00,4,train
1270060,118288,2024-05-23 17:00:00,4,train
1269879,118287,2024-05-23 18:00:00,4,train
1269879,118290,2024-05-23 18:00:00,4,train
1274673,118292,2024-05-24 01:00:00,4,train
1274673,118293,2024-05-24 01:00:00,4,train
1275005,118294,2024-05-24 04:00:00,4,train
1275005,118295,2024-05-24 04:00:00,4,train
1275005,118296,2024-05-24 04:00:00,4,train
1270057,118297,2024-05-24 14:00:00,4,train
1270057,118298,2024-05-24 14:00:00,4,train
1270057,118299,2024-05-24 14:00:00,4,train
1270056,118300,2024-05-24 17:00:00,4,train
1270056,118301,2024-05-24 17:00:00,4,train
1277422,118302,2024-05-25 04:00:00,4,train
1277422,118303,2024-05-25 04:00:00,4,train
1277422,118304,2024-05-25 04:00:00,4,train
1277316,118305,2024-05-25 11:00:00,4,train
1277316,118306,2024-05-25 11:00:00,4,train
1277316,118307,2024-05-25 11:00:00,4,train
1276074,118310,2024-05-25 14:00:00,4,train
1276074,118312,2024-05-25 14:00:00,4,train
1276074,118314,2024-05-25 14:00:00,4,train
1276807,118311,2024-05-25 15:00:00,4,train
1276807,118313,2024-05-25 15:00:00,4,train
1276806,118315,2024-05-25 18:00:00,4,train
1276806,118316,2024-05-25 18:00:00,4,train
1276806,118317,2024-05-25 18:00:00,4,train
1276509,118318,2024-05-25 20:45:00,4,train
1276509,118320,2024-05-25 20:45:00,4,train
1276805,118319,2024-05-25 21:50:00,4,train
1276805,118321,2024-05-25 21:50:00,4,train
1276805,118322,2024-05-25 21:50:00,4,train
1280449,118323,2024-05-26 13:00:00,4,train
1280449,118324,2024-05-26 13:00:00,4,train
1280449,118325,2024-05-26 13:00:00,4,train
1280853,118326,2024-05-26 15:00:00,4,train
1280853,118327,2024-05-26 15:00:00,4,train
1280853,118328,2024-05-26 15:00:00,4,train
1280852,118329,2024-05-26 18:00:00,4,train
1280852,118331,2024-05-26 18:00:00,4,train
1282145,118330,2024-05-26 19:00:00,4,train
1282145,118332,2024-05-26 19:00:00,4,train
1280851,118333,2024-05-27 12:00:00,4,train
1280851,118334,2024-05-27 12:00:00,4,train
1280849,118338,2024-05-27 18:00:00,4,train
1280849,118339,2024-05-27 18:00:00,4,train
1280849,118340,2024-05-27 18:00:00,4,train
1251704,118341,2024-05-27 20:30:00,4,train
1251705,118342,2024-05-27 20:30:00,4,train
1251706,118343,2024-05-27 21:55:00,4,train
1251707,118344,2024-05-27 21:55:00,4,train
1251700,118345,2024-05-27 22:50:00,4,train
1251703,118346,2024-05-27 23:20:00,4,train
1251701,118347,2024-05-27 23:55:00,4,train
1251702,118348,2024-05-28 00:20:00,4,train
1284638,118349,2024-05-28 00:50:00,4,train
1284638,118351,2024-05-28 00:50:00,4,train
1284637,118350,2024-05-28 01:20:00,4,train
1284637,118352,2024-05-28 01:20:00,4,train
1284730,118353,2024-05-28 03:30:00,4,train
1284730,118356,2024-05-28 03:30:00,4,train
1284730,118357,2024-05-28 03:30:00,4,train
1284731,118354,2024-05-28 03:30:00,4,train
1284731,118355,2024-05-28 03:30:00,4,train
1284731,118358,2024-05-28 03:30:00,4,train
1263578,118359,2024-05-28 10:00:00,4,train
1263578,118360,2024-05-28 10:00:00,4,train
1263577,118361,2024-05-28 13:15:00,4,train
1263577,118362,2024-05-28 13:15:00,4,train
1284816,118365,2024-05-28 18:00:00,4,train
1284816,118366,2024-05-28 18:00:00,4,train
1284816,118369,2024-05-28 18:00:00,4,train
1284913,118368,2024-05-28 20:00:00,4,train
1284913,118371,2024-05-28 20:00:00,4,train
1284914,118367,2024-05-28 20:00:00,4,train
1284914,118370,2024-05-28 20:00:00,4,train
1284912,118372,2024-05-28 23:00:00,4,train
1284912,118374,2024-05-28 23:00:00,4,train
1284915,118373,2024-05-28 23:00:00,4,train
1284915,118375,2024-05-28 23:00:00,4,train
1284915,118376,2024-05-28 23:00:00,4,train
1285089,118377,2024-05-29 02:00:00,4,train
1285089,118378,2024-05-29 02:00:00,4,train
1285089,118380,2024-05-29 02:00:00,4,train
1285418,118379,2024-05-29 03:10:00,4,train
1285418,118381,2024-05-29 03:10:00,4,train
1285418,118382,2024-05-29 03:10:00,4,train
1263575,118383,2024-05-29 10:15:00,4,train
1263575,118384,2024-05-29 10:15:00,4,train
1263575,118385,2024-05-29 10:15:00,4,train
1286088,118386,2024-05-29 13:30:00,4,train
1286088,118387,2024-05-29 13:30:00,4,train
1286649,118389,2024-05-29 20:00:00,4,train
1286649,118390,2024-05-29 20:00:00,4,train
1287065,118388,2024-05-29 20:00:00,4,train
1287065,118391,2024-05-29 20:00:00,4,train
1287065,118392,2024-05-29 20:00:00,4,train
1287066,118393,2024-05-29 23:00:00,4,train
1287066,118395,2024-05-29 23:00:00,4,train
1285419,118394,2024-05-29 23:15:00,4,train
1285419,118396,2024-05-29 23:15:00,4,train
1287313,118398,2024-05-30 02:00:00,4,train
1287313,118400,2024-05-30 02:00:00,4,train
1287313,118401,2024-05-30 02:00:00,4,train
1289035,118397,2024-05-30 02:00:00,4,train
1289035,118399,2024-05-30 02:00:00,4,train
1288000,118402,2024-05-30 07:30:00,4,train
1288000,118403,2024-05-30 07:30:00,4,train
1288000,118404,2024-05-30 07:30:00,4,train
1286089,118405,2024-05-30 10:45:00,4,train
1286089,118406,2024-05-30 10:45:00,4,train
1286089,118407,2024-05-30 10:45:00,4,train
1288001,118408,2024-05-30 14:30:00,4,train
1288001,118409,2024-05-30 14:30:00,4,train
1288001,118410,2024-05-30 14:30:00,4,train
1293495,118411,2024-05-31 18:30:00,4,train
1290307,118412,2024-05-31 21:00:00,4,train
1290307,118413,2024-05-31 21:00:00,4,train
1289612,118414,2024-05-31 21:30:00,4,train
1289612,118415,2024-05-31 21:30:00,4,train
1282216,118416,2024-05-31 22:45:00,4,train
1290306,118417,2024-06-01 00:15:00,4,train
1290306,118418,2024-06-01 00:15:00,4,train
1294282,118419,2024-06-01 01:55:00,4,train
1294281,118420,2024-06-01 02:30:00,4,train
1294281,118421,2024-06-01 02:30:00,4,train
1290683,118422,2024-06-01 05:30:00,4,train
1290683,118423,2024-06-01 05:30:00,4,train
1291050,118424,2024-06-01 08:45:00,4,train
1291050,118425,2024-06-01 08:45:00,4,train
1291050,118426,2024-06-01 08:45:00,4,train
1295665,118427,2024-06-01 15:15:00,4,train
1294179,118428,2024-06-01 21:00:00,4,train
1294179,118429,2024-06-01 21:00:00,4,train
1294521,118430,2024-06-02 00:15:00,4,train
1294521,118431,2024-06-02 00:15:00,4,train
1296292,118432,2024-06-02 07:00:00,4,train
1296292,118433,2024-06-02 07:00:00,4,train
1296292,118434,2024-06-02 07:00:00,4,train
1296293,118435,2024-06-02 15:00:00,4,train
1296293,118436,2024-06-02 15:00:00,4,train
1297143,118437,2024-06-02 21:00:00,4,train
1297143,118438,2024-06-02 21:00:00,4,train
1297143,118439,2024-06-02 21:00:00,4,train
1298684,118440,2024-06-03 17:00:00,4,train
1298684,118441,2024-06-03 17:00:00,4,train
1298683,118442,2024-06-03 20:00:00,4,train
1298682,118443,2024-06-04 11:00:00,4,train
1298682,118444,2024-06-04 11:00:00,4,train
1280228,118446,2024-06-04 20:00:00,4,train
1280229,118448,2024-06-04 20:00:00,4,train
1280229,118451,2024-06-04 20:00:00,4,train
1280230,118450,2024-06-04 20:00:00,4,train
1280231,118445,2024-06-04 20:00:00,4,train
1280231,118447,2024-06-04 20:00:00,4,train
1298679,118449,2024-06-04 20:00:00,4,train
1290447,118453,2024-06-05 11:00:00,4,train
1290462,118452,2024-06-05 11:10:00,4,train
1298486,118454,2024-06-05 12:00:00,4,train
1298486,118455,2024-06-05 12:00:00,4,train
1290446,118456,2024-06-05 12:55:00,4,train
1303271,118458,2024-06-05 14:00:00,4,train
1303271,118459,2024-06-05 14:00:00,4,train
1298484,118460,2024-06-05 15:00:00,4,train
1298484,118461,2024-06-05 15:00:00,4,train
1290460,118457,2024-06-05 15:10:00,4,train
1290444,118463,2024-06-05 16:55:00,4,train
1303270,118462,2024-06-05 17:00:00,4,train
1303270,118464,2024-06-05 17:00:00,4,train
1303270,118467,2024-06-05 17:00:00,4,train
1298485,118465,2024-06-05 18:00:00,4,train
1298485,118468,2024-06-05 18:00:00,4,train
1290458,118466,2024-06-05 18:10:00,4,train
1290457,118469,2024-06-05 19:55:00,4,train
1290442,118471,2024-06-05 20:00:00,4,train
1303213,118472,2024-06-05 20:00:00,4,train
1303213,118479,2024-06-05 20:00:00,4,train
1303214,118473,2024-06-05 20:00:00,4,train
1303214,118476,2024-06-05 20:00:00,4,train
1303307,118470,2024-06-05 20:00:00,4,train
1303307,118475,2024-06-05 20:00:00,4,train
1303307,118477,2024-06-05 20:00:00,4,train
1298483,118474,2024-06-05 21:00:00,4,train
1298483,118478,2024-06-05 21:00:00,4,train
1298483,118480,2024-06-05 21:00:00,4,train
1290440,118482,2024-06-06 11:00:00,4,train
1290455,118481,2024-06-06 11:00:00,4,train
1290439,118483,2024-06-06 12:30:00,4,train
1290454,118484,2024-06-06 12:30:00,4,train
1290437,118485,2024-06-06 14:00:00,4,train
1304155,118487,2024-06-06 14:00:00,4,train
1304155,118488,2024-06-06 14:00:00,4,train
1290453,118486,2024-06-06 15:30:00,4,train
1290436,118489,2024-06-06 17:00:00,4,train
1290451,118490,2024-06-06 17:00:00,4,train
1304154,118491,2024-06-06 17:00:00,4,train
1302997,118492,2024-06-06 18:00:00,4,train
1302997,118494,2024-06-06 18:00:00,4,train
1290449,118493,2024-06-06 18:30:00,4,train
1290450,118496,2024-06-06 20:00:00,4,train
1304153,118499,2024-06-06 20:00:00,4,train
1305573,118498,2024-06-06 20:00:00,4,train
1305573,118501,2024-06-06 20:00:00,4,train
1305665,118495,2024-06-06 20:00:00,4,train
1305665,118502,2024-06-06 20:00:00,4,train
1290435,118497,2024-06-06 20:10:00,4,train
1290433,118500,2024-06-06 21:30:00,4,train
1307549,118503,2024-06-07 11:00:00,4,train
1307549,118505,2024-06-07 11:00:00,4,train
1305263,118504,2024-06-07 12:00:00,4,train
1305263,118506,2024-06-07 12:00:00,4,train
1307548,118507,2024-06-07 14:00:00,4,train
1307548,118508,2024-06-07 14:00:00,4,train
1305633,118509,2024-06-07 15:00:00,4,train
1305633,118510,2024-06-07 15:00:00,4,train
1281530,118511,2024-06-07 16:10:00,4,train
1307547,118512,2024-06-07 17:00:00,4,train
1307547,118513,2024-06-07 17:00:00,4,train
1307547,118516,2024-06-07 17:00:00,4,train
1305262,118514,2024-06-07 18:00:00,4,train
1305262,118515,2024-06-07 18:00:00,4,train
1307493,118518,2024-06-07 20:30:00,4,train
1307493,118519,2024-06-07 20:30:00,4,train
1307624,118517,2024-06-07 20:40:00,4,train
1307624,118520,2024-06-07 20:40:00,4,train
1307536,118521,2024-06-07 21:30:00,4,train
1307536,118522,2024-06-07 21:30:00,4,train
1307669,118523,2024-06-08 00:30:00,4,train
1307669,118524,2024-06-08 00:30:00,4,train
1305882,118525,2024-06-08 03:30:00,4,train
1305882,118526,2024-06-08 03:30:00,4,train
1307266,118527,2024-06-08 12:00:00,4,train
1307266,118528,2024-06-08 12:00:00,4,train
1307266,118529,2024-06-08 12:00:00,4,train
1307544,118530,2024-06-08 14:00:00,4,train
1307544,118531,2024-06-08 14:00:00,4,train
1307544,118533,2024-06-08 14:00:00,4,train
1281529,118532,2024-06-08 15:00:00,4,train
1308984,118535,2024-06-08 16:00:00,4,train
1308984,118536,2024-06-08 16:00:00,4,train
1308984,118540,2024-06-08 16:00:00,4,train
1281528,118534,2024-06-08 16:30:00,4,train
1308973,118538,2024-06-08 18:00:00,4,train
1308973,118539,2024-06-08 18:00:00,4,train
1308973,118541,2024-06-08 18:00:00,4,train
1307542,118545,2024-06-08 20:00:00,4,train
1307542,118546,2024-06-08 20:00:00,4,train
1309175,118544,2024-06-08 20:00:00,4,train
1309175,118548,2024-06-08 20:00:00,4,train
1309172,118542,2024-06-08 20:30:00,4,train
1309172,118543,2024-06-08 20:30:00,4,train
1309161,118547,2024-06-08 21:00:00,4,train
1310746,118549,2024-06-09 12:00:00,4,train
1310746,118550,2024-06-09 12:00:00,4,train
1310746,118555,2024-06-09 12:00:00,4,train
1310778,118554,2024-06-09 13:00:00,4,train
1310779,118553,2024-06-09 13:00:00,4,train
1310780,118551,2024-06-09 13:00:00,4,train
1310781,118552,2024-06-09 13:00:00,4,train
1310774,118559,2024-06-09 14:30:00,4,train
1310775,118556,2024-06-09 14:30:00,4,train
1310776,118557,2024-06-09 14:30:00,4,train
1310777,118558,2024-06-09 14:30:00,4,train
1311217,118560,2024-06-09 14:30:00,4,train
1311217,118565,2024-06-09 14:30:00,4,train
1310589,118561,2024-06-09 15:00:00,4,train
1310589,118563,2024-06-09 15:00:00,4,train
1310589,118569,2024-06-09 15:00:00,4,train
1310745,118562,2024-06-09 15:00:00,4,train
1310745,118568,2024-06-09 15:00:00,4,train
1310745,118570,2024-06-09 15:00:00,4,train
1310771,118567,2024-06-09 16:00:00,4,train
1310772,118566,2024-06-09 16:00:00,4,train
1310773,118564,2024-06-09 16:00:00,4,train
1310767,118573,2024-06-09 17:30:00,4,train
1310768,118571,2024-06-09 17:30:00,4,train
1310769,118574,2024-06-09 17:30:00,4,train
1311216,118572,2024-06-09 17:30:00,4,train
1311216,118576,2024-06-09 17:30:00,4,train
1310698,118578,2024-06-09 18:00:00,4,train
1310698,118581,2024-06-09 18:00:00,4,train
1310698,118582,2024-06-09 18:00:00,4,train
1310744,118575,2024-06-09 18:00:00,4,train
1310744,118579,2024-06-09 18:00:00,4,train
1310590,118577,2024-06-09 18:20:00,4,train
1310590,118580,2024-06-09 18:20:00,4,train
1310976,118585,2024-06-10 04:00:00,4,train
1310976,118586,2024-06-10 04:00:00,4,train
1310976,118587,2024-06-10 04:00:00,4,train
1311215,118588,2024-06-10 11:30:00,4,train
1312040,118590,2024-06-10 13:00:00,4,train
1312041,118591,2024-06-10 13:00:00,4,train
1312042,118592,2024-06-10 13:00:00,4,train
1312043,118589,2024-06-10 13:00:00,4,train
1312036,118593,2024-06-10 14:30:00,4,train
1312037,118597,2024-06-10 14:30:00,4,train
1312038,118594,2024-06-10 14:30:00,4,train
1312039,118596,2024-06-10 14:30:00,4,train
1312150,118595,2024-06-10 15:00:00,4,train
1312150,118599,2024-06-10 15:00:00,4,train
1312150,118602,2024-06-10 15:00:00,4,train
1312032,118601,2024-06-10 16:00:00,4,train
1312033,118600,2024-06-10 16:00:00,4,train
1312034,118598,2024-06-10 16:00:00,4,train
1311213,118603,2024-06-10 17:30:00,4,train
1311213,118605,2024-06-10 17:30:00,4,train
1311213,118607,2024-06-10 17:30:00,4,train
1313815,118608,2024-06-11 14:00:00,4,train
1313815,118609,2024-06-11 14:00:00,4,train
1313815,118610,2024-06-11 14:00:00,4,train
1313814,118612,2024-06-11 17:25:00,4,train
1313814,118613,2024-06-11 17:25:00,4,train
1313768,118611,2024-06-11 17:30:00,4,train
1313768,118614,2024-06-11 17:30:00,4,train
1313768,118617,2024-06-11 17:30:00,4,train
1315173,118618,2024-06-11 21:00:00,4,train
1315173,118619,2024-06-11 21:00:00,4,train
1292754,118620,2024-06-12 14:00:00,4,train
1292754,118621,2024-06-12 14:00:00,4,train
1315049,118622,2024-06-12 15:45:00,4,train
1315049,118624,2024-06-12 15:45:00,4,train
1292753,118623,2024-06-12 16:25:00,4,train
1292753,118625,2024-06-12 16:25:00,4,train
1292752,118626,2024-06-12 18:45:00,4,train
1292752,118629,2024-06-12 18:45:00,4,train
1292752,118632,2024-06-12 18:45:00,4,train
1315508,118627,2024-06-12 20:00:00,4,train
1315508,118631,2024-06-12 20:00:00,4,train
1315508,118633,2024-06-12 20:00:00,4,train
1315510,118628,2024-06-12 20:00:00,4,train
1315510,118630,2024-06-12 20:00:00,4,train
1315510,118634,2024-06-12 20:00:00,4,train
1292751,118635,2024-06-12 23:00:00,4,train
1292751,118636,2024-06-12 23:00:00,4,train
1292751,118637,2024-06-12 23:00:00,4,train
1315577,118638,2024-06-13 11:00:00,4,train
1315577,118639,2024-06-13 11:00:00,4,train
1315048,118641,2024-06-13 13:00:00,4,train
1315048,118643,2024-06-13 13:00:00,4,train
1315576,118642,2024-06-13 14:00:00,4,train
1315576,118646,2024-06-13 14:00:00,4,train
1317125,118640,2024-06-13 14:00:00,4,train
1317125,118644,2024-06-13 14:00:00,4,train
1315047,118648,2024-06-13 15:50:00,4,train
1315047,118651,2024-06-13 15:50:00,4,train
1315047,118655,2024-06-13 15:50:00,4,train
1317126,118647,2024-06-13 15:50:00,4,train
1317126,118650,2024-06-13 15:50:00,4,train
1317126,118654,2024-06-13 15:50:00,4,train
1315575,118652,2024-06-13 17:00:00,4,train
1315575,118656,2024-06-13 17:00:00,4,train
1315575,118657,2024-06-13 17:00:00,4,train
1314508,118659,2024-06-13 18:40:00,4,train
1314508,118661,2024-06-13 18:40:00,4,train
1314508,118664,2024-06-13 18:40:00,4,train
1317591,118658,2024-06-13 19:00:00,4,train
1317591,118660,2024-06-13 19:00:00,4,train
1317591,118663,2024-06-13 19:00:00,4,train
1317358,118662,2024-06-13 21:00:00,4,train
1317592,118665,2024-06-13 22:15:00,4,train
1317592,118666,2024-06-13 22:15:00,4,train
1315573,118667,2024-06-14 11:00:00,4,train
1308703,118668,2024-06-14 12:25:00,4,train
1316992,118669,2024-06-14 13:00:00,4,train
1314507,118670,2024-06-14 15:00:00,4,train
1314507,118674,2024-06-14 15:00:00,4,train
1308701,118671,2024-06-14 15:25:00,4,train
1315572,118672,2024-06-14 16:05:00,4,train
1318586,118673,2024-06-14 16:30:00,4,train
1318586,118676,2024-06-14 16:30:00,4,train
1318586,118680,2024-06-14 16:30:00,4,train
1315571,118675,2024-06-14 17:00:00,4,train
1315571,118679,2024-06-14 17:00:00,4,train
1319699,118677,2024-06-14 17:00:00,4,train
1318827,118678,2024-06-14 18:00:00,4,train
1318827,118681,2024-06-14 18:00:00,4,train
1318827,118683,2024-06-14 18:00:00,4,train
1319869,118682,2024-06-14 18:30:00,4,train
1296498,118684,2024-06-14 20:00:00,4,train
1318898,118685,2024-06-14 20:00:00,4,train
1318898,118688,2024-06-14 20:00:00,4,train
1318899,118686,2024-06-14 20:00:00,4,train
1318900,118687,2024-06-14 20:00:00,4,train
1318900,118690,2024-06-14 20:00:00,4,train
1318946,118689,2024-06-14 21:40:00,4,train
1318946,118692,2024-06-14 21:40:00,4,train
1296497,118691,2024-06-14 22:00:00,4,train
1296496,118694,2024-06-15 00:10:00,4,train
1320243,118693,2024-06-15 02:00:00,4,train
1319698,118695,2024-06-15 11:00:00,4,train
1319698,118696,2024-06-15 11:00:00,4,train
1320009,118697,2024-06-15 13:00:00,4,train
1320009,118698,2024-06-15 13:00:00,4,train
1320009,118701,2024-06-15 13:00:00,4,train
1320009,118704,2024-06-15 13:00:00,4,train
1320137,118700,2024-06-15 13:55:00,4,train
1320137,118702,2024-06-15 13:55:00,4,train
1320137,118705,2024-06-15 13:55:00,4,train
1318821,118699,2024-06-15 14:00:00,4,train
1318821,118703,2024-06-15 14:00:00,4,train
1320242,118706,2024-06-15 16:15:00,4,train
1320242,118707,2024-06-15 16:15:00,4,train
1318671,118708,2024-06-15 18:00:00,4,train
1318671,118711,2024-06-15 18:00:00,4,train
1318671,118714,2024-06-15 18:00:00,4,train
1320042,118710,2024-06-15 18:00:00,4,train
1320042,118716,2024-06-15 18:00:00,4,train
1320042,118720,2024-06-15 18:00:00,4,train
1320094,118709,2024-06-15 18:00:00,4,train
1320094,118712,2024-06-15 18:00:00,4,train
1320094,118717,2024-06-15 18:00:00,4,train
1320381,118713,2024-06-15 19:10:00,4,train
1320381,118715,2024-06-15 19:10:00,4,train
1320381,118721,2024-06-15 19:10:00,4,train
1320108,118718,2024-06-15 20:00:00,4,train
1320108,118722,2024-06-15 20:00:00,4,train
1320109,118719,2024-06-15 20:00:00,4,train
1320244,118723,2024-06-15 22:10:00,4,train
1320244,118724,2024-06-15 22:10:00,4,train
1321217,118725,2024-06-16 02:30:00,4,train
1321217,118726,2024-06-16 02:30:00,4,train
1321217,118727,2024-06-16 02:30:00,4,train
1321115,118728,2024-06-16 11:00:00,4,train
1321115,118729,2024-06-16 11:00:00,4,train
1321115,118730,2024-06-16 11:00:00,4,train
1321149,118732,2024-06-16 13:00:00,4,train
1321149,118734,2024-06-16 13:00:00,4,train
1321114,118733,2024-06-16 14:15:00,4,train
1321114,118735,2024-06-16 14:15:00,4,train
1321216,118736,2024-06-16 16:15:00,4,train
1321216,118739,2024-06-16 16:15:00,4,train
1321251,118738,2024-06-16 17:00:00,4,train
1321251,118741,2024-06-16 17:00:00,4,train
1321251,118742,2024-06-16 17:00:00,4,train
1321251,118746,2024-06-16 17:00:00,4,train
1321809,118737,2024-06-16 17:00:00,4,train
1321809,118740,2024-06-16 17:00:00,4,train
1321871,118743,2024-06-16 19:00:00,4,train
1321871,118748,2024-06-16 19:00:00,4,train
1321161,118744,2024-06-16 20:00:00,4,train
1321161,118749,2024-06-16 20:00:00,4,train
1321195,118745,2024-06-16 20:00:00,4,train
1321195,118747,2024-06-16 20:00:00,4,train
1321195,118750,2024-06-16 20:00:00,4,train
1321563,118751,2024-06-16 22:30:00,4,train
1321563,118752,2024-06-16 22:30:00,4,train
1321563,118753,2024-06-16 22:30:00,4,train
1321776,118754,2024-06-17 14:00:00,4,train
1321776,118755,2024-06-17 14:00:00,4,train
1321776,118756,2024-06-17 14:00:00,4,train
1333704,118757,2024-07-17 14:30:00,4,train
1333705,118759,2024-07-17 14:30:00,4,train
1333710,118758,2024-07-17 14:30:00,4,train
1333710,118760,2024-07-17 14:30:00,4,train
1333710,118761,2024-07-17 14:30:00,4,train
1333707,118762,2024-07-17 17:45:00,4,train
1333707,118764,2024-07-17 17:45:00,4,train
1333709,118763,2024-07-17 17:45:00,4,train
1333709,118765,2024-07-17 17:45:00,4,train
1333706,118766,2024-07-17 21:00:00,4,train
1333706,118768,2024-07-17 21:00:00,4,train
1333708,118767,2024-07-17 21:00:00,4,train
1333708,118769,2024-07-17 21:00:00,4,train
1380480,118770,2024-07-18 13:30:00,4,train
1380481,118771,2024-07-18 13:30:00,4,train
1380479,118772,2024-07-18 15:00:00,4,train
1384234,118773,2024-07-18 17:00:00,4,train
1384669,118774,2024-07-18 19:00:00,4,train
1380476,118775,2024-07-18 22:00:00,4,train
1380476,118776,2024-07-18 22:00:00,4,train
1380476,118777,2024-07-18 22:00:00,4,train
1380475,118778,2024-07-19 14:30:00,4,train
1380475,118779,2024-07-19 14:30:00,4,train
1385724,118780,2024-07-19 18:55:00,4,train
1385724,118781,2024-07-19 18:55:00,4,train
1380477,118782,2024-07-19 22:40:00,4,train
1380477,118783,2024-07-19 22:40:00,4,train
1389940,118784,2024-07-20 17:45:00,4,train
1389940,118785,2024-07-20 17:45:00,4,train
1391226,118786,2024-07-20 21:00:00,4,train
1391226,118787,2024-07-20 21:00:00,4,train
1391226,118788,2024-07-20 21:00:00,4,train
1395259,118789,2024-07-21 21:00:00,4,train
1395259,118790,2024-07-21 21:00:00,4,train
1395259,118791,2024-07-21 21:00:00,4,train
1399246,118792,2024-07-22 18:00:00,4,train
1399246,118793,2024-07-22 18:00:00,4,train
1399246,118794,2024-07-22 18:00:00,4,train
1349663,118795,2024-07-26 18:45:00,4,train
1429772,118798,2024-07-27 15:00:00,4,train
1429772,118800,2024-07-27 15:00:00,4,train
1429773,118802,2024-07-27 17:50:00,4,train
1429773,118804,2024-07-27 17:50:00,4,train
1428500,118803,2024-07-27 18:10:00,4,train
1428500,118805,2024-07-27 18:10:00,4,train
1428500,118806,2024-07-27 18:10:00,4,train
1433680,118810,2024-07-28 10:45:00,4,train
1433680,118811,2024-07-28 10:45:00,4,train
1434356,118812,2024-07-28 13:50:00,4,train
1434356,118814,2024-07-28 13:50:00,4,train
1434356,118816,2024-07-28 13:50:00,4,train
1435176,118813,2024-07-28 15:30:00,4,train
1435176,118815,2024-07-28 15:30:00,4,train
1435175,118817,2024-07-28 18:00:00,4,train
1435175,118819,2024-07-28 18:00:00,4,train
1440342,118818,2024-07-28 19:00:00,4,train
1440342,118820,2024-07-28 19:00:00,4,train
1370922,118821,2024-07-29 13:00:00,4,train
1370922,118822,2024-07-29 13:00:00,4,train
1370921,118824,2024-07-29 14:50:00,4,train
1370921,118826,2024-07-29 14:50:00,4,train
1440194,118823,2024-07-29 15:00:00,4,train
1440194,118825,2024-07-29 15:00:00,4,train
1370920,118827,2024-07-29 17:30:00,4,train
1370920,118828,2024-07-29 17:30:00,4,train
1370920,118829,2024-07-29 17:30:00,4,train
1443453,118830,2024-07-29 20:00:00,4,train
1443453,118832,2024-07-29 20:00:00,4,train
1370919,118831,2024-07-29 21:20:00,4,train
1443819,118834,2024-07-29 22:30:00,4,train
1443819,118836,2024-07-29 22:30:00,4,train
1443819,118837,2024-07-29 22:30:00,4,train
1442538,118833,2024-07-29 23:00:00,4,train
1442538,118835,2024-07-29 23:00:00,4,train
1443452,118838,2024-07-30 02:00:00,4,train
1443452,118840,2024-07-30 02:00:00,4,train
1450654,118839,2024-07-30 02:30:00,4,train
1450654,118841,2024-07-30 02:30:00,4,train
1441988,118843,2024-07-30 12:00:00,4,train
1441988,118844,2024-07-30 12:00:00,4,train
1441988,118846,2024-07-30 12:00:00,4,train
1447814,118842,2024-07-30 13:00:00,4,train
1447814,118845,2024-07-30 13:00:00,4,train
1447813,118847,2024-07-30 15:05:00,4,train
1447813,118849,2024-07-30 15:05:00,4,train
1447813,118850,2024-07-30 15:05:00,4,train
1438112,118851,2024-07-30 17:15:00,4,train
1438112,118853,2024-07-30 17:15:00,4,train
1449801,118852,2024-07-30 18:20:00,4,train
1449801,118854,2024-07-30 18:20:00,4,train
1438111,118855,2024-07-30 20:00:00,4,train
1438111,118857,2024-07-30 20:00:00,4,train
1449800,118856,2024-07-30 20:30:00,4,train
1449800,118858,2024-07-30 20:30:00,4,train
1438114,118859,2024-07-30 23:00:00,4,train
1438114,118860,2024-07-30 23:00:00,4,train
1370918,118861,2024-07-31 13:00:00,4,train
1370918,118862,2024-07-31 13:00:00,4,train
1370918,118863,2024-07-31 13:00:00,4,train
1370917,118864,2024-07-31 16:25:00,4,train
1370917,118865,2024-07-31 16:25:00,4,train
1370916,118867,2024-07-31 18:45:00,4,train
1370916,118868,2024-07-31 18:45:00,4,train
1456351,118869,2024-07-31 20:00:00,4,train
1456351,118871,2024-07-31 20:00:00,4,train
1370915,118870,2024-07-31 20:30:00,4,train
1370915,118873,2024-07-31 20:30:00,4,train
1435170,118872,2024-07-31 21:25:00,4,train
1435170,118874,2024-07-31 21:25:00,4,train
1457855,118875,2024-07-31 23:20:00,4,train
1457855,118876,2024-07-31 23:20:00,4,train
1456350,118877,2024-08-01 02:00:00,4,train
1456350,118878,2024-08-01 02:00:00,4,train
1461761,118879,2024-08-01 13:00:00,4,train
1461761,118880,2024-08-01 13:00:00,4,train
1461761,118882,2024-08-01 13:00:00,4,train
1455873,118881,2024-08-01 15:00:00,4,train
1455873,118883,2024-08-01 15:00:00,4,train
1461760,118884,2024-08-01 16:00:00,4,train
1461760,118885,2024-08-01 16:00:00,4,train
1461760,118887,2024-08-01 16:00:00,4,train
1460427,118886,2024-08-01 18:00:00,4,train
1460427,118888,2024-08-01 18:00:00,4,train
1462699,118889,2024-08-01 19:15:00,4,train
1462699,118890,2024-08-01 19:15:00,4,train
1462699,118891,2024-08-01 19:15:00,4,train
1463089,118892,2024-08-01 21:00:00,4,train
1462698,118893,2024-08-01 22:40:00,4,train
1462698,118894,2024-08-01 22:40:00,4,train
1462698,118896,2024-08-01 22:40:00,4,train
1451234,118895,2024-08-01 23:00:00,4,train
1466429,118899,2024-08-02 11:30:00,4,train
1466429,118901,2024-08-02 11:30:00,4,train
1466429,118905,2024-08-02 11:30:00,4,train
1460426,118902,2024-08-02 12:00:00,4,train
1460426,118903,2024-08-02 12:00:00,4,train
1455438,118900,2024-08-02 13:00:00,4,train
1455438,118904,2024-08-02 13:00:00,4,train
1456732,118907,2024-08-02 15:00:00,4,train
1456732,118909,2024-08-02 15:00:00,4,train
1456732,118913,2024-08-02 15:00:00,4,train
1469894,118906,2024-08-02 15:00:00,4,train
1469894,118910,2024-08-02 15:00:00,4,train
1470048,118908,2024-08-02 15:30:00,4,train
1470048,118911,2024-08-02 15:30:00,4,train
1470048,118914,2024-08-02 15:30:00,4,train
1469201,118912,2024-08-02 17:00:00,4,train
1469201,118915,2024-08-02 17:00:00,4,train
1463088,118917,2024-08-02 18:00:00,4,train
1463088,118918,2024-08-02 18:00:00,4,train
1466696,118916,2024-08-02 18:05:00,4,train
1466696,118919,2024-08-02 18:05:00,4,train
1469203,118921,2024-08-02 20:00:00,4,train
1467883,118920,2024-08-02 20:40:00,4,train
1467883,118922,2024-08-02 20:40:00,4,train
1469202,118923,2024-08-02 23:00:00,4,train
1469204,118924,2024-08-03 02:00:00,4,train
1469204,118925,2024-08-03 02:00:00,4,train
1471480,118928,2024-08-03 12:00:00,4,train
1471480,118929,2024-08-03 12:00:00,4,train
1471480,118930,2024-08-03 12:00:00,4,train
1470113,118926,2024-08-03 13:00:00,4,train
1470113,118927,2024-08-03 13:00:00,4,train
1470113,118931,2024-08-03 13:00:00,4,train
1470605,118932,2024-08-03 16:45:00,4,train
1470605,118933,2024-08-03 16:45:00,4,train
1470605,118935,2024-08-03 16:45:00,4,train
1472102,118934,2024-08-03 17:00:00,4,train
1471631,118936,2024-08-03 19:30:00,4,train
1471631,118939,2024-08-03 19:30:00,4,train
1472262,118938,2024-08-03 19:30:00,4,train
1472262,118941,2024-08-03 19:30:00,4,train
1471071,118937,2024-08-03 19:55:00,4,train
1471071,118940,2024-08-03 19:55:00,4,train
1471222,118943,2024-08-03 22:00:00,4,train
1471222,118945,2024-08-03 22:00:00,4,train
1471222,118946,2024-08-03 22:00:00,4,train
1472261,118942,2024-08-03 22:15:00,4,train
1472261,118944,2024-08-03 22:15:00,4,train
1474921,118947,2024-08-04 02:00:00,4,train
1474921,118948,2024-08-04 02:00:00,4,train
1475794,118949,2024-08-04 15:30:00,4,train
1475794,118950,2024-08-04 15:30:00,4,train
1475411,118951,2024-08-04 17:00:00,4,train
1475795,118952,2024-08-04 17:30:00,4,train
1475795,118953,2024-08-04 17:30:00,4,train
1475585,118954,2024-08-05 21:30:00,4,train
1475585,118955,2024-08-05 21:30:00,4,train
1480957,118956,2024-08-06 12:00:00,4,train
1480957,118958,2024-08-06 12:00:00,4,train
1473026,118957,2024-08-06 13:00:00,4,train
1484245,118959,2024-08-06 13:30:00,4,train
1484245,118960,2024-08-06 13:30:00,4,train
1473025,118961,2024-08-06 14:00:00,4,train
1484718,118962,2024-08-06 16:30:00,4,train
1484718,118964,2024-08-06 16:30:00,4,train
1488209,118963,2024-08-06 16:30:00,4,train
1488625,118966,2024-08-06 17:20:00,4,train
1480955,118965,2024-08-06 18:00:00,4,train
1480955,118967,2024-08-06 18:00:00,4,train
1488863,118968,2024-08-06 19:30:00,4,train
1488863,118969,2024-08-06 19:30:00,4,train
1480954,118970,2024-08-06 21:25:00,4,train
1480954,118971,2024-08-06 21:25:00,4,train
1480954,118972,2024-08-06 21:25:00,4,train
1423504,118974,2024-08-07 11:30:00,4,train
1423504,118975,2024-08-07 11:30:00,4,train
1423504,118977,2024-08-07 11:30:00,4,train
1423506,118973,2024-08-07 11:30:00,4,train
1423506,118976,2024-08-07 11:30:00,4,train
1423506,118978,2024-08-07 11:30:00,4,train
1484343,118979,2024-08-07 14:45:00,4,train
1484343,118981,2024-08-07 14:45:00,4,train
1491116,118983,2024-08-07 15:00:00,4,train
1491116,118986,2024-08-07 15:00:00,4,train
1491116,118988,2024-08-07 15:00:00,4,train
1423509,118980,2024-08-07 15:15:00,4,train
1423509,118982,2024-08-07 15:15:00,4,train
1423509,118987,2024-08-07 15:15:00,4,train
1489775,118985,2024-08-07 16:00:00,4,train
1489775,118990,2024-08-07 16:00:00,4,train
1423511,118984,2024-08-07 16:45:00,4,train
1423511,118989,2024-08-07 16:45:00,4,train
1423510,118991,2024-08-07 18:30:00,4,train
1423510,118993,2024-08-07 18:30:00,4,train
1423510,118998,2024-08-07 18:30:00,4,train
1491115,118992,2024-08-07 19:00:00,4,train
1491115,118996,2024-08-07 19:00:00,4,train
1423507,118995,2024-08-07 19:45:00,4,train
1423507,118997,2024-08-07 19:45:00,4,train
1423507,118999,2024-08-07 19:45:00,4,train
1493500,118994,2024-08-07 20:00:00,4,train
1491114,119000,2024-08-07 21:00:00,4,train
1423505,119001,2024-08-07 21:25:00,4,train
1423505,119002,2024-08-07 21:25:00,4,train
1491113,119003,2024-08-08 12:00:00,4,train
1491113,119004,2024-08-08 12:00:00,4,train
1492775,119005,2024-08-08 14:30:00,4,train
1492775,119006,2024-08-08 14:30:00,4,train
1492775,119008,2024-08-08 14:30:00,4,train
1491112,119007,2024-08-08 15:00:00,4,train
1491112,119009,2024-08-08 15:00:00,4,train
1494308,119010,2024-08-08 16:45:00,4,train
1494308,119012,2024-08-08 16:45:00,4,train
1494308,119014,2024-08-08 16:45:00,4,train
1494464,119011,2024-08-08 17:45:00,4,train
1494464,119013,2024-08-08 17:45:00,4,train
1494464,119015,2024-08-08 17:45:00,4,train
1491111,119017,2024-08-08 18:00:00,4,train
1494002,119016,2024-08-08 20:15:00,4,train
1494002,119020,2024-08-08 20:15:00,4,train
1494001,119018,2024-08-08 20:45:00,4,train
1494001,119021,2024-08-08 20:45:00,4,train
1491110,119019,2024-08-08 21:00:00,4,train
1491110,119022,2024-08-08 21:00:00,4,train
1491110,119023,2024-08-08 21:00:00,4,train
1494307,119024,2024-08-09 14:30:00,4,train
1494307,119027,2024-08-09 14:30:00,4,train
1494307,119028,2024-08-09 14:30:00,4,train
1494465,119025,2024-08-09 14:30:00,4,train
1494465,119026,2024-08-09 14:30:00,4,train
1497119,119029,2024-08-09 18:00:00,4,train
1497119,119030,2024-08-09 18:00:00,4,train
1497119,119031,2024-08-09 18:00:00,4,train
1497117,119032,2024-08-09 20:30:00,4,train
1497117,119033,2024-08-09 20:30:00,4,train
1497117,119036,2024-08-09 20:30:00,4,train
1499245,119034,2024-08-09 21:30:00,4,train
1499245,119035,2024-08-09 21:30:00,4,train
1499245,119037,2024-08-09 21:30:00,4,train
1499565,119038,2024-08-10 14:30:00,4,train
1499565,119040,2024-08-10 14:30:00,4,train
1499566,119039,2024-08-10 14:30:00,4,train
1499566,119042,2024-08-10 14:30:00,4,train
1499567,119041,2024-08-10 16:55:00,4,train
1499567,119044,2024-08-10 16:55:00,4,train
1499568,119043,2024-08-10 18:00:00,4,train
1499568,119045,2024-08-10 18:00:00,4,train
1499978,119046,2024-08-10 19:45:00,4,train
1499978,119047,2024-08-10 19:45:00,4,train
1499981,119049,2024-08-10 20:25:00,4,train
1497725,119048,2024-08-10 21:00:00,4,train
1497725,119050,2024-08-10 21:00:00,4,train
1499976,119052,2024-08-11 14:30:00,4,train
1499976,119053,2024-08-11 14:30:00,4,train
1499977,119051,2024-08-11 14:30:00,4,train
1499977,119054,2024-08-11 14:30:00,4,train
1499977,119056,2024-08-11 14:30:00,4,train
1502735,119055,2024-08-11 16:15:00,4,train
1502735,119059,2024-08-11 16:15:00,4,train
1502735,119061,2024-08-11 16:15:00,4,train
1502360,119057,2024-08-11 16:45:00,4,train
1502360,119060,2024-08-11 16:45:00,4,train
1502360,119063,2024-08-11 16:45:00,4,train
1502361,119058,2024-08-11 17:40:00,4,train
1502361,119062,2024-08-11 17:40:00,4,train
1502734,119064,2024-08-11 19:15:00,4,train
1502358,119065,2024-08-11 19:50:00,4,train
1502358,119067,2024-08-11 19:50:00,4,train
1502359,119066,2024-08-11 20:20:00,4,train
1502359,119068,2024-08-11 20:20:00,4,train
1502359,119069,2024-08-11 20:20:00,4,train
1502733,119070,2024-08-12 13:00:00,4,train
1502733,119071,2024-08-12 13:00:00,4,train
1502733,119074,2024-08-12 13:00:00,4,train
1504748,119073,2024-08-12 14:30:00,4,train
1504748,119076,2024-08-12 14:30:00,4,train
1505049,119072,2024-08-12 14:30:00,4,train
1505049,119075,2024-08-12 14:30:00,4,train
1505049,119078,2024-08-12 14:30:00,4,train
1502732,119077,2024-08-12 16:00:00,4,train
1502732,119080,2024-08-12 16:00:00,4,train
1504749,119079,2024-08-12 17:00:00,4,train
1504749,119082,2024-08-12 17:00:00,4,train
1504749,119084,2024-08-12 17:00:00,4,train
1505050,119081,2024-08-12 18:00:00,4,train
1505050,119083,2024-08-12 18:00:00,4,train
1506048,119086,2024-08-12 20:20:00,4,train
1506048,119088,2024-08-12 20:20:00,4,train
1506048,119090,2024-08-12 20:20:00,4,train
1505719,119085,2024-08-12 20:30:00,4,train
1505719,119087,2024-08-12 20:30:00,4,train
1505719,119089,2024-08-12 20:30:00,4,train
1510806,119093,2024-08-13 13:00:00,4,train
1510806,119094,2024-08-13 13:00:00,4,train
1510806,119095,2024-08-13 13:00:00,4,train
1509920,119092,2024-08-13 14:30:00,4,train
1509920,119096,2024-08-13 14:30:00,4,train
1510095,119091,2024-08-13 14:30:00,4,train
1510095,119097,2024-08-13 14:30:00,4,train
1510805,119099,2024-08-13 16:30:00,4,train
1510805,119101,2024-08-13 16:30:00,4,train
1510805,119104,2024-08-13 16:30:00,4,train
1510630,119098,2024-08-13 16:45:00,4,train
1510630,119103,2024-08-13 16:45:00,4,train
1505384,119100,2024-08-13 17:00:00,4,train
1505384,119102,2024-08-13 17:00:00,4,train
1505384,119106,2024-08-13 17:00:00,4,train
1510676,119105,2024-08-13 18:30:00,4,train
1510676,119107,2024-08-13 18:30:00,4,train
1510097,119108,2024-08-13 19:45:00,4,train
1510097,119110,2024-08-13 19:45:00,4,train
1513541,119109,2024-08-13 19:45:00,4,train
1513541,119111,2024-08-13 19:45:00,4,train
1513541,119112,2024-08-13 19:45:00,4,train
1510675,119113,2024-08-13 21:45:00,4,train
1510675,119114,2024-08-13 21:45:00,4,train
1510674,119115,2024-08-14 12:30:00,4,train
1510674,119116,2024-08-14 12:30:00,4,train
1510674,119117,2024-08-14 12:30:00,4,train
1500931,119118,2024-08-14 15:00:00,4,train
1500931,119119,2024-08-14 15:00:00,4,train
1500931,119121,2024-08-14 15:00:00,4,train
1510673,119120,2024-08-14 16:00:00,4,train
1510673,119122,2024-08-14 16:00:00,4,train
1510673,119123,2024-08-14 16:00:00,4,train
1510672,119124,2024-08-14 18:30:00,4,train
1510672,119125,2024-08-14 18:30:00,4,train
1510671,119126,2024-08-14 21:30:00,4,train
1510671,119127,2024-08-14 21:30:00,4,train
1516056,119131,2024-08-15 15:00:00,4,train
1516056,119133,2024-08-15 15:00:00,4,train
1516056,119134,2024-08-15 15:00:00,4,train
1516054,119137,2024-08-15 21:00:00,4,train
1516054,119138,2024-08-15 21:00:00,4,train
1517274,119139,2024-08-15 21:30:00,4,train
1516053,119140,2024-08-16 12:00:00,4,train
1516053,119141,2024-08-16 12:00:00,4,train
1516053,119142,2024-08-16 12:00:00,4,train
1516052,119144,2024-08-16 15:30:00,4,train
1516052,119147,2024-08-16 15:30:00,4,train
1517272,119143,2024-08-16 15:30:00,4,train
1517272,119146,2024-08-16 15:30:00,4,train
1517272,119149,2024-08-16 15:30:00,4,train
1514410,119145,2024-08-16 16:45:00,4,train
1514410,119148,2024-08-16 16:45:00,4,train
1514410,119150,2024-08-16 16:45:00,4,train
1517271,119151,2024-08-16 19:00:00,4,train
1517271,119153,2024-08-16 19:00:00,4,train
1514409,119152,2024-08-16 20:25:00,4,train
1514409,119158,2024-08-16 20:25:00,4,train
1516050,119154,2024-08-16 21:20:00,4,train
1516050,119157,2024-08-16 21:20:00,4,train
1516050,119160,2024-08-16 21:20:00,4,train
1517270,119155,2024-08-16 21:30:00,4,train
1517270,119156,2024-08-16 21:30:00,4,train
1517270,119159,2024-08-16 21:30:00,4,train
1519321,119161,2024-08-17 12:00:00,4,train
1519321,119162,2024-08-17 12:00:00,4,train
1518893,119163,2024-08-17 15:00:00,4,train
1520829,119164,2024-08-17 16:45:00,4,train
1520829,119165,2024-08-17 16:45:00,4,train
1520107,119166,2024-08-17 18:00:00,4,train
1520107,119172,2024-08-17 18:00:00,4,train
1521111,119167,2024-08-17 18:30:00,4,train
1521111,119175,2024-08-17 18:30:00,4,train
1521111,119178,2024-08-17 18:30:00,4,train
1521915,119169,2024-08-17 19:00:00,4,train
1521916,119173,2024-08-17 19:00:00,4,train
1521918,119170,2024-08-17 19:00:00,4,train
1521919,119174,2024-08-17 19:00:00,4,train
1521920,119168,2024-08-17 19:00:00,4,train
1521063,119177,2024-08-17 20:00:00,4,train
1521063,119181,2024-08-17 20:00:00,4,train
1522894,119176,2024-08-17 20:15:00,4,train
1522894,119179,2024-08-17 20:15:00,4,train
1521110,119180,2024-08-17 21:30:00,4,train
1521110,119182,2024-08-17 21:30:00,4,train
1521110,119183,2024-08-17 21:30:00,4,train
1521108,119184,2024-08-18 15:30:00,4,train
1521108,119185,2024-08-18 15:30:00,4,train
1523325,119186,2024-08-18 18:00:00,4,train
1523325,119188,2024-08-18 18:00:00,4,train
1523325,119192,2024-08-18 18:00:00,4,train
1521106,119187,2024-08-18 18:30:00,4,train
1521106,119189,2024-08-18 18:30:00,4,train
1521106,119190,2024-08-18 18:30:00,4,train
1521107,119191,2024-08-18 21:30:00,4,train
1521107,119193,2024-08-18 21:30:00,4,train
1521107,119194,2024-08-18 21:30:00,4,train
1521948,119195,2024-08-19 12:00:00,4,train
1521948,119196,2024-08-19 12:00:00,4,train
1521948,119197,2024-08-19 12:00:00,4,train
1526383,119198,2024-08-19 13:30:00,4,train
1526583,119205,2024-08-19 19:00:00,4,train
1526584,119204,2024-08-19 19:00:00,4,train
1526585,119201,2024-08-19 19:00:00,4,train
1526587,119202,2024-08-19 19:00:00,4,train
1526588,119199,2024-08-19 19:00:00,4,train
1526825,119203,2024-08-19 19:30:00,4,train
1526825,119207,2024-08-19 19:30:00,4,train
1526825,119209,2024-08-19 19:30:00,4,train
1529663,119206,2024-08-19 20:15:00,4,train
1529825,119208,2024-08-19 21:20:00,4,train
1529825,119210,2024-08-19 21:20:00,4,train
1521946,119211,2024-08-20 12:00:00,4,train
1521946,119212,2024-08-20 12:00:00,4,train
1526381,119213,2024-08-20 13:30:00,4,train
1526381,119215,2024-08-20 13:30:00,4,train
1526380,119216,2024-08-20 16:30:00,4,train
1526380,119218,2024-08-20 16:30:00,4,train
1526380,119219,2024-08-20 16:30:00,4,train
1526379,119220,2024-08-20 19:55:00,4,train
1526379,119221,2024-08-20 19:55:00,4,train
1524768,119223,2024-08-21 09:30:00,4,train
1524768,119224,2024-08-21 09:30:00,4,train
1524769,119222,2024-08-21 09:30:00,4,train
1524769,119225,2024-08-21 09:30:00,4,train
1524769,119229,2024-08-21 09:30:00,4,train
1517990,119226,2024-08-21 12:00:00,4,train
1517997,119228,2024-08-21 12:00:00,4,train
1518219,119227,2024-08-21 12:00:00,4,train
1521944,119234,2024-08-21 12:00:00,4,train
1521944,119235,2024-08-21 12:00:00,4,train
1521944,119236,2024-08-21 12:00:00,4,train
1517995,119232,2024-08-21 13:00:00,4,train
1517988,119233,2024-08-21 13:15:00,4,train
1517989,119231,2024-08-21 13:15:00,4,train
1517996,119230,2024-08-21 13:15:00,4,train
1517986,119239,2024-08-21 14:15:00,4,train
1517987,119237,2024-08-21 14:15:00,4,train
1517985,119240,2024-08-21 15:00:00,4,train
1521943,119242,2024-08-21 15:00:00,4,train
1521943,119243,2024-08-21 15:00:00,4,train
1533810,119245,2024-08-21 16:30:00,4,train
1518112,119244,2024-08-21 17:30:00,4,train
1518112,119246,2024-08-21 17:30:00,4,train
1533809,119248,2024-08-21 19:30:00,4,train
1533809,119250,2024-08-21 19:30:00,4,train
1533809,119251,2024-08-21 19:30:00,4,train
1518110,119247,2024-08-21 19:40:00,4,train
1518110,119249,2024-08-21 19:40:00,4,train
1518109,119252,2024-08-21 22:00:00,4,train
1518109,119253,2024-08-21 22:00:00,4,train
1518109,119254,2024-08-21 22:00:00,4,train
1536159,119255,2024-08-22 09:30:00,4,train
1521942,119257,2024-08-22 12:00:00,4,train
1521942,119263,2024-08-22 12:00:00,4,train
1521942,119264,2024-08-22 12:00:00,4,train
1536793,119258,2024-08-22 12:00:00,4,train
1536794,119259,2024-08-22 12:00:00,4,train
1536802,119256,2024-08-22 12:00:00,4,train
1536791,119261,2024-08-22 13:00:00,4,train
1536792,119260,2024-08-22 13:00:00,4,train
1536800,119262,2024-08-22 13:05:00,4,train
1538310,119265,2024-08-22 13:30:00,4,train
1538310,119268,2024-08-22 13:30:00,4,train
1538310,119273,2024-08-22 13:30:00,4,train
1536789,119270,2024-08-22 14:00:00,4,train
1536789,119274,2024-08-22 14:00:00,4,train
1536790,119266,2024-08-22 14:00:00,4,train
1536790,119272,2024-08-22 14:00:00,4,train
1536798,119267,2024-08-22 14:00:00,4,train
1536798,119271,2024-08-22 14:00:00,4,train
1521941,119269,2024-08-22 15:00:00,4,train
1521941,119275,2024-08-22 15:00:00,4,train
1521941,119277,2024-08-22 15:00:00,4,train
1518105,119276,2024-08-22 16:30:00,4,train
1518105,119278,2024-08-22 16:30:00,4,train
1536788,119280,2024-08-22 18:00:00,4,train
1536788,119284,2024-08-22 18:00:00,4,train
1536788,119287,2024-08-22 18:00:00,4,train
1518107,119281,2024-08-22 18:50:00,4,train
1518107,119285,2024-08-22 18:50:00,4,train
1536916,119283,2024-08-22 19:00:00,4,train
1536916,119286,2024-08-22 19:00:00,4,train
1536916,119289,2024-08-22 19:00:00,4,train
1518108,119288,2024-08-22 21:05:00,4,train
1518108,119290,2024-08-22 21:05:00,4,train
1539344,119291,2024-08-23 12:00:00,4,train
1539241,119294,2024-08-23 15:00:00,4,train
1539241,119297,2024-08-23 15:00:00,4,train
1539241,119302,2024-08-23 15:00:00,4,train
1539243,119293,2024-08-23 15:00:00,4,train
1539243,119299,2024-08-23 15:00:00,4,train
1539243,119304,2024-08-23 15:00:00,4,train
1539341,119292,2024-08-23 15:00:00,4,train
1539341,119298,2024-08-23 15:00:00,4,train
1539341,119303,2024-08-23 15:00:00,4,train
1539342,119296,2024-08-23 15:00:00,4,train
1539342,119301,2024-08-23 15:00:00,4,train
1539342,119305,2024-08-23 15:00:00,4,train
1539343,119295,2024-08-23 15:00:00,4,train
1539343,119300,2024-08-23 15:00:00,4,train
1518111,119306,2024-08-23 18:00:00,4,train
1518111,119307,2024-08-23 18:00:00,4,train
1541093,119309,2024-08-23 19:15:00,4,train
1541093,119310,2024-08-23 19:15:00,4,train
1541095,119308,2024-08-23 19:15:00,4,train
1541095,119311,2024-08-23 19:15:00,4,train
1518106,119312,2024-08-23 22:10:00,4,train
1518106,119313,2024-08-23 22:10:00,4,train
1518106,119314,2024-08-23 22:10:00,4,train
1537195,119315,2024-08-24 00:45:00,4,train
1537195,119316,2024-08-24 00:45:00,4,train
1537195,119317,2024-08-24 00:45:00,4,train
1530248,119318,2024-08-24 11:30:00,4,train
1530248,119319,2024-08-24 11:30:00,4,train
1530248,119320,2024-08-24 11:30:00,4,train
1539469,119321,2024-08-24 16:30:00,4,train
1539469,119322,2024-08-24 16:30:00,4,train
1539469,119323,2024-08-24 16:30:00,4,train
1541209,119324,2024-08-24 19:30:00,4,train
1541209,119325,2024-08-24 19:30:00,4,train
1541209,119326,2024-08-24 19:30:00,4,train
1541670,119327,2024-08-24 23:00:00,4,train
1541670,119328,2024-08-24 23:00:00,4,train
1541670,119329,2024-08-24 23:00:00,4,train
1543378,119330,2024-08-25 12:00:00,4,train
1543378,119331,2024-08-25 12:00:00,4,train
1541110,119332,2024-08-25 12:30:00,4,train
1541110,119333,2024-08-25 12:30:00,4,train
1543379,119334,2024-08-25 14:45:00,4,train
1543379,119336,2024-08-25 14:45:00,4,train
1541109,119335,2024-08-25 15:30:00,4,train
1541109,119337,2024-08-25 15:30:00,4,train
1530246,119338,2024-08-25 17:45:00,4,train
1530246,119339,2024-08-25 17:45:00,4,train
1530246,119341,2024-08-25 17:45:00,4,train
1541108,119340,2024-08-25 18:30:00,4,train
1541108,119342,2024-08-25 18:30:00,4,train
1541108,119344,2024-08-25 18:30:00,4,train
1543721,119343,2024-08-25 19:00:00,4,train
1544067,119345,2024-08-25 21:10:00,4,train
1544067,119347,2024-08-25 21:10:00,4,train
1541107,119349,2024-08-25 21:30:00,4,train
1530245,119346,2024-08-25 21:40:00,4,train
1530245,119348,2024-08-25 21:40:00,4,train
1541106,119351,2024-08-26 12:30:00,4,train
1546169,119350,2024-08-26 14:20:00,4,train
1546169,119352,2024-08-26 14:20:00,4,train
1546169,119354,2024-08-26 14:20:00,4,train
1544756,119353,2024-08-26 15:30:00,4,train
1544756,119358,2024-08-26 15:30:00,4,train
1544756,119363,2024-08-26 15:30:00,4,train
1541239,119359,2024-08-26 16:30:00,4,train
1541239,119367,2024-08-26 16:30:00,4,train
1541240,119357,2024-08-26 16:30:00,4,train
1541240,119364,2024-08-26 16:30:00,4,train
1541241,119360,2024-08-26 16:30:00,4,train
1541241,119366,2024-08-26 16:30:00,4,train
1541241,119373,2024-08-26 16:30:00,4,train
1541242,119356,2024-08-26 16:30:00,4,train
1541242,119365,2024-08-26 16:30:00,4,train
1541242,119369,2024-08-26 16:30:00,4,train
1546016,119355,2024-08-26 16:30:00,4,train
1546016,119368,2024-08-26 16:30:00,4,train
1546016,119372,2024-08-26 16:30:00,4,train
1518734,119361,2024-08-26 17:00:00,4,train
1518735,119362,2024-08-26 17:00:00,4,train
1545744,119371,2024-08-26 17:30:00,4,train
1545744,119376,2024-08-26 17:30:00,4,train
1545744,119382,2024-08-26 17:30:00,4,train
1544755,119370,2024-08-26 18:30:00,4,train
1544755,119378,2024-08-26 18:30:00,4,train
1541104,119377,2024-08-26 18:50:00,4,train
1541104,119379,2024-08-26 18:50:00,4,train
1518730,119375,2024-08-26 19:20:00,4,train
1518731,119374,2024-08-26 19:20:00,4,train
1546015,119384,2024-08-26 19:45:00,4,train
1518729,119401,2024-08-26 20:10:00,4,train
1548739,119383,2024-08-26 20:30:00,4,train
1548739,119390,2024-08-26 20:30:00,4,train
1548740,119380,2024-08-26 20:30:00,4,train
1548889,119385,2024-08-26 20:45:00,4,train
1548890,119381,2024-08-26 20:45:00,4,train
1518629,119387,2024-08-26 21:15:00,4,train
1518630,119386,2024-08-26 21:15:00,4,train
1541103,119389,2024-08-26 21:30:00,4,train
1544742,119388,2024-08-26 21:30:00,4,train
1546170,119392,2024-08-26 23:00:00,4,train
1546170,119394,2024-08-26 23:00:00,4,train
1507744,119391,2024-08-26 23:15:00,4,train
1518624,119395,2024-08-27 00:15:00,4,train
1549149,119393,2024-08-27 00:15:00,4,train
1549149,119399,2024-08-27 00:15:00,4,train
1549152,119397,2024-08-27 00:15:00,4,train
1549152,119400,2024-08-27 00:15:00,4,train
1549153,119396,2024-08-27 00:15:00,4,train
1549153,119398,2024-08-27 00:15:00,4,train
1543129,119403,2024-08-27 09:00:00,4,train
1543130,119402,2024-08-27 09:00:00,4,train
1543127,119404,2024-08-27 10:00:00,4,train
1543128,119405,2024-08-27 10:00:00,4,train
1545742,119406,2024-08-27 11:30:00,4,train
1545742,119411,2024-08-27 11:30:00,4,train
1545742,119414,2024-08-27 11:30:00,4,train
1544754,119408,2024-08-27 12:30:00,4,train
1544754,119412,2024-08-27 12:30:00,4,train
1544754,119420,2024-08-27 12:30:00,4,train
1545571,119407,2024-08-27 12:30:00,4,train
1550282,119424,2024-08-27 13:00:00,4,train
1550282,119425,2024-08-27 13:00:00,4,train
1550282,119429,2024-08-27 13:00:00,4,train
1550399,119415,2024-08-27 13:00:00,4,train
1550399,119416,2024-08-27 13:00:00,4,train
1550453,119417,2024-08-27 13:00:00,4,train
1550453,119418,2024-08-27 13:00:00,4,train
1550454,119421,2024-08-27 13:00:00,4,train
1550454,119422,2024-08-27 13:00:00,4,train
1550454,119423,2024-08-27 13:00:00,4,train
1546013,119419,2024-08-27 14:00:00,4,train
1546013,119426,2024-08-27 14:00:00,4,train
1546013,119433,2024-08-27 14:00:00,4,train
1549394,119413,2024-08-27 14:20:00,4,train
1549394,119427,2024-08-27 14:20:00,4,train
1545741,119428,2024-08-27 14:30:00,4,train
1545741,119434,2024-08-27 14:30:00,4,train
1544753,119431,2024-08-27 15:30:00,4,train
1544753,119432,2024-08-27 15:30:00,4,train
1546360,119430,2024-08-27 15:30:00,4,train
1546360,119435,2024-08-27 15:30:00,4,train
1549254,119437,2024-08-27 16:30:00,4,train
1549376,119436,2024-08-27 16:30:00,4,train
1549861,119438,2024-08-27 17:00:00,4,train
1545740,119440,2024-08-27 18:20:00,4,train
1544751,119441,2024-08-27 18:30:00,4,train
1544751,119442,2024-08-27 18:30:00,4,train
1546171,119439,2024-08-27 18:30:00,4,train
1549859,119445,2024-08-27 20:10:00,4,train
1549859,119451,2024-08-27 20:10:00,4,train
1545739,119443,2024-08-27 20:30:00,4,train
1545739,119454,2024-08-27 20:30:00,4,train
1545739,119455,2024-08-27 20:30:00,4,train
1549377,119444,2024-08-27 20:30:00,4,train
1549377,119450,2024-08-27 20:30:00,4,train
1551135,119447,2024-08-27 20:30:00,4,train
1551135,119449,2024-08-27 20:30:00,4,train
1549952,119446,2024-08-27 21:00:00,4,train
1549952,119452,2024-08-27 21:00:00,4,train
1549041,119448,2024-08-27 21:30:00,4,train
1549041,119453,2024-08-27 21:30:00,4,train
1549856,119456,2024-08-27 23:10:00,4,train
1549856,119460,2024-08-27 23:10:00,4,train
1549857,119457,2024-08-27 23:10:00,4,train
1549857,119459,2024-08-27 23:10:00,4,train
1549857,119461,2024-08-27 23:10:00,4,train
1549949,119458,2024-08-28 00:00:00,4,train
1549949,119465,2024-08-28 00:00:00,4,train
1549950,119462,2024-08-28 00:00:00,4,train
1549950,119463,2024-08-28 00:00:00,4,train
1549950,119464,2024-08-28 00:00:00,4,train
1549947,119466,2024-08-28 03:00:00,4,train
1549947,119467,2024-08-28 03:00:00,4,train
1549947,119468,2024-08-28 03:00:00,4,train
1549948,119469,2024-08-28 03:00:00,4,train
1549948,119470,2024-08-28 03:00:00,4,train
1548807,119474,2024-08-28 09:00:00,4,train
1550767,119472,2024-08-28 09:00:00,4,train
1550823,119473,2024-08-28 09:00:00,4,train
1550823,119475,2024-08-28 09:00:00,4,train
1550823,119478,2024-08-28 09:00:00,4,train
1550824,119471,2024-08-28 09:00:00,4,train
1550824,119476,2024-08-28 09:00:00,4,train
1548804,119477,2024-08-28 10:00:00,4,train
1548805,119480,2024-08-28 10:00:00,4,train
1548806,119479,2024-08-28 10:00:00,4,train
1546014,119481,2024-08-28 11:00:00,4,train
1546014,119484,2024-08-28 11:00:00,4,train
1548801,119483,2024-08-28 11:00:00,4,train
1548802,119482,2024-08-28 11:00:00,4,train
1551736,119486,2024-08-28 11:30:00,4,train
1551736,119487,2024-08-28 11:30:00,4,train
1550514,119489,2024-08-28 12:00:00,4,train
1550561,119488,2024-08-28 12:00:00,4,train
1551375,119485,2024-08-28 12:00:00,4,train
1551375,119490,2024-08-28 12:00:00,4,train
1553518,119496,2024-08-28 12:00:00,4,train
1553514,119491,2024-08-28 13:00:00,4,train
1553515,119493,2024-08-28 13:00:00,4,train
1553515,119497,2024-08-28 13:00:00,4,train
1553515,119507,2024-08-28 13:00:00,4,train
1553516,119492,2024-08-28 13:00:00,4,train
1553516,119503,2024-08-28 13:00:00,4,train
1553555,119495,2024-08-28 13:00:00,4,train
1553555,119501,2024-08-28 13:00:00,4,train
1553744,119494,2024-08-28 13:00:00,4,train
1553744,119502,2024-08-28 13:00:00,4,train
1541154,119508,2024-08-28 14:00:00,4,train
1546012,119500,2024-08-28 14:00:00,4,train
1546012,119512,2024-08-28 14:00:00,4,train
1551307,119498,2024-08-28 14:00:00,4,train
1551307,119505,2024-08-28 14:00:00,4,train
1553513,119504,2024-08-28 14:00:00,4,train
1553513,119511,2024-08-28 14:00:00,4,train
1553963,119499,2024-08-28 14:00:00,4,train
1553963,119510,2024-08-28 14:00:00,4,train
1553963,119518,2024-08-28 14:00:00,4,train
1551735,119506,2024-08-28 14:30:00,4,train
1551735,119513,2024-08-28 14:30:00,4,train
1541152,119520,2024-08-28 15:00:00,4,train
1551376,119509,2024-08-28 15:00:00,4,train
1551376,119519,2024-08-28 15:00:00,4,train
1551741,119521,2024-08-28 16:30:00,4,train
1551741,119525,2024-08-28 16:30:00,4,train
1546011,119523,2024-08-28 17:00:00,4,train
1546011,119527,2024-08-28 17:00:00,4,train
1546011,119530,2024-08-28 17:00:00,4,train
1551459,119522,2024-08-28 17:00:00,4,train
1551459,119526,2024-08-28 17:00:00,4,train
1551734,119524,2024-08-28 17:30:00,4,train
1551734,119528,2024-08-28 17:30:00,4,train
1551734,119531,2024-08-28 17:30:00,4,train
1544752,119529,2024-08-28 18:30:00,4,train
1551377,119532,2024-08-28 19:50:00,4,train
1551377,119534,2024-08-28 19:50:00,4,train
1551377,119535,2024-08-28 19:50:00,4,train
1555295,119533,2024-08-28 20:00:00,4,train
1551378,119536,2024-08-28 23:55:00,4,train
1551378,119538,2024-08-28 23:55:00,4,train
1552645,119539,2024-08-29 00:10:00,4,train
1552646,119540,2024-08-29 00:10:00,4,train
1552646,119541,2024-08-29 00:10:00,4,train
1552647,119542,2024-08-29 00:10:00,4,train
1556042,119537,2024-08-29 00:10:00,4,train
1556042,119543,2024-08-29 00:10:00,4,train
1556042,119544,2024-08-29 00:10:00,4,train
1554401,119546,2024-08-29 09:00:00,4,train
1554401,119549,2024-08-29 09:00:00,4,train
1554438,119545,2024-08-29 09:00:00,4,train
1554438,119548,2024-08-29 09:00:00,4,train
1554621,119547,2024-08-29 09:00:00,4,train
1554621,119550,2024-08-29 09:00:00,4,train
1554620,119551,2024-08-29 10:00:00,4,train
1554620,119553,2024-08-29 10:00:00,4,train
1554620,119557,2024-08-29 10:00:00,4,train
1554837,119552,2024-08-29 10:00:00,4,train
1554837,119555,2024-08-29 10:00:00,4,train
1554625,119554,2024-08-29 11:00:00,4,train
1539315,119559,2024-08-29 12:00:00,4,train
1539315,119560,2024-08-29 12:00:00,4,train
1554182,119558,2024-08-29 12:00:00,4,train
1554866,119556,2024-08-29 12:00:00,4,train
1554866,119561,2024-08-29 12:00:00,4,train
1554866,119566,2024-08-29 12:00:00,4,train
1544748,119563,2024-08-29 12:30:00,4,train
1544748,119564,2024-08-29 12:30:00,4,train
1544748,119567,2024-08-29 12:30:00,4,train
1554181,119562,2024-08-29 13:00:00,4,train
1546010,119565,2024-08-29 14:00:00,4,train
1546010,119571,2024-08-29 14:00:00,4,train
1546010,119576,2024-08-29 14:00:00,4,train
1555484,119568,2024-08-29 14:00:00,4,train
1555484,119569,2024-08-29 14:00:00,4,train
1539319,119570,2024-08-29 15:00:00,4,train
1539319,119578,2024-08-29 15:00:00,4,train
1544747,119572,2024-08-29 15:30:00,4,train
1544747,119577,2024-08-29 15:30:00,4,train
1544747,119583,2024-08-29 15:30:00,4,train
1556640,119574,2024-08-29 15:50:00,4,train
1556640,119581,2024-08-29 15:50:00,4,train
1541330,119575,2024-08-29 16:30:00,4,train
1541330,119585,2024-08-29 16:30:00,4,train
1541330,119591,2024-08-29 16:30:00,4,train
1541331,119582,2024-08-29 16:30:00,4,train
1541331,119588,2024-08-29 16:30:00,4,train
1541332,119579,2024-08-29 16:30:00,4,train
1541332,119589,2024-08-29 16:30:00,4,train
1555072,119586,2024-08-29 17:00:00,4,train
1546009,119587,2024-08-29 17:30:00,4,train
1546009,119592,2024-08-29 17:30:00,4,train
1546009,119597,2024-08-29 17:30:00,4,train
1551730,119584,2024-08-29 17:30:00,4,train
1551730,119590,2024-08-29 17:30:00,4,train
1544746,119595,2024-08-29 18:30:00,4,train
1554867,119593,2024-08-29 18:40:00,4,train
1554867,119594,2024-08-29 18:40:00,4,train
1551631,119600,2024-08-29 20:30:00,4,train
1551631,119607,2024-08-29 20:30:00,4,train
1559701,119599,2024-08-29 20:30:00,4,train
1559701,119606,2024-08-29 20:30:00,4,train
1559701,119612,2024-08-29 20:30:00,4,train
1559702,119598,2024-08-29 20:30:00,4,train
1559702,119601,2024-08-29 20:30:00,4,train
1559702,119611,2024-08-29 20:30:00,4,train
1556641,119602,2024-08-29 21:10:00,4,train
1556641,119608,2024-08-29 21:10:00,4,train
1556641,119613,2024-08-29 21:10:00,4,train
1560025,119603,2024-08-29 21:15:00,4,train
1560025,119609,2024-08-29 21:15:00,4,train
1560025,119614,2024-08-29 21:15:00,4,train
1551729,119605,2024-08-29 21:30:00,4,train
1551729,119610,2024-08-29 21:30:00,4,train
1544736,119617,2024-08-30 00:30:00,4,train
1544736,119618,2024-08-30 00:30:00,4,train
1544736,119619,2024-08-30 00:30:00,4,train
1544737,119615,2024-08-30 00:30:00,4,train
1544737,119616,2024-08-30 00:30:00,4,train
1559344,119620,2024-08-30 11:00:00,4,train
1559344,119622,2024-08-30 11:00:00,4,train
1560533,119621,2024-08-30 11:30:00,4,train
1560533,119623,2024-08-30 11:30:00,4,train
1560533,119629,2024-08-30 11:30:00,4,train
1559163,119624,2024-08-30 12:00:00,4,train
1559163,119627,2024-08-30 12:00:00,4,train
1559163,119630,2024-08-30 12:00:00,4,train
1544745,119625,2024-08-30 12:30:00,4,train
1544745,119626,2024-08-30 12:30:00,4,train
1559874,119628,2024-08-30 14:00:00,4,train
1559874,119632,2024-08-30 14:00:00,4,train
1559874,119634,2024-08-30 14:00:00,4,train
1560196,119633,2024-08-30 14:00:00,4,train
1560196,119636,2024-08-30 14:00:00,4,train
1562682,119631,2024-08-30 14:00:00,4,train
1562682,119637,2024-08-30 14:00:00,4,train
1562682,119638,2024-08-30 14:00:00,4,train
1544744,119635,2024-08-30 15:30:00,4,train
1544744,119639,2024-08-30 15:30:00,4,train
1560540,119641,2024-08-30 16:30:00,4,train
1560540,119643,2024-08-30 16:30:00,4,train
1560541,119640,2024-08-30 16:30:00,4,train
1560541,119642,2024-08-30 16:30:00,4,train
1560531,119645,2024-08-30 17:30:00,4,train
1560531,119648,2024-08-30 17:30:00,4,train
1560548,119644,2024-08-30 17:30:00,4,train
1560548,119647,2024-08-30 17:30:00,4,train
1544743,119646,2024-08-30 18:30:00,4,train
1544743,119649,2024-08-30 18:30:00,4,train
1544743,119652,2024-08-30 18:30:00,4,train
1560530,119650,2024-08-30 20:30:00,4,train
1560530,119653,2024-08-30 20:30:00,4,train
1563365,119651,2024-08-30 20:30:00,4,train
1563365,119654,2024-08-30 20:30:00,4,train
1560549,119655,2024-08-30 21:45:00,4,train
1560549,119656,2024-08-30 21:45:00,4,train
1560549,119657,2024-08-30 21:45:00,4,train
1562407,119658,2024-08-31 00:30:00,4,train
1562407,119659,2024-08-31 00:30:00,4,train
1560716,119660,2024-08-31 11:30:00,4,train
1560716,119661,2024-08-31 11:30:00,4,train
1563736,119662,2024-08-31 14:00:00,4,train
1563736,119663,2024-08-31 14:00:00,4,train
1563232,119664,2024-08-31 16:30:00,4,train
1563232,119665,2024-08-31 16:30:00,4,train
1563232,119666,2024-08-31 16:30:00,4,train
1566113,119667,2024-08-31 19:00:00,4,train
1566113,119668,2024-08-31 19:00:00,4,train
1560713,119669,2024-08-31 21:00:00,4,train
1560713,119670,2024-08-31 21:00:00,4,train
1560713,119671,2024-08-31 21:00:00,4,train
1541333,119674,2024-09-01 00:30:00,4,train
1541333,119675,2024-09-01 00:30:00,4,train
1541333,119676,2024-09-01 00:30:00,4,train
1541334,119672,2024-09-01 00:30:00,4,train
1541334,119673,2024-09-01 00:30:00,4,train
1567740,119678,2024-09-01 13:30:00,4,train
1567740,119682,2024-09-01 13:30:00,4,train
1567740,119684,2024-09-01 13:30:00,4,train
1563843,119677,2024-09-01 14:00:00,4,train
1563843,119681,2024-09-01 14:00:00,4,train
1563843,119683,2024-09-01 14:00:00,4,train
1566690,119679,2024-09-01 14:00:00,4,train
1566690,119680,2024-09-01 14:00:00,4,train
1566690,119685,2024-09-01 14:00:00,4,train
1562827,119687,2024-09-01 17:00:00,4,train
1562827,119688,2024-09-01 17:00:00,4,train
1567739,119686,2024-09-01 17:00:00,4,train
1567738,119689,2024-09-01 19:00:00,4,train
1567738,119690,2024-09-01 19:00:00,4,train
1567859,119691,2024-09-02 00:30:00,4,train
1567859,119692,2024-09-02 00:30:00,4,train
1569154,119693,2024-09-02 11:00:00,4,train
1569154,119695,2024-09-02 11:00:00,4,train
1560577,119694,2024-09-02 12:00:00,4,train
1560577,119696,2024-09-02 12:00:00,4,train
1567737,119699,2024-09-02 13:00:00,4,train
1560021,119698,2024-09-02 13:30:00,4,train
1560021,119701,2024-09-02 13:30:00,4,train
1560021,119705,2024-09-02 13:30:00,4,train
1569153,119700,2024-09-02 14:00:00,4,train
1569153,119704,2024-09-02 14:00:00,4,train
1569153,119708,2024-09-02 14:00:00,4,train
1569673,119697,2024-09-02 14:00:00,4,train
1569673,119703,2024-09-02 14:00:00,4,train
1569673,119706,2024-09-02 14:00:00,4,train
1560576,119702,2024-09-02 15:00:00,4,train
1560576,119707,2024-09-02 15:00:00,4,train
1560576,119709,2024-09-02 15:00:00,4,train
1567735,119712,2024-09-02 19:00:00,4,train
1567735,119713,2024-09-02 19:00:00,4,train
1569671,119714,2024-09-02 20:00:00,4,train
1569152,119715,2024-09-03 11:00:00,4,train
1569152,119716,2024-09-03 11:00:00,4,train
1563841,119719,2024-09-03 13:30:00,4,train
1563841,119720,2024-09-03 13:30:00,4,train
1563841,119726,2024-09-03 13:30:00,4,train
1569151,119722,2024-09-03 14:00:00,4,train
1569151,119729,2024-09-03 14:00:00,4,train
1569804,119723,2024-09-03 14:00:00,4,train
1569804,119731,2024-09-03 14:00:00,4,train
1569804,119733,2024-09-03 14:00:00,4,train
1560067,119724,2024-09-03 14:30:00,4,train
1560067,119728,2024-09-03 14:30:00,4,train
1560069,119721,2024-09-03 14:30:00,4,train
1560069,119727,2024-09-03 14:30:00,4,train
1560574,119725,2024-09-03 15:00:00,4,train
1560574,119730,2024-09-03 15:00:00,4,train
1558992,119732,2024-09-03 16:30:00,4,train
1558992,119734,2024-09-03 16:30:00,4,train
1558992,119740,2024-09-03 16:30:00,4,train
1560070,119735,2024-09-03 17:30:00,4,train
1560070,119738,2024-09-03 17:30:00,4,train
1560068,119736,2024-09-03 17:40:00,4,train
1560068,119739,2024-09-03 17:40:00,4,train
1560068,119744,2024-09-03 17:40:00,4,train
1569803,119737,2024-09-03 18:10:00,4,train
1569803,119742,2024-09-03 18:10:00,4,train
1573033,119741,2024-09-03 19:00:00,4,train
1573033,119743,2024-09-03 19:00:00,4,train
1569802,119745,2024-09-03 20:00:00,4,train
1569802,119747,2024-09-03 20:00:00,4,train
1569802,119749,2024-09-03 20:00:00,4,train
1560065,119746,2024-09-03 20:30:00,4,train
1560065,119748,2024-09-03 20:30:00,4,train
1569150,119750,2024-09-04 11:00:00,4,train
1569150,119753,2024-09-04 11:00:00,4,train
1569150,119757,2024-09-04 11:00:00,4,train
1560573,119751,2024-09-04 12:00:00,4,train
1560573,119755,2024-09-04 12:00:00,4,train
1560573,119759,2024-09-04 12:00:00,4,train
1575748,119758,2024-09-04 13:30:00,4,train
1575748,119763,2024-09-04 13:30:00,4,train
1569149,119762,2024-09-04 14:20:00,4,train
1569149,119765,2024-09-04 14:20:00,4,train
1576415,119760,2024-09-04 14:20:00,4,train
1576415,119767,2024-09-04 14:20:00,4,train
1560064,119761,2024-09-04 14:30:00,4,train
1560064,119764,2024-09-04 14:30:00,4,train
1560066,119766,2024-09-04 14:30:00,4,train
1569394,119769,2024-09-04 16:30:00,4,train
1575811,119768,2024-09-04 17:30:00,4,train
1575811,119771,2024-09-04 17:30:00,4,train
1575812,119770,2024-09-04 17:30:00,4,train
1576413,119774,2024-09-04 20:00:00,4,train
1551645,119776,2024-09-04 20:30:00,4,train
1551645,119777,2024-09-04 20:30:00,4,train
1575965,119773,2024-09-04 20:30:00,4,train
1575965,119775,2024-09-04 20:30:00,4,train
1575965,119778,2024-09-04 20:30:00,4,train
1575967,119772,2024-09-04 20:30:00,4,train
1569148,119780,2024-09-05 11:00:00,4,train
1569148,119782,2024-09-05 11:00:00,4,train
1576409,119779,2024-09-05 11:00:00,4,train
1576409,119781,2024-09-05 11:00:00,4,train
1576409,119783,2024-09-05 11:00:00,4,train
1572138,119784,2024-09-05 13:30:00,4,train
1572138,119787,2024-09-05 13:30:00,4,train
1572138,119789,2024-09-05 13:30:00,4,train
1579168,119785,2024-09-05 14:30:00,4,train
1579168,119788,2024-09-05 14:30:00,4,train
1579168,119791,2024-09-05 14:30:00,4,train
1579655,119786,2024-09-05 14:30:00,4,train
1579655,119790,2024-09-05 14:30:00,4,train
1579655,119792,2024-09-05 14:30:00,4,train
1576410,119794,2024-09-05 17:00:00,4,train
1576410,119797,2024-09-05 17:00:00,4,train
1579166,119793,2024-09-05 17:30:00,4,train
1579166,119796,2024-09-05 17:30:00,4,train
1579167,119795,2024-09-05 17:50:00,4,train
1579167,119798,2024-09-05 17:50:00,4,train
1579167,119799,2024-09-05 17:50:00,4,train
1551644,119800,2024-09-05 20:30:00,4,train
1551644,119803,2024-09-05 20:30:00,4,train
1580381,119801,2024-09-05 20:30:00,4,train
1580381,119804,2024-09-05 20:30:00,4,train
1580381,119807,2024-09-05 20:30:00,4,train
1580026,119802,2024-09-05 20:55:00,4,train
1580026,119806,2024-09-05 20:55:00,4,train
1580026,119809,2024-09-05 20:55:00,4,train
1579657,119805,2024-09-05 21:30:00,4,train
1579657,119808,2024-09-05 21:30:00,4,train
1579654,119811,2024-09-06 11:30:00,4,train
1579654,119814,2024-09-06 11:30:00,4,train
1579654,119815,2024-09-06 11:30:00,4,train
1579653,119820,2024-09-06 14:30:00,4,train
1579653,119821,2024-09-06 14:30:00,4,train
1579653,119824,2024-09-06 14:30:00,4,train
1583274,119816,2024-09-06 14:30:00,4,train
1583274,119818,2024-09-06 14:30:00,4,train
1583274,119822,2024-09-06 14:30:00,4,train
1583684,119817,2024-09-06 14:30:00,4,train
1583684,119819,2024-09-06 14:30:00,4,train
1583939,119823,2024-09-06 17:20:00,4,train
1583939,119828,2024-09-06 17:20:00,4,train
1580380,119825,2024-09-06 17:30:00,4,train
1580380,119830,2024-09-06 17:30:00,4,train
1580380,119833,2024-09-06 17:30:00,4,train
1584098,119826,2024-09-06 17:45:00,4,train
1584098,119829,2024-09-06 17:45:00,4,train
1579652,119827,2024-09-06 18:20:00,4,train
1579652,119831,2024-09-06 18:20:00,4,train
1583938,119832,2024-09-06 20:00:00,4,train
1583938,119835,2024-09-06 20:00:00,4,train
1583938,119838,2024-09-06 20:00:00,4,train
1586615,119834,2024-09-06 20:30:00,4,train
1586615,119837,2024-09-06 20:30:00,4,train
1579651,119836,2024-09-06 20:50:00,4,train
1579651,119839,2024-09-06 20:50:00,4,train
1583937,119840,2024-09-07 11:00:00,4,train
1583937,119842,2024-09-07 11:00:00,4,train
1587030,119841,2024-09-07 11:30:00,4,train
1587030,119843,2024-09-07 11:30:00,4,train
1586613,119844,2024-09-07 14:30:00,4,train
1586613,119847,2024-09-07 14:30:00,4,train
1587313,119845,2024-09-07 14:30:00,4,train
1587313,119848,2024-09-07 14:30:00,4,train
1583935,119850,2024-09-07 17:00:00,4,train
1583935,119854,2024-09-07 17:00:00,4,train
1586598,119852,2024-09-07 17:30:00,4,train
1586598,119855,2024-09-07 17:30:00,4,train
1586598,119857,2024-09-07 17:30:00,4,train
1587327,119851,2024-09-07 17:30:00,4,train
1583934,119856,2024-09-07 20:00:00,4,train
1583934,119858,2024-09-07 20:00:00,4,train
1580027,119860,2024-09-07 21:00:00,4,train
1580027,119862,2024-09-07 21:00:00,4,train
1584084,119859,2024-09-07 21:30:00,4,train
1584084,119861,2024-09-07 21:30:00,4,train
1590809,119863,2024-09-08 12:30:00,4,train
1590809,119864,2024-09-08 12:30:00,4,train
1590809,119868,2024-09-08 12:30:00,4,train
1589856,119865,2024-09-08 13:00:00,4,train
1589856,119867,2024-09-08 13:00:00,4,train
1590141,119866,2024-09-08 14:30:00,4,train
1590808,119869,2024-09-08 15:30:00,4,train
1590808,119870,2024-09-08 15:30:00,4,train
1590810,119871,2024-09-08 16:00:00,4,train
1590810,119872,2024-09-08 16:00:00,4,train
1590414,119873,2024-09-08 17:30:00,4,train
1590414,119874,2024-09-08 17:30:00,4,train
1593043,119876,2024-09-08 19:00:00,4,train
1593043,119878,2024-09-08 19:00:00,4,train
1593043,119879,2024-09-08 19:00:00,4,train
1583685,119877,2024-09-08 20:30:00,4,train
1583685,119880,2024-09-08 20:30:00,4,train
1590805,119881,2024-09-09 15:30:00,4,train
1590805,119883,2024-09-09 15:30:00,4,train
1590805,119884,2024-09-09 15:30:00,4,train
1588544,119882,2024-09-09 17:00:00,4,train
1588544,119885,2024-09-09 17:00:00,4,train
1588544,119887,2024-09-09 17:00:00,4,train
1590804,119886,2024-09-09 18:30:00,4,train
1590804,119888,2024-09-09 18:30:00,4,train
1590804,119889,2024-09-09 18:30:00,4,train
1586323,119893,2024-09-10 13:00:00,4,train
1586323,119894,2024-09-10 13:00:00,4,train
1586323,119895,2024-09-10 13:00:00,4,train
1588543,119896,2024-09-10 14:00:00,4,train
1560059,119891,2024-09-10 14:30:00,4,train
1560059,119892,2024-09-10 14:30:00,4,train
1560059,119898,2024-09-10 14:30:00,4,train
1560062,119890,2024-09-10 14:30:00,4,train
1560062,119897,2024-09-10 14:30:00,4,train
1560062,119899,2024-09-10 14:30:00,4,train
1586322,119900,2024-09-10 17:00:00,4,train
1586322,119903,2024-09-10 17:00:00,4,train
1560056,119901,2024-09-10 17:50:00,4,train
1560056,119904,2024-09-10 17:50:00,4,train
1560061,119902,2024-09-10 18:10:00,4,train
1560061,119905,2024-09-10 18:10:00,4,train
1560061,119907,2024-09-10 18:10:00,4,train
1596679,119906,2024-09-10 18:30:00,4,train
1596679,119909,2024-09-10 18:30:00,4,train
1560060,119908,2024-09-10 20:30:00,4,train
1560060,119910,2024-09-10 20:30:00,4,train
1560055,119911,2024-09-10 21:10:00,4,train
1586321,119912,2024-09-11 13:00:00,4,train
1586321,119915,2024-09-11 13:00:00,4,train
1586321,119916,2024-09-11 13:00:00,4,train
1588541,119917,2024-09-11 14:00:00,4,train
1588541,119920,2024-09-11 14:00:00,4,train
1560057,119913,2024-09-11 14:30:00,4,train
1560057,119919,2024-09-11 14:30:00,4,train
1560057,119922,2024-09-11 14:30:00,4,train
1560058,119914,2024-09-11 14:30:00,4,train
1560058,119918,2024-09-11 14:30:00,4,train
1588545,119921,2024-09-11 16:00:00,4,train
1588545,119925,2024-09-11 16:00:00,4,train
1588540,119924,2024-09-11 17:00:00,4,train
1588540,119927,2024-09-11 17:00:00,4,train
1588540,119929,2024-09-11 17:00:00,4,train
1600014,119923,2024-09-11 17:30:00,4,train
1600014,119926,2024-09-11 17:30:00,4,train
1600161,119928,2024-09-11 17:55:00,4,train
1600161,119930,2024-09-11 17:55:00,4,train
1551628,119932,2024-09-11 20:30:00,4,train
1551628,119937,2024-09-11 20:30:00,4,train
1600163,119936,2024-09-11 20:30:00,4,train
1600163,119939,2024-09-11 20:30:00,4,train
1600015,119933,2024-09-11 20:45:00,4,train
1600015,119938,2024-09-11 20:45:00,4,train
1588539,119940,2024-09-12 11:00:00,4,train
1588539,119941,2024-09-12 11:00:00,4,train
1588539,119942,2024-09-12 11:00:00,4,train
1599274,119943,2024-09-12 13:00:00,4,train
1599274,119951,2024-09-12 13:00:00,4,train
1599274,119953,2024-09-12 13:00:00,4,train
1602827,119946,2024-09-12 14:00:00,4,train
1602827,119947,2024-09-12 14:00:00,4,train
1602827,119954,2024-09-12 14:00:00,4,train
1600310,119945,2024-09-12 14:30:00,4,train
1600310,119950,2024-09-12 14:30:00,4,train
1602843,119944,2024-09-12 14:30:00,4,train
1602843,119948,2024-09-12 14:30:00,4,train
1588683,119949,2024-09-12 14:45:00,4,train
1588683,119952,2024-09-12 14:45:00,4,train
1599575,119955,2024-09-12 17:05:00,4,train
1599575,119959,2024-09-12 17:05:00,4,train
1602826,119956,2024-09-12 17:10:00,4,train
1602826,119961,2024-09-12 17:10:00,4,train
1602826,119963,2024-09-12 17:10:00,4,train
1600309,119957,2024-09-12 17:30:00,4,train
1600309,119960,2024-09-12 17:30:00,4,train
1600309,119964,2024-09-12 17:30:00,4,train
1602844,119958,2024-09-12 17:30:00,4,train
1602844,119962,2024-09-12 17:30:00,4,train
1603767,119966,2024-09-12 20:30:00,4,train
1603767,119968,2024-09-12 20:30:00,4,train
1604061,119965,2024-09-12 20:30:00,4,train
1604061,119967,2024-09-12 20:30:00,4,train
1602824,119969,2024-09-13 11:30:00,4,train
1602823,119970,2024-09-13 14:00:00,4,train
1602823,119974,2024-09-13 14:00:00,4,train
1602823,119978,2024-09-13 14:00:00,4,train
1606105,119972,2024-09-13 14:30:00,4,train
1606105,119976,2024-09-13 14:30:00,4,train
1606105,119981,2024-09-13 14:30:00,4,train
1606613,119971,2024-09-13 14:30:00,4,train
1606613,119973,2024-09-13 14:30:00,4,train
1606613,119975,2024-09-13 14:30:00,4,train
1603000,119977,2024-09-13 16:00:00,4,train
1603000,119979,2024-09-13 16:00:00,4,train
1602822,119984,2024-09-13 17:10:00,4,train
1603309,119980,2024-09-13 17:30:00,4,train
1603309,119982,2024-09-13 17:30:00,4,train
1606859,119983,2024-09-13 18:35:00,4,train
1606859,119985,2024-09-13 18:35:00,4,train
1606859,119987,2024-09-13 18:35:00,4,train
1606612,119986,2024-09-13 20:30:00,4,train
1606612,119988,2024-09-13 20:30:00,4,train
1609237,119989,2024-09-13 21:40:00,4,train
1609237,119990,2024-09-13 21:40:00,4,train
1609237,119991,2024-09-13 21:40:00,4,train
1609868,119992,2024-09-14 11:00:00,4,train
1609868,119993,2024-09-14 11:00:00,4,train
1609868,119995,2024-09-14 11:00:00,4,train
1609235,119994,2024-09-14 13:00:00,4,train
1609235,119996,2024-09-14 13:00:00,4,train
1606860,119997,2024-09-14 14:30:00,4,train
1606860,119999,2024-09-14 14:30:00,4,train
1609236,119998,2024-09-14 14:30:00,4,train
1609236,120000,2024-09-14 14:30:00,4,train
1606357,120001,2024-09-14 16:00:00,4,train
1606357,120002,2024-09-14 16:00:00,4,train
1606357,120298,2024-09-14 16:00:00,4,train
1609621,120003,2024-09-14 17:30:00,4,train
1609621,120005,2024-09-14 17:30:00,4,train
1609621,120008,2024-09-14 17:30:00,4,train
1610144,120006,2024-09-14 17:30:00,4,train
1610144,120297,2024-09-14 17:30:00,4,train
1608574,120004,2024-09-14 17:35:00,4,train
1608574,120007,2024-09-14 17:35:00,4,train
1609486,120009,2024-09-14 20:00:00,4,train
1609486,120012,2024-09-14 20:00:00,4,train
1609486,120296,2024-09-14 20:00:00,4,train
1604062,120010,2024-09-14 21:00:00,4,train
1604062,120011,2024-09-14 21:00:00,4,train
1614835,120013,2024-09-15 11:30:00,4,train
1614835,120015,2024-09-15 11:30:00,4,train
1614835,120295,2024-09-15 11:30:00,4,train
1612707,120014,2024-09-15 12:30:00,4,train
1612707,120293,2024-09-15 12:30:00,4,train
1612707,120294,2024-09-15 12:30:00,4,train
1612865,120016,2024-09-15 14:30:00,4,train
1612865,120017,2024-09-15 14:30:00,4,train
1614834,120290,2024-09-15 14:30:00,4,train
1614834,120291,2024-09-15 14:30:00,4,train
1614834,120292,2024-09-15 14:30:00,4,train
1613310,120288,2024-09-15 16:00:00,4,train
1613310,120289,2024-09-15 16:00:00,4,train
1612714,120284,2024-09-15 17:30:00,4,train
1612714,120285,2024-09-15 17:30:00,4,train
1614833,120286,2024-09-15 17:30:00,4,train
1614833,120287,2024-09-15 17:30:00,4,train
1606486,120279,2024-09-15 20:30:00,4,train
1606486,120280,2024-09-15 20:30:00,4,train
1606486,120281,2024-09-15 20:30:00,4,train
1614832,120282,2024-09-15 20:30:00,4,train
1614832,120283,2024-09-15 20:30:00,4,train
1609948,120277,2024-09-16 11:00:00,4,train
1609948,120278,2024-09-16 11:00:00,4,train
1614831,120274,2024-09-16 11:30:00,4,train
1614831,120275,2024-09-16 11:30:00,4,train
1614831,120276,2024-09-16 11:30:00,4,train
1609951,120272,2024-09-16 14:00:00,4,train
1609951,120273,2024-09-16 14:00:00,4,train
1614830,120270,2024-09-16 14:45:00,4,train
1614830,120271,2024-09-16 14:45:00,4,train
1614829,120268,2024-09-16 17:30:00,4,train
1614829,120269,2024-09-16 17:30:00,4,train
1614828,120265,2024-09-16 20:30:00,4,train
1614828,120266,2024-09-16 20:30:00,4,train
1614828,120267,2024-09-16 20:30:00,4,train
1609947,120263,2024-09-17 14:00:00,4,train
1609947,120264,2024-09-17 14:00:00,4,train
1617386,120261,2024-09-17 14:00:00,4,train
1617386,120262,2024-09-17 14:00:00,4,train
1617387,120258,2024-09-17 14:00:00,4,train
1617387,120259,2024-09-17 14:00:00,4,train
1617387,120260,2024-09-17 14:00:00,4,train
1621243,120256,2024-09-17 14:30:00,4,train
1621243,120257,2024-09-17 14:30:00,4,train
1617384,120254,2024-09-17 17:15:00,4,train
1617384,120255,2024-09-17 17:15:00,4,train
1621242,120252,2024-09-17 17:30:00,4,train
1621242,120253,2024-09-17 17:30:00,4,train
1617385,120250,2024-09-17 20:30:00,4,train
1617385,120251,2024-09-17 20:30:00,4,train
1611273,120248,2024-09-18 11:00:00,4,train
1611273,120249,2024-09-18 11:00:00,4,train
1621240,120246,2024-09-18 11:30:00,4,train
1621240,120247,2024-09-18 11:30:00,4,train
1609949,120243,2024-09-18 14:00:00,4,train
1609949,120244,2024-09-18 14:00:00,4,train
1609949,120245,2024-09-18 14:00:00,4,train
1624027,120240,2024-09-18 14:00:00,4,train
1624027,120241,2024-09-18 14:00:00,4,train
1624027,120242,2024-09-18 14:00:00,4,train
1624207,120237,2024-09-18 14:00:00,4,train
1624207,120238,2024-09-18 14:00:00,4,train
1624207,120239,2024-09-18 14:00:00,4,train
1621239,120234,2024-09-18 14:30:00,4,train
1621239,120235,2024-09-18 14:30:00,4,train
1621239,120236,2024-09-18 14:30:00,4,train
1621238,120231,2024-09-18 17:30:00,4,train
1621238,120232,2024-09-18 17:30:00,4,train
1621238,120233,2024-09-18 17:30:00,4,train
1609950,120228,2024-09-18 18:00:00,4,train
1609950,120229,2024-09-18 18:00:00,4,train
1609950,120230,2024-09-18 18:00:00,4,train
1551626,120226,2024-09-18 20:30:00,4,train
1551626,120227,2024-09-18 20:30:00,4,train
1551641,120224,2024-09-18 20:30:00,4,train
1551641,120225,2024-09-18 20:30:00,4,train
1621237,120222,2024-09-18 20:45:00,4,train
1621237,120223,2024-09-18 20:45:00,4,train
1625079,120220,2024-09-18 21:00:00,4,train
1625079,120221,2024-09-18 21:00:00,4,train
1629910,120218,2024-09-19 11:30:00,4,train
1629910,120219,2024-09-19 11:30:00,4,train
1629539,120215,2024-09-19 14:00:00,4,train
1629539,120216,2024-09-19 14:00:00,4,train
1629539,120217,2024-09-19 14:00:00,4,train
1628613,120211,2024-09-19 17:15:00,4,train
1628613,120212,2024-09-19 17:15:00,4,train
1629538,120209,2024-09-19 17:30:00,4,train
1629538,120210,2024-09-19 17:30:00,4,train
1629908,120207,2024-09-19 17:30:00,4,train
1629908,120208,2024-09-19 17:30:00,4,train
1629537,120205,2024-09-19 20:00:00,4,train
1629537,120206,2024-09-19 20:00:00,4,train
1628614,120202,2024-09-19 20:30:00,4,train
1628614,120203,2024-09-19 20:30:00,4,train
1628614,120204,2024-09-19 20:30:00,4,train
1629906,120199,2024-09-20 11:30:00,4,train
1629906,120200,2024-09-20 11:30:00,4,train
1629906,120201,2024-09-20 11:30:00,4,train
1629905,120196,2024-09-20 14:30:00,4,train
1629905,120197,2024-09-20 14:30:00,4,train
1629905,120198,2024-09-20 14:30:00,4,train
1629180,120194,2024-09-20 17:15:00,4,train
1629180,120195,2024-09-20 17:15:00,4,train
1629904,120192,2024-09-20 18:05:00,4,train
1629904,120193,2024-09-20 18:05:00,4,train
1629559,120189,2024-09-20 20:30:00,4,train
1629559,120190,2024-09-20 20:30:00,4,train
1629559,120191,2024-09-20 20:30:00,4,train
1629903,120187,2024-09-20 20:30:00,4,train
1629903,120188,2024-09-20 20:30:00,4,train
1637219,120185,2024-09-21 13:30:00,4,train
1637219,120186,2024-09-21 13:30:00,4,train
1637218,120183,2024-09-21 16:30:00,4,train
1637218,120184,2024-09-21 16:30:00,4,train
1634013,120181,2024-09-21 17:15:00,4,train
1634013,120182,2024-09-21 17:15:00,4,train
1637382,120178,2024-09-21 20:30:00,4,train
1637382,120179,2024-09-21 20:30:00,4,train
1637382,120180,2024-09-21 20:30:00,4,train
1637216,120176,2024-09-22 13:30:00,4,train
1637216,120177,2024-09-22 13:30:00,4,train
1637215,120173,2024-09-22 16:30:00,4,train
1637215,120174,2024-09-22 16:30:00,4,train
1637215,120175,2024-09-22 16:30:00,4,train
1640965,120168,2024-09-22 18:00:00,4,train
1640965,120169,2024-09-22 18:00:00,4,train
1640965,120170,2024-09-22 18:00:00,4,train
1640965,120171,2024-09-22 18:00:00,4,train
1640965,120172,2024-09-22 18:00:00,4,train
1637214,120165,2024-09-22 19:30:00,4,train
1637214,120166,2024-09-22 19:30:00,4,train
1637214,120167,2024-09-22 19:30:00,4,train
1642817,120163,2024-09-23 11:00:00,4,train
1642817,120164,2024-09-23 11:00:00,4,train
1642816,120161,2024-09-23 14:00:00,4,train
1642816,120162,2024-09-23 14:00:00,4,train
1644422,120159,2024-09-23 16:30:00,4,train
1644422,120160,2024-09-23 16:30:00,4,train
1642815,120156,2024-09-23 17:00:00,4,train
1642815,120157,2024-09-23 17:00:00,4,train
1642815,120158,2024-09-23 17:00:00,4,train
1644421,120154,2024-09-23 19:30:00,4,train
1644421,120155,2024-09-23 19:30:00,4,train
1642814,120152,2024-09-23 20:00:00,4,train
1642814,120153,2024-09-23 20:00:00,4,train
1649129,120149,2024-09-24 11:00:00,4,train
1649129,120150,2024-09-24 11:00:00,4,train
1649129,120151,2024-09-24 11:00:00,4,train
1647758,120147,2024-09-24 14:30:00,4,train
1647758,120148,2024-09-24 14:30:00,4,train
1647094,120143,2024-09-24 17:00:00,4,train
1647094,120144,2024-09-24 17:00:00,4,train
1644512,120141,2024-09-24 18:00:00,4,train
1644512,120142,2024-09-24 18:00:00,4,train
1648687,120138,2024-09-24 20:00:00,4,train
1648687,120139,2024-09-24 20:00:00,4,train
1648687,120140,2024-09-24 20:00:00,4,train
1644511,120136,2024-09-24 21:00:00,4,train
1644511,120137,2024-09-24 21:00:00,4,train
1652748,120134,2024-09-25 11:30:00,4,train
1652748,120135,2024-09-25 11:30:00,4,train
1599510,120132,2024-09-25 13:00:00,4,train
1599510,120133,2024-09-25 13:00:00,4,train
1652747,120130,2024-09-25 14:30:00,4,train
1652747,120131,2024-09-25 14:30:00,4,train
1599509,120127,2024-09-25 15:00:00,4,train
1599509,120128,2024-09-25 15:00:00,4,train
1599509,120129,2024-09-25 15:00:00,4,train
1652746,120125,2024-09-25 17:30:00,4,train
1652746,120126,2024-09-25 17:30:00,4,train
1654711,120123,2024-09-25 18:00:00,4,train
1654711,120124,2024-09-25 18:00:00,4,train
1599508,120121,2024-09-25 18:20:00,4,train
1599508,120122,2024-09-25 18:20:00,4,train
1599507,120118,2024-09-25 20:20:00,4,train
1599507,120119,2024-09-25 20:20:00,4,train
1599507,120120,2024-09-25 20:20:00,4,train
1652745,120114,2024-09-25 20:30:00,4,train
1652745,120115,2024-09-25 20:30:00,4,train
1653363,120110,2024-09-26 11:00:00,4,train
1653363,120111,2024-09-26 11:00:00,4,train
1652744,120108,2024-09-26 11:30:00,4,train
1652744,120109,2024-09-26 11:30:00,4,train
1654709,120106,2024-09-26 12:00:00,4,train
1654709,120107,2024-09-26 12:00:00,4,train
1657597,120103,2024-09-26 13:00:00,4,train
1657597,120104,2024-09-26 13:00:00,4,train
1657597,120105,2024-09-26 13:00:00,4,train
1654353,120101,2024-09-26 14:00:00,4,train
1654353,120102,2024-09-26 14:00:00,4,train
1652743,120098,2024-09-26 14:30:00,4,train
1652743,120099,2024-09-26 14:30:00,4,train
1652743,120100,2024-09-26 14:30:00,4,train
1654708,120096,2024-09-26 15:00:00,4,train
1654708,120097,2024-09-26 15:00:00,4,train
1657596,120094,2024-09-26 16:45:00,4,train
1657596,120095,2024-09-26 16:45:00,4,train
1652742,120092,2024-09-26 18:00:00,4,train
1652742,120093,2024-09-26 18:00:00,4,train
1658336,120089,2024-09-26 18:50:00,4,train
1658336,120090,2024-09-26 18:50:00,4,train
1658336,120091,2024-09-26 18:50:00,4,train
1551623,120087,2024-09-26 20:30:00,4,train
1551623,120088,2024-09-26 20:30:00,4,train
1654706,120085,2024-09-26 21:00:00,4,train
1654706,120086,2024-09-26 21:00:00,4,train
1658335,120083,2024-09-26 21:50:00,4,train
1658335,120084,2024-09-26 21:50:00,4,train
1661913,120080,2024-09-27 12:00:00,4,train
1661913,120081,2024-09-27 12:00:00,4,train
1661913,120082,2024-09-27 12:00:00,4,train
1661299,120078,2024-09-27 14:30:00,4,train
1661299,120079,2024-09-27 14:30:00,4,train
1661568,120073,2024-09-27 17:00:00,4,train
1661568,120074,2024-09-27 17:00:00,4,train
1658319,120070,2024-09-27 17:30:00,4,train
1658319,120071,2024-09-27 17:30:00,4,train
1658319,120072,2024-09-27 17:30:00,4,train
1662042,120068,2024-09-27 18:20:00,4,train
1662042,120069,2024-09-27 18:20:00,4,train
1661567,120066,2024-09-27 20:20:00,4,train
1661567,120067,2024-09-27 20:20:00,4,train
1663698,120064,2024-09-27 20:30:00,4,train
1663698,120065,2024-09-27 20:30:00,4,train
1662041,120062,2024-09-27 21:00:00,4,train
1662041,120063,2024-09-27 21:00:00,4,train
1663945,120018,2024-09-27 21:15:00,4,train
1663945,120060,2024-09-27 21:15:00,4,train
1663945,120061,2024-09-27 21:15:00,4,train
1662040,120019,2024-09-28 12:00:00,4,train
1662040,120020,2024-09-28 12:00:00,4,train
1662040,120059,2024-09-28 12:00:00,4,train
1662039,120021,2024-09-28 15:50:00,4,train
1662039,120026,2024-09-28 15:50:00,4,train
1664426,120022,2024-09-28 16:30:00,4,train
1664426,120028,2024-09-28 16:30:00,4,train
1664426,120031,2024-09-28 16:30:00,4,train
1664427,120023,2024-09-28 16:30:00,4,train
1664427,120025,2024-09-28 16:30:00,4,train
1664427,120030,2024-09-28 16:30:00,4,train
1664119,120027,2024-09-28 16:45:00,4,train
1664119,120033,2024-09-28 16:45:00,4,train
1664119,120058,2024-09-28 16:45:00,4,train
1663891,120024,2024-09-28 17:00:00,4,train
1663891,120029,2024-09-28 17:00:00,4,train
1663891,120035,2024-09-28 17:00:00,4,train
1662038,120032,2024-09-28 18:25:00,4,train
1662038,120034,2024-09-28 18:25:00,4,train
1664308,120036,2024-09-28 20:30:00,4,train
1664308,120038,2024-09-28 20:30:00,4,train
1664308,120042,2024-09-28 20:30:00,4,train
1666553,120037,2024-09-28 20:30:00,4,train
1666553,120039,2024-09-28 20:30:00,4,train
1664253,120040,2024-09-28 21:30:00,4,train
1664253,120041,2024-09-28 21:30:00,4,train
1664253,120043,2024-09-28 21:30:00,4,train
1667135,120046,2024-09-29 16:30:00,4,train
1667135,120051,2024-09-29 16:30:00,4,train
1667135,120053,2024-09-29 16:30:00,4,train
1667178,120047,2024-09-29 16:30:00,4,train
1667178,120049,2024-09-29 16:30:00,4,train
1667178,120052,2024-09-29 16:30:00,4,train
1667340,120048,2024-09-29 17:00:00,4,train
1667340,120050,2024-09-29 17:00:00,4,train
1667340,120054,2024-09-29 17:00:00,4,train
1667340,120056,2024-09-29 17:00:00,4,train
1667177,120055,2024-09-29 19:30:00,4,train
1667177,120057,2024-09-29 19:30:00,4,train
1670829,120299,2024-09-30 14:20:00,4,train
1670829,120300,2024-09-30 14:20:00,4,train
1667175,120301,2024-09-30 16:30:00,4,train
1667175,120303,2024-09-30 16:30:00,4,train
1667175,120305,2024-09-30 16:30:00,4,train
1670828,120302,2024-09-30 17:00:00,4,train
1670828,120304,2024-09-30 17:00:00,4,train
1667174,120306,2024-09-30 19:30:00,4,train
1667174,120307,2024-09-30 19:30:00,4,train
1670826,120308,2024-10-01 11:00:00,4,train
1670826,120309,2024-10-01 11:00:00,4,train
1670825,120310,2024-10-01 14:00:00,4,train
1670825,120311,2024-10-01 14:00:00,4,train
1670825,120313,2024-10-01 14:00:00,4,train
1670824,120314,2024-10-01 18:20:00,4,train
1670824,120316,2024-10-01 18:20:00,4,train
1675523,120317,2024-10-01 19:30:00,4,train
1675523,120318,2024-10-01 19:30:00,4,train
1675523,120320,2024-10-01 19:30:00,4,train
1670823,120319,2024-10-01 20:20:00,4,train
1670823,120321,2024-10-01 20:20:00,4,train
1682711,120322,2024-10-03 12:00:00,4,train
1682711,120323,2024-10-03 12:00:00,4,train
1682711,120324,2024-10-03 12:00:00,4,train
1680007,120325,2024-10-03 14:00:00,4,train
1680007,120327,2024-10-03 14:00:00,4,train
1680007,120328,2024-10-03 14:00:00,4,train
1682710,120326,2024-10-03 15:00:00,4,train
1682710,120329,2024-10-03 15:00:00,4,train
1682710,120330,2024-10-03 15:00:00,4,train
1680006,120331,2024-10-03 17:20:00,4,train
1680006,120332,2024-10-03 17:20:00,4,train
1680006,120334,2024-10-03 17:20:00,4,train
1680005,120337,2024-10-03 20:00:00,4,train
1682708,120338,2024-10-03 21:50:00,4,train
1682707,120339,2024-10-04 12:00:00,4,train
1682707,120340,2024-10-04 12:00:00,4,train
1686474,120341,2024-10-04 14:00:00,4,train
1682706,120342,2024-10-04 15:00:00,4,train
1682706,120343,2024-10-04 15:00:00,4,train
1686473,120344,2024-10-04 17:00:00,4,train
1686473,120346,2024-10-04 17:00:00,4,train
1686473,120348,2024-10-04 17:00:00,4,train
1660330,120345,2024-10-04 17:30:00,4,train
1660329,120347,2024-10-04 18:55:00,4,train
1660328,120349,2024-10-04 20:15:00,4,train
1682704,120351,2024-10-04 21:00:00,4,train
1660327,120350,2024-10-04 21:35:00,4,train
1688348,120352,2024-10-04 23:10:00,4,train
1688676,120353,2024-10-05 00:30:00,4,train
1688675,120354,2024-10-05 02:00:00,4,train
1688675,120355,2024-10-05 02:00:00,4,train
1686172,120356,2024-10-05 12:00:00,4,train
1686172,120357,2024-10-05 12:00:00,4,train
1688140,120358,2024-10-05 15:30:00,4,train
1688140,120360,2024-10-05 15:30:00,4,train
1686469,120359,2024-10-05 17:00:00,4,train
1688465,120361,2024-10-05 18:00:00,4,train
1688465,120363,2024-10-05 18:00:00,4,train
1686468,120364,2024-10-05 20:00:00,4,train
1686468,120365,2024-10-05 20:00:00,4,train
1686468,120368,2024-10-05 20:00:00,4,train
1689361,120362,2024-10-05 20:45:00,4,train
1689361,120367,2024-10-05 20:45:00,4,train
1689361,120369,2024-10-05 20:45:00,4,train
1688920,120366,2024-10-05 21:00:00,4,train
1688920,120370,2024-10-05 21:00:00,4,train
1691444,120371,2024-10-06 12:30:00,4,train
1691444,120372,2024-10-06 12:30:00,4,train
1691444,120374,2024-10-06 12:30:00,4,train
1690905,120373,2024-10-06 13:30:00,4,train
1690905,120375,2024-10-06 13:30:00,4,train
1690905,120377,2024-10-06 13:30:00,4,train
1691443,120376,2024-10-06 15:30:00,4,train
1691443,120378,2024-10-06 15:30:00,4,train
1691451,120380,2024-10-06 17:00:00,4,train
1691451,120382,2024-10-06 17:00:00,4,train
1691451,120386,2024-10-06 17:00:00,4,train
1691661,120379,2024-10-06 17:00:00,4,train
1691661,120381,2024-10-06 17:00:00,4,train
1691661,120383,2024-10-06 17:00:00,4,train
1691442,120384,2024-10-06 18:30:00,4,train
1691442,120385,2024-10-06 18:30:00,4,train
1691876,120387,2024-10-06 20:15:00,4,train
1691876,120388,2024-10-06 20:15:00,4,train
1693963,120389,2024-10-06 21:15:00,4,train
1693963,120390,2024-10-06 21:15:00,4,train
1691441,120391,2024-10-07 12:30:00,4,train
1691441,120392,2024-10-07 12:30:00,4,train
1691440,120393,2024-10-07 15:30:00,4,train
1691440,120394,2024-10-07 15:30:00,4,train
1656180,120395,2024-10-07 17:00:00,4,train
1656181,120396,2024-10-07 18:10:00,4,train
1656175,120398,2024-10-07 19:10:00,4,train
1656178,120397,2024-10-07 19:10:00,4,train
1656177,120399,2024-10-07 20:05:00,4,train
1656176,120400,2024-10-07 20:30:00,4,train
1697751,120401,2024-10-07 21:15:00,4,train
1697751,120403,2024-10-07 21:15:00,4,train
1697751,120404,2024-10-07 21:15:00,4,train
1697750,120402,2024-10-07 21:50:00,4,train
1697750,120405,2024-10-07 21:50:00,4,train
1697750,120406,2024-10-07 21:50:00,4,train
1697946,120410,2024-10-08 00:10:00,4,train
1697946,120411,2024-10-08 00:10:00,4,train
1697947,120407,2024-10-08 01:30:00,4,train
1697947,120408,2024-10-08 01:30:00,4,train
1697947,120409,2024-10-08 01:30:00,4,train
1698515,120412,2024-10-08 12:30:00,4,train
1698318,120413,2024-10-08 17:00:00,4,train
1698318,120415,2024-10-08 17:00:00,4,train
1698318,120418,2024-10-08 17:00:00,4,train
1698320,120414,2024-10-08 17:00:00,4,train
1698320,120416,2024-10-08 17:00:00,4,train
1698513,120417,2024-10-08 18:30:00,4,train
1698513,120419,2024-10-08 18:30:00,4,train
1698513,120422,2024-10-08 18:30:00,4,train
1698317,120420,2024-10-08 19:40:00,4,train
1698317,120423,2024-10-08 19:40:00,4,train
1698319,120421,2024-10-08 20:25:00,4,train
1698319,120424,2024-10-08 20:25:00,4,train
1699538,120425,2024-10-08 22:00:00,4,train
1699538,120427,2024-10-08 22:00:00,4,train
1699387,120426,2024-10-08 22:30:00,4,train
1699387,120428,2024-10-08 22:30:00,4,train
1701866,120429,2024-10-09 17:00:00,4,train
1701866,120431,2024-10-09 17:00:00,4,train
1701866,120433,2024-10-09 17:00:00,4,train
1701984,120430,2024-10-09 17:00:00,4,train
1701984,120432,2024-10-09 17:00:00,4,train
1701985,120434,2024-10-09 19:40:00,4,train
1701985,120436,2024-10-09 19:40:00,4,train
1699540,120435,2024-10-09 20:00:00,4,train
1699540,120437,2024-10-09 20:00:00,4,train
1702323,120438,2024-10-09 22:00:00,4,train
1702323,120441,2024-10-09 22:00:00,4,train
1702323,120442,2024-10-09 22:00:00,4,train
1704866,120439,2024-10-09 22:00:00,4,train
1704866,120440,2024-10-09 22:00:00,4,train
1704124,120443,2024-10-10 11:00:00,4,train
1704124,120444,2024-10-10 11:00:00,4,train
1704124,120445,2024-10-10 11:00:00,4,train
1704123,120446,2024-10-10 14:00:00,4,train
1704123,120447,2024-10-10 14:00:00,4,train
1704122,120448,2024-10-10 17:00:00,4,train
1704122,120449,2024-10-10 17:00:00,4,train
1704122,120450,2024-10-10 17:00:00,4,train
1704121,120451,2024-10-10 20:25:00,4,train
1704120,120452,2024-10-11 11:00:00,4,train
1704120,120453,2024-10-11 11:00:00,4,train
1704120,120454,2024-10-11 11:00:00,4,train
1704119,120455,2024-10-11 14:35:00,4,train
1704119,120456,2024-10-11 14:35:00,4,train
1704119,120457,2024-10-11 14:35:00,4,train
1705589,120458,2024-10-11 18:00:00,4,train
1705589,120459,2024-10-11 18:00:00,4,train
1704117,120461,2024-10-11 20:30:00,4,train
1704117,120463,2024-10-11 20:30:00,4,train
1705865,120460,2024-10-11 21:15:00,4,train
1705865,120462,2024-10-11 21:15:00,4,train
1705865,120464,2024-10-11 21:15:00,4,train
1710439,120465,2024-10-12 11:00:00,4,train
1710439,120466,2024-10-12 11:00:00,4,train
1710439,120467,2024-10-12 11:00:00,4,train
1707248,120468,2024-10-12 14:00:00,4,train
1707966,120470,2024-10-12 17:00:00,4,train
1707966,120471,2024-10-12 17:00:00,4,train
1710668,120469,2024-10-12 18:00:00,4,train
1710668,120472,2024-10-12 18:00:00,4,train
1710668,120473,2024-10-12 18:00:00,4,train
1711152,120474,2024-10-12 21:50:00,4,train
1711152,120475,2024-10-12 21:50:00,4,train
1713814,120476,2024-10-13 12:30:00,4,train
1713814,120477,2024-10-13 12:30:00,4,train
1713814,120478,2024-10-13 12:30:00,4,train
1713124,120479,2024-10-13 16:00:00,4,train
1713124,120480,2024-10-13 16:00:00,4,train
1713124,120481,2024-10-13 16:00:00,4,train
1713923,120482,2024-10-13 20:00:00,4,train
1713923,120483,2024-10-13 20:00:00,4,train
1713923,120484,2024-10-13 20:00:00,4,train
1713923,120485,2024-10-13 20:00:00,4,train
1706809,120487,2024-10-15 20:00:00,4,train
1706809,120488,2024-10-15 20:00:00,4,train
1706810,120486,2024-10-15 20:00:00,4,train
1710404,120489,2024-10-16 11:00:00,4,train
1710404,120490,2024-10-16 11:00:00,4,train
1710404,120491,2024-10-16 11:00:00,4,train
1704292,120492,2024-10-16 13:00:00,4,train
1710403,120494,2024-10-16 14:35:00,4,train
1710403,120495,2024-10-16 14:35:00,4,train
1704291,120493,2024-10-16 15:40:00,4,train
1710402,120496,2024-10-16 18:45:00,4,train
1710402,120497,2024-10-16 18:45:00,4,train
1725232,120498,2024-10-16 19:30:00,4,train
1725232,120499,2024-10-16 19:30:00,4,train
1723142,120500,2024-10-16 20:00:00,4,train
1722925,120501,2024-10-16 21:00:00,4,train
1725543,120502,2024-10-17 11:00:00,4,train
1725543,120503,2024-10-17 11:00:00,4,train
1725543,120505,2024-10-17 11:00:00,4,train
1704290,120504,2024-10-17 13:00:00,4,train
1704289,120506,2024-10-17 14:15:00,4,train
1725542,120507,2024-10-17 14:40:00,4,train
1725542,120508,2024-10-17 14:40:00,4,train
1726128,120509,2024-10-17 17:00:00,4,train
1726128,120510,2024-10-17 17:00:00,4,train
1728218,120511,2024-10-17 17:00:00,4,train
1728218,120512,2024-10-17 17:00:00,4,train
1726127,120513,2024-10-17 19:30:00,4,train
1726127,120516,2024-10-17 19:30:00,4,train
1726127,120519,2024-10-17 19:30:00,4,train
1728217,120515,2024-10-17 19:45:00,4,train
1728217,120518,2024-10-17 19:45:00,4,train
1726252,120514,2024-10-17 20:00:00,4,train
1726252,120517,2024-10-17 20:00:00,4,train
1726252,120520,2024-10-17 20:00:00,4,train
1728331,120521,2024-10-18 13:00:00,4,train
1728331,120522,2024-10-18 13:00:00,4,train
1728331,120523,2024-10-18 13:00:00,4,train
1726258,120524,2024-10-18 16:30:00,4,train
1726258,120525,2024-10-18 16:30:00,4,train
1728950,120526,2024-10-18 17:00:00,4,train
1728950,120527,2024-10-18 17:00:00,4,train
1728943,120528,2024-10-18 19:00:00,4,train
1728943,120532,2024-10-18 19:00:00,4,train
1729042,120529,2024-10-18 20:00:00,4,train
1729042,120536,2024-10-18 20:00:00,4,train
1729042,120539,2024-10-18 20:00:00,4,train
1551618,120535,2024-10-18 20:30:00,4,train
1551618,120538,2024-10-18 20:30:00,4,train
1551619,120531,2024-10-18 20:30:00,4,train
1551619,120537,2024-10-18 20:30:00,4,train
1551633,120534,2024-10-18 20:30:00,4,train
1551635,120530,2024-10-18 20:30:00,4,train
1551635,120533,2024-10-18 20:30:00,4,train
1730932,120540,2024-10-19 13:00:00,4,train
1730932,120541,2024-10-19 13:00:00,4,train
1730933,120542,2024-10-19 16:00:00,4,train
1730933,120546,2024-10-19 16:00:00,4,train
1731082,120543,2024-10-19 16:30:00,4,train
1731082,120545,2024-10-19 16:30:00,4,train
1731082,120548,2024-10-19 16:30:00,4,train
1731153,120547,2024-10-19 18:00:00,4,train
1731081,120552,2024-10-19 19:45:00,4,train
1731375,120549,2024-10-19 20:30:00,4,train
1731375,120551,2024-10-19 20:30:00,4,train
1732508,120550,2024-10-19 21:15:00,4,train
1732508,120553,2024-10-19 21:15:00,4,train
1732508,120554,2024-10-19 21:15:00,4,train
1732883,120555,2024-10-20 17:20:00,4,train
1732883,120558,2024-10-20 17:20:00,4,train
1732883,120559,2024-10-20 17:20:00,4,train
1732883,120562,2024-10-20 17:20:00,4,train
1733056,120560,2024-10-20 20:30:00,4,train
1733056,120561,2024-10-20 20:30:00,4,train
1729291,120563,2024-10-21 12:30:00,4,train
1729291,120564,2024-10-21 12:30:00,4,train
1736826,120565,2024-10-21 19:10:00,4,train
1736826,120566,2024-10-21 19:10:00,4,train
1736825,120567,2024-10-21 22:00:00,4,train
1736825,120568,2024-10-21 22:00:00,4,train
1729289,120569,2024-10-22 12:30:00,4,train
1729289,120570,2024-10-22 12:30:00,4,train
1729288,120571,2024-10-22 15:30:00,4,train
1729288,120572,2024-10-22 15:30:00,4,train
1729288,120573,2024-10-22 15:30:00,4,train
1739244,120574,2024-10-22 19:00:00,4,train
1739244,120575,2024-10-22 19:00:00,4,train
1739243,120576,2024-10-22 21:30:00,4,train
1739243,120577,2024-10-22 21:30:00,4,train
1729287,120578,2024-10-23 12:30:00,4,train
1729287,120579,2024-10-23 12:30:00,4,train
1729287,120580,2024-10-23 12:30:00,4,train
1729286,120581,2024-10-23 16:25:00,4,train
1729286,120582,2024-10-23 16:25:00,4,train
1729286,120583,2024-10-23 16:25:00,4,train
1742297,120584,2024-10-23 23:30:00,4,train
1742297,120585,2024-10-23 23:30:00,4,train
1729285,120586,2024-10-24 12:30:00,4,train
1729285,120587,2024-10-24 12:30:00,4,train
1729284,120588,2024-10-24 15:30:00,4,train
1729284,120589,2024-10-24 15:30:00,4,train
1744789,120590,2024-10-24 18:30:00,4,train
1744789,120591,2024-10-24 18:30:00,4,train
1744788,120592,2024-10-24 21:30:00,4,train
1744788,120593,2024-10-24 21:30:00,4,train
1739749,120594,2024-10-25 12:30:00,4,train
1739749,120596,2024-10-25 12:30:00,4,train
1739749,120598,2024-10-25 12:30:00,4,train
1721333,120595,2024-10-25 13:00:00,4,train
1721332,120597,2024-10-25 14:30:00,4,train
1721330,120599,2024-10-25 15:45:00,4,train
1737473,120600,2024-10-25 16:00:00,4,train
1737473,120602,2024-10-25 16:00:00,4,train
1721331,120601,2024-10-25 17:00:00,4,train
1747243,120603,2024-10-25 18:10:00,4,train
1743019,120604,2024-10-25 18:55:00,4,train
1743019,120606,2024-10-25 18:55:00,4,train
1747534,120605,2024-10-25 19:30:00,4,train
1747533,120607,2024-10-25 20:45:00,4,train
1747533,120608,2024-10-25 20:45:00,4,train
1745439,120609,2024-10-25 21:30:00,4,train
1745439,120610,2024-10-25 21:30:00,4,train
1748622,120611,2024-10-26 13:00:00,4,train
1748622,120613,2024-10-26 13:00:00,4,train
1748622,120615,2024-10-26 13:00:00,4,train
1747242,120612,2024-10-26 13:30:00,4,train
1747242,120614,2024-10-26 13:30:00,4,train
1748352,120616,2024-10-26 15:55:00,4,train
1748352,120617,2024-10-26 15:55:00,4,train
1747382,120619,2024-10-26 19:00:00,4,train
1747382,120620,2024-10-26 19:00:00,4,train
1750671,120618,2024-10-26 19:00:00,4,train
1750671,120621,2024-10-26 19:00:00,4,train
1748620,120622,2024-10-26 22:40:00,4,train
1748620,120623,2024-10-26 22:40:00,4,train
1748620,120624,2024-10-26 22:40:00,4,train
1751716,120625,2024-10-27 14:30:00,4,train
1751716,120626,2024-10-27 14:30:00,4,train
1751715,120627,2024-10-27 17:10:00,4,train
1730189,120628,2024-10-30 09:00:00,4,train
1730189,120629,2024-10-30 09:00:00,4,train
1730188,120630,2024-10-30 11:20:00,4,train
1730188,120631,2024-10-30 11:20:00,4,train
1730187,120632,2024-10-30 14:20:00,4,train
1730187,120633,2024-10-30 14:20:00,4,train
1730187,120634,2024-10-30 14:20:00,4,train
1730186,120635,2024-10-30 17:00:00,4,train
1730186,120636,2024-10-30 17:00:00,4,train
1766230,120637,2024-10-31 09:00:00,4,train
1766230,120638,2024-10-31 09:00:00,4,train
1766230,120639,2024-10-31 09:00:00,4,train
1766229,120640,2024-10-31 12:10:00,4,train
1766229,120641,2024-10-31 12:10:00,4,train
1767165,120642,2024-10-31 14:00:00,4,train
1767165,120643,2024-10-31 14:00:00,4,train
1767165,120644,2024-10-31 14:00:00,4,train
1767166,120645,2024-10-31 17:35:00,4,train
1767166,120646,2024-10-31 17:35:00,4,train
1770853,120647,2024-11-01 11:30:00,4,train
1770853,120648,2024-11-01 11:30:00,4,train
1771290,120649,2024-11-01 14:10:00,4,train
1771290,120650,2024-11-01 14:10:00,4,train
1773453,120651,2024-11-02 11:35:00,4,train
1773453,120652,2024-11-02 11:35:00,4,train
1773453,120653,2024-11-02 11:35:00,4,train
1773943,120654,2024-11-02 15:55:00,4,train
1773943,120655,2024-11-02 15:55:00,4,train
1773943,120656,2024-11-02 15:55:00,4,train
1752170,120659,2024-11-02 22:55:00,4,train
1752170,120660,2024-11-02 22:55:00,4,train
1778057,120661,2024-11-03 12:00:00,4,train
1778057,120662,2024-11-03 12:00:00,4,train
1778057,120663,2024-11-03 12:00:00,4,train
1779216,120664,2024-11-03 16:00:00,4,train
1779216,120665,2024-11-03 16:00:00,4,train
1779216,120666,2024-11-03 16:00:00,4,train
1779217,120667,2024-11-03 19:30:00,4,train
1779217,120668,2024-11-03 19:30:00,4,train
1779217,120669,2024-11-03 19:30:00,4,train
1779217,120670,2024-11-03 19:30:00,4,train
1777707,120671,2024-11-04 15:30:00,4,train
1777707,120672,2024-11-04 15:30:00,4,train
1783584,120673,2024-11-05 12:00:00,4,train
1783584,120674,2024-11-05 12:00:00,4,train
1783583,120675,2024-11-05 14:30:00,4,train
1783583,120676,2024-11-05 14:30:00,4,train
1791622,120677,2024-11-06 12:00:00,4,train
1791622,120678,2024-11-06 12:00:00,4,train
1791622,120679,2024-11-06 12:00:00,4,train
1790467,120680,2024-11-06 15:00:00,4,train
1790467,120681,2024-11-06 15:00:00,4,train
1790467,120682,2024-11-06 15:00:00,4,train
1791620,120683,2024-11-07 14:30:00,4,train
1791620,120684,2024-11-07 14:30:00,4,train
1800525,120685,2024-11-08 12:00:00,4,train
1800525,120686,2024-11-08 12:00:00,4,train
1800525,120687,2024-11-08 12:00:00,4,train
1800504,120688,2024-11-08 15:15:00,4,train
1801193,120689,2024-11-08 18:00:00,4,train
1801193,120690,2024-11-08 18:00:00,4,train
1804409,120691,2024-11-09 12:00:00,4,train
1804409,120692,2024-11-09 12:00:00,4,train
1804409,120693,2024-11-09 12:00:00,4,train
1804848,120694,2024-11-10 15:30:00,4,train
1804848,120695,2024-11-10 15:30:00,4,train
1804847,120696,2024-11-10 18:00:00,4,train
1804847,120697,2024-11-10 18:00:00,4,train
1782410,120698,2024-11-10 19:00:00,4,train
1782410,120699,2024-11-10 19:00:00,4,train
1804846,120700,2024-11-10 21:00:00,4,train
1725717,120701,2024-11-11 11:00:00,4,train
1725716,120704,2024-11-11 12:00:00,4,train
1725715,120702,2024-11-11 14:30:00,4,train
1811306,120703,2024-11-11 15:30:00,4,train
1725714,120705,2024-11-11 15:40:00,4,train
1813430,120710,2024-11-12 05:00:00,4,train
1813430,120711,2024-11-12 05:00:00,4,train
1813430,120712,2024-11-12 05:00:00,4,train
1725724,120707,2024-11-12 07:00:00,4,train
1725725,120706,2024-11-12 07:00:00,4,train
1725722,120708,2024-11-12 08:00:00,4,train
1725723,120709,2024-11-12 08:00:00,4,train
1813889,120713,2024-11-12 08:00:00,4,train
1813889,120714,2024-11-12 08:00:00,4,train
1725720,120715,2024-11-12 09:30:00,4,train
1725721,120716,2024-11-12 09:30:00,4,train
1725718,120717,2024-11-12 10:45:00,4,train
1725719,120719,2024-11-12 10:45:00,4,train
1813431,120718,2024-11-12 11:00:00,4,train
1813431,120720,2024-11-12 11:00:00,4,train
1813431,120721,2024-11-12 11:00:00,4,train
1816343,120723,2024-11-12 12:30:00,4,train
1816342,120722,2024-11-12 12:45:00,4,train
1816340,120724,2024-11-12 13:50:00,4,train
1813890,120725,2024-11-12 14:00:00,4,train
1813890,120729,2024-11-12 14:00:00,4,train
1816338,120726,2024-11-12 14:30:00,4,train
1816339,120728,2024-11-12 14:30:00,4,train
1814695,120730,2024-11-12 15:00:00,4,train
1816336,120731,2024-11-12 15:50:00,4,train
1816337,120732,2024-11-12 16:00:00,4,train
1816595,120737,2024-11-13 07:00:00,4,train
1816595,120738,2024-11-13 07:00:00,4,train
1816595,120742,2024-11-13 07:00:00,4,train
1817570,120734,2024-11-13 07:00:00,4,train
1817571,120733,2024-11-13 07:00:00,4,train
1817568,120735,2024-11-13 08:00:00,4,train
1817569,120736,2024-11-13 08:00:00,4,train
1817566,120739,2024-11-13 09:00:00,4,train
1817566,120740,2024-11-13 09:00:00,4,train
1817566,120744,2024-11-13 09:00:00,4,train
1817567,120741,2024-11-13 09:00:00,4,train
1817567,120743,2024-11-13 09:00:00,4,train
1817086,120745,2024-11-13 10:45:00,4,train
1817086,120746,2024-11-13 10:45:00,4,train
1817564,120748,2024-11-13 12:00:00,4,train
1817564,120749,2024-11-13 12:00:00,4,train
1817564,120751,2024-11-13 12:00:00,4,train
1817565,120747,2024-11-13 12:00:00,4,train
1817565,120750,2024-11-13 12:00:00,4,train
1819677,120752,2024-11-13 14:00:00,4,train
1819677,120753,2024-11-13 14:00:00,4,train
1820220,120756,2024-11-14 07:00:00,4,train
1820220,120757,2024-11-14 07:00:00,4,train
1820220,120758,2024-11-14 07:00:00,4,train
1820221,120754,2024-11-14 07:00:00,4,train
1820221,120755,2024-11-14 07:00:00,4,train
1820218,120759,2024-11-14 10:00:00,4,train
1820218,120761,2024-11-14 10:00:00,4,train
1820219,120760,2024-11-14 10:00:00,4,train
1820219,120762,2024-11-14 10:00:00,4,train
1820216,120763,2024-11-14 13:00:00,4,train
1820216,120766,2024-11-14 13:00:00,4,train
1820217,120764,2024-11-14 13:00:00,4,train
1820217,120765,2024-11-14 13:00:00,4,train
1820217,120767,2024-11-14 13:00:00,4,train
1822889,120768,2024-11-15 05:00:00,4,train
1822889,120769,2024-11-15 05:00:00,4,train
1822889,120770,2024-11-15 05:00:00,4,train
1822888,120771,2024-11-15 08:00:00,4,train
1822888,120772,2024-11-15 08:00:00,4,train
1822887,120773,2024-11-15 11:50:00,4,train
1822887,120774,2024-11-15 11:50:00,4,train
1725740,120776,2024-11-17 07:00:00,4,train
1725741,120775,2024-11-17 07:00:00,4,train
1725739,120777,2024-11-17 08:10:00,4,train
1725738,120778,2024-11-17 08:25:00,4,train
1725737,120779,2024-11-17 09:10:00,4,train
1725736,120780,2024-11-17 09:25:00,4,train
1725735,120781,2024-11-17 10:15:00,4,train
1725734,120782,2024-11-17 10:45:00,4,train
1827323,120784,2024-11-17 12:30:00,4,train
1827324,120783,2024-11-17 12:30:00,4,train
1827322,120785,2024-11-17 13:30:00,4,train
1827321,120786,2024-11-17 13:40:00,4,train
1827319,120788,2024-11-17 14:30:00,4,train
1827320,120787,2024-11-17 14:30:00,4,train
1827317,120789,2024-11-17 15:30:00,4,train
1827318,120790,2024-11-17 15:30:00,4,train
1827609,120791,2024-11-18 07:00:00,4,train
1827610,120792,2024-11-18 07:00:00,4,train
1827607,120793,2024-11-18 08:00:00,4,train
1827608,120806,2024-11-18 08:00:00,4,train
1827605,120803,2024-11-18 09:00:00,4,train
1827605,120804,2024-11-18 09:00:00,4,train
1827605,120805,2024-11-18 09:00:00,4,train
1827606,120795,2024-11-18 09:00:00,4,train
1827606,120796,2024-11-18 09:00:00,4,train
1827606,120798,2024-11-18 09:00:00,4,train
1827604,120797,2024-11-18 12:10:00,4,train
1827604,120799,2024-11-18 12:10:00,4,train
1827603,120800,2024-11-18 13:45:00,4,train
1827603,120801,2024-11-18 13:45:00,4,train
1827603,120802,2024-11-18 13:45:00,4,train
1829683,120808,2024-11-19 05:00:00,4,train
1829683,120810,2024-11-19 05:00:00,4,train
1829683,120843,2024-11-19 05:00:00,4,train
1829684,120807,2024-11-19 05:00:00,4,train
1829684,120809,2024-11-19 05:00:00,4,train
1829682,120846,2024-11-19 08:00:00,4,train
1829682,120847,2024-11-19 08:00:00,4,train
1829681,120844,2024-11-19 08:15:00,4,train
1829681,120845,2024-11-19 08:15:00,4,train
1829679,120849,2024-11-19 11:00:00,4,train
1829679,120851,2024-11-19 11:00:00,4,train
1829679,120852,2024-11-19 11:00:00,4,train
1829680,120848,2024-11-19 11:00:00,4,train
1829680,120850,2024-11-19 11:00:00,4,train
1831609,120853,2024-11-19 15:00:00,4,train
1831609,120854,2024-11-19 15:00:00,4,train
1831609,120855,2024-11-19 15:00:00,4,train
1831763,120856,2024-11-20 05:00:00,4,train
1831763,120857,2024-11-20 05:00:00,4,train
1831762,120858,2024-11-20 08:00:00,4,train
1831762,120859,2024-11-20 08:00:00,4,train
1831762,120860,2024-11-20 08:00:00,4,train
1831761,120861,2024-11-20 11:45:00,4,train
1831761,120862,2024-11-20 11:45:00,4,train
1831761,120863,2024-11-20 11:45:00,4,train
1725732,120864,2024-11-21 07:00:00,4,train
1725733,120865,2024-11-21 07:30:00,4,train
1725730,120866,2024-11-21 08:00:00,4,train
1725731,120867,2024-11-21 08:25:00,4,train
1725728,120869,2024-11-21 09:25:00,4,train
1725729,120868,2024-11-21 09:25:00,4,train
1725727,120870,2024-11-21 10:30:00,4,train
1725726,120871,2024-11-21 10:35:00,4,train
1835771,120873,2024-11-21 12:45:00,4,train
1835772,120872,2024-11-21 12:45:00,4,train
1835770,120875,2024-11-21 14:00:00,4,train
1835769,120874,2024-11-21 14:10:00,4,train
1835768,120877,2024-11-21 15:10:00,4,train
1835861,120876,2024-11-21 15:10:00,4,train
1835859,120878,2024-11-21 16:25:00,4,train
1835860,120879,2024-11-21 16:50:00,4,train
1836359,120881,2024-11-22 07:00:00,4,train
1836360,120880,2024-11-22 07:00:00,4,train
1836357,120883,2024-11-22 08:00:00,4,train
1836358,120882,2024-11-22 08:00:00,4,train
1836355,120884,2024-11-22 09:00:00,4,train
1836355,120887,2024-11-22 09:00:00,4,train
1836355,120889,2024-11-22 09:00:00,4,train
1836356,120885,2024-11-22 09:00:00,4,train
1836356,120886,2024-11-22 09:00:00,4,train
1836356,120888,2024-11-22 09:00:00,4,train
1836353,120890,2024-11-22 12:00:00,4,train
1836353,120892,2024-11-22 12:00:00,4,train
1836353,120894,2024-11-22 12:00:00,4,train
1836354,120891,2024-11-22 12:20:00,4,train
1836354,120893,2024-11-22 12:20:00,4,train
1836354,120895,2024-11-22 12:20:00,4,train
1837752,120896,2024-11-23 07:00:00,4,train
1837752,120899,2024-11-23 07:00:00,4,train
1837752,120900,2024-11-23 07:00:00,4,train
1837753,120897,2024-11-23 07:00:00,4,train
1837753,120898,2024-11-23 07:00:00,4,train
1837750,120901,2024-11-23 10:00:00,4,train
1837750,120904,2024-11-23 10:00:00,4,train
1837751,120902,2024-11-23 10:00:00,4,train
1837751,120903,2024-11-23 10:00:00,4,train
1837751,120905,2024-11-23 10:00:00,4,train
1837551,120906,2024-11-23 12:30:00,4,train
1837551,120911,2024-11-23 12:30:00,4,train
1837551,120912,2024-11-23 12:30:00,4,train
1837748,120908,2024-11-23 13:00:00,4,train
1837748,120909,2024-11-23 13:00:00,4,train
1837748,120914,2024-11-23 13:00:00,4,train
1837749,120907,2024-11-23 13:00:00,4,train
1837749,120910,2024-11-23 13:00:00,4,train
1837749,120913,2024-11-23 13:00:00,4,train
1838851,120916,2024-11-23 19:00:00,4,train
1808260,120915,2024-11-23 19:30:00,4,train
1808260,120917,2024-11-23 19:30:00,4,train
1808260,120918,2024-11-23 19:30:00,4,train
1838916,120919,2024-11-24 05:00:00,4,train
1838916,120920,2024-11-24 05:00:00,4,train
1838916,120921,2024-11-24 05:00:00,4,train
1838915,120922,2024-11-24 08:10:00,4,train
1838915,120923,2024-11-24 08:10:00,4,train
1838914,120924,2024-11-24 11:00:00,4,train
1839767,120928,2024-11-24 15:00:00,4,train
1839767,120930,2024-11-24 15:00:00,4,train
1839156,120929,2024-11-24 15:15:00,4,train
1839163,120931,2024-11-24 17:00:00,4,train
1839163,120932,2024-11-24 17:00:00,4,train
1839911,120933,2024-11-24 18:30:00,4,train
1840710,120967,2024-11-30 06:00:00,4,train
1840711,120966,2024-11-30 06:00:00,4,train
1840708,120968,2024-11-30 07:25:00,4,train
1840709,120969,2024-11-30 07:25:00,4,train
1840707,120970,2024-11-30 08:25:00,4,train
1840706,120971,2024-11-30 08:55:00,4,train
1840705,120972,2024-11-30 09:30:00,4,train
1840704,120973,2024-11-30 10:00:00,4,train
1845159,120974,2024-11-30 11:50:00,4,train
1845163,120975,2024-11-30 11:55:00,4,train
1845161,120976,2024-11-30 12:50:00,4,train
1845162,120977,2024-11-30 12:50:00,4,train
1845158,120978,2024-11-30 13:50:00,4,train
1845160,120979,2024-11-30 13:55:00,4,train
1845156,120981,2024-11-30 14:50:00,4,train
1845157,120980,2024-11-30 14:50:00,4,train
1845385,120983,2024-12-01 06:00:00,4,train
1845386,120982,2024-12-01 06:00:00,4,train
1845383,120984,2024-12-01 07:00:00,4,train
1845384,120985,2024-12-01 07:00:00,4,train
1845382,120986,2024-12-01 08:10:00,4,train
1845382,120988,2024-12-01 08:10:00,4,train
1845382,120990,2024-12-01 08:10:00,4,train
1845381,120987,2024-12-01 08:20:00,4,train
1845381,120989,2024-12-01 08:20:00,4,train
1845381,120991,2024-12-01 08:20:00,4,train
1845379,120992,2024-12-01 11:00:00,4,train
1845379,120994,2024-12-01 11:00:00,4,train
1845380,120993,2024-12-01 11:40:00,4,train
1845380,120995,2024-12-01 11:40:00,4,train
1846249,120996,2024-12-02 06:00:00,4,train
1846249,120998,2024-12-02 06:00:00,4,train
1846249,121000,2024-12-02 06:00:00,4,train
1846250,120997,2024-12-02 06:00:00,4,train
1846250,120999,2024-12-02 06:00:00,4,train
1846250,121001,2024-12-02 06:00:00,4,train
1846248,121002,2024-12-02 09:10:00,4,train
1846248,121005,2024-12-02 09:10:00,4,train
1846247,121003,2024-12-02 09:15:00,4,train
1846247,121004,2024-12-02 09:15:00,4,train
1846245,121006,2024-12-02 12:00:00,4,train
1846245,121008,2024-12-02 12:00:00,4,train
1846245,121010,2024-12-02 12:00:00,4,train
1846246,121007,2024-12-02 12:15:00,4,train
1846246,121009,2024-12-02 12:15:00,4,train
1846246,121011,2024-12-02 12:15:00,4,train
1847264,121012,2024-12-03 06:00:00,4,train
1847264,121013,2024-12-03 06:00:00,4,train
1847264,121014,2024-12-03 06:00:00,4,train
1847263,121015,2024-12-03 09:05:00,4,train
1847263,121016,2024-12-03 09:05:00,4,train
1844941,121018,2024-12-03 12:00:00,4,train
1844941,121020,2024-12-03 12:00:00,4,train
1844941,121022,2024-12-03 12:00:00,4,train
1847262,121017,2024-12-03 12:00:00,4,train
1847262,121019,2024-12-03 12:00:00,4,train
1847262,121021,2024-12-03 12:00:00,4,train
1844940,121023,2024-12-03 15:00:00,4,train
1844940,121024,2024-12-03 15:00:00,4,train
1844937,121025,2024-12-04 12:00:00,4,train
1844937,121026,2024-12-04 12:00:00,4,train
1845120,121027,2024-12-04 18:00:00,4,train
1845120,121028,2024-12-04 18:00:00,4,train
1844935,121029,2024-12-04 22:15:00,4,train
1844935,121030,2024-12-04 22:15:00,4,train
1847906,121031,2024-12-05 06:00:00,4,train
1847907,121032,2024-12-05 06:00:00,4,train
1847904,121033,2024-12-05 07:00:00,4,train
1847905,121034,2024-12-05 07:00:00,4,train
1847903,121035,2024-12-05 08:10:00,4,train
1847969,121036,2024-12-05 08:10:00,4,train
1847902,121038,2024-12-05 09:00:00,4,train
1847901,121037,2024-12-05 09:10:00,4,train
1849032,121039,2024-12-05 12:30:00,4,train
1849033,121053,2024-12-05 12:30:00,4,train
1849031,121041,2024-12-05 13:30:00,4,train
1849030,121040,2024-12-05 13:55:00,4,train
1849028,121042,2024-12-05 14:45:00,4,train
1849029,121043,2024-12-05 14:45:00,4,train
1848969,121044,2024-12-05 18:00:00,4,train
1848969,121045,2024-12-05 18:00:00,4,train
1848969,121046,2024-12-05 18:00:00,4,train
1848968,121047,2024-12-05 21:15:00,4,train
1848968,121048,2024-12-05 21:15:00,4,train
1849254,121050,2024-12-06 06:00:00,4,train
1849255,121049,2024-12-06 06:00:00,4,train
1849252,121052,2024-12-06 07:00:00,4,train
1849253,121051,2024-12-06 07:00:00,4,train
1849251,121054,2024-12-06 08:10:00,4,train
1849251,121057,2024-12-06 08:10:00,4,train
1849251,121058,2024-12-06 08:10:00,4,train
1849250,121055,2024-12-06 08:20:00,4,train
1849250,121056,2024-12-06 08:20:00,4,train
1849248,121060,2024-12-06 11:00:00,4,train
1849248,121061,2024-12-06 11:00:00,4,train
1849248,121064,2024-12-06 11:00:00,4,train
1849249,121059,2024-12-06 11:10:00,4,train
1849249,121063,2024-12-06 11:10:00,4,train
1848967,121062,2024-12-06 12:00:00,4,train
1848967,121065,2024-12-06 12:00:00,4,train
1848965,121066,2024-12-06 18:15:00,4,train
1848965,121067,2024-12-06 18:15:00,4,train
1848965,121068,2024-12-06 18:15:00,4,train
1850051,121070,2024-12-07 06:00:00,4,train
1850051,121072,2024-12-07 06:00:00,4,train
1850052,121069,2024-12-07 06:00:00,4,train
1850052,121071,2024-12-07 06:00:00,4,train
1850049,121074,2024-12-07 09:00:00,4,train
1850049,121076,2024-12-07 09:00:00,4,train
1850050,121073,2024-12-07 09:00:00,4,train
1850050,121075,2024-12-07 09:00:00,4,train
1850050,121077,2024-12-07 09:00:00,4,train
1850047,121078,2024-12-07 12:00:00,4,train
1850047,121080,2024-12-07 12:00:00,4,train
1850047,121082,2024-12-07 12:00:00,4,train
1850048,121079,2024-12-07 12:00:00,4,train
1850048,121081,2024-12-07 12:00:00,4,train
1850048,121083,2024-12-07 12:00:00,4,train
1850363,121084,2024-12-07 21:00:00,4,train
1850363,121085,2024-12-07 21:00:00,4,train
1850938,121086,2024-12-08 06:00:00,4,train
1850938,121087,2024-12-08 06:00:00,4,train
1850937,121088,2024-12-08 09:00:00,4,train
1850937,121089,2024-12-08 09:00:00,4,train
1850937,121090,2024-12-08 09:00:00,4,train
1850362,121092,2024-12-08 12:00:00,4,train
1850362,121094,2024-12-08 12:00:00,4,train
1850936,121091,2024-12-08 12:10:00,4,train
1850936,121093,2024-12-08 12:10:00,4,train
1850936,121095,2024-12-08 12:10:00,4,train
1850361,121096,2024-12-08 15:00:00,4,train
1850361,121097,2024-12-08 15:00:00,4,train
1850361,121098,2024-12-08 15:00:00,4,train
1850359,121099,2024-12-08 21:00:00,4,train
1850359,121100,2024-12-08 21:00:00,4,train
1852632,121101,2024-12-09 16:30:00,4,train
1852632,121102,2024-12-09 16:30:00,4,train
1852631,121103,2024-12-09 20:00:00,4,train
1852630,121104,2024-12-10 13:30:00,4,train
1852630,121105,2024-12-10 13:30:00,4,train
1852630,121106,2024-12-10 13:30:00,4,train
1852629,121107,2024-12-10 16:30:00,4,train
1852629,121108,2024-12-10 16:30:00,4,train
1852629,121109,2024-12-10 16:30:00,4,train
1854845,121110,2024-12-11 13:30:00,4,train
1854845,121111,2024-12-11 13:30:00,4,train
1854845,121112,2024-12-11 13:30:00,4,train
1852218,121113,2024-12-12 09:00:00,4,train
1852218,121114,2024-12-12 09:00:00,4,train
1852217,121115,2024-12-12 12:30:00,4,train
1852217,121116,2024-12-12 12:30:00,4,train
1852216,121117,2024-12-13 09:00:00,4,train
1852216,121119,2024-12-13 09:00:00,4,train
1852216,121120,2024-12-13 09:00:00,4,train
1856181,121123,2024-12-13 12:00:00,4,train
1856181,121124,2024-12-13 12:00:00,4,train
1852215,121121,2024-12-13 13:00:00,4,train
1852215,121122,2024-12-13 13:00:00,4,train
1852215,121125,2024-12-13 13:00:00,4,train
1856180,121126,2024-12-13 15:00:00,4,train
1856179,121127,2024-12-13 18:00:00,4,train
1856179,121128,2024-12-13 18:00:00,4,train
1856177,121129,2024-12-13 21:00:00,4,train
1856177,121130,2024-12-13 21:00:00,4,train
1856949,121132,2024-12-14 09:00:00,4,train
1856949,121133,2024-12-14 09:00:00,4,train
1856949,121134,2024-12-14 09:00:00,4,train
1857300,121135,2024-12-14 12:00:00,4,train
1857300,121136,2024-12-14 12:00:00,4,train
1858074,121137,2024-12-14 13:35:00,4,train
1858074,121138,2024-12-14 13:35:00,4,train
1858132,121139,2024-12-14 15:00:00,4,train
1858132,121140,2024-12-14 15:00:00,4,train
1858424,121141,2024-12-14 18:00:00,4,train
1858424,121142,2024-12-14 18:00:00,4,train
1857094,121143,2024-12-14 21:00:00,4,train
1857094,121144,2024-12-14 21:00:00,4,train
1859211,121145,2024-12-15 12:20:00,4,train
1859211,121147,2024-12-15 12:20:00,4,train
1859211,121149,2024-12-15 12:20:00,4,train
1859399,121146,2024-12-15 13:30:00,4,train
1859399,121148,2024-12-15 13:30:00,4,train
1859399,121150,2024-12-15 13:30:00,4,train
1859559,121151,2024-12-15 16:30:00,4,train
1859559,121152,2024-12-15 16:30:00,4,train
1860169,121153,2024-12-15 19:30:00,4,train
1860169,121154,2024-12-15 19:30:00,4,train
1873416,121155,2025-01-14 12:00:00,4,train
1873416,121156,2025-01-14 12:00:00,4,train
1873416,121158,2025-01-14 12:00:00,4,train
1873483,121157,2025-01-14 14:00:00,4,train
1873483,121159,2025-01-14 14:00:00,4,train
1873444,121160,2025-01-14 16:30:00,4,train
1873444,121161,2025-01-14 16:30:00,4,train
1873444,121162,2025-01-14 16:30:00,4,train
1873562,121163,2025-01-14 19:40:00,4,train
1873562,121164,2025-01-14 19:40:00,4,train
1873599,121165,2025-01-14 22:00:00,4,train
1873599,121166,2025-01-14 22:00:00,4,train
1873414,121168,2025-01-15 12:00:00,4,train
1873414,121169,2025-01-15 12:00:00,4,train
1873484,121167,2025-01-15 14:00:00,4,train
1873445,121170,2025-01-15 16:30:00,4,train
1873524,121171,2025-01-15 18:45:00,4,train
1873524,121172,2025-01-15 18:45:00,4,train
1873600,121173,2025-01-15 21:30:00,4,train
1873600,121174,2025-01-15 21:30:00,4,train
1873442,121175,2025-01-16 14:00:00,4,train
1873442,121176,2025-01-16 14:00:00,4,train
1873561,121177,2025-01-16 16:30:00,4,train
1873561,121178,2025-01-16 16:30:00,4,train
1873411,121179,2025-01-16 18:00:00,4,train
1873411,121181,2025-01-16 18:00:00,4,train
1873563,121180,2025-01-16 18:45:00,4,train
1873563,121182,2025-01-16 18:45:00,4,train
1873563,121183,2025-01-16 18:45:00,4,train
1873525,121184,2025-01-16 21:40:00,4,train
1873443,121185,2025-01-17 14:00:00,4,train
1873443,121186,2025-01-17 14:00:00,4,train
1873485,121187,2025-01-17 17:30:00,4,train
1873485,121188,2025-01-17 17:30:00,4,train
1873485,121189,2025-01-17 17:30:00,4,train
1873598,121190,2025-01-17 20:45:00,4,train
1873598,121191,2025-01-17 20:45:00,4,train
1873598,121192,2025-01-17 20:45:00,4,train
1873526,121201,2025-01-18 01:00:00,4,train
1873526,121202,2025-01-18 01:00:00,4,train
1873526,121204,2025-01-18 01:00:00,4,train
1882774,121194,2025-01-18 14:00:00,4,train
1882774,121195,2025-01-18 14:00:00,4,train
1882774,121196,2025-01-18 14:00:00,4,train
1882773,121197,2025-01-18 17:30:00,4,train
1882770,121198,2025-01-18 20:20:00,4,train
1882770,121199,2025-01-18 20:20:00,4,train
1882771,121200,2025-01-18 21:55:00,4,train
1882771,121205,2025-01-18 21:55:00,4,train
1882776,121206,2025-01-19 14:00:00,4,train
1882776,121207,2025-01-19 14:00:00,4,train
1882777,121208,2025-01-19 16:50:00,4,train
1882777,121209,2025-01-19 16:50:00,4,train
1882777,121210,2025-01-19 16:50:00,4,train
1882772,121211,2025-01-19 20:30:00,4,train
1882772,121212,2025-01-19 20:30:00,4,train
1882775,121213,2025-01-19 22:35:00,4,train
1882775,121214,2025-01-19 22:35:00,4,train
1882775,121215,2025-01-19 22:35:00,4,train
1887667,121216,2025-01-20 12:00:00,4,train
1887667,121217,2025-01-20 12:00:00,4,train
1871883,121218,2025-01-20 13:30:00,4,train
1887666,121219,2025-01-20 15:00:00,4,train
1887666,121221,2025-01-20 15:00:00,4,train
1895393,121220,2025-01-20 16:00:00,4,train
1895392,121222,2025-01-20 17:30:00,4,train
1887665,121223,2025-01-20 18:00:00,4,train
1887664,121224,2025-01-20 21:00:00,4,train
1887664,121225,2025-01-20 21:00:00,4,train
1897931,121226,2025-01-21 11:00:00,4,train
1897931,121227,2025-01-21 11:00:00,4,train
1897931,121231,2025-01-21 11:00:00,4,train
1883896,121229,2025-01-21 12:00:00,4,train
1883896,121230,2025-01-21 12:00:00,4,train
1883896,121232,2025-01-21 12:00:00,4,train
1887663,121228,2025-01-21 12:00:00,4,train
1887662,121233,2025-01-21 15:00:00,4,train
1887662,121234,2025-01-21 15:00:00,4,train
1883895,121235,2025-01-21 16:00:00,4,train
1884988,121237,2025-01-21 22:00:00,4,train
1884988,121238,2025-01-21 22:00:00,4,train
1884988,121240,2025-01-21 22:00:00,4,train
1884989,121236,2025-01-21 22:00:00,4,train
1884989,121239,2025-01-21 22:00:00,4,train
1885002,121244,2025-01-21 22:00:00,4,train
1885002,121245,2025-01-21 22:00:00,4,train
1909885,121241,2025-01-22 12:00:00,4,train
1909885,121242,2025-01-22 12:00:00,4,train
1909884,121243,2025-01-22 15:00:00,4,train
1909884,121246,2025-01-22 15:00:00,4,train
1909884,121247,2025-01-22 15:00:00,4,train
1909883,121248,2025-01-22 18:30:00,4,train
1909883,121250,2025-01-22 18:30:00,4,train
1884972,121249,2025-01-22 19:00:00,4,train
1884972,121251,2025-01-22 19:00:00,4,train
1909882,121252,2025-01-22 21:00:00,4,train
1909882,121254,2025-01-22 21:00:00,4,train
1884957,121255,2025-01-22 22:00:00,4,train
1884957,121260,2025-01-22 22:00:00,4,train
1884958,121259,2025-01-22 22:00:00,4,train
1884958,121262,2025-01-22 22:00:00,4,train
1884959,121257,2025-01-22 22:00:00,4,train
1884959,121263,2025-01-22 22:00:00,4,train
1884973,121256,2025-01-22 22:00:00,4,train
1884973,121261,2025-01-22 22:00:00,4,train
1884973,121265,2025-01-22 22:00:00,4,train
1884974,121269,2025-01-22 22:00:00,4,train
1884974,121270,2025-01-22 22:00:00,4,train
1884974,121271,2025-01-22 22:00:00,4,train
1909881,121272,2025-01-23 12:00:00,4,train
1909881,121273,2025-01-23 12:00:00,4,train
1909881,121274,2025-01-23 12:00:00,4,train
1909880,121275,2025-01-23 15:30:00,4,train
1909880,121276,2025-01-23 15:30:00,4,train
1909879,121277,2025-01-23 18:00:00,4,train
1909879,121279,2025-01-23 18:00:00,4,train
1920857,121278,2025-01-23 18:00:00,4,train
1920857,121280,2025-01-23 18:00:00,4,train
1909878,121282,2025-01-23 21:00:00,4,train
1909878,121286,2025-01-23 21:00:00,4,train
1920856,121281,2025-01-23 21:00:00,4,train
1920856,121283,2025-01-23 21:00:00,4,train
1884984,121284,2025-01-23 22:00:00,4,train
1884984,121290,2025-01-23 22:00:00,4,train
1884986,121288,2025-01-23 22:00:00,4,train
1884999,121285,2025-01-23 22:00:00,4,train
1884999,121291,2025-01-23 22:00:00,4,train
1885001,121287,2025-01-23 22:00:00,4,train
1885001,121289,2025-01-23 22:00:00,4,train
1929644,121292,2025-01-24 12:00:00,4,train
1929644,121293,2025-01-24 12:00:00,4,train
1929643,121294,2025-01-24 15:00:00,4,train
1929643,121295,2025-01-24 15:00:00,4,train
1885003,121297,2025-01-24 18:00:00,4,train
1885003,121300,2025-01-24 18:00:00,4,train
1920855,121298,2025-01-24 18:00:00,4,train
1920855,121301,2025-01-24 18:00:00,4,train
1929642,121296,2025-01-24 18:00:00,4,train
1929642,121299,2025-01-24 18:00:00,4,train
1929641,121302,2025-01-24 21:00:00,4,train
1929641,121304,2025-01-24 21:00:00,4,train
1929641,121314,2025-01-24 21:00:00,4,train
1920854,121303,2025-01-24 21:15:00,4,train
1920854,121318,2025-01-24 21:15:00,4,train
1884954,121305,2025-01-24 22:00:00,4,train
1884954,121311,2025-01-24 22:00:00,4,train
1884954,121319,2025-01-24 22:00:00,4,train
1884969,121308,2025-01-24 22:00:00,4,train
1884969,121310,2025-01-24 22:00:00,4,train
1884970,121309,2025-01-24 22:00:00,4,train
1884970,121316,2025-01-24 22:00:00,4,train
1884970,121320,2025-01-24 22:00:00,4,train
1884971,121307,2025-01-24 22:00:00,4,train
1884971,121313,2025-01-24 22:00:00,4,train
1884971,121317,2025-01-24 22:00:00,4,train
1885004,121306,2025-01-24 22:00:00,4,train
1885004,121312,2025-01-24 22:00:00,4,train
1885004,121315,2025-01-24 22:00:00,4,train
1929640,121321,2025-01-25 12:00:00,4,train
1929640,121322,2025-01-25 12:00:00,4,train
1929639,121323,2025-01-25 15:00:00,4,train
1929639,121324,2025-01-25 15:00:00,4,train
1929639,121325,2025-01-25 15:00:00,4,train
1938219,121326,2025-01-25 18:00:00,4,train
1938219,121327,2025-01-25 18:00:00,4,train
1938219,121328,2025-01-25 18:00:00,4,train
1929637,121329,2025-01-25 21:00:00,4,train
1929637,121331,2025-01-25 21:00:00,4,train
1929637,121332,2025-01-25 21:00:00,4,train
1938218,121330,2025-01-25 22:00:00,4,train
1938218,121333,2025-01-25 22:00:00,4,train
1945134,121335,2025-01-26 18:00:00,4,train
1945134,121336,2025-01-26 18:00:00,4,train
1945134,121337,2025-01-26 18:00:00,4,train
1945134,121341,2025-01-26 18:00:00,4,train
1947727,121334,2025-01-26 18:00:00,4,train
1947727,121338,2025-01-26 18:00:00,4,train
1947727,121339,2025-01-26 18:00:00,4,train
1947726,121340,2025-01-26 21:00:00,4,train
1947726,121342,2025-01-26 21:00:00,4,train
1947726,121343,2025-01-26 21:00:00,4,train
1947725,121344,2025-01-27 15:00:00,4,train
1947725,121345,2025-01-27 15:00:00,4,train
1947725,121346,2025-01-27 15:00:00,4,train
1947724,121347,2025-01-27 18:45:00,4,train
1947724,121348,2025-01-27 18:45:00,4,train
1947724,121349,2025-01-27 18:45:00,4,train
1960733,121350,2025-01-28 15:00:00,4,train
1960733,121351,2025-01-28 15:00:00,4,train
1960732,121352,2025-01-28 18:00:00,4,train
1960731,121353,2025-01-28 21:00:00,4,train
1884953,121355,2025-01-28 22:00:00,4,train
1884953,121363,2025-01-28 22:00:00,4,train
1884953,121364,2025-01-28 22:00:00,4,train
1884966,121357,2025-01-28 22:00:00,4,train
1884966,121359,2025-01-28 22:00:00,4,train
1884966,121361,2025-01-28 22:00:00,4,train
1884968,121354,2025-01-28 22:00:00,4,train
1884968,121358,2025-01-28 22:00:00,4,train
1884968,121360,2025-01-28 22:00:00,4,train
1884987,121356,2025-01-28 22:00:00,4,train
1884987,121362,2025-01-28 22:00:00,4,train
1882252,121366,2025-01-29 12:30:00,4,train
1882252,121368,2025-01-29 12:30:00,4,train
1882254,121365,2025-01-29 12:30:00,4,train
1882254,121367,2025-01-29 12:30:00,4,train
1882251,121369,2025-01-29 15:00:00,4,train
1882253,121370,2025-01-29 15:00:00,4,train
1882253,121371,2025-01-29 15:00:00,4,train
1882250,121372,2025-01-29 17:35:00,4,train
1882250,121373,2025-01-29 17:35:00,4,train
1882249,121374,2025-01-29 18:15:00,4,train
1882249,121375,2025-01-29 18:15:00,4,train
1882255,121377,2025-01-29 20:00:00,4,train
1882256,121376,2025-01-29 20:55:00,4,train
1882256,121378,2025-01-29 20:55:00,4,train
1882256,121379,2025-01-29 20:55:00,4,train
1968552,121382,2025-01-30 15:00:00,4,train
1968552,121383,2025-01-30 15:00:00,4,train
1968552,121386,2025-01-30 15:00:00,4,train
1974305,121381,2025-01-30 15:30:00,4,train
1974305,121385,2025-01-30 15:30:00,4,train
1974307,121380,2025-01-30 15:30:00,4,train
1974307,121384,2025-01-30 15:30:00,4,train
1974306,121389,2025-01-30 18:00:00,4,train
1974306,121391,2025-01-30 18:00:00,4,train
1974308,121387,2025-01-30 18:00:00,4,train
1974308,121390,2025-01-30 18:00:00,4,train
1974308,121394,2025-01-30 18:00:00,4,train
1968551,121388,2025-01-30 18:10:00,4,train
1968551,121392,2025-01-30 18:10:00,4,train
1975231,121393,2025-01-30 20:30:00,4,train
1975231,121395,2025-01-30 20:30:00,4,train
1976200,121396,2025-01-30 21:10:00,4,train
1976200,121397,2025-01-30 21:10:00,4,train
1968548,121398,2025-01-31 15:00:00,4,train
1968548,121401,2025-01-31 15:00:00,4,train
1975230,121400,2025-01-31 15:30:00,4,train
1975230,121402,2025-01-31 15:30:00,4,train
1975230,121405,2025-01-31 15:30:00,4,train
1976201,121399,2025-01-31 15:30:00,4,train
1976201,121403,2025-01-31 15:30:00,4,train
1982394,121404,2025-01-31 18:00:00,4,train
1982394,121406,2025-01-31 18:00:00,4,train
1981582,121407,2025-01-31 18:45:00,4,train
1981582,121408,2025-01-31 18:45:00,4,train
1987643,121409,2025-01-31 20:30:00,4,train
1987643,121412,2025-01-31 20:30:00,4,train
1981583,121410,2025-01-31 20:45:00,4,train
1981583,121413,2025-01-31 20:45:00,4,train
1968553,121411,2025-01-31 21:00:00,4,train
1968553,121414,2025-01-31 21:00:00,4,train
1982347,121415,2025-02-01 12:00:00,4,train
1982347,121416,2025-02-01 12:00:00,4,train
1987322,121419,2025-02-01 15:00:00,4,train
1988988,121418,2025-02-01 15:30:00,4,train
1988988,121421,2025-02-01 15:30:00,4,train
1988989,121417,2025-02-01 15:30:00,4,train
1988989,121420,2025-02-01 15:30:00,4,train
1981264,121424,2025-02-01 18:00:00,4,train
1981264,121425,2025-02-01 18:00:00,4,train
1988987,121422,2025-02-01 18:00:00,4,train
1988987,121426,2025-02-01 18:00:00,4,train
1988987,121428,2025-02-01 18:00:00,4,train
1988990,121423,2025-02-01 18:00:00,4,train
1988990,121427,2025-02-01 18:00:00,4,train
1983731,121432,2025-02-01 19:50:00,4,train
1988984,121429,2025-02-01 20:40:00,4,train
1988692,121431,2025-02-01 21:00:00,4,train
1988692,121433,2025-02-01 21:00:00,4,train
1988985,121430,2025-02-01 21:00:00,4,train
1983729,121434,2025-02-02 13:00:00,4,train
1983729,121435,2025-02-02 13:00:00,4,train
1993680,121436,2025-02-02 14:00:00,4,train
1993680,121437,2025-02-02 14:00:00,4,train
1988983,121438,2025-02-02 15:30:00,4,train
1988983,121441,2025-02-02 15:30:00,4,train
1988983,121443,2025-02-02 15:30:00,4,train
1988986,121439,2025-02-02 15:30:00,4,train
1988986,121450,2025-02-02 15:30:00,4,train
1983728,121440,2025-02-02 16:00:00,4,train
1983728,121442,2025-02-02 16:00:00,4,train
1983728,121446,2025-02-02 16:00:00,4,train
1995364,121445,2025-02-02 17:30:00,4,train
1995364,121449,2025-02-02 17:30:00,4,train
1995364,121455,2025-02-02 17:30:00,4,train
1994813,121444,2025-02-02 18:00:00,4,train
1994813,121448,2025-02-02 18:00:00,4,train
1994813,121453,2025-02-02 18:00:00,4,train
1994815,121447,2025-02-02 18:45:00,4,train
1994815,121454,2025-02-02 18:45:00,4,train
1994815,121458,2025-02-02 18:45:00,4,train
1983727,121451,2025-02-02 19:00:00,4,train
1983727,121452,2025-02-02 19:00:00,4,train
1983727,121456,2025-02-02 19:00:00,4,train
1994814,121457,2025-02-02 21:10:00,4,train
1994814,121464,2025-02-02 21:10:00,4,train
1994814,121465,2025-02-02 21:10:00,4,train
2001943,121460,2025-02-02 21:15:00,4,train
2001943,121462,2025-02-02 21:15:00,4,train
1983726,121459,2025-02-02 22:00:00,4,train
1994812,121461,2025-02-02 22:30:00,4,train
1994812,121463,2025-02-02 22:30:00,4,train
2000919,121468,2025-02-03 15:30:00,4,train
2000919,121470,2025-02-03 15:30:00,4,train
2000920,121466,2025-02-03 15:30:00,4,train
2000920,121471,2025-02-03 15:30:00,4,train
2002549,121469,2025-02-03 16:00:00,4,train
2002549,121472,2025-02-03 16:00:00,4,train
2002549,121475,2025-02-03 16:00:00,4,train
2000377,121474,2025-02-03 18:00:00,4,train
2000377,121476,2025-02-03 18:00:00,4,train
2000377,121478,2025-02-03 18:00:00,4,train
2000378,121473,2025-02-03 18:00:00,4,train
2000378,121477,2025-02-03 18:00:00,4,train
2000378,121479,2025-02-03 18:00:00,4,train
2002556,121480,2025-02-03 21:40:00,4,train
2002556,121482,2025-02-03 21:40:00,4,train
2002556,121485,2025-02-03 21:40:00,4,train
2002557,121481,2025-02-03 21:45:00,4,train
2002557,121484,2025-02-03 21:45:00,4,train
2002557,121486,2025-02-03 21:45:00,4,train
2002547,121483,2025-02-03 22:20:00,4,train
2009093,121488,2025-02-04 15:30:00,4,train
2009093,121490,2025-02-04 15:30:00,4,train
2009094,121487,2025-02-04 15:30:00,4,train
2009094,121489,2025-02-04 15:30:00,4,train
2002545,121491,2025-02-04 16:00:00,4,train
2002555,121493,2025-02-04 18:00:00,4,train
2002555,121494,2025-02-04 18:00:00,4,train
2009960,121492,2025-02-04 18:00:00,4,train
2009960,121495,2025-02-04 18:00:00,4,train
2009095,121496,2025-02-04 20:30:00,4,train
2009095,121498,2025-02-04 20:30:00,4,train
2014571,121497,2025-02-04 20:45:00,4,train
2014571,121499,2025-02-04 20:45:00,4,train
2014571,121501,2025-02-04 20:45:00,4,train
2002543,121500,2025-02-04 22:00:00,4,train
2002543,121502,2025-02-04 22:00:00,4,train
2016394,121503,2025-02-05 13:00:00,4,train
2016394,121509,2025-02-05 13:00:00,4,train
2016396,121506,2025-02-05 13:00:00,4,train
2016396,121512,2025-02-05 13:00:00,4,train
2016396,121517,2025-02-05 13:00:00,4,train
2016397,121504,2025-02-05 13:00:00,4,train
2016397,121511,2025-02-05 13:00:00,4,train
2016397,121516,2025-02-05 13:00:00,4,train
2016399,121507,2025-02-05 13:00:00,4,train
2016399,121515,2025-02-05 13:00:00,4,train
2016399,121518,2025-02-05 13:00:00,4,train
2016400,121508,2025-02-05 13:00:00,4,train
2016400,121513,2025-02-05 13:00:00,4,train
2016401,121505,2025-02-05 13:00:00,4,train
2016401,121514,2025-02-05 13:00:00,4,train
2016469,121519,2025-02-05 19:30:00,4,train
2016469,121520,2025-02-05 19:30:00,4,train
2016468,121521,2025-02-05 22:00:00,4,train
2016468,121522,2025-02-05 22:00:00,4,train
2016468,121523,2025-02-05 22:00:00,4,train
2016467,121528,2025-02-06 13:00:00,4,train
2016467,121532,2025-02-06 13:00:00,4,train
2016467,121535,2025-02-06 13:00:00,4,train
2021835,121526,2025-02-06 13:00:00,4,train
2021835,121534,2025-02-06 13:00:00,4,train
2021835,121537,2025-02-06 13:00:00,4,train
2021836,121525,2025-02-06 13:00:00,4,train
2021836,121530,2025-02-06 13:00:00,4,train
2022138,121524,2025-02-06 13:00:00,4,train
2022138,121529,2025-02-06 13:00:00,4,train
2022138,121533,2025-02-06 13:00:00,4,train
2022139,121527,2025-02-06 13:00:00,4,train
2022139,121531,2025-02-06 13:00:00,4,train
2022139,121536,2025-02-06 13:00:00,4,train
2016464,121538,2025-02-06 22:45:00,4,train
2016464,121539,2025-02-06 22:45:00,4,train
2028055,121540,2025-02-07 13:00:00,4,train
2028055,121542,2025-02-07 13:00:00,4,train
2028055,121544,2025-02-07 13:00:00,4,train
2028056,121541,2025-02-07 14:00:00,4,train
2028056,121543,2025-02-07 14:00:00,4,train
2028056,121546,2025-02-07 14:00:00,4,train
2027505,121545,2025-02-07 16:00:00,4,train
2027505,121547,2025-02-07 16:00:00,4,train
2027505,121549,2025-02-07 16:00:00,4,train
2016186,121548,2025-02-07 17:45:00,4,train
2016186,121550,2025-02-07 17:45:00,4,train
2016476,121551,2025-02-07 21:20:00,4,train
2016476,121552,2025-02-07 21:20:00,4,train
2035615,121553,2025-02-08 17:45:00,4,train
2035615,121554,2025-02-08 17:45:00,4,train
2036148,121555,2025-02-08 21:00:00,4,train
2036148,121556,2025-02-08 21:00:00,4,train
2040793,121557,2025-02-09 13:00:00,4,train
2040793,121558,2025-02-09 13:00:00,4,train
2043074,121559,2025-02-09 14:30:00,4,train
2043074,121560,2025-02-09 14:30:00,4,train
2043074,121562,2025-02-09 14:30:00,4,train
2041948,121561,2025-02-09 16:00:00,4,train
2041948,121563,2025-02-09 16:00:00,4,train
2043073,121564,2025-02-09 17:30:00,4,train
2043073,121565,2025-02-09 17:30:00,4,train
2043075,121567,2025-02-09 19:00:00,4,train
2043075,121568,2025-02-09 19:00:00,4,train
2043075,121570,2025-02-09 19:00:00,4,train
2048055,121566,2025-02-09 19:30:00,4,train
2048055,121571,2025-02-09 19:30:00,4,train
2048055,121572,2025-02-09 19:30:00,4,train
2043072,121569,2025-02-09 20:30:00,4,train
2043072,121573,2025-02-09 20:30:00,4,train
2019251,121574,2025-02-10 11:00:00,4,train
2019251,121575,2025-02-10 11:00:00,4,train
2019251,121578,2025-02-10 11:00:00,4,train
2047718,121579,2025-02-10 13:00:00,4,train
2047718,121582,2025-02-10 13:00:00,4,train
2047720,121576,2025-02-10 13:00:00,4,train
2047720,121581,2025-02-10 13:00:00,4,train
2047720,121586,2025-02-10 13:00:00,4,train
2047721,121577,2025-02-10 13:00:00,4,train
2047721,121580,2025-02-10 13:00:00,4,train
2047721,121584,2025-02-10 13:00:00,4,train
2019250,121583,2025-02-10 14:25:00,4,train
2019250,121585,2025-02-10 14:25:00,4,train
2047714,121587,2025-02-10 16:00:00,4,train
2047714,121595,2025-02-10 16:00:00,4,train
2047714,121596,2025-02-10 16:00:00,4,train
2047715,121589,2025-02-10 16:15:00,4,train
2047715,121593,2025-02-10 16:15:00,4,train
2047716,121588,2025-02-10 16:15:00,4,train
2047716,121591,2025-02-10 16:15:00,4,train
2047716,121598,2025-02-10 16:15:00,4,train
2047717,121592,2025-02-10 16:30:00,4,train
2047717,121597,2025-02-10 16:30:00,4,train
2047717,121602,2025-02-10 16:30:00,4,train
2019249,121590,2025-02-10 17:00:00,4,train
2019249,121594,2025-02-10 17:00:00,4,train
2030196,121600,2025-02-10 19:00:00,4,train
2030196,121603,2025-02-10 19:00:00,4,train
2054628,121601,2025-02-10 19:00:00,4,train
2054630,121599,2025-02-10 19:00:00,4,train
2019248,121605,2025-02-10 20:00:00,4,train
2054627,121604,2025-02-10 20:15:00,4,train
2054627,121606,2025-02-10 20:15:00,4,train
2055568,121607,2025-02-10 22:00:00,4,train
2055568,121610,2025-02-10 22:00:00,4,train
2055884,121609,2025-02-10 22:00:00,4,train
2055567,121608,2025-02-10 23:00:00,4,train
2054663,121611,2025-02-11 11:00:00,4,train
2054663,121615,2025-02-11 11:00:00,4,train
2030195,121612,2025-02-11 12:00:00,4,train
2030195,121613,2025-02-11 12:00:00,4,train
2030195,121616,2025-02-11 12:00:00,4,train
2057406,121614,2025-02-11 13:00:00,4,train
2057406,121617,2025-02-11 13:00:00,4,train
2057406,121619,2025-02-11 13:00:00,4,train
2057709,121618,2025-02-11 13:00:00,4,train
2057709,121620,2025-02-11 13:00:00,4,train
2057105,121622,2025-02-11 16:15:00,4,train
2057105,121626,2025-02-11 16:15:00,4,train
2057405,121621,2025-02-11 16:15:00,4,train
2057405,121623,2025-02-11 16:15:00,4,train
2057405,121628,2025-02-11 16:15:00,4,train
2054662,121624,2025-02-11 17:30:00,4,train
2054662,121627,2025-02-11 17:30:00,4,train
2054662,121630,2025-02-11 17:30:00,4,train
2049409,121625,2025-02-11 18:00:00,4,train
2049409,121629,2025-02-11 18:00:00,4,train
2062210,121631,2025-02-11 19:10:00,4,train
2056539,121632,2025-02-11 20:40:00,4,train
2056539,121634,2025-02-11 20:40:00,4,train
2056539,121635,2025-02-11 20:40:00,4,train
2063103,121633,2025-02-11 22:00:00,4,train
2063103,121636,2025-02-11 22:00:00,4,train
2063103,121637,2025-02-11 22:00:00,4,train
2063417,121638,2025-02-12 11:00:00,4,train
2063417,121639,2025-02-12 11:00:00,4,train
2054976,121642,2025-02-12 13:00:00,4,train
2054976,121643,2025-02-12 13:00:00,4,train
2064260,121641,2025-02-12 14:00:00,4,train
2064260,121646,2025-02-12 14:00:00,4,train
2030192,121640,2025-02-12 15:00:00,4,train
2030192,121644,2025-02-12 15:00:00,4,train
2030194,121645,2025-02-12 18:00:00,4,train
2030194,121647,2025-02-12 18:00:00,4,train
2030194,121648,2025-02-12 18:00:00,4,train
2070554,121649,2025-02-12 20:20:00,4,train
2070554,121651,2025-02-12 20:20:00,4,train
2065071,121650,2025-02-12 21:00:00,4,train
2065071,121652,2025-02-12 21:00:00,4,train
2054973,121653,2025-02-12 22:00:00,4,train
2054973,121654,2025-02-12 22:00:00,4,train
2054972,121655,2025-02-13 13:00:00,4,train
2054972,121656,2025-02-13 13:00:00,4,train
2071497,121657,2025-02-13 15:00:00,4,train
2071497,121658,2025-02-13 15:00:00,4,train
2071497,121660,2025-02-13 15:00:00,4,train
2054971,121659,2025-02-13 16:00:00,4,train
2054971,121661,2025-02-13 16:00:00,4,train
2054971,121663,2025-02-13 16:00:00,4,train
2065068,121662,2025-02-13 18:00:00,4,train
2065068,121664,2025-02-13 18:00:00,4,train
2054970,121665,2025-02-13 19:00:00,4,train
2054969,121666,2025-02-13 22:00:00,4,train
2054969,121667,2025-02-13 22:00:00,4,train
2053957,121668,2025-02-14 11:00:00,4,train
2053957,121670,2025-02-14 11:00:00,4,train
2053956,121669,2025-02-14 11:45:00,4,train
2053956,121672,2025-02-14 11:45:00,4,train
2053956,121673,2025-02-14 11:45:00,4,train
2053955,121671,2025-02-14 13:20:00,4,train
2053955,121674,2025-02-14 13:20:00,4,train
2053954,121676,2025-02-14 15:10:00,4,train
2053954,121678,2025-02-14 15:10:00,4,train
2053953,121675,2025-02-14 15:15:00,4,train
2053953,121677,2025-02-14 15:15:00,4,train
2053951,121679,2025-02-14 17:15:00,4,train
2053951,121682,2025-02-14 17:15:00,4,train
2053951,121685,2025-02-14 17:15:00,4,train
2053952,121680,2025-02-14 17:20:00,4,train
2053952,121683,2025-02-14 17:20:00,4,train
2079240,121681,2025-02-14 18:00:00,4,train
2079240,121686,2025-02-14 18:00:00,4,train
2054268,121688,2025-02-14 19:50:00,4,train
2078425,121691,2025-02-14 22:00:00,4,train
2078425,121692,2025-02-14 22:00:00,4,train
2084959,121694,2025-02-15 11:00:00,4,train
2084959,121697,2025-02-15 11:00:00,4,train
2084960,121693,2025-02-15 11:00:00,4,train
2084960,121695,2025-02-15 11:00:00,4,train
2084960,121698,2025-02-15 11:00:00,4,train
2079238,121696,2025-02-15 12:00:00,4,train
2079238,121699,2025-02-15 12:00:00,4,train
2079238,121700,2025-02-15 12:00:00,4,train
2084957,121702,2025-02-15 13:45:00,4,train
2084980,121701,2025-02-15 14:30:00,4,train
2084980,121703,2025-02-15 14:30:00,4,train
2084980,121706,2025-02-15 14:30:00,4,train
2084955,121704,2025-02-15 16:05:00,4,train
2084955,121708,2025-02-15 16:05:00,4,train
2084955,121710,2025-02-15 16:05:00,4,train
2084956,121705,2025-02-15 16:15:00,4,train
2084956,121707,2025-02-15 16:15:00,4,train
2085504,121709,2025-02-15 17:30:00,4,train
2085504,121712,2025-02-15 17:30:00,4,train
2084954,121711,2025-02-15 18:00:00,4,train
2084954,121714,2025-02-15 18:00:00,4,train
2084953,121713,2025-02-15 19:15:00,4,train
2084953,121715,2025-02-15 19:15:00,4,train
2084953,121717,2025-02-15 19:15:00,4,train
2079235,121716,2025-02-15 21:00:00,4,train
2079235,121718,2025-02-15 21:00:00,4,train
2091952,121720,2025-02-16 11:00:00,4,train
2091952,121722,2025-02-16 11:00:00,4,train
2091953,121719,2025-02-16 11:00:00,4,train
2091953,121721,2025-02-16 11:00:00,4,train
2091946,121724,2025-02-16 13:10:00,4,train
2091946,121725,2025-02-16 13:10:00,4,train
2091951,121723,2025-02-16 13:15:00,4,train
2091951,121726,2025-02-16 13:15:00,4,train
2091951,121729,2025-02-16 13:15:00,4,train
2092228,121727,2025-02-16 14:00:00,4,train
2092228,121730,2025-02-16 14:00:00,4,train
2092228,121732,2025-02-16 14:00:00,4,train
2091947,121728,2025-02-16 15:30:00,4,train
2091947,121731,2025-02-16 15:30:00,4,train
2091950,121733,2025-02-16 16:25:00,4,train
2091948,121734,2025-02-16 17:10:00,4,train
2091948,121735,2025-02-16 17:10:00,4,train
2091948,121737,2025-02-16 17:10:00,4,train
2091949,121736,2025-02-16 18:40:00,4,train
2091949,121739,2025-02-16 18:40:00,4,train
2091949,121740,2025-02-16 18:40:00,4,train
2092226,121738,2025-02-16 20:15:00,4,train
2098540,121741,2025-02-17 12:00:00,4,train
2098540,121743,2025-02-17 12:00:00,4,train
2092225,121745,2025-02-17 14:00:00,4,train
2092225,121748,2025-02-17 14:00:00,4,train
2092225,121751,2025-02-17 14:00:00,4,train
2099069,121742,2025-02-17 14:00:00,4,train
2099069,121746,2025-02-17 14:00:00,4,train
2099069,121749,2025-02-17 14:00:00,4,train
2099070,121744,2025-02-17 14:00:00,4,train
2099070,121747,2025-02-17 14:00:00,4,train
2099070,121750,2025-02-17 14:00:00,4,train
2099068,121754,2025-02-17 17:00:00,4,train
2099068,121757,2025-02-17 17:00:00,4,train
2099068,121759,2025-02-17 17:00:00,4,train
2099067,121753,2025-02-17 17:15:00,4,train
2099067,121756,2025-02-17 17:15:00,4,train
2099067,121758,2025-02-17 17:15:00,4,train
2092224,121752,2025-02-17 17:35:00,4,train
2092224,121755,2025-02-17 17:35:00,4,train
2099066,121761,2025-02-17 20:35:00,4,train
2099065,121760,2025-02-17 21:30:00,4,train
2099065,121762,2025-02-17 21:30:00,4,train
2109456,121763,2025-02-18 11:00:00,4,train
2109456,121764,2025-02-18 11:00:00,4,train
2109454,121765,2025-02-18 13:15:00,4,train
2109454,121766,2025-02-18 13:15:00,4,train
2109455,121767,2025-02-18 15:55:00,4,train
2109455,121768,2025-02-18 15:55:00,4,train
1884967,121851,2025-02-18 20:00:00,4,train
1884967,121852,2025-02-18 20:00:00,4,train
1884967,121853,2025-02-18 20:00:00,4,train
1884979,121769,2025-02-18 22:00:00,4,train
1884979,121772,2025-02-18 22:00:00,4,train
1884980,121770,2025-02-18 22:00:00,4,train
1884980,121774,2025-02-18 22:00:00,4,train
1884994,121771,2025-02-18 22:00:00,4,train
1884994,121775,2025-02-18 22:00:00,4,train
1884995,121773,2025-02-18 22:00:00,4,train
1884995,121776,2025-02-18 22:00:00,4,train
1884995,121777,2025-02-18 22:00:00,4,train
2098536,121778,2025-02-19 12:00:00,4,train
2098536,121779,2025-02-19 12:00:00,4,train
2098535,121780,2025-02-19 15:00:00,4,train
2098535,121781,2025-02-19 15:00:00,4,train
1884948,121782,2025-02-19 22:00:00,4,train
1884948,121783,2025-02-19 22:00:00,4,train
1884964,121784,2025-02-19 22:00:00,4,train
1884964,121785,2025-02-19 22:00:00,4,train
2098534,121786,2025-02-20 12:00:00,4,train
2098534,121787,2025-02-20 12:00:00,4,train
2098533,121788,2025-02-20 15:00:00,4,train
2098533,121789,2025-02-20 15:00:00,4,train
2064515,121790,2025-02-20 16:00:00,4,train
2064515,121791,2025-02-20 16:00:00,4,train
2118909,121792,2025-02-20 18:00:00,4,train
2118909,121793,2025-02-20 18:00:00,4,train
2118909,121794,2025-02-20 18:00:00,4,train
2117427,121795,2025-02-21 11:00:00,4,train
2117427,121796,2025-02-21 11:00:00,4,train
2118907,121797,2025-02-21 12:00:00,4,train
2118907,121798,2025-02-21 12:00:00,4,train
2117426,121799,2025-02-21 14:00:00,4,train
2117426,121800,2025-02-21 14:00:00,4,train
2117425,121801,2025-02-21 16:55:00,4,train
2117425,121802,2025-02-21 16:55:00,4,train
2117425,121803,2025-02-21 16:55:00,4,train
2117424,121804,2025-02-21 20:40:00,4,train
2117424,121805,2025-02-21 20:40:00,4,train
2118904,121806,2025-02-21 21:35:00,4,train
2118904,121807,2025-02-21 21:35:00,4,train
2118904,121808,2025-02-21 21:35:00,4,train
2141260,121809,2025-02-22 18:00:00,4,train
2141260,121811,2025-02-22 18:00:00,4,train
2141260,121814,2025-02-22 18:00:00,4,train
2141264,121810,2025-02-22 18:00:00,4,train
2141264,121812,2025-02-22 18:00:00,4,train
2141264,121813,2025-02-22 18:00:00,4,train
2143059,121815,2025-02-22 22:00:00,4,train
2143059,121816,2025-02-22 22:00:00,4,train
2149515,121817,2025-02-23 14:00:00,4,train
2149515,121818,2025-02-23 14:00:00,4,train
2150393,121819,2025-02-23 16:00:00,4,train
2150393,121820,2025-02-23 16:00:00,4,train
2150394,121821,2025-02-23 20:50:00,4,train
2150394,121822,2025-02-23 20:50:00,4,train
2150394,121823,2025-02-23 20:50:00,4,train
2150394,121824,2025-02-23 20:50:00,4,train
2157745,121825,2025-02-24 17:00:00,4,train
2157745,121826,2025-02-24 17:00:00,4,train
1884996,121827,2025-02-24 18:00:00,4,train
1884963,121828,2025-02-24 20:00:00,4,train
1884963,121829,2025-02-24 20:00:00,4,train
2157744,121830,2025-02-25 12:00:00,4,train
2157744,121831,2025-02-25 12:00:00,4,train
2157743,121832,2025-02-25 15:00:00,4,train
2157743,121833,2025-02-25 15:00:00,4,train
2157743,121835,2025-02-25 15:00:00,4,train
1884992,121834,2025-02-25 16:00:00,4,train
1884992,121836,2025-02-25 16:00:00,4,train
1884992,121837,2025-02-25 16:00:00,4,train
1884975,121838,2025-02-25 22:00:00,4,train
1884975,121839,2025-02-25 22:00:00,4,train
1884945,121841,2025-02-26 22:00:00,4,train
1884945,121846,2025-02-26 22:00:00,4,train
1884946,121842,2025-02-26 22:00:00,4,train
1884946,121849,2025-02-26 22:00:00,4,train
1884946,121855,2025-02-26 22:00:00,4,train
1884960,121840,2025-02-26 22:00:00,4,train
1884960,121845,2025-02-26 22:00:00,4,train
1884961,121843,2025-02-26 22:00:00,4,train
1884961,121847,2025-02-26 22:00:00,4,train
1884961,121850,2025-02-26 22:00:00,4,train
1884962,121844,2025-02-26 22:00:00,4,train
1884962,121848,2025-02-26 22:00:00,4,train
1884962,121854,2025-02-26 22:00:00,4,train
2157740,121856,2025-02-27 12:00:00,4,train
2157740,121857,2025-02-27 12:00:00,4,train
2167204,121858,2025-02-27 13:00:00,4,train
2167204,121859,2025-02-27 13:00:00,4,train
2157739,121860,2025-02-27 15:00:00,4,train
2157739,121862,2025-02-27 15:00:00,4,train
2157739,121864,2025-02-27 15:00:00,4,train
2167203,121861,2025-02-27 16:00:00,4,train
2167203,121863,2025-02-27 16:00:00,4,train
2167201,121865,2025-02-27 22:00:00,4,train
2167201,121866,2025-02-27 22:00:00,4,train
2167201,121867,2025-02-27 22:00:00,4,train
2189606,121868,2025-02-28 13:00:00,4,train
2189606,121869,2025-02-28 13:00:00,4,train
2189606,121870,2025-02-28 13:00:00,4,train
2189605,121871,2025-02-28 17:00:00,4,train
2189605,121872,2025-02-28 17:00:00,4,train
2189604,121873,2025-02-28 19:00:00,4,train
2189604,121874,2025-02-28 19:00:00,4,train
2179845,121876,2025-03-01 12:30:00,4,train
2179845,121877,2025-03-01 12:30:00,4,train
2179846,121875,2025-03-01 12:30:00,4,train
2179846,121878,2025-03-01 12:30:00,4,train
2179843,121880,2025-03-01 15:00:00,4,train
2179843,121882,2025-03-01 15:00:00,4,train
2179844,121879,2025-03-01 15:00:00,4,train
2179844,121881,2025-03-01 15:00:00,4,train
2179844,121883,2025-03-01 15:00:00,4,train
2179841,121884,2025-03-01 17:30:00,4,train
2179841,121885,2025-03-01 17:30:00,4,train
2179842,121886,2025-03-01 18:10:00,4,train
2179840,121887,2025-03-01 20:15:00,4,train
2179840,121888,2025-03-01 20:15:00,4,train
2179839,121889,2025-03-01 20:45:00,4,train
2189599,121890,2025-03-01 22:00:00,4,train
2189599,121891,2025-03-01 22:00:00,4,train
2201528,121893,2025-03-02 12:30:00,4,train
2201528,121895,2025-03-02 12:30:00,4,train
2201529,121892,2025-03-02 12:30:00,4,train
2201529,121896,2025-03-02 12:30:00,4,train
2201548,121894,2025-03-02 13:00:00,4,train
2201548,121897,2025-03-02 13:00:00,4,train
2201526,121899,2025-03-02 15:00:00,4,train
2201527,121898,2025-03-02 15:00:00,4,train
2201524,121901,2025-03-02 17:30:00,4,train
2201525,121900,2025-03-02 17:30:00,4,train
2201546,121902,2025-03-02 19:00:00,4,train
2201546,121905,2025-03-02 19:00:00,4,train
2201523,121904,2025-03-02 20:00:00,4,train
2201522,121903,2025-03-02 20:55:00,4,train
2201545,121906,2025-03-02 22:25:00,4,train
2201545,121907,2025-03-02 22:25:00,4,train
2201537,121911,2025-03-03 12:00:00,4,train
2201537,121912,2025-03-03 12:00:00,4,train
2207720,121908,2025-03-03 12:00:00,4,train
2207720,121913,2025-03-03 12:00:00,4,train
2208084,121910,2025-03-03 12:30:00,4,train
2208084,121915,2025-03-03 12:30:00,4,train
2208085,121909,2025-03-03 12:30:00,4,train
2208085,121914,2025-03-03 12:30:00,4,train
2201536,121918,2025-03-03 15:00:00,4,train
2201536,121922,2025-03-03 15:00:00,4,train
2208083,121916,2025-03-03 15:00:00,4,train
2208083,121919,2025-03-03 15:00:00,4,train
2208082,121917,2025-03-03 15:10:00,4,train
2208082,121920,2025-03-03 15:10:00,4,train
2208082,121925,2025-03-03 15:10:00,4,train
2201543,121921,2025-03-03 16:00:00,4,train
2201543,121924,2025-03-03 16:00:00,4,train
2208081,121923,2025-03-03 17:30:00,4,train
2208081,121926,2025-03-03 17:30:00,4,train
2208081,121932,2025-03-03 17:30:00,4,train
2201535,121928,2025-03-03 18:00:00,4,train
2201535,121931,2025-03-03 18:00:00,4,train
2208080,121927,2025-03-03 18:20:00,4,train
2208080,121930,2025-03-03 18:20:00,4,train
2201542,121929,2025-03-03 19:00:00,4,train
2201542,121933,2025-03-03 19:00:00,4,train
2208078,121934,2025-03-03 20:30:00,4,train
2208079,121935,2025-03-03 20:35:00,4,train
2208079,121936,2025-03-03 20:35:00,4,train
2208079,121939,2025-03-03 20:35:00,4,train
2201541,121937,2025-03-03 22:00:00,4,train
2201541,121938,2025-03-03 22:00:00,4,train
2201541,121940,2025-03-03 22:00:00,4,train
2207718,121941,2025-03-04 12:00:00,4,train
2207718,121942,2025-03-04 12:00:00,4,train
2207718,121943,2025-03-04 12:00:00,4,train
2201532,121945,2025-03-04 15:00:00,4,train
2201532,121948,2025-03-04 15:00:00,4,train
2207717,121944,2025-03-04 15:00:00,4,train
2207717,121949,2025-03-04 15:00:00,4,train
2215052,121947,2025-03-04 15:30:00,4,train
2215052,121951,2025-03-04 15:30:00,4,train
2215052,121954,2025-03-04 15:30:00,4,train
2215053,121946,2025-03-04 15:30:00,4,train
2215053,121950,2025-03-04 15:30:00,4,train
2215063,121952,2025-03-04 17:30:00,4,train
2201531,121957,2025-03-04 18:00:00,4,train
2215051,121953,2025-03-04 18:00:00,4,train
2215051,121955,2025-03-04 18:00:00,4,train
2215050,121956,2025-03-04 18:55:00,4,train
2215050,121958,2025-03-04 18:55:00,4,train
2215050,121961,2025-03-04 18:55:00,4,train
2215049,121959,2025-03-04 20:30:00,4,train
2215049,121960,2025-03-04 20:30:00,4,train
2201530,121962,2025-03-04 21:00:00,4,train
2215048,121963,2025-03-04 22:25:00,4,train
2215048,121964,2025-03-04 22:25:00,4,train
2215048,121965,2025-03-04 22:25:00,4,train
2222693,121966,2025-03-05 15:30:00,4,train
2222693,121967,2025-03-05 15:30:00,4,train
2222693,121969,2025-03-05 15:30:00,4,train
2215060,121968,2025-03-05 17:30:00,4,train
2215060,121971,2025-03-05 17:30:00,4,train
2222692,121970,2025-03-05 19:30:00,4,train
2222692,121972,2025-03-05 19:30:00,4,train
2222692,121975,2025-03-05 19:30:00,4,train
2215059,121973,2025-03-05 21:00:00,4,train
2215059,121974,2025-03-05 21:00:00,4,train
2222691,121976,2025-03-05 22:45:00,4,train
2222691,121977,2025-03-05 22:45:00,4,train
2222691,121978,2025-03-05 22:45:00,4,train
2229956,121979,2025-03-06 14:30:00,4,train
2229956,121980,2025-03-06 14:30:00,4,train
2222353,121981,2025-03-06 15:00:00,4,train
2222353,121984,2025-03-06 15:00:00,4,train
2229219,121982,2025-03-06 15:00:00,4,train
2229219,121983,2025-03-06 15:00:00,4,train
2229955,121985,2025-03-06 17:30:00,4,train
2229955,121987,2025-03-06 17:30:00,4,train
2222352,121986,2025-03-06 18:00:00,4,train
2222352,121988,2025-03-06 18:00:00,4,train
2222352,121989,2025-03-06 18:00:00,4,train
2222351,121990,2025-03-06 22:15:00,4,train
2222351,121991,2025-03-06 22:15:00,4,train
2221521,121994,2025-03-07 12:00:00,4,train
2221521,121999,2025-03-07 12:00:00,4,train
2221521,122004,2025-03-07 12:00:00,4,train
2221529,121993,2025-03-07 12:00:00,4,train
2221529,121998,2025-03-07 12:00:00,4,train
2221530,121992,2025-03-07 12:00:00,4,train
2221530,121996,2025-03-07 12:00:00,4,train
2221530,122001,2025-03-07 12:00:00,4,train
2235728,121995,2025-03-07 12:30:00,4,train
2235728,122000,2025-03-07 12:30:00,4,train
2235728,122003,2025-03-07 12:30:00,4,train
2235729,121997,2025-03-07 12:30:00,4,train
2235729,122002,2025-03-07 12:30:00,4,train
2221520,122009,2025-03-07 15:00:00,4,train
2221520,122011,2025-03-07 15:00:00,4,train
2221524,122006,2025-03-07 15:00:00,4,train
2221524,122010,2025-03-07 15:00:00,4,train
2221532,122005,2025-03-07 15:00:00,4,train
2221532,122015,2025-03-07 15:00:00,4,train
2221532,122022,2025-03-07 15:00:00,4,train
2235724,122008,2025-03-07 15:00:00,4,train
2235724,122012,2025-03-07 15:00:00,4,train
2235723,122007,2025-03-07 15:30:00,4,train
2235723,122013,2025-03-07 15:30:00,4,train
2221523,122014,2025-03-07 17:00:00,4,train
2221523,122019,2025-03-07 17:00:00,4,train
2221519,122017,2025-03-07 17:15:00,4,train
2221519,122018,2025-03-07 17:15:00,4,train
2235726,122016,2025-03-07 17:30:00,4,train
2235726,122024,2025-03-07 17:30:00,4,train
2235726,122026,2025-03-07 17:30:00,4,train
2181472,122021,2025-03-07 17:40:00,4,train
2235727,122020,2025-03-07 17:45:00,4,train
2235727,122027,2025-03-07 17:45:00,4,train
2235727,122030,2025-03-07 17:45:00,4,train
2221528,122023,2025-03-07 18:10:00,4,train
2238307,122025,2025-03-07 18:15:00,4,train
2238307,122028,2025-03-07 18:15:00,4,train
2235725,122029,2025-03-07 20:15:00,4,train
2235725,122032,2025-03-07 20:15:00,4,train
2221518,122031,2025-03-07 21:00:00,4,train
2221518,122035,2025-03-07 21:00:00,4,train
2235722,122033,2025-03-07 21:30:00,4,train
2235722,122034,2025-03-07 21:30:00,4,train
2235722,122036,2025-03-07 21:30:00,4,train
2238305,122037,2025-03-08 12:00:00,4,train
2238305,122048,2025-03-08 12:00:00,4,train
2238305,122049,2025-03-08 12:00:00,4,train
2243340,122040,2025-03-08 12:00:00,4,train
2243340,122047,2025-03-08 12:00:00,4,train
2243342,122041,2025-03-08 12:00:00,4,train
2243342,122046,2025-03-08 12:00:00,4,train
2243342,122050,2025-03-08 12:00:00,4,train
2244373,122039,2025-03-08 12:00:00,4,train
2244373,122045,2025-03-08 12:00:00,4,train
2246383,122042,2025-03-08 12:30:00,4,train
2246383,122044,2025-03-08 12:30:00,4,train
2246383,122051,2025-03-08 12:30:00,4,train
2246384,122038,2025-03-08 12:30:00,4,train
2246384,122043,2025-03-08 12:30:00,4,train
2238304,122054,2025-03-08 15:00:00,4,train
2238304,122058,2025-03-08 15:00:00,4,train
2244369,122052,2025-03-08 15:00:00,4,train
2244374,122055,2025-03-08 15:00:00,4,train
2245717,122056,2025-03-08 15:00:00,4,train
2245717,122057,2025-03-08 15:00:00,4,train
2246048,122060,2025-03-08 15:00:00,4,train
2246048,122061,2025-03-08 15:00:00,4,train
2246381,122053,2025-03-08 15:00:00,4,train
2246381,122059,2025-03-08 15:00:00,4,train
2246381,122066,2025-03-08 15:00:00,4,train
2246382,122062,2025-03-08 15:30:00,4,train
2246382,122063,2025-03-08 15:30:00,4,train
2246382,122067,2025-03-08 15:30:00,4,train
2246047,122064,2025-03-08 15:35:00,4,train
2246047,122065,2025-03-08 15:35:00,4,train
2238303,122069,2025-03-08 18:00:00,4,train
2238303,122072,2025-03-08 18:00:00,4,train
2243341,122071,2025-03-08 18:00:00,4,train
2244034,122068,2025-03-08 18:00:00,4,train
2239179,122076,2025-03-08 19:00:00,4,train
2239179,122079,2025-03-08 19:00:00,4,train
2239179,122080,2025-03-08 19:00:00,4,train
2246380,122070,2025-03-08 19:00:00,4,train
2246380,122073,2025-03-08 19:00:00,4,train
2246888,122075,2025-03-08 20:20:00,4,train
2246888,122081,2025-03-08 20:20:00,4,train
2246378,122077,2025-03-08 20:45:00,4,train
2246378,122084,2025-03-08 20:45:00,4,train
2238302,122087,2025-03-08 21:00:00,4,train
2244371,122074,2025-03-08 21:00:00,4,train
2244371,122082,2025-03-08 21:00:00,4,train
2244371,122086,2025-03-08 21:00:00,4,train
2244377,122078,2025-03-08 21:00:00,4,train
2244377,122083,2025-03-08 21:00:00,4,train
2239178,122085,2025-03-08 22:00:00,4,train
2251651,122088,2025-03-09 12:00:00,4,train
2251651,122091,2025-03-09 12:00:00,4,train
2251651,122093,2025-03-09 12:00:00,4,train
2252586,122089,2025-03-09 12:00:00,4,train
2253488,122095,2025-03-09 12:30:00,4,train
2253489,122090,2025-03-09 12:30:00,4,train
2253489,122092,2025-03-09 12:30:00,4,train
2253489,122094,2025-03-09 12:30:00,4,train
2251969,122097,2025-03-09 14:20:00,4,train
2253487,122096,2025-03-09 15:30:00,4,train
2253487,122100,2025-03-09 15:30:00,4,train
2239176,122101,2025-03-09 16:00:00,4,train
2239176,122105,2025-03-09 16:00:00,4,train
2253486,122098,2025-03-09 16:00:00,4,train
2253486,122102,2025-03-09 16:00:00,4,train
2253497,122099,2025-03-09 16:30:00,4,train
2253484,122103,2025-03-09 17:30:00,4,train
2253484,122104,2025-03-09 17:30:00,4,train
2252587,122107,2025-03-09 18:00:00,4,train
2252587,122116,2025-03-09 18:00:00,4,train
2253492,122110,2025-03-09 18:00:00,4,train
2253492,122114,2025-03-09 18:00:00,4,train
2253492,122125,2025-03-09 18:00:00,4,train
2253495,122106,2025-03-09 18:00:00,4,train
2253495,122111,2025-03-09 18:00:00,4,train
2253495,122119,2025-03-09 18:00:00,4,train
2253485,122108,2025-03-09 18:15:00,4,train
2258542,122109,2025-03-09 19:20:00,4,train
2258542,122115,2025-03-09 19:20:00,4,train
2239175,122121,2025-03-09 19:55:00,4,train
2253482,122113,2025-03-09 20:00:00,4,train
2253482,122120,2025-03-09 20:00:00,4,train
2253482,122124,2025-03-09 20:00:00,4,train
2259411,122112,2025-03-09 20:10:00,4,train
2259411,122118,2025-03-09 20:10:00,4,train
2253803,122117,2025-03-09 21:00:00,4,train
2253803,122123,2025-03-09 21:00:00,4,train
2258833,122122,2025-03-09 21:00:00,4,train
2239174,122126,2025-03-09 23:05:00,4,train
2239174,122127,2025-03-09 23:05:00,4,train
2261063,122128,2025-03-10 13:00:00,4,train
2261063,122129,2025-03-10 13:00:00,4,train
2261063,122130,2025-03-10 13:00:00,4,train
2259984,122133,2025-03-10 15:00:00,4,train
2259984,122136,2025-03-10 15:00:00,4,train
2260559,122132,2025-03-10 15:30:00,4,train
2260559,122137,2025-03-10 15:30:00,4,train
2260559,122139,2025-03-10 15:30:00,4,train
2260560,122131,2025-03-10 15:30:00,4,train
2260560,122135,2025-03-10 15:30:00,4,train
2260847,122134,2025-03-10 16:00:00,4,train
2260561,122138,2025-03-10 17:00:00,4,train
2260561,122144,2025-03-10 17:00:00,4,train
2260561,122153,2025-03-10 17:00:00,4,train
2242133,122142,2025-03-10 18:00:00,4,train
2242133,122148,2025-03-10 18:00:00,4,train
2242133,122152,2025-03-10 18:00:00,4,train
2253801,122141,2025-03-10 18:00:00,4,train
2253801,122147,2025-03-10 18:00:00,4,train
2253801,122155,2025-03-10 18:00:00,4,train
2260558,122140,2025-03-10 18:00:00,4,train
2260558,122145,2025-03-10 18:00:00,4,train
2266530,122143,2025-03-10 18:00:00,4,train
2266530,122149,2025-03-10 18:00:00,4,train
2266530,122154,2025-03-10 18:00:00,4,train
2266529,122151,2025-03-10 18:20:00,4,train
2260557,122146,2025-03-10 18:45:00,4,train
2260557,122156,2025-03-10 18:45:00,4,train
2253721,122157,2025-03-10 19:00:00,4,train
2253721,122161,2025-03-10 19:00:00,4,train
2266945,122150,2025-03-10 19:30:00,4,train
2266945,122159,2025-03-10 19:30:00,4,train
2260556,122160,2025-03-10 20:30:00,4,train
2260556,122165,2025-03-10 20:30:00,4,train
2260555,122163,2025-03-10 21:00:00,4,train
2260555,122169,2025-03-10 21:00:00,4,train
2242132,122162,2025-03-10 21:05:00,4,train
2242132,122166,2025-03-10 21:05:00,4,train
2253800,122158,2025-03-10 21:15:00,4,train
2253800,122164,2025-03-10 21:15:00,4,train
2253800,122167,2025-03-10 21:15:00,4,train
2267768,122168,2025-03-10 22:30:00,4,train
2267768,122170,2025-03-10 22:30:00,4,train
2266830,122171,2025-03-11 12:00:00,4,train
2266830,122172,2025-03-11 12:00:00,4,train
2268866,122176,2025-03-11 15:00:00,4,train
2268866,122180,2025-03-11 15:00:00,4,train
2269767,122173,2025-03-11 15:00:00,4,train
2269767,122177,2025-03-11 15:00:00,4,train
2269767,122181,2025-03-11 15:00:00,4,train
2269770,122175,2025-03-11 15:00:00,4,train
2269770,122179,2025-03-11 15:00:00,4,train
2269770,122182,2025-03-11 15:00:00,4,train
2269370,122174,2025-03-11 15:30:00,4,train
2269370,122178,2025-03-11 15:30:00,4,train
2269370,122183,2025-03-11 15:30:00,4,train
2269302,122185,2025-03-11 18:00:00,4,train
2269302,122189,2025-03-11 18:00:00,4,train
2269302,122192,2025-03-11 18:00:00,4,train
2269766,122187,2025-03-11 18:00:00,4,train
2269766,122190,2025-03-11 18:00:00,4,train
2269769,122184,2025-03-11 18:00:00,4,train
2269769,122188,2025-03-11 18:00:00,4,train
2269769,122193,2025-03-11 18:00:00,4,train
2269369,122186,2025-03-11 18:20:00,4,train
2269369,122191,2025-03-11 18:20:00,4,train
2269369,122195,2025-03-11 18:20:00,4,train
2269768,122194,2025-03-11 21:00:00,4,train
2269768,122197,2025-03-11 21:00:00,4,train
2269368,122196,2025-03-11 21:45:00,4,train
2278687,122198,2025-03-12 12:00:00,4,train
2278687,122199,2025-03-12 12:00:00,4,train
2274381,122200,2025-03-12 15:00:00,4,train
2274381,122201,2025-03-12 15:00:00,4,train
2274381,122202,2025-03-12 15:00:00,4,train
2278780,122205,2025-03-13 17:45:00,4,train
2278780,122206,2025-03-13 17:45:00,4,train
2282596,122203,2025-03-13 18:00:00,4,train
2282596,122204,2025-03-13 18:00:00,4,train
2278781,122207,2025-03-13 22:15:00,4,train
2278781,122208,2025-03-13 22:15:00,4,train
2278781,122209,2025-03-13 22:15:00,4,train
2282603,122210,2025-03-14 12:00:00,4,train
2282603,122211,2025-03-14 12:00:00,4,train
2282603,122212,2025-03-14 12:00:00,4,train
2278779,122213,2025-03-14 17:45:00,4,train
2278779,122214,2025-03-14 17:45:00,4,train
2282602,122215,2025-03-14 18:35:00,4,train
2282602,122217,2025-03-14 18:35:00,4,train
2282602,122221,2025-03-14 18:35:00,4,train
2278778,122216,2025-03-14 20:30:00,4,train
2278778,122218,2025-03-14 20:30:00,4,train
2282601,122219,2025-03-14 22:00:00,4,train
2282601,122220,2025-03-14 22:00:00,4,train
2292973,122222,2025-03-15 17:45:00,4,train
2292973,122223,2025-03-15 17:45:00,4,train
2292973,122224,2025-03-15 17:45:00,4,train
2301207,122225,2025-03-15 21:00:00,4,train
2301207,122227,2025-03-15 21:00:00,4,train
2300556,122226,2025-03-15 22:00:00,4,train
2300556,122228,2025-03-15 22:00:00,4,train
2300556,122229,2025-03-15 22:00:00,4,train
2307274,122230,2025-03-16 14:00:00,4,train
2307274,122231,2025-03-16 14:00:00,4,train
2309007,122232,2025-03-16 17:00:00,4,train
2310106,122233,2025-03-16 19:00:00,4,train
2310106,122234,2025-03-16 19:00:00,4,train
2200138,122236,2025-03-18 22:00:00,4,train
2200138,122242,2025-03-18 22:00:00,4,train
2200138,122244,2025-03-18 22:00:00,4,train
2200139,122235,2025-03-18 22:00:00,4,train
2200139,122239,2025-03-18 22:00:00,4,train
2200140,122238,2025-03-18 22:00:00,4,train
2200140,122241,2025-03-18 22:00:00,4,train
2200141,122243,2025-03-18 22:00:00,4,train
2200141,122245,2025-03-18 22:00:00,4,train
2200143,122237,2025-03-18 22:00:00,4,train
2200143,122240,2025-03-18 22:00:00,4,train
2179838,122246,2025-03-19 14:00:00,4,train
2179838,122247,2025-03-19 14:00:00,4,train
2179837,122248,2025-03-19 16:15:00,4,train
2179837,122249,2025-03-19 16:15:00,4,train
2179835,122250,2025-03-19 19:15:00,4,train
2179835,122251,2025-03-19 19:15:00,4,train
2179836,122252,2025-03-19 21:20:00,4,train
2179836,122253,2025-03-19 21:20:00,4,train
2179836,122256,2025-03-19 21:20:00,4,train
2200136,122257,2025-03-19 22:00:00,4,train
2200137,122254,2025-03-19 22:00:00,4,train
2340577,122255,2025-03-19 22:00:00,4,train
2179834,122258,2025-03-20 14:00:00,4,train
2179834,122259,2025-03-20 14:00:00,4,train
2179833,122260,2025-03-20 16:45:00,4,train
2179833,122261,2025-03-20 16:45:00,4,train
2236875,122262,2025-03-20 19:10:00,4,train
2236875,122263,2025-03-20 19:10:00,4,train
2236875,122264,2025-03-20 19:10:00,4,train
2179832,122265,2025-03-20 22:45:00,4,train
2179832,122266,2025-03-20 22:45:00,4,train
2342626,122267,2025-03-21 13:00:00,4,train
2342626,122268,2025-03-21 13:00:00,4,train
2344398,122269,2025-03-21 15:50:00,4,train
2344398,122270,2025-03-21 15:50:00,4,train
2342627,122271,2025-03-21 18:15:00,4,train
2342627,122272,2025-03-21 18:15:00,4,train
2342627,122273,2025-03-21 18:15:00,4,train
2344399,122274,2025-03-21 22:50:00,4,train
2344399,122275,2025-03-21 22:50:00,4,train
2349136,122276,2025-03-22 13:00:00,4,train
2349136,122277,2025-03-22 13:00:00,4,train
2349136,122278,2025-03-22 13:00:00,4,train
2350954,122279,2025-03-22 16:20:00,4,train
2350954,122280,2025-03-22 16:20:00,4,train
2350954,122287,2025-03-22 16:20:00,4,train
2356864,122286,2025-03-22 18:00:00,4,train
2356866,122285,2025-03-22 18:00:00,4,train
2356868,122282,2025-03-22 18:00:00,4,train
2356869,122284,2025-03-22 18:00:00,4,train
2356870,122283,2025-03-22 18:00:00,4,train
2356871,122281,2025-03-22 18:00:00,4,train
2349137,122288,2025-03-22 20:40:00,4,train
2349137,122289,2025-03-22 20:40:00,4,train
2350955,122290,2025-03-22 23:30:00,4,train
2350955,122291,2025-03-22 23:30:00,4,train
2350955,122292,2025-03-22 23:30:00,4,train
2357022,122293,2025-03-23 13:00:00,4,train
2357022,122294,2025-03-23 13:00:00,4,train
2357022,122295,2025-03-23 13:00:00,4,train
2356481,122296,2025-03-23 18:10:00,4,train
2356481,122297,2025-03-23 18:10:00,4,train
2364262,122298,2025-03-23 20:55:00,4,train
2364262,122299,2025-03-23 20:55:00,4,train
2363434,122300,2025-03-23 23:20:00,4,train
2363434,122301,2025-03-23 23:20:00,4,train
2357023,122302,2025-03-24 13:00:00,4,train
2357023,122303,2025-03-24 13:00:00,4,train
2369235,122304,2025-03-24 15:45:00,4,train
2369235,122305,2025-03-24 15:45:00,4,train
2371525,122309,2025-03-24 18:00:00,4,train
2371526,122308,2025-03-24 18:00:00,4,train
2371530,122306,2025-03-24 18:00:00,4,train
2371531,122307,2025-03-24 18:00:00,4,train
2364263,122310,2025-03-24 18:35:00,4,train
2364263,122312,2025-03-24 18:35:00,4,train
2375153,122311,2025-03-24 19:10:00,4,train
2375153,122313,2025-03-24 19:10:00,4,train
2375153,122314,2025-03-24 19:10:00,4,train
2370595,122315,2025-03-24 21:05:00,4,train
2370595,122316,2025-03-24 21:05:00,4,train
2340575,122318,2025-03-25 22:00:00,4,train
2340575,122320,2025-03-25 22:00:00,4,train
2340576,122317,2025-03-25 22:00:00,4,train
2340576,122319,2025-03-25 22:00:00,4,train
2340579,122321,2025-03-26 22:00:00,4,train
2340579,122323,2025-03-26 22:00:00,4,train
2344228,122322,2025-03-26 22:00:00,4,train
2385481,122326,2025-03-27 12:00:00,4,validation
2385481,122330,2025-03-27 12:00:00,4,validation
2385489,122327,2025-03-27 12:00:00,4,validation
2385489,122328,2025-03-27 12:00:00,4,validation
2385493,122325,2025-03-27 12:00:00,4,validation
2385493,122329,2025-03-27 12:00:00,4,validation
2385480,122333,2025-03-27 15:00:00,4,validation
2385480,122338,2025-03-27 15:00:00,4,validation
2385484,122334,2025-03-27 15:00:00,4,validation
2385484,122339,2025-03-27 15:00:00,4,validation
2385484,122342,2025-03-27 15:00:00,4,validation
2385485,122331,2025-03-27 15:00:00,4,validation
2385485,122337,2025-03-27 15:00:00,4,validation
2385488,122335,2025-03-27 15:00:00,4,validation
2385488,122340,2025-03-27 15:00:00,4,validation
2385492,122332,2025-03-27 15:00:00,4,validation
2385492,122336,2025-03-27 15:00:00,4,validation
2385492,122341,2025-03-27 15:00:00,4,validation
2385479,122343,2025-03-27 18:00:00,4,validation
2385479,122344,2025-03-27 18:00:00,4,validation
2385479,122345,2025-03-27 18:00:00,4,validation
2385478,122349,2025-03-27 21:00:00,4,validation
2385478,122352,2025-03-27 21:00:00,4,validation
2385478,122354,2025-03-27 21:00:00,4,validation
2385490,122347,2025-03-27 21:00:00,4,validation
2385490,122350,2025-03-27 21:00:00,4,validation
2385486,122346,2025-03-27 21:20:00,4,validation
2385486,122353,2025-03-27 21:20:00,4,validation
2385486,122355,2025-03-27 21:20:00,4,validation
2385482,122348,2025-03-27 21:30:00,4,validation
2385482,122351,2025-03-27 21:30:00,4,validation
2392220,122358,2025-03-28 12:00:00,4,validation
2392220,122362,2025-03-28 12:00:00,4,validation
2392220,122365,2025-03-28 12:00:00,4,validation
2392222,122357,2025-03-28 12:00:00,4,validation
2392222,122361,2025-03-28 12:00:00,4,validation
2392222,122366,2025-03-28 12:00:00,4,validation
2392424,122356,2025-03-28 12:00:00,4,validation
2392424,122360,2025-03-28 12:00:00,4,validation
2392424,122364,2025-03-28 12:00:00,4,validation
2394010,122359,2025-03-28 12:00:00,4,validation
2394010,122363,2025-03-28 12:00:00,4,validation
2394010,122367,2025-03-28 12:00:00,4,validation
2393421,122368,2025-03-28 15:00:00,4,validation
2393421,122372,2025-03-28 15:00:00,4,validation
2393617,122369,2025-03-28 15:00:00,4,validation
2393617,122370,2025-03-28 15:00:00,4,validation
2394009,122371,2025-03-28 15:00:00,4,validation
2394009,122373,2025-03-28 15:00:00,4,validation
2392219,122375,2025-03-28 18:00:00,4,validation
2392219,122381,2025-03-28 18:00:00,4,validation
2392221,122378,2025-03-28 18:00:00,4,validation
2392221,122383,2025-03-28 18:00:00,4,validation
2392423,122374,2025-03-28 18:00:00,4,validation
2392423,122377,2025-03-28 18:00:00,4,validation
2392423,122382,2025-03-28 18:00:00,4,validation
2394008,122376,2025-03-28 19:15:00,4,validation
2394008,122380,2025-03-28 19:15:00,4,validation
2376687,122379,2025-03-28 19:30:00,4,validation
2376687,122384,2025-03-28 19:30:00,4,validation
2393418,122388,2025-03-28 21:00:00,4,validation
2394007,122385,2025-03-28 21:00:00,4,validation
2394007,122386,2025-03-28 21:00:00,4,validation
2375857,122387,2025-03-28 22:30:00,4,validation
2375857,122389,2025-03-28 22:30:00,4,validation
2397405,122393,2025-03-29 12:00:00,4,validation
2397405,122394,2025-03-29 12:00:00,4,validation
2397586,122392,2025-03-29 12:00:00,4,validation
2397586,122397,2025-03-29 12:00:00,4,validation
2397586,122398,2025-03-29 12:00:00,4,validation
2397587,122391,2025-03-29 12:00:00,4,validation
2397587,122396,2025-03-29 12:00:00,4,validation
2397588,122390,2025-03-29 12:00:00,4,validation
2397588,122395,2025-03-29 12:00:00,4,validation
2397588,122399,2025-03-29 12:00:00,4,validation
2398118,122401,2025-03-29 15:00:00,4,validation
2398118,122406,2025-03-29 15:00:00,4,validation
2398123,122400,2025-03-29 15:00:00,4,validation
2398123,122405,2025-03-29 15:00:00,4,validation
2398123,122407,2025-03-29 15:00:00,4,validation
2397767,122402,2025-03-29 16:30:00,4,validation
2397767,122404,2025-03-29 16:30:00,4,validation
2397766,122408,2025-03-29 18:00:00,4,validation
2397766,122409,2025-03-29 18:00:00,4,validation
2397657,122410,2025-03-29 19:30:00,4,validation
2397657,122411,2025-03-29 19:30:00,4,validation
2398117,122415,2025-03-29 21:00:00,4,validation
2401337,122413,2025-03-29 21:00:00,4,validation
2401337,122420,2025-03-29 21:00:00,4,validation
2401337,122424,2025-03-29 21:00:00,4,validation
2401338,122412,2025-03-29 21:00:00,4,validation
2401338,122418,2025-03-29 21:00:00,4,validation
2401338,122421,2025-03-29 21:00:00,4,validation
2401518,122416,2025-03-29 21:00:00,4,validation
2401518,122419,2025-03-29 21:00:00,4,validation
2401518,122423,2025-03-29 21:00:00,4,validation
2401340,122414,2025-03-29 22:15:00,4,validation
2401340,122422,2025-03-29 22:15:00,4,validation
2398193,122417,2025-03-29 23:20:00,4,validation
2398193,122425,2025-03-29 23:20:00,4,validation
2398193,122426,2025-03-29 23:20:00,4,validation
2402399,122438,2025-03-30 14:00:00,4,validation
2402399,122439,2025-03-30 14:00:00,4,validation
2402400,122435,2025-03-30 14:00:00,4,validation
2402400,122436,2025-03-30 14:00:00,4,validation
2402400,122437,2025-03-30 14:00:00,4,validation
2402401,122432,2025-03-30 14:00:00,4,validation
2402401,122433,2025-03-30 14:00:00,4,validation
2402401,122434,2025-03-30 14:00:00,4,validation
2402402,122430,2025-03-30 14:00:00,4,validation
2402402,122431,2025-03-30 14:00:00,4,validation
2402796,122427,2025-03-30 18:30:00,4,validation
2402796,122428,2025-03-30 18:30:00,4,validation
2402796,122429,2025-03-30 18:30:00,4,validation
2402796,122440,2025-03-30 18:30:00,4,validation
2402796,122441,2025-03-30 18:30:00,4,validation
2395501,122442,2025-03-31 15:00:00,4,validation
2395501,122443,2025-03-31 15:00:00,4,validation
2395501,122444,2025-03-31 15:00:00,4,validation
2404697,122445,2025-03-31 17:00:00,4,validation
2404697,122446,2025-03-31 17:00:00,4,validation
2395500,122447,2025-03-31 19:00:00,4,validation
2395500,122449,2025-03-31 19:00:00,4,validation
2395500,122450,2025-03-31 19:00:00,4,validation
2404696,122448,2025-03-31 20:00:00,4,validation
2404696,122451,2025-03-31 20:00:00,4,validation
2395499,122452,2025-04-01 15:00:00,4,validation
2395499,122453,2025-04-01 15:00:00,4,validation
2395499,122455,2025-04-01 15:00:00,4,validation
2408751,122454,2025-04-01 17:00:00,4,validation
2408751,122456,2025-04-01 17:00:00,4,validation
2408751,122459,2025-04-01 17:00:00,4,validation
2408751,122460,2025-04-01 17:00:00,4,validation
2408751,122461,2025-04-01 17:00:00,4,validation
2395498,122457,2025-04-01 18:30:00,4,validation
2395498,122458,2025-04-01 18:30:00,4,validation
2354184,122462,2025-04-01 21:00:00,4,validation
2354184,122463,2025-04-01 21:00:00,4,validation
2354184,122464,2025-04-01 21:00:00,4,validation
2411595,122465,2025-04-02 15:00:00,4,validation
2411595,122468,2025-04-02 15:00:00,4,validation
2411595,122470,2025-04-02 15:00:00,4,validation
2407396,122467,2025-04-02 15:30:00,4,validation
2407397,122466,2025-04-02 15:30:00,4,validation
2407394,122469,2025-04-02 17:00:00,4,validation
2407392,122472,2025-04-02 18:30:00,4,validation
2407393,122471,2025-04-02 18:30:00,4,validation
2413941,122473,2025-04-02 18:30:00,4,validation
2413941,122474,2025-04-02 18:30:00,4,validation
2407390,122475,2025-04-02 20:00:00,4,validation
2414725,122476,2025-04-02 21:00:00,4,validation
2407381,122477,2025-04-03 11:00:00,4,validation
2407389,122478,2025-04-03 11:00:00,4,validation
2407380,122479,2025-04-03 12:30:00,4,validation
2407388,122480,2025-04-03 12:30:00,4,validation
2407379,122482,2025-04-03 14:00:00,4,validation
2407387,122481,2025-04-03 14:00:00,4,validation
2411594,122484,2025-04-03 15:00:00,4,validation
2411594,122487,2025-04-03 15:00:00,4,validation
2407378,122485,2025-04-03 15:30:00,4,validation
2407386,122483,2025-04-03 15:30:00,4,validation
2407377,122488,2025-04-03 17:00:00,4,validation
2407385,122486,2025-04-03 17:00:00,4,validation
2413940,122489,2025-04-03 18:05:00,4,validation
2407376,122490,2025-04-03 18:30:00,4,validation
2407375,122491,2025-04-03 20:00:00,4,validation
2407382,122492,2025-04-03 22:05:00,4,validation
2421506,122493,2025-04-04 15:00:00,4,validation
2421506,122494,2025-04-04 15:00:00,4,validation
2421740,122495,2025-04-04 18:00:00,4,validation
2421740,122496,2025-04-04 18:00:00,4,validation
2421740,122497,2025-04-04 18:00:00,4,validation
2406996,122498,2025-04-06 10:00:00,4,validation
2406996,122500,2025-04-06 10:00:00,4,validation
2406997,122499,2025-04-06 10:00:00,4,validation
2406997,122501,2025-04-06 10:00:00,4,validation
2406997,122502,2025-04-06 10:00:00,4,validation
2406994,122504,2025-04-06 12:00:00,4,validation
2406995,122503,2025-04-06 13:00:00,4,validation
2406995,122505,2025-04-06 13:00:00,4,validation
2406993,122506,2025-04-06 14:30:00,4,validation
2406993,122509,2025-04-06 14:30:00,4,validation
2406993,122511,2025-04-06 14:30:00,4,validation
2406992,122507,2025-04-06 15:00:00,4,validation
2406992,122508,2025-04-06 15:00:00,4,validation
2406991,122510,2025-04-06 17:00:00,4,validation
2406991,122512,2025-04-06 17:00:00,4,validation
2406991,122514,2025-04-06 17:00:00,4,validation
2406990,122513,2025-04-06 18:35:00,4,validation
2406990,122515,2025-04-06 18:35:00,4,validation
2428696,122516,2025-04-07 10:00:00,4,validation
2428696,122518,2025-04-07 10:00:00,4,validation
2428697,122517,2025-04-07 10:00:00,4,validation
2428697,122519,2025-04-07 10:00:00,4,validation
2428694,122521,2025-04-07 11:50:00,4,validation
2428694,122523,2025-04-07 11:50:00,4,validation
2428695,122520,2025-04-07 11:50:00,4,validation
2428695,122522,2025-04-07 11:50:00,4,validation
2428692,122525,2025-04-07 14:15:00,4,validation
2428692,122527,2025-04-07 14:15:00,4,validation
2428693,122524,2025-04-07 14:15:00,4,validation
2428693,122526,2025-04-07 14:15:00,4,validation
2428693,122528,2025-04-07 14:15:00,4,validation
2428690,122529,2025-04-07 16:25:00,4,validation
2428690,122531,2025-04-07 16:25:00,4,validation
2428691,122530,2025-04-07 17:05:00,4,validation
2428691,122532,2025-04-07 17:05:00,4,validation
2428691,122533,2025-04-07 17:05:00,4,validation
2431727,122534,2025-04-08 10:00:00,4,validation
2431727,122536,2025-04-08 10:00:00,4,validation
2431728,122535,2025-04-08 10:00:00,4,validation
2431728,122537,2025-04-08 10:00:00,4,validation
2431728,122539,2025-04-08 10:00:00,4,validation
2431725,122538,2025-04-08 12:05:00,4,validation
2431725,122540,2025-04-08 12:05:00,4,validation
2431726,122541,2025-04-08 13:45:00,4,validation
2431726,122542,2025-04-08 13:45:00,4,validation
2431724,122543,2025-04-08 14:30:00,4,validation
2431724,122545,2025-04-08 14:30:00,4,validation
2431724,122547,2025-04-08 14:30:00,4,validation
2431723,122544,2025-04-08 15:40:00,4,validation
2431723,122546,2025-04-08 15:40:00,4,validation
2431723,122549,2025-04-08 15:40:00,4,validation
2431722,122548,2025-04-08 17:50:00,4,validation
2431722,122550,2025-04-08 17:50:00,4,validation
2431722,122553,2025-04-08 17:50:00,4,validation
2431721,122551,2025-04-08 19:00:00,4,validation
2431721,122552,2025-04-08 19:00:00,4,validation
2397005,122554,2025-04-08 21:00:00,4,validation
2397005,122555,2025-04-08 21:00:00,4,validation
2397005,122556,2025-04-08 21:00:00,4,validation
2434754,122558,2025-04-09 10:00:00,4,validation
2434754,122560,2025-04-09 10:00:00,4,validation
2434754,122562,2025-04-09 10:00:00,4,validation
2434755,122557,2025-04-09 10:00:00,4,validation
2434755,122559,2025-04-09 10:00:00,4,validation
2434753,122561,2025-04-09 12:15:00,4,validation
2434753,122563,2025-04-09 12:15:00,4,validation
2434752,122564,2025-04-09 13:45:00,4,validation
2434752,122566,2025-04-09 13:45:00,4,validation
2434751,122565,2025-04-09 14:25:00,4,validation
2434751,122567,2025-04-09 14:25:00,4,validation
2434750,122568,2025-04-09 15:55:00,4,validation
2434750,122569,2025-04-09 15:55:00,4,validation
2434976,122570,2025-04-09 21:00:00,4,validation
2434976,122571,2025-04-09 21:00:00,4,validation
2434976,122572,2025-04-09 21:00:00,4,validation
2437159,122573,2025-04-10 10:00:00,4,validation
2437159,122574,2025-04-10 10:00:00,4,validation
2437158,122575,2025-04-10 12:05:00,4,validation
2437158,122576,2025-04-10 12:05:00,4,validation
2437157,122577,2025-04-10 14:10:00,4,validation
2437157,122578,2025-04-10 14:10:00,4,validation
2437157,122579,2025-04-10 14:10:00,4,validation
2439956,122580,2025-04-11 10:00:00,4,validation
2439956,122581,2025-04-11 10:00:00,4,validation
2439956,122582,2025-04-11 10:00:00,4,validation
2439955,122583,2025-04-11 13:00:00,4,validation
2439955,122584,2025-04-11 13:00:00,4,validation
2439954,122585,2025-04-11 14:45:00,4,validation
2439954,122586,2025-04-11 14:45:00,4,validation
2439953,122587,2025-04-11 18:00:00,4,validation
2439953,122588,2025-04-11 18:00:00,4,validation
2442181,122589,2025-04-12 17:00:00,4,validation
2442181,122590,2025-04-12 17:00:00,4,validation
2442181,122591,2025-04-12 17:00:00,4,validation
2443082,122592,2025-04-12 21:00:00,4,validation
2443082,122593,2025-04-12 21:00:00,4,validation
2446729,122594,2025-04-13 15:00:00,4,validation
2446729,122595,2025-04-13 15:00:00,4,validation
2446728,122596,2025-04-13 18:00:00,4,validation
2446728,122597,2025-04-13 18:00:00,4,validation
2446728,122598,2025-04-13 18:00:00,4,validation
2442486,122600,2025-04-14 11:00:00,4,validation
2442487,122599,2025-04-14 11:00:00,4,validation
2442485,122601,2025-04-14 12:30:00,4,validation
2442484,122602,2025-04-14 14:00:00,4,validation
2442480,122604,2025-04-14 15:30:00,4,validation
2442481,122603,2025-04-14 15:30:00,4,validation
2451686,122605,2025-04-14 18:50:00,4,validation
2451685,122607,2025-04-14 20:20:00,4,validation
2451684,122606,2025-04-14 20:25:00,4,validation
2451682,122609,2025-04-14 21:50:00,4,validation
2451683,122608,2025-04-14 21:50:00,4,validation
2443547,122613,2025-04-15 11:00:00,4,validation
2443547,122615,2025-04-15 11:00:00,4,validation
2452478,122610,2025-04-15 11:00:00,4,validation
2452478,122612,2025-04-15 11:00:00,4,validation
2452479,122611,2025-04-15 11:00:00,4,validation
2452479,122614,2025-04-15 11:00:00,4,validation
2452479,122616,2025-04-15 11:00:00,4,validation
2438834,122617,2025-04-15 12:00:00,4,validation
2438834,122618,2025-04-15 12:00:00,4,validation
2443546,122619,2025-04-15 13:30:00,4,validation
2443546,122621,2025-04-15 13:30:00,4,validation
2452476,122620,2025-04-15 14:45:00,4,validation
2452475,122622,2025-04-15 15:35:00,4,validation
2452474,122623,2025-04-15 16:20:00,4,validation
2452473,122624,2025-04-15 17:00:00,4,validation
2452473,122626,2025-04-15 17:00:00,4,validation
2452473,122630,2025-04-15 17:00:00,4,validation
2452472,122625,2025-04-15 17:15:00,4,validation
2452472,122628,2025-04-15 17:15:00,4,validation
2443551,122627,2025-04-15 18:00:00,4,validation
2443551,122629,2025-04-15 18:00:00,4,validation
2445013,122631,2025-04-15 19:00:00,4,validation
2445013,122633,2025-04-15 19:00:00,4,validation
2443550,122632,2025-04-15 20:30:00,4,validation
2443550,122634,2025-04-15 20:30:00,4,validation
2443550,122636,2025-04-15 20:30:00,4,validation
2445012,122635,2025-04-15 21:30:00,4,validation
2445012,122637,2025-04-15 21:30:00,4,validation
2445012,122639,2025-04-15 21:30:00,4,validation
2443549,122638,2025-04-15 23:00:00,4,validation
2443549,122640,2025-04-15 23:00:00,4,validation
2445011,122641,2025-04-16 00:00:00,4,validation
2445011,122642,2025-04-16 00:00:00,4,validation
2443548,122645,2025-04-16 01:30:00,4,validation
2443548,122646,2025-04-16 01:30:00,4,validation
2445010,122643,2025-04-16 02:30:00,4,validation
2445010,122644,2025-04-16 02:30:00,4,validation
2453995,122647,2025-04-16 07:30:00,4,validation
2453995,122648,2025-04-16 07:30:00,4,validation
2453995,122649,2025-04-16 07:30:00,4,validation
2455223,122650,2025-04-16 11:00:00,4,validation
2455223,122654,2025-04-16 11:00:00,4,validation
2455223,122657,2025-04-16 11:00:00,4,validation
2455225,122651,2025-04-16 11:00:00,4,validation
2455225,122652,2025-04-16 11:00:00,4,validation
2455225,122655,2025-04-16 11:00:00,4,validation
2454617,122656,2025-04-16 11:30:00,4,validation
2454617,122658,2025-04-16 11:30:00,4,validation
2454500,122653,2025-04-16 12:00:00,4,validation
2454500,122659,2025-04-16 12:00:00,4,validation
2454500,122666,2025-04-16 12:00:00,4,validation
2455221,122661,2025-04-16 14:00:00,4,validation
2455221,122665,2025-04-16 14:00:00,4,validation
2455222,122660,2025-04-16 14:00:00,4,validation
2455222,122662,2025-04-16 14:00:00,4,validation
2455222,122669,2025-04-16 14:00:00,4,validation
2454616,122664,2025-04-16 14:30:00,4,validation
2454616,122668,2025-04-16 14:30:00,4,validation
2454616,122671,2025-04-16 14:30:00,4,validation
2455220,122663,2025-04-16 14:30:00,4,validation
2455220,122667,2025-04-16 14:30:00,4,validation
2455220,122670,2025-04-16 14:30:00,4,validation
2455445,122672,2025-04-16 18:00:00,4,validation
2455445,122673,2025-04-16 18:00:00,4,validation
2457617,122677,2025-04-16 18:30:00,4,validation
2457617,122678,2025-04-16 18:30:00,4,validation
2457617,122683,2025-04-16 18:30:00,4,validation
2457621,122676,2025-04-16 18:30:00,4,validation
2457621,122682,2025-04-16 18:30:00,4,validation
2457623,122680,2025-04-16 18:30:00,4,validation
2457623,122681,2025-04-16 18:30:00,4,validation
2455535,122674,2025-04-16 19:00:00,4,validation
2455535,122679,2025-04-16 19:00:00,4,validation
2455444,122675,2025-04-16 20:10:00,4,validation
2455444,122684,2025-04-16 20:10:00,4,validation
2455997,122685,2025-04-17 00:00:00,4,validation
2455800,122688,2025-04-17 01:30:00,4,validation
2455800,122689,2025-04-17 01:30:00,4,validation
2455996,122686,2025-04-17 02:30:00,4,validation
2455996,122687,2025-04-17 02:30:00,4,validation
2455996,122690,2025-04-17 02:30:00,4,validation
2458575,122691,2025-04-17 07:30:00,4,validation
2458575,122692,2025-04-17 07:30:00,4,validation
2457249,122693,2025-04-17 11:00:00,4,validation
2457249,122694,2025-04-17 11:00:00,4,validation
2457152,122695,2025-04-17 12:00:00,4,validation
2457152,122696,2025-04-17 12:00:00,4,validation
2459581,122702,2025-04-17 13:30:00,4,validation
2459581,122703,2025-04-17 13:30:00,4,validation
2451896,122698,2025-04-17 14:00:00,4,validation
2454701,122697,2025-04-17 14:00:00,4,validation
2457837,122699,2025-04-17 14:00:00,4,validation
2457837,122704,2025-04-17 14:00:00,4,validation
2451895,122701,2025-04-17 15:00:00,4,validation
2451910,122700,2025-04-17 15:00:00,4,validation
2451894,122706,2025-04-17 16:00:00,4,validation
2451908,122705,2025-04-17 17:00:00,4,validation
2451892,122707,2025-04-17 18:00:00,4,validation
2458378,122712,2025-04-17 18:00:00,4,validation
2459620,122710,2025-04-17 18:00:00,4,validation
2459620,122711,2025-04-17 18:00:00,4,validation
2459620,122714,2025-04-17 18:00:00,4,validation
2451907,122708,2025-04-17 18:20:00,4,validation
2458773,122709,2025-04-17 19:00:00,4,validation
2458773,122713,2025-04-17 19:00:00,4,validation
2458773,122718,2025-04-17 19:00:00,4,validation
2451888,122715,2025-04-17 20:20:00,4,validation
2458377,122716,2025-04-17 20:25:00,4,validation
2458377,122719,2025-04-17 20:25:00,4,validation
2458377,122722,2025-04-17 20:25:00,4,validation
2451891,122717,2025-04-17 21:10:00,4,validation
2451893,122720,2025-04-17 22:20:00,4,validation
2458772,122721,2025-04-17 22:40:00,4,validation
2458772,122723,2025-04-17 22:40:00,4,validation
2458772,122724,2025-04-17 22:40:00,4,validation
2460240,122725,2025-04-18 01:00:00,4,validation
2460240,122726,2025-04-18 01:00:00,4,validation
2461225,122727,2025-04-18 01:30:00,4,validation
2461225,122728,2025-04-18 01:30:00,4,validation
2451897,122729,2025-04-18 12:00:00,4,validation
2451905,122730,2025-04-18 13:00:00,4,validation
2451889,122732,2025-04-18 14:25:00,4,validation
2454698,122733,2025-04-18 15:00:00,4,validation
2451887,122734,2025-04-18 16:00:00,4,validation
2451902,122736,2025-04-18 16:15:00,4,validation
2451886,122735,2025-04-18 17:00:00,4,validation
2451885,122737,2025-04-18 18:10:00,4,validation
2454697,122738,2025-04-18 18:30:00,4,validation
2451884,122739,2025-04-18 19:20:00,4,validation
2451883,122741,2025-04-18 20:30:00,4,validation
2451898,122740,2025-04-18 20:30:00,4,validation
2467473,122742,2025-04-19 17:45:00,4,validation
2467473,122743,2025-04-19 17:45:00,4,validation
2478444,122744,2025-04-20 13:00:00,4,validation
2478444,122745,2025-04-20 13:00:00,4,validation
2478444,122746,2025-04-20 13:00:00,4,validation
2480345,122747,2025-04-20 17:30:00,4,validation
2480345,122748,2025-04-20 17:30:00,4,validation
2480345,122749,2025-04-20 17:30:00,4,validation
2493001,122750,2025-04-20 21:15:00,4,validation
2493001,122751,2025-04-20 21:15:00,4,validation
2458846,122753,2025-04-21 04:15:00,4,validation
2458846,122755,2025-04-21 04:15:00,4,validation
2458846,122757,2025-04-21 04:15:00,4,validation
2458847,122752,2025-04-21 04:15:00,4,validation
2458847,122754,2025-04-21 04:15:00,4,validation
2458848,122756,2025-04-21 07:00:00,4,validation
2458848,122758,2025-04-21 07:00:00,4,validation
2458849,122759,2025-04-21 08:05:00,4,validation
2458849,122760,2025-04-21 08:05:00,4,validation
2458849,122762,2025-04-21 08:05:00,4,validation
2458844,122761,2025-04-21 09:30:00,4,validation
2458844,122763,2025-04-21 09:30:00,4,validation
2458844,122765,2025-04-21 09:30:00,4,validation
2458845,122764,2025-04-21 11:10:00,4,validation
2458845,122766,2025-04-21 11:10:00,4,validation
2458842,122767,2025-04-21 12:45:00,4,validation
2458842,122769,2025-04-21 12:45:00,4,validation
2458842,122771,2025-04-21 12:45:00,4,validation
2458843,122768,2025-04-21 13:00:00,4,validation
2458843,122770,2025-04-21 13:00:00,4,validation
2500220,122773,2025-04-22 04:15:00,4,validation
2500220,122774,2025-04-22 04:15:00,4,validation
2502481,122772,2025-04-22 04:15:00,4,validation
2502481,122775,2025-04-22 04:15:00,4,validation
2500221,122776,2025-04-22 06:45:00,4,validation
2500221,122778,2025-04-22 06:45:00,4,validation
2502480,122777,2025-04-22 07:00:00,4,validation
2502480,122779,2025-04-22 07:00:00,4,validation
2503737,122780,2025-04-22 09:15:00,4,validation
2503737,122782,2025-04-22 09:15:00,4,validation
2503736,122781,2025-04-22 09:30:00,4,validation
2503736,122783,2025-04-22 09:30:00,4,validation
2505826,122784,2025-04-22 11:45:00,4,validation
2505826,122786,2025-04-22 11:45:00,4,validation
2505826,122788,2025-04-22 11:45:00,4,validation
2505825,122785,2025-04-22 12:00:00,4,validation
2505825,122787,2025-04-22 12:00:00,4,validation
2505825,122789,2025-04-22 12:00:00,4,validation
2514153,122792,2025-04-23 04:15:00,4,validation
2514153,122793,2025-04-23 04:15:00,4,validation
2515659,122790,2025-04-23 04:15:00,4,validation
2515659,122791,2025-04-23 04:15:00,4,validation
2518779,122794,2025-04-23 06:45:00,4,validation
2518779,122796,2025-04-23 06:45:00,4,validation
2518779,122798,2025-04-23 06:45:00,4,validation
2518869,122795,2025-04-23 07:15:00,4,validation
2518869,122797,2025-04-23 07:15:00,4,validation
2525892,122800,2025-04-23 09:30:00,4,validation
2525892,122802,2025-04-23 09:30:00,4,validation
2515470,122799,2025-04-23 09:55:00,4,validation
2515470,122801,2025-04-23 09:55:00,4,validation
2518780,122804,2025-04-23 12:00:00,4,validation
2518780,122805,2025-04-23 12:00:00,4,validation
2526996,122803,2025-04-23 12:15:00,4,validation
2526996,122806,2025-04-23 12:15:00,4,validation
2526996,122807,2025-04-23 12:15:00,4,validation
2474305,122808,2025-04-24 11:00:00,4,validation
2474305,122809,2025-04-24 11:00:00,4,validation
2474305,122810,2025-04-24 11:00:00,4,validation
2474206,122811,2025-04-24 17:00:00,4,validation
2474206,122812,2025-04-24 17:00:00,4,validation
2474205,122813,2025-04-24 20:00:00,4,validation
2529330,122814,2025-04-25 10:00:00,4,validation
2529330,122815,2025-04-25 10:00:00,4,validation
2529865,122816,2025-04-25 13:00:00,4,validation
2529865,122817,2025-04-25 13:00:00,4,validation
2529865,122819,2025-04-25 13:00:00,4,validation
2544245,122818,2025-04-25 14:00:00,4,validation
2541496,122820,2025-04-25 17:00:00,4,validation
2541496,122821,2025-04-25 17:00:00,4,validation
2541496,122822,2025-04-25 17:00:00,4,validation
2544246,122823,2025-04-25 20:00:00,4,validation
2551303,122824,2025-04-26 10:00:00,4,validation
2551303,122825,2025-04-26 10:00:00,4,validation
2555287,122826,2025-04-26 11:00:00,4,validation
2555287,122827,2025-04-26 11:00:00,4,validation
2555287,122829,2025-04-26 11:00:00,4,validation
2553312,122828,2025-04-26 13:00:00,4,validation
2553312,122830,2025-04-26 13:00:00,4,validation
2556688,122831,2025-04-26 14:40:00,4,validation
2556688,122832,2025-04-26 14:40:00,4,validation
2556690,122833,2025-04-26 18:30:00,4,validation
2556690,122834,2025-04-26 18:30:00,4,validation
2569387,122835,2025-04-26 23:00:00,4,validation
2566634,122836,2025-04-27 09:30:00,4,validation
2566634,122837,2025-04-27 09:30:00,4,validation
2566634,122838,2025-04-27 09:30:00,4,validation
2566634,122839,2025-04-27 09:30:00,4,validation
2566634,122840,2025-04-27 09:30:00,4,validation
2574461,122841,2025-04-27 14:00:00,4,validation
2574461,122842,2025-04-27 14:00:00,4,validation
2587733,122843,2025-04-27 19:00:00,4,validation
2587733,122844,2025-04-27 19:00:00,4,validation
2542921,122845,2025-04-30 06:00:00,4,validation
2542921,122846,2025-04-30 06:00:00,4,validation
2542920,122847,2025-04-30 10:55:00,4,validation
2542920,122849,2025-04-30 10:55:00,4,validation
2520995,122848,2025-04-30 12:00:00,4,validation
2520995,122850,2025-04-30 12:00:00,4,validation
2542918,122851,2025-04-30 14:10:00,4,validation
2542918,122853,2025-04-30 14:10:00,4,validation
2542918,122855,2025-04-30 14:10:00,4,validation
2520996,122852,2025-04-30 14:30:00,4,validation
2520996,122854,2025-04-30 14:30:00,4,validation
2520996,122856,2025-04-30 14:30:00,4,validation
2520997,122857,2025-04-30 18:00:00,4,validation
2520997,122858,2025-04-30 18:00:00,4,validation
2520994,122859,2025-04-30 20:35:00,4,validation
2520994,122860,2025-04-30 20:35:00,4,validation
2642941,122861,2025-05-01 12:00:00,4,validation
2642941,122862,2025-05-01 12:00:00,4,validation
2642940,122863,2025-05-01 14:45:00,4,validation
2642940,122866,2025-05-01 14:45:00,4,validation
2642940,122867,2025-05-01 14:45:00,4,validation
2644464,122864,2025-05-01 15:00:00,4,validation
2644464,122865,2025-05-01 15:00:00,4,validation
2644680,122868,2025-05-01 18:45:00,4,validation
2644680,122870,2025-05-01 18:45:00,4,validation
2644463,122869,2025-05-01 18:55:00,4,validation
2644679,122871,2025-05-01 22:10:00,4,validation
2644679,122872,2025-05-01 22:10:00,4,validation
2644679,122873,2025-05-01 22:10:00,4,validation
2662494,122874,2025-05-02 17:00:00,4,validation
2662494,122875,2025-05-02 17:00:00,4,validation
2550930,122876,2025-05-02 19:15:00,4,validation
2550930,122879,2025-05-02 19:15:00,4,validation
2662927,122877,2025-05-02 19:25:00,4,validation
2662927,122878,2025-05-02 19:25:00,4,validation
2550929,122880,2025-05-02 22:00:00,4,validation
2550929,122881,2025-05-02 22:00:00,4,validation
2677792,122882,2025-05-03 02:00:00,4,validation
2677792,122883,2025-05-03 02:00:00,4,validation
2677792,122884,2025-05-03 02:00:00,4,validation
2668992,122885,2025-05-03 15:00:00,4,validation
2668992,122886,2025-05-03 15:00:00,4,validation
2668992,122887,2025-05-03 15:00:00,4,validation
2674286,122888,2025-05-03 17:00:00,4,validation
2674286,122889,2025-05-03 17:00:00,4,validation
2668991,122890,2025-05-03 19:00:00,4,validation
2668991,122892,2025-05-03 19:00:00,4,validation
2675845,122891,2025-05-03 20:00:00,4,validation
2675845,122893,2025-05-03 20:00:00,4,validation
2691376,122894,2025-05-04 07:55:00,4,validation
2691376,122895,2025-05-04 07:55:00,4,validation
2691377,122896,2025-05-04 12:00:00,4,validation
2691377,122897,2025-05-04 12:00:00,4,validation
2691377,122898,2025-05-04 12:00:00,4,validation
2691377,122899,2025-05-04 12:00:00,4,validation
2691788,122900,2025-05-04 17:00:00,4,validation
2691788,122901,2025-05-04 17:00:00,4,validation
2691788,122902,2025-05-04 17:00:00,4,validation
2691788,122903,2025-05-04 17:00:00,4,validation
2691788,122904,2025-05-04 17:00:00,4,validation
2668484,122905,2025-05-05 11:00:00,4,validation
2668484,122906,2025-05-05 11:00:00,4,validation
2668484,122907,2025-05-05 11:00:00,4,validation
2668483,122908,2025-05-05 15:25:00,4,validation
2668483,122909,2025-05-05 15:25:00,4,validation
2668483,122910,2025-05-05 15:25:00,4,validation
2668482,122911,2025-05-05 18:20:00,4,validation
2668482,122912,2025-05-05 18:20:00,4,validation
2668481,122913,2025-05-05 20:30:00,4,validation
2668481,122914,2025-05-05 20:30:00,4,validation
2639755,122915,2025-05-06 09:30:00,4,validation
2723437,122917,2025-05-06 11:00:00,4,validation
2723437,122918,2025-05-06 11:00:00,4,validation
2723437,122920,2025-05-06 11:00:00,4,validation
2723945,122916,2025-05-06 11:00:00,4,validation
2723945,122919,2025-05-06 11:00:00,4,validation
2721720,122921,2025-05-06 14:00:00,4,validation
2721720,122926,2025-05-06 14:00:00,4,validation
2721720,122927,2025-05-06 14:00:00,4,validation
2723940,122922,2025-05-06 14:00:00,4,validation
2723940,122925,2025-05-06 14:00:00,4,validation
2723438,122923,2025-05-06 14:30:00,4,validation
2723438,122924,2025-05-06 14:30:00,4,validation
2720855,122929,2025-05-06 17:00:00,4,validation
2720855,122932,2025-05-06 17:00:00,4,validation
2720855,122934,2025-05-06 17:00:00,4,validation
2723943,122928,2025-05-06 17:00:00,4,validation
2723943,122931,2025-05-06 17:00:00,4,validation
2705978,122930,2025-05-06 17:30:00,4,validation
2705978,122933,2025-05-06 17:30:00,4,validation
2705978,122935,2025-05-06 17:30:00,4,validation
2723044,122939,2025-05-06 20:30:00,4,validation
2723044,122944,2025-05-06 20:30:00,4,validation
2563017,122937,2025-05-06 21:00:00,4,validation
2563017,122941,2025-05-06 21:00:00,4,validation
2563018,122938,2025-05-06 21:00:00,4,validation
2563018,122943,2025-05-06 21:00:00,4,validation
2563018,122946,2025-05-06 21:00:00,4,validation
2563019,122940,2025-05-06 21:00:00,4,validation
2563019,122942,2025-05-06 21:00:00,4,validation
2563020,122936,2025-05-06 21:00:00,4,validation
2563020,122945,2025-05-06 21:00:00,4,validation
2639752,122947,2025-05-07 09:30:00,4,validation
2639752,122948,2025-05-07 09:30:00,4,validation
2723941,122953,2025-05-07 11:00:00,4,validation
2737247,122949,2025-05-07 11:00:00,4,validation
2737247,122951,2025-05-07 11:00:00,4,validation
2639753,122950,2025-05-07 12:50:00,4,validation
2639753,122952,2025-05-07 12:50:00,4,validation
2723944,122955,2025-05-07 14:00:00,4,validation
2723944,122957,2025-05-07 14:00:00,4,validation
2723944,122959,2025-05-07 14:00:00,4,validation
2733001,122954,2025-05-07 14:00:00,4,validation
2733001,122956,2025-05-07 14:00:00,4,validation
2733001,122958,2025-05-07 14:00:00,4,validation
2746541,122961,2025-05-07 17:00:00,4,validation
2746541,122963,2025-05-07 17:00:00,4,validation
2746541,122966,2025-05-07 17:00:00,4,validation
2747587,122960,2025-05-07 17:00:00,4,validation
2747587,122964,2025-05-07 17:00:00,4,validation
2747587,122965,2025-05-07 17:00:00,4,validation
2723939,122962,2025-05-07 17:20:00,4,validation
2748699,122967,2025-05-07 20:10:00,4,validation
2748699,122968,2025-05-07 20:10:00,4,validation
2736995,122969,2025-05-07 21:00:00,4,validation
2736997,122970,2025-05-07 21:00:00,4,validation
2737372,122971,2025-05-07 21:00:00,4,validation
2737372,122972,2025-05-07 21:00:00,4,validation
2737372,122973,2025-05-07 21:00:00,4,validation
2732633,122974,2025-05-08 09:30:00,4,validation
2732633,122975,2025-05-08 09:30:00,4,validation
2753453,122976,2025-05-08 11:00:00,4,validation
2753453,122977,2025-05-08 11:00:00,4,validation
2732632,122992,2025-05-08 13:10:00,4,validation
2732632,122993,2025-05-08 13:10:00,4,validation
2753452,122978,2025-05-08 14:00:00,4,validation
2753452,122980,2025-05-08 14:00:00,4,validation
2753452,122983,2025-05-08 14:00:00,4,validation
2751766,122979,2025-05-08 15:00:00,4,validation
2751766,122981,2025-05-08 15:00:00,4,validation
2751766,122982,2025-05-08 15:00:00,4,validation
2753451,122984,2025-05-08 17:00:00,4,validation
2753451,122985,2025-05-08 17:00:00,4,validation
2753450,122986,2025-05-08 20:00:00,4,validation
2753450,122988,2025-05-08 20:00:00,4,validation
2752902,122987,2025-05-08 21:00:00,4,validation
2752902,122989,2025-05-08 21:00:00,4,validation
2753092,122990,2025-05-08 21:00:00,4,validation
2753092,122991,2025-05-08 21:00:00,4,validation
2746426,122994,2025-05-09 09:40:00,4,validation
2746426,122996,2025-05-09 09:40:00,4,validation
2746426,122998,2025-05-09 09:40:00,4,validation
2753449,122995,2025-05-09 11:00:00,4,validation
2753449,122997,2025-05-09 11:00:00,4,validation
2753449,122999,2025-05-09 11:00:00,4,validation
2746425,123000,2025-05-09 13:30:00,4,validation
2746425,123002,2025-05-09 13:30:00,4,validation
2753448,123001,2025-05-09 14:00:00,4,validation
2753448,123003,2025-05-09 14:00:00,4,validation
2753447,123004,2025-05-09 17:00:00,4,validation
2753447,123005,2025-05-09 17:00:00,4,validation
2753447,123006,2025-05-09 17:00:00,4,validation
2753446,123007,2025-05-09 20:10:00,4,validation
2675333,123009,2025-05-10 08:00:00,4,validation
2675333,123010,2025-05-10 08:00:00,4,validation
2675333,123012,2025-05-10 08:00:00,4,validation
2675334,123008,2025-05-10 08:00:00,4,validation
2675334,123011,2025-05-10 08:00:00,4,validation
2675334,123013,2025-05-10 08:00:00,4,validation
2675331,123042,2025-05-10 10:50:00,4,validation
2675331,123043,2025-05-10 10:50:00,4,validation
2675331,123044,2025-05-10 10:50:00,4,validation
2781488,123016,2025-05-10 11:00:00,4,validation
2781488,123019,2025-05-10 11:00:00,4,validation
2675332,123015,2025-05-10 11:15:00,4,validation
2675332,123018,2025-05-10 11:15:00,4,validation
2675332,123020,2025-05-10 11:15:00,4,validation
2776870,123021,2025-05-10 12:50:00,4,validation
2776870,123022,2025-05-10 12:50:00,4,validation
2776870,123026,2025-05-10 12:50:00,4,validation
2675329,123023,2025-05-10 14:00:00,4,validation
2675329,123027,2025-05-10 14:00:00,4,validation
2675329,123031,2025-05-10 14:00:00,4,validation
2781487,123028,2025-05-10 14:00:00,4,validation
2781487,123029,2025-05-10 14:00:00,4,validation
2781487,123030,2025-05-10 14:00:00,4,validation
2675330,123024,2025-05-10 14:10:00,4,validation
2675330,123025,2025-05-10 14:10:00,4,validation
2675328,123032,2025-05-10 16:05:00,4,validation
2675328,123034,2025-05-10 16:05:00,4,validation
2781486,123035,2025-05-10 17:00:00,4,validation
2781486,123037,2025-05-10 17:00:00,4,validation
2781486,123038,2025-05-10 17:00:00,4,validation
2675327,123033,2025-05-10 17:15:00,4,validation
2675327,123036,2025-05-10 17:15:00,4,validation
2781485,123039,2025-05-10 20:50:00,4,validation
2781485,123041,2025-05-10 20:50:00,4,validation
2782755,123040,2025-05-10 21:00:00,4,validation
2782755,123045,2025-05-10 21:00:00,4,validation
2792215,123047,2025-05-11 08:00:00,4,validation
2792215,123049,2025-05-11 08:00:00,4,validation
2792216,123046,2025-05-11 08:00:00,4,validation
2792216,123048,2025-05-11 08:00:00,4,validation
2788207,123051,2025-05-11 09:30:00,4,validation
2788207,123054,2025-05-11 09:30:00,4,validation
2792214,123050,2025-05-11 09:45:00,4,validation
2792214,123052,2025-05-11 09:45:00,4,validation
2781581,123053,2025-05-11 11:00:00,4,validation
2781581,123056,2025-05-11 11:00:00,4,validation
2792213,123055,2025-05-11 11:15:00,4,validation
2792213,123058,2025-05-11 11:15:00,4,validation
2792213,123060,2025-05-11 11:15:00,4,validation
2792212,123057,2025-05-11 11:55:00,4,validation
2792212,123059,2025-05-11 11:55:00,4,validation
2790094,123061,2025-05-11 12:50:00,4,validation
2790094,123063,2025-05-11 12:50:00,4,validation
2781580,123062,2025-05-11 14:00:00,4,validation
2781580,123067,2025-05-11 14:00:00,4,validation
2792209,123064,2025-05-11 14:10:00,4,validation
2792209,123066,2025-05-11 14:10:00,4,validation
2792211,123065,2025-05-11 14:35:00,4,validation
2792211,123068,2025-05-11 14:35:00,4,validation
2792211,123069,2025-05-11 14:35:00,4,validation
2792210,123070,2025-05-11 18:00:00,4,validation
2792210,123071,2025-05-11 18:00:00,4,validation
2792210,123073,2025-05-11 18:00:00,4,validation
2781578,123072,2025-05-11 20:00:00,4,validation
2781578,123074,2025-05-11 20:00:00,4,validation
2794559,123075,2025-05-11 21:00:00,4,validation
2794559,123076,2025-05-11 21:00:00,4,validation
2794559,123077,2025-05-11 21:00:00,4,validation
2806513,123079,2025-05-12 08:00:00,4,validation
2806513,123080,2025-05-12 08:00:00,4,validation
2806513,123089,2025-05-12 08:00:00,4,validation
2806514,123078,2025-05-12 08:00:00,4,validation
2806514,123081,2025-05-12 08:00:00,4,validation
2806511,123082,2025-05-12 09:55:00,4,validation
2806511,123083,2025-05-12 09:55:00,4,validation
2806512,123084,2025-05-12 11:15:00,4,validation
2806512,123085,2025-05-12 11:15:00,4,validation
2806512,123087,2025-05-12 11:15:00,4,validation
2806510,123086,2025-05-12 12:20:00,4,validation
2806510,123090,2025-05-12 12:20:00,4,validation
2808946,123088,2025-05-12 14:00:00,4,validation
2808946,123094,2025-05-12 14:00:00,4,validation
2806508,123091,2025-05-12 14:10:00,4,validation
2806508,123093,2025-05-12 14:10:00,4,validation
2806508,123095,2025-05-12 14:10:00,4,validation
2806509,123092,2025-05-12 14:30:00,4,validation
2808945,123096,2025-05-12 17:00:00,4,validation
2808944,123097,2025-05-12 20:00:00,4,validation
2819966,123099,2025-05-13 08:00:00,4,validation
2819966,123101,2025-05-13 08:00:00,4,validation
2819967,123098,2025-05-13 08:00:00,4,validation
2819967,123100,2025-05-13 08:00:00,4,validation
2819964,123103,2025-05-13 10:00:00,4,validation
2819964,123105,2025-05-13 10:00:00,4,validation
2819964,123107,2025-05-13 10:00:00,4,validation
2819965,123102,2025-05-13 10:10:00,4,validation
2819965,123104,2025-05-13 10:10:00,4,validation
2819963,123106,2025-05-13 11:55:00,4,validation
2819963,123108,2025-05-13 11:55:00,4,validation
2819962,123109,2025-05-13 13:55:00,4,validation
2819962,123110,2025-05-13 13:55:00,4,validation
2808943,123111,2025-05-13 14:00:00,4,validation
2808943,123112,2025-05-13 14:00:00,4,validation
2808941,123113,2025-05-13 20:45:00,4,validation
2808941,123114,2025-05-13 20:45:00,4,validation
2808941,123115,2025-05-13 20:45:00,4,validation
2831806,123116,2025-05-14 08:00:00,4,validation
2831805,123117,2025-05-14 10:10:00,4,validation
2831805,123118,2025-05-14 10:10:00,4,validation
2831804,123119,2025-05-14 12:05:00,4,validation
2831804,123120,2025-05-14 12:05:00,4,validation
2831804,123121,2025-05-14 12:05:00,4,validation
2845164,123144,2025-05-16 08:00:00,4,validation
2845164,123145,2025-05-16 08:00:00,4,validation
2845163,123146,2025-05-16 11:00:00,4,validation
2845163,123147,2025-05-16 11:00:00,4,validation
2845163,123148,2025-05-16 11:00:00,4,validation
2845162,123149,2025-05-16 14:55:00,4,validation
2845162,123150,2025-05-16 14:55:00,4,validation
2845161,123151,2025-05-16 18:00:00,4,validation
2845161,123152,2025-05-16 18:00:00,4,validation
2872818,123138,2025-05-17 13:00:00,4,validation
2872818,123139,2025-05-17 13:00:00,4,validation
2872818,123140,2025-05-17 13:00:00,4,validation
2875927,123141,2025-05-17 17:00:00,4,validation
2875927,123142,2025-05-17 17:00:00,4,validation
2875927,123143,2025-05-17 17:00:00,4,validation
2886630,123135,2025-05-18 11:00:00,4,validation
2886630,123136,2025-05-18 11:00:00,4,validation
2886630,123137,2025-05-18 11:00:00,4,validation
2886629,123131,2025-05-18 15:00:00,4,validation
2886629,123132,2025-05-18 15:00:00,4,validation
2886629,123133,2025-05-18 15:00:00,4,validation
2886629,123134,2025-05-18 15:00:00,4,validation
2759321,123127,2025-05-19 19:30:00,4,validation
2759321,123128,2025-05-19 19:30:00,4,validation
2759321,123129,2025-05-19 19:30:00,4,validation
2759439,123125,2025-05-19 19:30:00,4,validation
2759439,123126,2025-05-19 19:30:00,4,validation
2759322,123122,2025-05-19 22:00:00,4,validation
2759322,123123,2025-05-19 22:00:00,4,validation
2759440,123124,2025-05-19 23:00:00,4,validation
2759440,123130,2025-05-19 23:00:00,4,validation
2759437,123153,2025-05-20 00:30:00,4,validation
2759437,123155,2025-05-20 00:30:00,4,validation
2759319,123154,2025-05-20 01:00:00,4,validation
2759319,123156,2025-05-20 01:00:00,4,validation
2759320,123157,2025-05-20 03:00:00,4,validation
2759320,123158,2025-05-20 03:00:00,4,validation
2759438,123159,2025-05-20 03:10:00,4,validation
2759438,123160,2025-05-20 03:10:00,4,validation
2759438,123161,2025-05-20 03:10:00,4,validation
2911509,123162,2025-05-20 18:30:00,4,validation
2911509,123165,2025-05-20 18:30:00,4,validation
2911509,123167,2025-05-20 18:30:00,4,validation
2911876,123163,2025-05-20 18:30:00,4,validation
2911876,123164,2025-05-20 18:30:00,4,validation
2911877,123166,2025-05-20 21:00:00,4,validation
2911877,123168,2025-05-20 21:00:00,4,validation
2911510,123169,2025-05-20 22:00:00,4,validation
2911510,123170,2025-05-20 22:00:00,4,validation
2914790,123171,2025-05-20 23:30:00,4,validation
2914790,123173,2025-05-20 23:30:00,4,validation
2914790,123175,2025-05-20 23:30:00,4,validation
2914788,123172,2025-05-21 00:15:00,4,validation
2914788,123174,2025-05-21 00:15:00,4,validation
2914196,123176,2025-05-21 02:15:00,4,validation
2914196,123177,2025-05-21 02:15:00,4,validation
2914198,123178,2025-05-21 03:00:00,4,validation
2914198,123179,2025-05-21 03:00:00,4,validation
2924691,123180,2025-05-21 18:30:00,4,validation
2924691,123182,2025-05-21 18:30:00,4,validation
2924940,123181,2025-05-21 18:30:00,4,validation
2924940,123183,2025-05-21 18:30:00,4,validation
2924940,123184,2025-05-21 18:30:00,4,validation
2925529,123185,2025-05-21 21:00:00,4,validation
2925529,123187,2025-05-21 21:00:00,4,validation
2925529,123188,2025-05-21 21:00:00,4,validation
2925734,123186,2025-05-21 22:00:00,4,validation
2933834,123194,2025-05-22 00:00:00,4,validation
2933834,123195,2025-05-22 00:00:00,4,validation
2924941,123189,2025-05-22 00:50:00,4,validation
2924941,123190,2025-05-22 00:50:00,4,validation
2925735,123191,2025-05-22 03:00:00,4,validation
2925735,123192,2025-05-22 03:00:00,4,validation
2925735,123193,2025-05-22 03:00:00,4,validation
2934857,123197,2025-05-22 03:00:00,4,validation
2934857,123198,2025-05-22 03:00:00,4,validation
2934857,123199,2025-05-22 03:00:00,4,validation
2937089,123200,2025-05-23 21:15:00,4,validation
2937089,123201,2025-05-23 21:15:00,4,validation
2937174,123202,2025-05-24 00:15:00,4,validation
2937174,123203,2025-05-24 00:15:00,4,validation
2937174,123204,2025-05-24 00:15:00,4,validation
2954629,123205,2025-05-24 21:15:00,4,validation
2954629,123206,2025-05-24 21:15:00,4,validation
2956206,123207,2025-05-25 00:15:00,4,validation
2956206,123208,2025-05-25 00:15:00,4,validation
2956206,123209,2025-05-25 00:15:00,4,validation
2954685,123210,2025-05-25 17:30:00,4,validation
2965980,123211,2025-05-25 22:30:00,4,validation
2965980,123212,2025-05-25 22:30:00,4,validation
2965980,123213,2025-05-25 22:30:00,4,validation
2974327,123214,2025-05-26 14:30:00,4,validation
2974327,123215,2025-05-26 14:30:00,4,validation
2989122,123216,2025-05-28 20:30:00,4,validation
2989122,123217,2025-05-28 20:30:00,4,validation
2989122,123218,2025-05-28 20:30:00,4,validation
2996264,123219,2025-05-30 15:00:00,4,validation
2996264,123220,2025-05-30 15:00:00,4,validation
2996264,123221,2025-05-30 15:00:00,4,validation
3009336,123222,2025-05-31 18:45:00,4,validation
3009336,123223,2025-05-31 18:45:00,4,validation
3011220,123224,2025-05-31 21:00:00,4,validation
3011220,123225,2025-05-31 21:00:00,4,validation
3011220,123226,2025-05-31 21:00:00,4,validation
2731603,123228,2025-06-03 18:00:00,4,validation
2731604,123227,2025-06-03 18:00:00,4,validation
2731602,123229,2025-06-03 19:15:00,4,validation
2731601,123230,2025-06-03 19:30:00,4,validation
2731600,123231,2025-06-03 20:30:00,4,validation
2942891,123232,2025-06-03 20:30:00,4,validation
2942814,123234,2025-06-03 21:45:00,4,validation
2942890,123233,2025-06-03 21:45:00,4,validation
3036648,123236,2025-06-03 23:30:00,4,validation
3036649,123235,2025-06-03 23:30:00,4,validation
3036645,123238,2025-06-04 00:25:00,4,validation
3036647,123237,2025-06-04 00:40:00,4,validation
3036646,123239,2025-06-04 01:40:00,4,validation
3037940,123240,2025-06-04 18:00:00,4,validation
3037938,123245,2025-06-04 18:55:00,4,validation
3037939,123242,2025-06-04 19:00:00,4,validation
3037937,123243,2025-06-04 19:45:00,4,validation
3037937,123246,2025-06-04 19:45:00,4,validation
3037937,123248,2025-06-04 19:45:00,4,validation
3037936,123244,2025-06-04 20:00:00,4,validation
3037936,123247,2025-06-04 20:00:00,4,validation
3037936,123249,2025-06-04 20:00:00,4,validation
3037935,123250,2025-06-04 22:45:00,4,validation
3037935,123252,2025-06-04 22:45:00,4,validation
3037934,123251,2025-06-04 23:00:00,4,validation
3037934,123253,2025-06-04 23:00:00,4,validation
3037934,123254,2025-06-04 23:00:00,4,validation
3042373,123257,2025-06-05 18:00:00,4,validation
3042374,123255,2025-06-05 18:00:00,4,validation
3042374,123256,2025-06-05 18:00:00,4,validation
3042372,123258,2025-06-05 20:10:00,4,validation
3042372,123260,2025-06-05 20:10:00,4,validation
3042371,123259,2025-06-05 20:30:00,4,validation
3042371,123261,2025-06-05 20:30:00,4,validation
3042371,123263,2025-06-05 20:30:00,4,validation
3042369,123262,2025-06-05 21:50:00,4,validation
3042369,123264,2025-06-05 21:50:00,4,validation
3042370,123265,2025-06-05 23:55:00,4,validation
3042370,123266,2025-06-05 23:55:00,4,validation
3047857,123267,2025-06-06 18:00:00,4,validation
3047857,123268,2025-06-06 18:00:00,4,validation
3047856,123269,2025-06-06 21:05:00,4,validation
3047856,123270,2025-06-06 21:05:00,4,validation
3047887,123271,2025-06-06 23:00:00,4,validation
3047887,123272,2025-06-06 23:00:00,4,validation
3047887,123273,2025-06-06 23:00:00,4,validation
3051909,136376,2025-06-07 18:00:00,4,validation
3051907,123278,2025-06-07 19:00:00,4,validation
3051904,123277,2025-06-07 19:40:00,4,validation
3051905,123279,2025-06-07 20:00:00,4,validation
3051903,123281,2025-06-07 20:30:00,4,validation
3051902,123282,2025-06-07 20:55:00,4,validation
3055360,123283,2025-06-07 22:30:00,4,validation
3055361,123284,2025-06-07 22:30:00,4,validation
3055358,123286,2025-06-07 23:20:00,4,validation
3055359,123285,2025-06-07 23:40:00,4,validation
3055357,123287,2025-06-08 00:20:00,4,validation
3055355,123288,2025-06-08 00:30:00,4,validation
3055356,123289,2025-06-08 01:15:00,4,validation
3055354,123290,2025-06-08 01:35:00,4,validation
3055950,123292,2025-06-08 18:00:00,4,validation
3055951,123291,2025-06-08 18:00:00,4,validation
3055949,123293,2025-06-08 18:55:00,4,validation
3055948,123294,2025-06-08 19:00:00,4,validation
3055947,123295,2025-06-08 19:50:00,4,validation
3055947,123297,2025-06-08 19:50:00,4,validation
3055946,123296,2025-06-08 20:05:00,4,validation
3055946,123298,2025-06-08 20:05:00,4,validation
3055945,123299,2025-06-08 22:00:00,4,validation
3055945,123301,2025-06-08 22:00:00,4,validation
3055945,123303,2025-06-08 22:00:00,4,validation
3055944,123300,2025-06-08 22:50:00,4,validation
3055944,123302,2025-06-08 22:50:00,4,validation
3058167,123305,2025-06-09 18:00:00,4,validation
3058167,123306,2025-06-09 18:00:00,4,validation
3058168,123304,2025-06-09 18:00:00,4,validation
3058168,123307,2025-06-09 18:00:00,4,validation
3058168,123309,2025-06-09 18:00:00,4,validation
3058166,123308,2025-06-09 19:50:00,4,validation
3058166,123310,2025-06-09 19:50:00,4,validation
3058165,123318,2025-06-09 21:35:00,4,validation
3058165,123319,2025-06-09 21:35:00,4,validation
3058165,123320,2025-06-09 21:35:00,4,validation
3058163,123312,2025-06-09 21:45:00,4,validation
3058163,123313,2025-06-09 21:45:00,4,validation
3058163,123315,2025-06-09 21:45:00,4,validation
3058164,123316,2025-06-10 01:45:00,4,validation
3058164,123317,2025-06-10 01:45:00,4,validation
3062479,123321,2025-06-10 18:00:00,4,validation
3062479,123322,2025-06-10 18:00:00,4,validation
3062478,123323,2025-06-10 20:30:00,4,validation
3062478,123324,2025-06-10 20:30:00,4,validation
3062477,123325,2025-06-10 23:30:00,4,validation
3062477,123326,2025-06-10 23:30:00,4,validation
3067307,123328,2025-06-12 18:00:00,4,validation
3067308,123327,2025-06-12 18:00:00,4,validation
3067306,123329,2025-06-12 18:55:00,4,validation
3067305,123330,2025-06-12 19:10:00,4,validation
3067303,123331,2025-06-12 19:45:00,4,validation
3067304,123332,2025-06-12 20:00:00,4,validation
3067302,123333,2025-06-12 20:45:00,4,validation
3067301,123334,2025-06-12 21:05:00,4,validation
3079155,123335,2025-06-12 22:30:00,4,validation
3079157,123336,2025-06-12 22:30:00,4,validation
3079156,123338,2025-06-12 23:35:00,4,validation
3079158,123337,2025-06-12 23:40:00,4,validation
3079153,123339,2025-06-13 01:00:00,4,validation
3079152,123340,2025-06-13 01:40:00,4,validation
3079151,123341,2025-06-13 01:50:00,4,validation
3080412,123343,2025-06-13 18:00:00,4,validation
3080413,123342,2025-06-13 18:00:00,4,validation
3080411,123344,2025-06-13 18:45:00,4,validation
3080410,123345,2025-06-13 19:00:00,4,validation
3080409,123347,2025-06-13 19:35:00,4,validation
3080409,123349,2025-06-13 19:35:00,4,validation
3080408,123346,2025-06-13 19:55:00,4,validation
3080408,123348,2025-06-13 19:55:00,4,validation
3080406,123350,2025-06-13 21:40:00,4,validation
3080406,123353,2025-06-13 21:40:00,4,validation
3080406,123354,2025-06-13 21:40:00,4,validation
3080407,123351,2025-06-13 21:40:00,4,validation
3080407,123352,2025-06-13 21:40:00,4,validation
3080407,123355,2025-06-13 21:40:00,4,validation
3085896,123359,2025-06-14 18:00:00,4,validation
3085896,123360,2025-06-14 18:00:00,4,validation
3085897,123356,2025-06-14 18:00:00,4,validation
3085897,123357,2025-06-14 18:00:00,4,validation
3085897,123358,2025-06-14 18:00:00,4,validation
3085894,123361,2025-06-14 20:25:00,4,validation
3085894,123364,2025-06-14 20:25:00,4,validation
3085894,123366,2025-06-14 20:25:00,4,validation
3085895,123362,2025-06-14 20:30:00,4,validation
3085895,123363,2025-06-14 20:30:00,4,validation
3085892,123365,2025-06-14 22:25:00,4,validation
3085893,123367,2025-06-14 23:45:00,4,validation
3085893,123368,2025-06-14 23:45:00,4,validation
3093618,123369,2025-06-15 18:00:00,4,validation
3093618,123370,2025-06-15 18:00:00,4,validation
3093618,123371,2025-06-15 18:00:00,4,validation
3093617,123372,2025-06-15 21:15:00,4,validation
3093617,123375,2025-06-15 21:15:00,4,validation
3085568,123373,2025-06-15 22:15:00,4,validation
3085568,123374,2025-06-15 22:15:00,4,validation
3093616,123376,2025-06-16 00:45:00,4,validation
3093616,123377,2025-06-16 00:45:00,4,validation
3093616,123378,2025-06-16 00:45:00,4,validation
3099264,123391,2025-06-19 22:00:00,4,validation
3099264,123392,2025-06-19 22:00:00,4,validation
3099264,123393,2025-06-19 22:00:00,4,validation
3099261,123394,2025-06-20 03:20:00,4,validation
3099261,123395,2025-06-20 03:20:00,4,validation
3099261,123396,2025-06-20 03:20:00,4,validation
3099263,123397,2025-06-20 21:10:00,4,validation
3099263,123398,2025-06-20 21:10:00,4,validation
3099262,123399,2025-06-21 00:15:00,4,validation
3099262,123400,2025-06-21 00:15:00,4,validation
3122295,123401,2025-06-21 21:00:00,4,validation
3122295,123402,2025-06-21 21:00:00,4,validation
3122295,123403,2025-06-21 21:00:00,4,validation
3122996,123404,2025-06-22 00:50:00,4,validation
3122996,123405,2025-06-22 00:50:00,4,validation
3127838,123406,2025-06-22 22:30:00,4,validation
3127838,123407,2025-06-22 22:30:00,4,validation
3127838,123408,2025-06-22 22:30:00,4,validation
3189462,123409,2025-07-15 12:00:00,4,validation
3189462,123412,2025-07-15 12:00:00,4,validation
3189462,123413,2025-07-15 12:00:00,4,validation
3189496,123410,2025-07-15 12:00:00,4,validation
3189496,123411,2025-07-15 12:00:00,4,validation
3189495,123414,2025-07-15 15:00:00,4,validation
3189495,123415,2025-07-15 15:00:00,4,validation
3189461,123416,2025-07-15 16:15:00,4,validation
3189461,123417,2025-07-15 16:15:00,4,validation
3189492,123418,2025-07-15 17:25:00,4,validation
3189492,123419,2025-07-15 17:25:00,4,validation
3189492,123421,2025-07-15 17:25:00,4,validation
3189494,123420,2025-07-15 19:00:00,4,validation
3189494,123422,2025-07-15 19:00:00,4,validation
3189491,123423,2025-07-15 21:35:00,4,validation
3189491,123425,2025-07-15 21:35:00,4,validation
3189491,123427,2025-07-15 21:35:00,4,validation
3189493,123424,2025-07-15 22:30:00,4,validation
3189493,123426,2025-07-15 22:30:00,4,validation
3259053,123428,2025-07-16 12:00:00,4,validation
3259053,123429,2025-07-16 12:00:00,4,validation
3259439,123430,2025-07-16 12:00:00,4,validation
3259439,123431,2025-07-16 12:00:00,4,validation
3259438,123432,2025-07-16 14:20:00,4,validation
3259438,123433,2025-07-16 14:20:00,4,validation
3259052,123434,2025-07-16 15:00:00,4,validation
3259052,123435,2025-07-16 15:00:00,4,validation
3259052,123437,2025-07-16 15:00:00,4,validation
3260974,123436,2025-07-16 17:05:00,4,validation
3260972,123438,2025-07-16 19:05:00,4,validation
3260972,123439,2025-07-16 19:05:00,4,validation
3260973,123440,2025-07-16 20:00:00,4,validation
3260973,123441,2025-07-16 20:00:00,4,validation
3260973,123442,2025-07-16 20:00:00,4,validation
3260971,123443,2025-07-16 23:00:00,4,validation
3260971,123444,2025-07-16 23:00:00,4,validation
3260971,123445,2025-07-16 23:00:00,4,validation
3266479,123446,2025-07-17 12:00:00,4,validation
3266479,123447,2025-07-17 12:00:00,4,validation
3265952,123448,2025-07-17 15:00:00,4,validation
3265952,123449,2025-07-17 15:00:00,4,validation
3271267,123450,2025-07-17 18:45:00,4,validation
3271267,123451,2025-07-17 18:45:00,4,validation
3267467,123452,2025-07-17 20:25:00,4,validation
3267467,123453,2025-07-17 20:25:00,4,validation
3268170,123454,2025-07-17 23:25:00,4,validation
3272914,123455,2025-07-18 11:00:00,4,validation
3272913,123456,2025-07-18 13:50:00,4,validation
3272913,123457,2025-07-18 13:50:00,4,validation
3272913,123458,2025-07-18 13:50:00,4,validation
3272912,123459,2025-07-18 18:15:00,4,validation
3272912,123460,2025-07-18 18:15:00,4,validation
3272911,123461,2025-07-18 21:30:00,4,validation
3272911,123462,2025-07-18 21:30:00,4,validation
3272911,123463,2025-07-18 21:30:00,4,validation
3276080,123464,2025-07-19 15:00:00,4,validation
3276080,123465,2025-07-19 15:00:00,4,validation
3277720,123466,2025-07-19 18:40:00,4,validation
3277720,123467,2025-07-19 18:40:00,4,validation
3283885,123468,2025-07-20 16:00:00,4,validation
3283885,123469,2025-07-20 16:00:00,4,validation
3283885,123470,2025-07-20 16:00:00,4,validation
3283885,123471,2025-07-20 16:00:00,4,validation
3230304,123472,2025-07-23 11:30:00,4,validation
3230304,123473,2025-07-23 11:30:00,4,validation
3230305,123474,2025-07-23 11:30:00,4,validation
3230305,123475,2025-07-23 11:30:00,4,validation
3230302,123477,2025-07-23 14:00:00,4,validation
3230302,123479,2025-07-23 14:00:00,4,validation
3230302,123480,2025-07-23 14:00:00,4,validation
3230303,123476,2025-07-23 14:00:00,4,validation
3230303,123478,2025-07-23 14:00:00,4,validation
3230307,123481,2025-07-23 17:30:00,4,validation
3230307,123483,2025-07-23 17:30:00,4,validation
3230309,123482,2025-07-23 18:30:00,4,validation
3230309,123485,2025-07-23 18:30:00,4,validation
3230306,123484,2025-07-23 19:30:00,4,validation
3230306,123486,2025-07-23 19:30:00,4,validation
3230306,123488,2025-07-23 19:30:00,4,validation
3230308,123487,2025-07-23 20:45:00,4,validation
3230308,123489,2025-07-23 20:45:00,4,validation
3310146,123492,2025-07-24 14:30:00,4,validation
3310147,123490,2025-07-24 14:30:00,4,validation
3310147,123491,2025-07-24 14:30:00,4,validation
3310147,123493,2025-07-24 14:30:00,4,validation
3311603,123494,2025-07-24 17:00:00,4,validation
3311603,123496,2025-07-24 17:00:00,4,validation
3311603,123498,2025-07-24 17:00:00,4,validation
3312707,123495,2025-07-24 18:00:00,4,validation
3312707,123497,2025-07-24 18:00:00,4,validation
3312756,123499,2025-07-24 20:00:00,4,validation
3312756,123501,2025-07-24 20:00:00,4,validation
3312756,123503,2025-07-24 20:00:00,4,validation
3312708,123500,2025-07-24 20:45:00,4,validation
3312708,123502,2025-07-24 20:45:00,4,validation
3311601,123504,2025-07-25 14:30:00,4,validation
3311601,123507,2025-07-25 14:30:00,4,validation
3312758,123505,2025-07-25 14:30:00,4,validation
3312758,123506,2025-07-25 14:30:00,4,validation
3312758,123508,2025-07-25 14:30:00,4,validation
3320304,123509,2025-07-25 17:00:00,4,validation
3320304,123510,2025-07-25 17:00:00,4,validation
3320304,123512,2025-07-25 17:00:00,4,validation
3320168,123511,2025-07-25 17:35:00,4,validation
3320168,123513,2025-07-25 17:35:00,4,validation
3319459,123516,2025-07-25 19:50:00,4,validation
3319459,123517,2025-07-25 19:50:00,4,validation
3325279,123514,2025-07-25 19:50:00,4,validation
3325279,123515,2025-07-25 19:50:00,4,validation
3325279,123518,2025-07-25 19:50:00,4,validation
3326400,123520,2025-07-26 14:30:00,4,validation
3326400,123522,2025-07-26 14:30:00,4,validation
3326401,123519,2025-07-26 14:30:00,4,validation
3326401,123521,2025-07-26 14:30:00,4,validation
3326399,123523,2025-07-26 17:00:00,4,validation
3326399,123525,2025-07-26 17:00:00,4,validation
3326402,123524,2025-07-26 17:00:00,4,validation
3326402,123526,2025-07-26 17:00:00,4,validation
3326360,123529,2025-07-26 19:30:00,4,validation
3326360,123530,2025-07-26 19:30:00,4,validation
3326361,123527,2025-07-26 19:30:00,4,validation
3326361,123528,2025-07-26 19:30:00,4,validation
3326361,123531,2025-07-26 19:30:00,4,validation
3326359,123533,2025-07-27 14:30:00,4,validation
3326359,123535,2025-07-27 14:30:00,4,validation
3326398,123532,2025-07-27 14:30:00,4,validation
3326398,123534,2025-07-27 14:30:00,4,validation
3332474,123536,2025-07-27 17:00:00,4,validation
3332474,123539,2025-07-27 17:00:00,4,validation
3332474,123541,2025-07-27 17:00:00,4,validation
3332475,123537,2025-07-27 17:00:00,4,validation
3332475,123538,2025-07-27 17:00:00,4,validation
3332592,123540,2025-07-27 19:30:00,4,validation
3332590,123542,2025-07-27 21:00:00,4,validation
3332590,123543,2025-07-27 21:00:00,4,validation
3339652,123545,2025-07-28 14:30:00,4,validation
3339652,123547,2025-07-28 14:30:00,4,validation
3339818,123544,2025-07-28 14:30:00,4,validation
3339818,123546,2025-07-28 14:30:00,4,validation
3339651,123548,2025-07-28 17:00:00,4,validation
3339651,123550,2025-07-28 17:00:00,4,validation
3339820,123549,2025-07-28 17:00:00,4,validation
3339820,123551,2025-07-28 17:00:00,4,validation
3342116,123553,2025-07-28 19:30:00,4,validation
3342116,123554,2025-07-28 19:30:00,4,validation
3342690,123552,2025-07-28 19:30:00,4,validation
3342690,123555,2025-07-28 19:30:00,4,validation
3342690,123556,2025-07-28 19:30:00,4,validation
3353530,123557,2025-07-29 14:30:00,4,validation
3353530,123560,2025-07-29 14:30:00,4,validation
3353530,123561,2025-07-29 14:30:00,4,validation
3355158,123558,2025-07-29 14:30:00,4,validation
3355158,123559,2025-07-29 14:30:00,4,validation
3355156,123562,2025-07-29 17:00:00,4,validation
3355156,123565,2025-07-29 17:00:00,4,validation
3355156,123567,2025-07-29 17:00:00,4,validation
3342115,123563,2025-07-29 17:35:00,4,validation
3342115,123564,2025-07-29 17:35:00,4,validation
3368815,123566,2025-07-29 19:35:00,4,validation
3368815,123568,2025-07-29 19:35:00,4,validation
3356942,123569,2025-07-29 21:15:00,4,validation
3356942,123570,2025-07-29 21:15:00,4,validation
3330359,123571,2025-08-01 12:00:00,4,validation
3330359,123572,2025-08-01 12:00:00,4,validation
3330359,123573,2025-08-01 12:00:00,4,validation
3371840,123574,2025-08-01 16:45:00,4,validation
3372417,123575,2025-08-01 20:10:00,4,validation
3372417,123576,2025-08-01 20:10:00,4,validation
3372417,123577,2025-08-01 20:10:00,4,validation
3412335,123578,2025-08-02 15:00:00,4,validation
3412335,123581,2025-08-02 15:00:00,4,validation
3413147,123579,2025-08-02 16:45:00,4,validation
3413147,123580,2025-08-02 16:45:00,4,validation
3413147,123582,2025-08-02 16:45:00,4,validation
3415817,123583,2025-08-02 20:45:00,4,validation
3415817,123584,2025-08-02 20:45:00,4,validation
3419626,123585,2025-08-03 17:45:00,4,validation
3419626,123588,2025-08-03 17:45:00,4,validation
3428769,123586,2025-08-03 18:00:00,4,validation
3428769,123590,2025-08-03 18:00:00,4,validation
3430045,123587,2025-08-03 18:00:00,4,validation
3430045,123589,2025-08-03 18:00:00,4,validation
3444815,123591,2025-08-04 21:00:00,4,validation
3444815,123592,2025-08-04 21:00:00,4,validation
3444815,123593,2025-08-04 21:00:00,4,validation
3412972,123594,2025-08-05 21:30:00,4,validation
3412972,123595,2025-08-05 21:30:00,4,validation
3412967,123596,2025-08-06 13:00:00,4,validation
3412967,123597,2025-08-06 13:00:00,4,validation
3412971,123598,2025-08-06 16:00:00,4,validation
3412971,123599,2025-08-06 16:00:00,4,validation
3412971,123600,2025-08-06 16:00:00,4,validation
3412874,123601,2025-08-06 19:15:00,4,validation
3412874,123602,2025-08-06 19:15:00,4,validation
3412874,123603,2025-08-06 19:15:00,4,validation
3412966,123604,2025-08-06 22:25:00,4,validation
3412966,123605,2025-08-06 22:25:00,4,validation
3412970,123606,2025-08-07 13:00:00,4,validation
3412970,123607,2025-08-07 13:00:00,4,validation
3412875,123608,2025-08-07 15:05:00,4,validation
3412875,123609,2025-08-07 15:05:00,4,validation
3412875,123610,2025-08-07 15:05:00,4,validation
3412962,123611,2025-08-07 21:35:00,4,validation
3412962,123612,2025-08-07 21:35:00,4,validation
3412962,123613,2025-08-07 21:35:00,4,validation
3412974,123614,2025-08-08 12:00:00,4,validation
3412974,123615,2025-08-08 12:00:00,4,validation
3412974,123616,2025-08-08 12:00:00,4,validation
3412973,123617,2025-08-08 15:05:00,4,validation
3412973,123618,2025-08-08 15:05:00,4,validation
3412876,123619,2025-08-08 17:25:00,4,validation
3412876,123620,2025-08-08 17:25:00,4,validation
3519852,123621,2025-08-09 13:00:00,4,validation
3519852,123624,2025-08-09 13:00:00,4,validation
3519852,123625,2025-08-09 13:00:00,4,validation
3473644,123622,2025-08-09 13:30:00,4,validation
3473644,123628,2025-08-09 13:30:00,4,validation
3436438,123623,2025-08-09 14:00:00,4,validation
3436438,123627,2025-08-09 14:00:00,4,validation
3436438,123630,2025-08-09 14:00:00,4,validation
3516310,123626,2025-08-09 14:00:00,4,validation
3516310,123629,2025-08-09 14:00:00,4,validation
3516310,123631,2025-08-09 14:00:00,4,validation
3519851,123632,2025-08-09 16:10:00,4,validation
3519851,123633,2025-08-09 16:10:00,4,validation
3519851,123636,2025-08-09 16:10:00,4,validation
3519222,123634,2025-08-09 17:30:00,4,validation
3519222,123635,2025-08-09 17:30:00,4,validation
3519850,123637,2025-08-09 19:40:00,4,validation
3519850,123639,2025-08-09 19:40:00,4,validation
3519850,123641,2025-08-09 19:40:00,4,validation
3517670,123638,2025-08-09 20:00:00,4,validation
3517670,123640,2025-08-09 20:00:00,4,validation
3519849,123642,2025-08-09 23:00:00,4,validation
3519849,123643,2025-08-09 23:00:00,4,validation
3519849,123644,2025-08-09 23:00:00,4,validation
3519848,123645,2025-08-10 13:00:00,4,validation
3519847,123646,2025-08-10 15:20:00,4,validation
3519845,123647,2025-08-10 19:15:00,4,validation
3519845,123648,2025-08-10 19:15:00,4,validation
3553411,123649,2025-08-10 22:30:00,4,validation
3553411,123650,2025-08-10 22:30:00,4,validation
3553411,123651,2025-08-10 22:30:00,4,validation
3473645,123652,2025-08-11 17:30:00,4,validation
3500693,123653,2025-08-11 20:00:00,4,validation
3500693,123654,2025-08-11 20:00:00,4,validation
3500693,123655,2025-08-11 20:00:00,4,validation
3515933,123666,2025-08-12 14:00:00,4,validation
3515933,123667,2025-08-12 14:00:00,4,validation
3515933,123669,2025-08-12 14:00:00,4,validation
3561820,123664,2025-08-12 14:00:00,4,validation
3561820,123665,2025-08-12 14:00:00,4,validation
3561820,123670,2025-08-12 14:00:00,4,validation
3580831,123656,2025-08-12 14:00:00,4,validation
3580831,123657,2025-08-12 14:00:00,4,validation
3500684,123675,2025-08-12 20:00:00,4,validation
3500684,123680,2025-08-12 20:00:00,4,validation
3500684,123691,2025-08-12 20:00:00,4,validation
3500685,123674,2025-08-12 20:00:00,4,validation
3500685,123683,2025-08-12 20:00:00,4,validation
3500686,123673,2025-08-12 20:00:00,4,validation
3500686,123684,2025-08-12 20:00:00,4,validation
3500687,123672,2025-08-12 20:00:00,4,validation
3500687,123685,2025-08-12 20:00:00,4,validation
3500688,123678,2025-08-12 20:00:00,4,validation
3500688,123687,2025-08-12 20:00:00,4,validation
3500688,123694,2025-08-12 20:00:00,4,validation
3500689,123671,2025-08-12 20:00:00,4,validation
3500689,123686,2025-08-12 20:00:00,4,validation
3500689,123693,2025-08-12 20:00:00,4,validation
3500690,123677,2025-08-12 20:00:00,4,validation
3500690,123682,2025-08-12 20:00:00,4,validation
3500691,123676,2025-08-12 20:00:00,4,validation
3500691,123681,2025-08-12 20:00:00,4,validation
3500691,123689,2025-08-12 20:00:00,4,validation
3561818,123679,2025-08-12 20:00:00,4,validation
3561818,123690,2025-08-12 20:00:00,4,validation
3580829,123688,2025-08-12 20:25:00,4,validation
3580829,123692,2025-08-12 20:25:00,4,validation
3581495,123695,2025-08-13 13:00:00,4,validation
3581495,123697,2025-08-13 13:00:00,4,validation
3581495,123699,2025-08-13 13:00:00,4,validation
3581497,123696,2025-08-13 13:00:00,4,validation
3575108,123698,2025-08-13 14:00:00,4,validation
3575108,123702,2025-08-13 14:00:00,4,validation
3575108,123707,2025-08-13 14:00:00,4,validation
3580825,123700,2025-08-13 14:00:00,4,validation
3580825,123701,2025-08-13 14:00:00,4,validation
3591933,123703,2025-08-13 14:00:00,4,validation
3591933,123704,2025-08-13 14:00:00,4,validation
3591933,123709,2025-08-13 14:00:00,4,validation
3581496,123705,2025-08-13 16:00:00,4,validation
3581496,123711,2025-08-13 16:00:00,4,validation
3581494,123706,2025-08-13 16:30:00,4,validation
3581494,123712,2025-08-13 16:30:00,4,validation
3580826,123708,2025-08-13 17:00:00,4,validation
3580826,123710,2025-08-13 17:00:00,4,validation
3577594,123719,2025-08-13 20:00:00,4,validation
3577594,123725,2025-08-13 20:00:00,4,validation
3578939,123713,2025-08-13 20:00:00,4,validation
3578939,123720,2025-08-13 20:00:00,4,validation
3580827,123718,2025-08-13 20:00:00,4,validation
3580827,123721,2025-08-13 20:00:00,4,validation
3580827,123728,2025-08-13 20:00:00,4,validation
3598082,123714,2025-08-13 20:00:00,4,validation
3598082,123726,2025-08-13 20:00:00,4,validation
3598582,123716,2025-08-13 20:00:00,4,validation
3598582,123727,2025-08-13 20:00:00,4,validation
3598709,123717,2025-08-13 20:00:00,4,validation
3598709,123722,2025-08-13 20:00:00,4,validation
3599099,123715,2025-08-13 20:00:00,4,validation
3599099,123723,2025-08-13 20:00:00,4,validation
3598523,123724,2025-08-13 21:00:00,4,validation
3581491,123730,2025-08-14 13:00:00,4,validation
3581491,123732,2025-08-14 13:00:00,4,validation
3581493,123729,2025-08-14 13:00:00,4,validation
3581493,123734,2025-08-14 13:00:00,4,validation
3614693,123733,2025-08-14 13:30:00,4,validation
3614693,123735,2025-08-14 13:30:00,4,validation
3619341,123731,2025-08-14 14:00:00,4,validation
3619341,123736,2025-08-14 14:00:00,4,validation
3581490,123739,2025-08-14 16:00:00,4,validation
3581490,123742,2025-08-14 16:00:00,4,validation
3581490,123747,2025-08-14 16:00:00,4,validation
3581492,123737,2025-08-14 16:00:00,4,validation
3581492,123738,2025-08-14 16:00:00,4,validation
3617672,123741,2025-08-14 17:00:00,4,validation
3617672,123745,2025-08-14 17:00:00,4,validation
3619452,123743,2025-08-14 17:00:00,4,validation
3619452,123746,2025-08-14 17:00:00,4,validation
3617671,123749,2025-08-14 19:20:00,4,validation
3617671,123757,2025-08-14 19:20:00,4,validation
3577593,123750,2025-08-14 20:00:00,4,validation
3577593,123765,2025-08-14 20:00:00,4,validation
3577593,123766,2025-08-14 20:00:00,4,validation
3578203,123759,2025-08-14 20:00:00,4,validation
3578203,123769,2025-08-14 20:00:00,4,validation
3578936,123755,2025-08-14 20:00:00,4,validation
3578936,123767,2025-08-14 20:00:00,4,validation
3589775,123753,2025-08-14 20:00:00,4,validation
3589775,123763,2025-08-14 20:00:00,4,validation
3598077,123760,2025-08-14 20:00:00,4,validation
3598077,123768,2025-08-14 20:00:00,4,validation
3598077,123772,2025-08-14 20:00:00,4,validation
3598577,123754,2025-08-14 20:00:00,4,validation
3598577,123764,2025-08-14 20:00:00,4,validation
3598577,123771,2025-08-14 20:00:00,4,validation
3598702,123751,2025-08-14 20:00:00,4,validation
3598702,123758,2025-08-14 20:00:00,4,validation
3599091,123756,2025-08-14 20:00:00,4,validation
3599091,123761,2025-08-14 20:00:00,4,validation
3619451,123752,2025-08-14 20:00:00,4,validation
3619451,123762,2025-08-14 20:00:00,4,validation
3619451,123770,2025-08-14 20:00:00,4,validation
3619450,123773,2025-08-15 11:00:00,4,validation
3619450,123774,2025-08-15 11:00:00,4,validation
3619450,123775,2025-08-15 11:00:00,4,validation
3619449,123776,2025-08-15 14:30:00,4,validation
3619449,123777,2025-08-15 14:30:00,4,validation
3633108,123778,2025-08-15 16:00:00,4,validation
3633108,123779,2025-08-15 16:00:00,4,validation
3633108,123785,2025-08-15 16:00:00,4,validation
3615795,123780,2025-08-15 17:00:00,4,validation
3615795,123784,2025-08-15 17:00:00,4,validation
3617670,123781,2025-08-15 17:00:00,4,validation
3617670,123787,2025-08-15 17:00:00,4,validation
3619448,123782,2025-08-15 17:00:00,4,validation
3619448,123783,2025-08-15 17:00:00,4,validation
3619448,123786,2025-08-15 17:00:00,4,validation
3617669,123788,2025-08-15 20:20:00,4,validation
3617669,123789,2025-08-15 20:20:00,4,validation
3619447,123790,2025-08-15 23:00:00,4,validation
3619447,123791,2025-08-15 23:00:00,4,validation
3650480,123792,2025-08-16 14:00:00,4,validation
3650480,123793,2025-08-16 14:00:00,4,validation
3646425,123794,2025-08-16 16:00:00,4,validation
3646425,123796,2025-08-16 16:00:00,4,validation
3646425,123798,2025-08-16 16:00:00,4,validation
3634220,123795,2025-08-16 17:00:00,4,validation
3634220,123797,2025-08-16 17:00:00,4,validation
3647997,123799,2025-08-16 19:35:00,4,validation
3647997,123801,2025-08-16 19:35:00,4,validation
3634905,123800,2025-08-16 20:00:00,4,validation
3634905,123802,2025-08-16 20:00:00,4,validation
3634905,123803,2025-08-16 20:00:00,4,validation
3661826,123804,2025-08-17 16:00:00,4,validation
3661345,123805,2025-08-17 17:00:00,4,validation
3661345,123806,2025-08-17 17:00:00,4,validation
3661345,123807,2025-08-17 17:00:00,4,validation
3661827,123811,2025-08-17 19:00:00,4,validation
3661827,123812,2025-08-17 19:00:00,4,validation
3661825,123808,2025-08-17 20:00:00,4,validation
3661825,123809,2025-08-17 20:00:00,4,validation
3661825,123810,2025-08-17 20:00:00,4,validation
3672276,123813,2025-08-18 13:30:00,4,validation
3672276,123814,2025-08-18 13:30:00,4,validation
3691331,123817,2025-08-20 11:00:00,4,validation
3691331,123818,2025-08-20 11:00:00,4,validation
3691331,123820,2025-08-20 11:00:00,4,validation
3694395,123819,2025-08-20 11:00:00,4,validation
3696203,123815,2025-08-20 11:00:00,4,validation
3696203,123816,2025-08-20 11:00:00,4,validation
3709230,123821,2025-08-20 13:30:00,4,validation
3709230,123830,2025-08-20 13:30:00,4,validation
3518490,123825,2025-08-20 14:00:00,4,validation
3518490,123828,2025-08-20 14:00:00,4,validation
3518491,123824,2025-08-20 14:00:00,4,validation
3518491,123829,2025-08-20 14:00:00,4,validation
3694394,123823,2025-08-20 14:00:00,4,validation
3694394,123826,2025-08-20 14:00:00,4,validation
3696202,123822,2025-08-20 14:00:00,4,validation
3696202,123827,2025-08-20 14:00:00,4,validation
3691330,123834,2025-08-20 17:00:00,4,validation
3691330,123840,2025-08-20 17:00:00,4,validation
3694393,123832,2025-08-20 17:00:00,4,validation
3694393,123835,2025-08-20 17:00:00,4,validation
3694393,123842,2025-08-20 17:00:00,4,validation
3696327,123837,2025-08-20 17:00:00,4,validation
3696327,123841,2025-08-20 17:00:00,4,validation
3706025,123831,2025-08-20 17:10:00,4,validation
3706025,123836,2025-08-20 17:10:00,4,validation
3518492,123833,2025-08-20 17:15:00,4,validation
3518492,123839,2025-08-20 17:15:00,4,validation
3518492,123843,2025-08-20 17:15:00,4,validation
3518493,123838,2025-08-20 18:05:00,4,validation
3518493,123844,2025-08-20 18:05:00,4,validation
3691329,123848,2025-08-20 20:00:00,4,validation
3694392,123845,2025-08-20 20:00:00,4,validation
3694392,123849,2025-08-20 20:00:00,4,validation
3696326,123846,2025-08-20 20:00:00,4,validation
3696326,123851,2025-08-20 20:00:00,4,validation
3518486,123847,2025-08-20 21:00:00,4,validation
3518486,123852,2025-08-20 21:00:00,4,validation
3518486,123854,2025-08-20 21:00:00,4,validation
3518487,123850,2025-08-20 21:15:00,4,validation
3518487,123853,2025-08-20 21:15:00,4,validation
3518487,123855,2025-08-20 21:15:00,4,validation
3709232,123856,2025-08-21 11:00:00,4,validation
3709232,123857,2025-08-21 11:00:00,4,validation
3709232,123860,2025-08-21 11:00:00,4,validation
3729946,123859,2025-08-21 11:00:00,4,validation
3731149,123858,2025-08-21 11:00:00,4,validation
3518488,123861,2025-08-21 14:00:00,4,validation
3518488,123866,2025-08-21 14:00:00,4,validation
3518489,123862,2025-08-21 14:00:00,4,validation
3518489,123865,2025-08-21 14:00:00,4,validation
3518489,123871,2025-08-21 14:00:00,4,validation
3728651,123863,2025-08-21 14:00:00,4,validation
3728651,123869,2025-08-21 14:00:00,4,validation
3731148,123864,2025-08-21 14:00:00,4,validation
3731148,123870,2025-08-21 14:00:00,4,validation
3691326,123873,2025-08-21 17:00:00,4,validation
3691326,123876,2025-08-21 17:00:00,4,validation
3724119,123872,2025-08-21 17:00:00,4,validation
3731147,123874,2025-08-21 17:00:00,4,validation
3731147,123877,2025-08-21 17:00:00,4,validation
3727244,123875,2025-08-21 17:15:00,4,validation
3727244,123878,2025-08-21 17:15:00,4,validation
3727244,123879,2025-08-21 17:15:00,4,validation
3691325,123882,2025-08-21 20:00:00,4,validation
3691325,123884,2025-08-21 20:00:00,4,validation
3706672,123881,2025-08-21 20:00:00,4,validation
3706672,123886,2025-08-21 20:00:00,4,validation
3731146,123880,2025-08-21 20:00:00,4,validation
3731146,123883,2025-08-21 20:00:00,4,validation
3731146,123887,2025-08-21 20:00:00,4,validation
3729139,123885,2025-08-21 21:30:00,4,validation
3729139,123888,2025-08-21 21:30:00,4,validation
3742547,123889,2025-08-22 14:00:00,4,validation
3730986,123890,2025-08-22 17:30:00,4,validation
3730986,123891,2025-08-22 17:30:00,4,validation
3741599,123892,2025-08-22 20:45:00,4,validation
3741599,123893,2025-08-22 20:45:00,4,validation
3741599,123896,2025-08-22 20:45:00,4,validation
3757428,123894,2025-08-22 21:00:00,4,validation
3757428,123895,2025-08-22 21:00:00,4,validation
3748508,123897,2025-08-23 14:00:00,4,validation
3771595,123898,2025-08-23 16:45:00,4,validation
3744954,123899,2025-08-23 17:30:00,4,validation
3744954,123900,2025-08-23 17:30:00,4,validation
3748510,123901,2025-08-23 20:10:00,4,validation
3748510,123902,2025-08-23 20:10:00,4,validation
3748510,123904,2025-08-23 20:10:00,4,validation
3760537,123903,2025-08-23 21:20:00,4,validation
3760537,123905,2025-08-23 21:20:00,4,validation
3778076,123906,2025-08-24 10:00:00,4,validation
3778076,123907,2025-08-24 10:00:00,4,validation
3778076,123908,2025-08-24 10:00:00,4,validation
3778077,123909,2025-08-24 13:40:00,4,validation
3778077,123910,2025-08-24 13:40:00,4,validation
3778077,123911,2025-08-24 13:40:00,4,validation
3661999,123912,2025-08-26 20:00:00,4,validation
3661999,123913,2025-08-26 20:00:00,4,validation
3661999,123914,2025-08-26 20:00:00,4,validation
3795464,123915,2025-08-26 21:15:00,4,validation
3795464,123916,2025-08-26 21:15:00,4,validation
3743622,123917,2025-08-27 13:00:00,4,validation
3743622,123918,2025-08-27 13:00:00,4,validation
3743622,123919,2025-08-27 13:00:00,4,validation
3743621,123920,2025-08-27 16:10:00,4,validation
3743621,123921,2025-08-27 16:10:00,4,validation
3743620,123922,2025-08-27 18:05:00,4,validation
3743620,123923,2025-08-27 18:05:00,4,validation
3743620,123924,2025-08-27 18:05:00,4,validation
3833597,123925,2025-08-27 21:15:00,4,validation
3833597,123928,2025-08-27 21:15:00,4,validation
3743619,123926,2025-08-27 21:30:00,4,validation
3743619,123927,2025-08-27 21:30:00,4,validation
3743708,123929,2025-08-28 13:00:00,4,validation
3743708,123930,2025-08-28 13:00:00,4,validation
3743708,123931,2025-08-28 13:00:00,4,validation
3743707,123932,2025-08-28 16:00:00,4,validation
3743707,123933,2025-08-28 16:00:00,4,validation
3743706,123934,2025-08-28 17:55:00,4,validation
3743706,123935,2025-08-28 17:55:00,4,validation
3743705,123936,2025-08-28 19:40:00,4,validation
3743705,123938,2025-08-28 19:40:00,4,validation
3743705,123940,2025-08-28 19:40:00,4,validation
3851058,123937,2025-08-28 20:00:00,4,validation
3851058,123939,2025-08-28 20:00:00,4,validation
3850294,123941,2025-08-29 13:00:00,4,validation
3850294,123942,2025-08-29 13:00:00,4,validation
3851011,123945,2025-08-29 14:00:00,4,validation
3851011,123946,2025-08-29 14:00:00,4,validation
3851011,123947,2025-08-29 14:00:00,4,validation
3847282,123943,2025-08-29 14:55:00,4,validation
3847282,123944,2025-08-29 14:55:00,4,validation
3847282,123948,2025-08-29 14:55:00,4,validation
3877277,123949,2025-08-29 17:15:00,4,validation
3877277,123951,2025-08-29 17:15:00,4,validation
3847281,123950,2025-08-29 17:50:00,4,validation
3847281,123952,2025-08-29 17:50:00,4,validation
3847281,123953,2025-08-29 17:50:00,4,validation
3877279,123954,2025-08-29 20:40:00,4,validation
3877279,123956,2025-08-29 20:40:00,4,validation
3877279,123958,2025-08-29 20:40:00,4,validation
3850292,123955,2025-08-29 21:10:00,4,validation
3850292,123957,2025-08-29 21:10:00,4,validation
3863930,123959,2025-08-30 06:00:00,4,validation
3863930,123960,2025-08-30 06:00:00,4,validation
3874520,123961,2025-08-30 09:55:00,4,validation
3874520,123962,2025-08-30 09:55:00,4,validation
3862883,123966,2025-08-30 13:00:00,4,validation
3862883,123967,2025-08-30 13:00:00,4,validation
3862883,123968,2025-08-30 13:00:00,4,validation
3881501,123963,2025-08-30 14:00:00,4,validation
3881501,123964,2025-08-30 14:00:00,4,validation
