match_id,datetime,split
10065881,2023-01-10 09:30:00,train
10064132,2023-10-05 20:00:00,train
10064133,2023-10-05 20:00:00,train
10064134,2023-10-05 20:00:00,train
10064135,2023-10-05 20:00:00,train
10064136,2023-10-05 20:00:00,train
10064137,2023-10-06 20:00:00,train
10064138,2023-10-06 20:00:00,train
10064139,2023-10-06 20:00:00,train
10064140,2023-10-06 20:00:00,train
10064141,2023-10-06 20:00:00,train
10064142,2023-10-06 20:00:00,train
10064143,2023-10-06 20:00:00,train
10064144,2023-10-09 16:30:00,train
10064145,2023-10-09 16:30:00,train
10064146,2023-10-09 16:30:00,train
10064147,2023-10-09 16:30:00,train
10064148,2023-10-09 21:00:00,train
10064149,2023-10-09 21:00:00,train
10064150,2023-10-09 21:00:00,train
10064151,2023-10-09 21:00:00,train
10064152,2023-10-10 16:30:00,train
10064153,2023-10-10 16:30:00,train
10064154,2023-10-10 21:00:00,train
10064155,2023-10-10 21:00:00,train
10064190,2023-10-10 22:30:00,train
10064191,2023-10-10 22:30:00,train
10064192,2023-10-11 03:00:00,train
10064193,2023-10-11 03:00:00,train
10064198,2023-10-11 16:00:00,train
10064201,2023-10-11 16:00:00,train
10064156,2023-10-11 16:30:00,train
10064199,2023-10-11 20:00:00,train
10064200,2023-10-11 20:00:00,train
10064157,2023-10-11 21:00:00,train
10064194,2023-10-11 22:30:00,train
10064195,2023-10-12 03:00:00,train
10064202,2023-10-12 16:00:00,train
10064206,2023-10-12 16:00:00,train
10064203,2023-10-12 19:00:00,train
10064205,2023-10-12 19:00:00,train
10064159,2023-10-12 20:00:00,train
10064160,2023-10-12 20:00:00,train
10064166,2023-10-12 20:00:00,train
10064204,2023-10-13 16:00:00,train
10064207,2023-10-13 19:00:00,train
10064171,2023-10-13 20:00:00,train
10064172,2023-10-13 20:00:00,train
10064177,2023-10-13 20:00:00,train
10064179,2023-10-13 20:00:00,train
10064262,2023-10-14 17:00:00,train
10064261,2023-10-14 21:00:00,train
10064066,2023-10-16 04:30:00,train
10064067,2023-10-16 04:30:00,train
10064064,2023-10-16 05:30:00,train
10064065,2023-10-16 05:40:00,train
10064068,2023-10-16 06:45:00,train
10064069,2023-10-16 07:15:00,train
10064071,2023-10-16 08:00:00,train
10064070,2023-10-16 08:30:00,train
10064282,2023-10-16 09:30:00,train
10064281,2023-10-16 10:15:00,train
10064283,2023-10-16 11:30:00,train
10064284,2023-10-16 13:30:00,train
10064290,2023-10-17 05:30:00,train
10064293,2023-10-17 05:30:00,train
10064289,2023-10-17 08:30:00,train
10064292,2023-10-17 08:30:00,train
10064287,2023-10-17 11:30:00,train
10064286,2023-10-17 12:05:00,train
10064162,2023-10-17 20:00:00,train
10064163,2023-10-17 20:00:00,train
10064168,2023-10-17 20:00:00,train
10064169,2023-10-17 20:00:00,train
10064294,2023-10-18 05:30:00,train
10064295,2023-10-18 05:30:00,train
10064285,2023-10-18 08:30:00,train
10064288,2023-10-18 08:30:00,train
10064296,2023-10-18 11:45:00,train
10064291,2023-10-18 12:00:00,train
10064173,2023-10-18 20:00:00,train
10064174,2023-10-18 20:00:00,train
10064175,2023-10-18 20:00:00,train
10064178,2023-10-18 20:00:00,train
10064180,2023-10-18 20:00:00,train
10064181,2023-10-18 20:00:00,train
10064165,2023-10-19 18:00:00,train
10064170,2023-10-19 20:00:00,train
10064176,2023-10-19 20:00:00,train
10064196,2023-10-19 21:30:00,train
10064197,2023-10-19 21:30:00,train
10064312,2023-10-20 02:00:00,train
10064302,2023-10-20 08:30:00,train
10064301,2023-10-20 11:30:00,train
10064328,2023-10-20 17:00:00,train
10064313,2023-10-20 20:00:00,train
10064314,2023-10-20 21:30:00,train
10064315,2023-10-21 02:00:00,train
10064304,2023-10-21 08:30:00,train
10064303,2023-10-21 11:30:00,train
10064386,2023-10-22 08:30:00,train
10064305,2023-10-22 10:30:00,train
10064343,2023-10-22 11:00:00,train
10064347,2023-10-22 14:00:00,train
10064340,2023-10-22 17:00:00,train
10064344,2023-10-22 20:00:00,train
10064345,2023-10-23 11:00:00,train
10064346,2023-10-23 14:00:00,train
10064342,2023-10-23 17:00:00,train
10064341,2023-10-23 20:00:00,train
10064397,2023-10-23 21:30:00,train
10064398,2023-10-23 21:30:00,train
10064407,2023-10-24 02:00:00,train
10064408,2023-10-24 02:00:00,train
10064400,2023-10-24 12:00:00,train
10064403,2023-10-24 15:25:00,train
10064399,2023-10-24 19:05:00,train
10064317,2023-10-24 20:00:00,train
10064318,2023-10-24 20:00:00,train
10064324,2023-10-24 20:00:00,train
10064323,2023-10-24 20:30:00,train
10064405,2023-10-24 21:30:00,train
10064423,2023-10-24 21:30:00,train
10064422,2023-10-25 02:00:00,train
10064406,2023-10-25 12:00:00,train
10064164,2023-10-25 14:00:00,train
10064401,2023-10-25 15:00:00,train
10064374,2023-10-25 16:00:00,train
10064377,2023-10-25 16:00:00,train
10064497,2023-10-25 17:00:00,train
580027,2023-10-25 18:00:00,train
10064375,2023-10-25 19:40:00,train
557633,2023-10-25 20:00:00,train
10064329,2023-10-25 20:00:00,train
10064334,2023-10-25 20:00:00,train
10064335,2023-10-25 20:00:00,train
10064378,2023-10-25 20:00:00,train
557626,2023-10-25 20:30:00,train
10064402,2023-10-25 21:00:00,train
487656,2023-10-26 12:00:00,train
588338,2023-10-26 12:00:00,train
589226,2023-10-26 15:00:00,train
566813,2023-10-26 16:00:00,train
566815,2023-10-26 16:00:00,train
589725,2023-10-26 18:00:00,train
566812,2023-10-26 19:00:00,train
566814,2023-10-26 19:00:00,train
585168,2023-10-26 21:00:00,train
589049,2023-10-27 11:00:00,train
593763,2023-10-27 13:30:00,train
589047,2023-10-27 14:15:00,train
589732,2023-10-27 15:00:00,train
589734,2023-10-27 16:00:00,train
592593,2023-10-27 16:30:00,train
589048,2023-10-27 17:30:00,train
589731,2023-10-27 19:00:00,train
589733,2023-10-27 19:00:00,train
487653,2023-10-27 20:00:00,train
10064542,2023-10-27 20:00:00,train
589046,2023-10-27 21:00:00,train
557551,2023-10-28 10:30:00,train
10064307,2023-10-28 10:30:00,train
597061,2023-10-28 11:00:00,train
597060,2023-10-28 14:00:00,train
10064308,2023-10-28 15:00:00,train
10064309,2023-10-28 15:00:00,train
593237,2023-10-28 16:00:00,train
593332,2023-10-28 16:00:00,train
597458,2023-10-28 17:00:00,train
593331,2023-10-28 19:00:00,train
593236,2023-10-28 19:30:00,train
597457,2023-10-28 20:00:00,train
601536,2023-10-29 10:30:00,train
601210,2023-10-29 12:00:00,train
10064311,2023-10-29 15:00:00,train
10064509,2023-10-29 15:30:00,train
10064167,2023-10-29 16:00:00,train
597261,2023-10-29 17:00:00,train
597459,2023-10-29 17:00:00,train
589045,2023-10-29 18:00:00,train
602151,2023-10-29 20:00:00,train
602567,2023-10-29 20:25:00,train
602150,2023-10-29 21:00:00,train
589043,2023-10-30 12:00:00,train
607261,2023-10-30 14:00:00,train
606592,2023-10-30 15:00:00,train
607260,2023-10-30 17:00:00,train
589042,2023-10-30 18:00:00,train
606591,2023-10-30 21:30:00,train
557650,2023-10-30 22:00:00,train
609845,2023-10-31 12:00:00,train
609844,2023-10-31 15:00:00,train
607263,2023-10-31 17:00:00,train
610310,2023-10-31 18:25:00,train
607262,2023-10-31 20:00:00,train
557637,2023-10-31 21:00:00,train
557638,2023-10-31 21:00:00,train
557639,2023-10-31 21:00:00,train
557645,2023-10-31 21:00:00,train
557647,2023-10-31 21:00:00,train
10064320,2023-10-31 21:00:00,train
613289,2023-10-31 21:10:00,train
557642,2023-11-01 14:00:00,train
609846,2023-11-01 17:00:00,train
613791,2023-11-01 20:10:00,train
557623,2023-11-01 21:00:00,train
557625,2023-11-01 21:00:00,train
557632,2023-11-01 21:00:00,train
10064332,2023-11-01 21:00:00,train
10064333,2023-11-01 21:00:00,train
10064338,2023-11-01 21:00:00,train
618020,2023-11-02 20:00:00,train
10064663,2023-11-03 11:00:00,train
614391,2023-11-03 12:00:00,train
10064664,2023-11-03 14:00:00,train
614389,2023-11-03 18:10:00,train
614388,2023-11-03 21:00:00,train
10064665,2023-11-04 14:00:00,train
614390,2023-11-04 15:00:00,train
624609,2023-11-04 18:00:00,train
626378,2023-11-04 21:30:00,train
10064659,2023-11-05 10:00:00,train
627533,2023-11-05 21:30:00,train
10064720,2023-11-06 12:50:00,train
10064723,2023-11-06 15:30:00,train
10064728,2023-11-06 18:30:00,train
10064726,2023-11-06 21:45:00,train
10064653,2023-11-07 10:00:00,train
630731,2023-11-07 12:30:00,train
630728,2023-11-07 15:30:00,train
10064725,2023-11-07 18:30:00,train
625803,2023-11-07 21:00:00,train
625805,2023-11-07 21:00:00,train
625806,2023-11-07 21:00:00,train
625809,2023-11-07 21:00:00,train
625810,2023-11-07 21:00:00,train
10064652,2023-11-07 21:00:00,train
10064656,2023-11-07 21:00:00,train
10064719,2023-11-07 21:30:00,train
10064588,2023-11-08 07:00:00,train
611950,2023-11-08 08:30:00,train
640016,2023-11-08 11:35:00,train
634158,2023-11-08 12:30:00,train
640014,2023-11-08 15:15:00,train
637705,2023-11-08 15:30:00,train
638391,2023-11-08 18:30:00,train
638216,2023-11-08 21:00:00,train
638217,2023-11-08 21:00:00,train
638380,2023-11-08 21:00:00,train
638381,2023-11-08 21:00:00,train
638387,2023-11-08 21:00:00,train
638557,2023-11-08 21:00:00,train
10064704,2023-11-08 21:00:00,train
10064706,2023-11-08 21:00:00,train
637062,2023-11-08 21:30:00,train
611949,2023-11-09 07:00:00,train
611948,2023-11-09 08:30:00,train
644047,2023-11-09 12:30:00,train
641382,2023-11-09 14:30:00,train
644046,2023-11-09 16:15:00,train
642324,2023-11-09 18:15:00,train
645591,2023-11-09 20:40:00,train
645504,2023-11-11 07:00:00,train
645503,2023-11-11 10:00:00,train
632665,2023-11-11 17:55:00,train
642313,2023-11-11 21:00:00,train
642322,2023-11-11 21:00:00,train
10064710,2023-11-11 21:00:00,train
650639,2023-11-12 07:00:00,train
651309,2023-11-12 10:30:00,train
10064813,2023-11-12 13:30:00,train
655887,2023-11-12 16:15:00,train
10064815,2023-11-12 16:30:00,train
632664,2023-11-12 17:55:00,train
10064812,2023-11-12 19:30:00,train
625956,2023-11-12 21:00:00,train
625957,2023-11-12 21:00:00,train
625959,2023-11-12 21:00:00,train
653253,2023-11-12 21:00:00,train
10064811,2023-11-12 22:30:00,train
651571,2023-11-13 13:30:00,train
651399,2023-11-13 15:00:00,train
651570,2023-11-13 16:30:00,train
656853,2023-11-13 17:55:00,train
651398,2023-11-13 18:00:00,train
651569,2023-11-13 19:30:00,train
651568,2023-11-13 23:00:00,train
662108,2023-11-14 13:30:00,train
656852,2023-11-14 14:55:00,train
10064840,2023-11-14 15:00:00,train
662109,2023-11-14 17:00:00,train
651396,2023-11-14 18:00:00,train
662110,2023-11-14 20:00:00,train
662111,2023-11-14 22:30:00,train
656430,2023-11-15 13:30:00,train
651395,2023-11-15 15:00:00,train
660879,2023-11-15 17:00:00,train
10064843,2023-11-15 18:00:00,train
657483,2023-11-15 19:30:00,train
661959,2023-11-15 22:30:00,train
10065010,2023-11-15 23:30:00,train
10065011,2023-11-15 23:30:00,train
10065012,2023-11-16 04:15:00,train
10065014,2023-11-16 04:15:00,train
664715,2023-11-16 13:00:00,train
669660,2023-11-16 13:30:00,train
10064770,2023-11-16 14:55:00,train
651393,2023-11-16 15:00:00,train
670527,2023-11-16 16:30:00,train
664714,2023-11-16 16:55:00,train
10065016,2023-11-16 17:30:00,train
10065017,2023-11-16 17:30:00,train
10065018,2023-11-16 17:30:00,train
10065019,2023-11-16 17:30:00,train
664713,2023-11-16 19:30:00,train
669835,2023-11-16 19:30:00,train
664712,2023-11-16 22:00:00,train
673619,2023-11-16 22:00:00,train
10065021,2023-11-16 22:00:00,train
10065024,2023-11-16 22:00:00,train
10065025,2023-11-16 22:00:00,train
10064878,2023-11-16 22:30:00,train
671591,2023-11-16 23:30:00,train
10065013,2023-11-17 04:00:00,train
674022,2023-11-17 10:30:00,train
674023,2023-11-17 10:30:00,train
673567,2023-11-17 13:00:00,train
674356,2023-11-17 13:30:00,train
673566,2023-11-17 14:10:00,train
10065074,2023-11-17 14:30:00,train
676206,2023-11-17 15:00:00,train
10065034,2023-11-17 15:00:00,train
673506,2023-11-17 16:30:00,train
674377,2023-11-17 17:30:00,train
674833,2023-11-17 17:30:00,train
10064771,2023-11-17 17:55:00,train
674487,2023-11-17 19:00:00,train
670009,2023-11-17 19:30:00,train
677665,2023-11-17 22:00:00,train
10065022,2023-11-17 22:00:00,train
670522,2023-11-17 22:30:00,train
674486,2023-11-17 23:00:00,train
10064774,2023-11-18 10:00:00,train
677273,2023-11-18 10:30:00,train
10065120,2023-11-18 13:30:00,train
10065033,2023-11-18 15:00:00,train
678440,2023-11-18 17:00:00,train
10065118,2023-11-18 17:00:00,train
10065029,2023-11-18 17:30:00,train
10064922,2023-11-18 20:30:00,train
681265,2023-11-18 22:00:00,train
10065121,2023-11-18 22:30:00,train
10064773,2023-11-19 16:30:00,train
682582,2023-11-19 17:00:00,train
682152,2023-11-19 18:00:00,train
10065116,2023-11-19 20:00:00,train
684959,2023-11-19 21:00:00,train
678163,2023-11-20 14:55:00,train
10065128,2023-11-20 18:00:00,train
685242,2023-11-20 18:15:00,train
685210,2023-11-20 19:00:00,train
688032,2023-11-20 20:55:00,train
679896,2023-11-21 15:00:00,train
688340,2023-11-21 17:55:00,train
10065130,2023-11-21 18:00:00,train
657209,2023-11-21 21:00:00,train
657380,2023-11-21 21:00:00,train
644620,2023-11-22 12:00:00,train
644619,2023-11-22 14:10:00,train
679894,2023-11-22 15:00:00,train
644618,2023-11-22 17:50:00,train
679893,2023-11-22 18:00:00,train
644787,2023-11-22 19:45:00,train
10065212,2023-11-22 21:00:00,train
694317,2023-11-23 12:00:00,train
694316,2023-11-23 14:30:00,train
679892,2023-11-23 15:00:00,train
676202,2023-11-23 18:00:00,train
679891,2023-11-23 18:00:00,train
695007,2023-11-23 18:15:00,train
695006,2023-11-23 20:55:00,train
676204,2023-11-23 21:00:00,train
684490,2023-11-24 01:00:00,train
676201,2023-11-24 01:30:00,train
676200,2023-11-24 12:00:00,train
676199,2023-11-24 13:25:00,train
676198,2023-11-24 14:50:00,train
676197,2023-11-24 16:45:00,train
697699,2023-11-24 17:30:00,train
698192,2023-11-24 18:00:00,train
699513,2023-11-24 18:30:00,train
699860,2023-11-24 20:00:00,train
698004,2023-11-24 20:10:00,train
698605,2023-11-24 21:30:00,train
699859,2023-11-24 22:20:00,train
698604,2023-11-24 23:00:00,train
698193,2023-11-25 01:30:00,train
699512,2023-11-25 12:00:00,train
700790,2023-11-25 14:35:00,train
702291,2023-11-25 17:15:00,train
700107,2023-11-25 17:30:00,train
701026,2023-11-25 18:00:00,train
701381,2023-11-25 21:30:00,train
700568,2023-11-25 21:40:00,train
703259,2023-11-26 01:00:00,train
703471,2023-11-26 03:30:00,train
702946,2023-11-26 11:00:00,train
702945,2023-11-26 15:00:00,train
10065235,2023-11-26 17:00:00,train
703484,2023-11-26 19:00:00,train
10065207,2023-11-26 20:15:00,train
703893,2023-11-26 21:20:00,train
10065261,2023-11-27 15:00:00,train
700057,2023-11-28 15:00:00,train
700056,2023-11-28 18:00:00,train
686700,2023-11-29 14:00:00,train
700055,2023-11-29 15:00:00,train
686699,2023-11-29 15:15:00,train
700054,2023-11-29 18:00:00,train
713239,2023-11-29 18:00:00,train
713238,2023-11-29 21:15:00,train
705447,2023-11-30 13:30:00,train
686698,2023-11-30 14:00:00,train
700053,2023-11-30 15:00:00,train
686697,2023-11-30 16:00:00,train
10065284,2023-11-30 16:45:00,train
715731,2023-11-30 18:00:00,train
10065268,2023-11-30 18:00:00,train
705443,2023-11-30 19:30:00,train
715730,2023-11-30 20:30:00,train
10065283,2023-11-30 22:30:00,train
705442,2023-12-01 13:30:00,train
705446,2023-12-01 16:30:00,train
714117,2023-12-01 17:00:00,train
710108,2023-12-01 18:20:00,train
705445,2023-12-01 19:30:00,train
716325,2023-12-01 20:50:00,train
710107,2023-12-01 21:00:00,train
712803,2023-12-01 22:30:00,train
10065320,2023-12-02 13:30:00,train
10065347,2023-12-02 16:00:00,train
718350,2023-12-02 16:30:00,train
718273,2023-12-02 17:00:00,train
10065272,2023-12-02 17:00:00,train
716310,2023-12-02 19:30:00,train
10065348,2023-12-02 19:30:00,train
718274,2023-12-02 20:00:00,train
10065271,2023-12-02 20:55:00,train
717650,2023-12-02 22:30:00,train
717826,2023-12-03 13:30:00,train
10065274,2023-12-03 17:00:00,train
718354,2023-12-03 17:10:00,train
720310,2023-12-03 18:00:00,train
717652,2023-12-03 20:30:00,train
10065273,2023-12-03 21:15:00,train
716311,2023-12-03 22:30:00,train
722448,2023-12-04 13:30:00,train
722284,2023-12-04 16:45:00,train
10065217,2023-12-04 17:00:00,train
722034,2023-12-04 19:30:00,train
722700,2023-12-04 22:30:00,train
10065450,2023-12-05 12:00:00,train
724305,2023-12-05 13:30:00,train
714458,2023-12-05 14:15:00,train
10065451,2023-12-05 14:30:00,train
718164,2023-12-05 15:00:00,train
724676,2023-12-05 16:30:00,train
714457,2023-12-05 17:25:00,train
718163,2023-12-05 18:15:00,train
722282,2023-12-05 19:30:00,train
665459,2023-12-05 21:00:00,train
718165,2023-12-05 21:00:00,train
10065214,2023-12-05 21:00:00,train
665456,2023-12-05 22:00:00,train
722695,2023-12-05 22:30:00,train
10065452,2023-12-06 12:00:00,train
714456,2023-12-06 12:25:00,train
727022,2023-12-06 13:30:00,train
10065453,2023-12-06 14:15:00,train
10065357,2023-12-06 15:00:00,train
726727,2023-12-06 16:30:00,train
714455,2023-12-06 17:00:00,train
718161,2023-12-06 18:30:00,train
727021,2023-12-06 19:30:00,train
726930,2023-12-06 21:00:00,train
727033,2023-12-06 21:00:00,train
727282,2023-12-06 21:00:00,train
10065220,2023-12-06 21:00:00,train
10065310,2023-12-06 21:00:00,train
10065379,2023-12-06 22:30:00,train
729100,2023-12-07 12:00:00,train
10065454,2023-12-07 12:00:00,train
729555,2023-12-07 15:00:00,train
10065455,2023-12-07 15:00:00,train
726504,2023-12-07 16:00:00,train
729554,2023-12-07 18:00:00,train
729783,2023-12-07 18:00:00,train
729099,2023-12-07 20:10:00,train
729553,2023-12-07 21:00:00,train
729673,2023-12-07 21:00:00,train
729674,2023-12-07 21:00:00,train
729675,2023-12-07 21:00:00,train
10065378,2023-12-07 21:30:00,train
10065431,2023-12-08 12:00:00,train
10065458,2023-12-08 12:00:00,train
10065311,2023-12-08 12:55:00,train
721563,2023-12-08 13:25:00,train
10065459,2023-12-08 14:30:00,train
10065436,2023-12-08 15:40:00,train
731974,2023-12-08 16:10:00,train
721561,2023-12-08 17:00:00,train
733305,2023-12-08 19:05:00,train
10065438,2023-12-08 20:30:00,train
732062,2023-12-08 21:15:00,train
733533,2023-12-08 22:00:00,train
10065456,2023-12-09 12:00:00,train
10065429,2023-12-09 12:55:00,train
10065434,2023-12-09 13:00:00,train
733242,2023-12-09 14:30:00,train
733782,2023-12-09 16:00:00,train
733929,2023-12-09 16:00:00,train
10065435,2023-12-09 18:45:00,train
734026,2023-12-09 21:00:00,train
735354,2023-12-10 12:00:00,train
10065448,2023-12-10 13:00:00,train
735426,2023-12-10 13:55:00,train
10065460,2023-12-10 15:30:00,train
10065447,2023-12-10 16:00:00,train
10065449,2023-12-10 18:30:00,train
735864,2023-12-10 21:00:00,train
10065462,2023-12-11 12:00:00,train
10065469,2023-12-11 12:00:00,train
734773,2023-12-11 15:00:00,train
10065468,2023-12-11 18:30:00,train
734771,2023-12-11 21:00:00,train
739218,2023-12-12 12:00:00,train
10065470,2023-12-12 15:00:00,train
738902,2023-12-12 18:00:00,train
739488,2023-12-12 18:00:00,train
738803,2023-12-12 21:00:00,train
718511,2023-12-13 09:00:00,train
718510,2023-12-13 11:25:00,train
718509,2023-12-13 13:35:00,train
10065474,2023-12-13 15:00:00,train
718508,2023-12-13 16:10:00,train
741744,2023-12-13 18:00:00,train
10065476,2023-12-13 21:00:00,train
743206,2023-12-14 09:00:00,train
743205,2023-12-14 12:00:00,train
743698,2023-12-14 14:30:00,train
743697,2023-12-14 16:30:00,train
745398,2023-12-15 12:00:00,train
745730,2023-12-15 14:15:00,train
729299,2023-12-15 18:00:00,train
729298,2023-12-15 19:50:00,train
729300,2023-12-15 21:10:00,train
729301,2023-12-15 22:40:00,train
747512,2023-12-16 00:30:00,train
10065541,2023-12-16 01:45:00,train
10065542,2023-12-16 03:30:00,train
746971,2023-12-16 14:30:00,train
747276,2023-12-16 17:30:00,train
747511,2023-12-16 18:00:00,train
748298,2023-12-16 20:45:00,train
749416,2023-12-16 23:15:00,train
749339,2023-12-17 17:00:00,train
749770,2023-12-17 17:00:00,train
749769,2023-12-17 19:45:00,train
751439,2023-12-18 00:15:00,train
10065559,2023-12-21 12:30:00,train
10065562,2023-12-21 18:30:00,train
10065563,2023-12-22 12:20:00,train
10065564,2023-12-22 16:30:00,train
10065610,2023-12-26 15:00:00,train
759392,2023-12-27 16:30:00,train
759391,2023-12-27 19:45:00,train
762276,2023-12-28 13:00:00,train
762528,2023-12-28 18:00:00,train
763322,2023-12-29 13:00:00,train
762527,2023-12-29 15:30:00,train
10065619,2023-12-29 19:00:00,train
764514,2023-12-30 13:00:00,train
10065621,2023-12-30 15:30:00,train
765392,2023-12-30 18:00:00,train
10065810,2024-01-08 20:55:00,train
10065812,2024-01-08 21:35:00,train
10065807,2024-01-08 23:00:00,train
10065811,2024-01-08 23:10:00,train
10065808,2024-01-08 23:30:00,train
10065809,2024-01-09 00:00:00,train
10065813,2024-01-09 18:00:00,train
10065814,2024-01-09 18:00:00,train
10065815,2024-01-09 18:00:00,train
10065816,2024-01-09 18:00:00,train
10065828,2024-01-09 18:00:00,train
10065848,2024-01-09 19:15:00,train
10065847,2024-01-09 19:55:00,train
10065849,2024-01-09 20:45:00,train
10065846,2024-01-09 21:00:00,train
10065851,2024-01-09 21:00:00,train
10065852,2024-01-09 21:10:00,train
10065845,2024-01-09 21:15:00,train
10065850,2024-01-09 21:15:00,train
10065854,2024-01-09 21:15:00,train
10065855,2024-01-09 22:30:00,train
10065856,2024-01-09 22:30:00,train
10065858,2024-01-09 22:40:00,train
10065859,2024-01-10 01:40:00,train
10065876,2024-01-10 06:10:00,train
10065877,2024-01-10 06:10:00,train
10065879,2024-01-10 06:10:00,train
10065874,2024-01-10 06:45:00,train
10065878,2024-01-10 07:55:00,train
10065875,2024-01-10 08:25:00,train
10065880,2024-01-10 09:20:00,train
10065907,2024-01-10 18:50:00,train
10065910,2024-01-10 19:05:00,train
10065909,2024-01-10 20:00:00,train
10065911,2024-01-10 20:00:00,train
10065912,2024-01-10 21:10:00,train
10065914,2024-01-10 21:40:00,train
10065913,2024-01-10 22:00:00,train
10065916,2024-01-10 22:25:00,train
10065920,2024-01-10 23:10:00,train
10065915,2024-01-10 23:20:00,train
10065917,2024-01-10 23:50:00,train
10065919,2024-01-11 00:30:00,train
10065922,2024-01-11 00:45:00,train
10065933,2024-01-11 15:30:00,train
10065964,2024-01-11 16:40:00,train
10065965,2024-01-11 17:00:00,train
778713,2024-01-11 18:00:00,train
778715,2024-01-11 18:00:00,train
778716,2024-01-11 18:00:00,train
778717,2024-01-11 18:00:00,train
778766,2024-01-11 18:00:00,train
10065929,2024-01-11 18:00:00,train
10065931,2024-01-11 18:00:00,train
10065932,2024-01-11 18:00:00,train
10065971,2024-01-11 19:30:00,train
10065972,2024-01-11 19:30:00,train
10065973,2024-01-11 19:30:00,train
10065974,2024-01-11 19:50:00,train
10065988,2024-01-12 00:45:00,train
10065994,2024-01-12 06:00:00,train
10065989,2024-01-12 06:10:00,train
10065991,2024-01-12 06:10:00,train
10065992,2024-01-12 06:15:00,train
10065990,2024-01-12 09:30:00,train
10065993,2024-01-12 10:10:00,train
10065995,2024-01-12 11:15:00,train
10065996,2024-01-12 11:15:00,train
10066079,2024-01-12 21:15:00,train
10066077,2024-01-12 21:30:00,train
10066078,2024-01-12 21:45:00,train
10066081,2024-01-12 22:15:00,train
10066093,2024-01-12 22:30:00,train
10066092,2024-01-12 23:00:00,train
10066094,2024-01-12 23:00:00,train
10066095,2024-01-12 23:15:00,train
780414,2024-01-13 05:00:00,train
780415,2024-01-13 05:00:00,train
780416,2024-01-13 05:00:00,train
780417,2024-01-13 05:00:00,train
780410,2024-01-13 06:00:00,train
780411,2024-01-13 06:00:00,train
780412,2024-01-13 06:00:00,train
780413,2024-01-13 06:00:00,train
10066105,2024-01-13 08:10:00,train
10066106,2024-01-13 08:10:00,train
10066107,2024-01-13 08:10:00,train
10066108,2024-01-13 08:10:00,train
10066109,2024-01-13 09:10:00,train
10066110,2024-01-13 09:10:00,train
10066111,2024-01-13 09:10:00,train
10066112,2024-01-13 09:10:00,train
10066130,2024-01-13 13:00:00,train
781003,2024-01-13 16:30:00,train
10066132,2024-01-13 17:10:00,train
781057,2024-01-13 18:00:00,train
781060,2024-01-13 18:00:00,train
10066096,2024-01-13 18:00:00,train
10066097,2024-01-13 18:00:00,train
10066098,2024-01-13 18:00:00,train
10066099,2024-01-13 18:00:00,train
10066100,2024-01-13 18:00:00,train
10066102,2024-01-13 18:00:00,train
10066124,2024-01-14 03:00:00,train
10066125,2024-01-14 03:00:00,train
10066126,2024-01-14 03:00:00,train
10066127,2024-01-14 03:00:00,train
10066122,2024-01-14 04:00:00,train
10066123,2024-01-14 04:00:00,train
10066128,2024-01-14 05:00:00,train
10066129,2024-01-14 05:00:00,train
10066133,2024-01-14 13:00:00,train
10066131,2024-01-14 17:00:00,train
10066149,2024-01-14 23:00:00,train
10066150,2024-01-14 23:10:00,train
10066155,2024-01-15 00:00:00,train
10066156,2024-01-15 00:00:00,train
10066157,2024-01-15 00:00:00,train
10066448,2024-01-15 00:10:00,train
10066449,2024-01-15 00:10:00,train
10066450,2024-01-15 00:10:00,train
10066451,2024-01-15 00:10:00,train
10066457,2024-01-15 01:10:00,train
10066456,2024-01-15 01:30:00,train
10066458,2024-01-15 02:35:00,train
10066152,2024-01-15 03:10:00,train
10066153,2024-01-15 03:10:00,train
10066154,2024-01-15 03:10:00,train
10066158,2024-01-15 06:20:00,train
10066159,2024-01-15 06:20:00,train
10066160,2024-01-15 06:45:00,train
10066171,2024-01-15 20:35:00,train
10066170,2024-01-15 21:00:00,train
10066175,2024-01-15 22:20:00,train
10066173,2024-01-16 20:00:00,train
10066174,2024-01-16 20:00:00,train
10066151,2024-01-16 21:00:00,train
10066388,2024-01-16 21:30:00,train
10066390,2024-01-16 21:30:00,train
10066389,2024-01-16 22:10:00,train
10066391,2024-01-16 22:15:00,train
10066393,2024-01-16 23:00:00,train
10066403,2024-01-16 23:00:00,train
10066394,2024-01-16 23:30:00,train
10066398,2024-01-16 23:30:00,train
10066395,2024-01-16 23:50:00,train
10066396,2024-01-16 23:55:00,train
10066459,2024-01-17 00:10:00,train
10066461,2024-01-17 00:10:00,train
10066462,2024-01-17 00:10:00,train
10066463,2024-01-17 00:10:00,train
10066397,2024-01-17 00:15:00,train
10066404,2024-01-17 00:15:00,train
10066399,2024-01-17 01:00:00,train
10066401,2024-01-17 01:00:00,train
10066464,2024-01-17 01:10:00,train
10066400,2024-01-17 01:45:00,train
10066460,2024-01-17 01:50:00,train
10066441,2024-01-17 02:05:00,train
10066443,2024-01-17 02:05:00,train
10066444,2024-01-17 02:05:00,train
10066446,2024-01-17 02:05:00,train
10066402,2024-01-17 02:10:00,train
10066465,2024-01-17 02:45:00,train
10066445,2024-01-17 03:15:00,train
10066442,2024-01-17 04:00:00,train
10066447,2024-01-17 04:45:00,train
10066745,2024-01-17 22:30:00,train
10066746,2024-01-17 22:30:00,train
10066432,2024-01-18 00:05:00,train
10066428,2024-01-18 00:15:00,train
10066438,2024-01-18 00:20:00,train
10066430,2024-01-18 00:45:00,train
10066433,2024-01-18 00:45:00,train
10066435,2024-01-18 00:50:00,train
10066436,2024-01-18 01:15:00,train
10066431,2024-01-18 01:55:00,train
10066434,2024-01-18 02:10:00,train
10066437,2024-01-18 02:15:00,train
10066747,2024-01-18 02:30:00,train
10066749,2024-01-18 02:30:00,train
10066439,2024-01-18 14:00:00,train
10066440,2024-01-18 14:00:00,train
10066407,2024-01-18 18:00:00,train
10066408,2024-01-18 18:00:00,train
10066409,2024-01-18 18:00:00,train
10066410,2024-01-18 18:00:00,train
10066415,2024-01-18 18:00:00,train
10066416,2024-01-18 18:00:00,train
10066417,2024-01-18 18:00:00,train
10066418,2024-01-18 18:00:00,train
790966,2024-01-18 19:05:00,train
10066421,2024-01-18 19:05:00,train
10066419,2024-01-18 19:10:00,train
790976,2024-01-18 19:15:00,train
10066411,2024-01-18 19:15:00,train
10066413,2024-01-18 19:15:00,train
10066414,2024-01-18 19:15:00,train
10066530,2024-01-18 20:40:00,train
10066531,2024-01-18 20:40:00,train
10066532,2024-01-18 20:40:00,train
10066533,2024-01-18 20:40:00,train
10066538,2024-01-18 20:45:00,train
10066539,2024-01-18 20:45:00,train
10066540,2024-01-18 20:45:00,train
10066541,2024-01-18 20:45:00,train
794080,2024-01-18 22:00:00,train
794081,2024-01-18 22:00:00,train
794083,2024-01-18 22:00:00,train
794088,2024-01-18 22:00:00,train
794090,2024-01-18 22:00:00,train
794092,2024-01-18 22:00:00,train
10066543,2024-01-18 22:00:00,train
10066748,2024-01-18 22:30:00,train
792766,2024-01-19 02:00:00,train
792767,2024-01-19 02:00:00,train
792768,2024-01-19 02:00:00,train
792769,2024-01-19 02:00:00,train
10066750,2024-01-19 02:30:00,train
10066563,2024-01-19 03:00:00,train
10066562,2024-01-19 03:20:00,train
781521,2024-01-19 08:00:00,train
10066184,2024-01-19 08:00:00,train
10066565,2024-01-19 08:00:00,train
10066568,2024-01-19 08:00:00,train
781520,2024-01-19 09:00:00,train
10066187,2024-01-19 09:00:00,train
10066566,2024-01-19 09:00:00,train
10066567,2024-01-19 09:00:00,train
10066188,2024-01-19 11:00:00,train
10066189,2024-01-19 11:00:00,train
10066569,2024-01-19 11:00:00,train
10066570,2024-01-19 11:00:00,train
10066586,2024-01-19 11:00:00,train
10066589,2024-01-19 11:00:00,train
10066197,2024-01-19 11:30:00,train
10066201,2024-01-19 11:30:00,train
10066588,2024-01-19 12:15:00,train
10066198,2024-01-19 12:30:00,train
10066202,2024-01-19 12:30:00,train
10066587,2024-01-19 12:30:00,train
10066200,2024-01-19 13:30:00,train
10066199,2024-01-19 14:00:00,train
10066590,2024-01-19 14:00:00,train
10066591,2024-01-19 14:00:00,train
794641,2024-01-19 18:00:00,train
794642,2024-01-19 18:00:00,train
794644,2024-01-19 18:00:00,train
794645,2024-01-19 18:00:00,train
794647,2024-01-19 18:00:00,train
10066550,2024-01-19 18:00:00,train
10066554,2024-01-19 18:00:00,train
10066556,2024-01-19 18:00:00,train
794635,2024-01-19 19:15:00,train
794636,2024-01-19 19:15:00,train
794639,2024-01-19 19:15:00,train
10066547,2024-01-19 19:15:00,train
787191,2024-01-19 22:00:00,train
787192,2024-01-19 22:00:00,train
794633,2024-01-19 22:00:00,train
794637,2024-01-19 22:10:00,train
794638,2024-01-19 22:10:00,train
787187,2024-01-19 23:10:00,train
10066181,2024-01-19 23:10:00,train
787188,2024-01-20 01:00:00,train
787190,2024-01-20 01:00:00,train
10066688,2024-01-20 01:30:00,train
10066689,2024-01-20 01:30:00,train
10066660,2024-01-20 03:00:00,train
10066661,2024-01-20 03:00:00,train
10066662,2024-01-20 03:00:00,train
10066663,2024-01-20 03:00:00,train
10066664,2024-01-20 04:00:00,train
10066665,2024-01-20 04:00:00,train
10066666,2024-01-20 04:00:00,train
10066667,2024-01-20 04:00:00,train
10066690,2024-01-20 05:30:00,train
10066691,2024-01-20 05:30:00,train
795943,2024-01-20 08:00:00,train
795995,2024-01-20 08:00:00,train
10066190,2024-01-20 08:00:00,train
10066571,2024-01-20 08:00:00,train
796377,2024-01-20 11:00:00,train
796378,2024-01-20 11:00:00,train
796381,2024-01-20 11:00:00,train
796508,2024-01-20 11:00:00,train
798969,2024-01-20 11:00:00,train
10066192,2024-01-20 11:00:00,train
10066193,2024-01-20 11:00:00,train
10066573,2024-01-20 11:30:00,train
10066582,2024-01-20 14:00:00,train
10066594,2024-01-20 14:00:00,train
10066595,2024-01-20 14:00:00,train
797873,2024-01-20 15:00:00,train
797874,2024-01-20 15:00:00,train
797879,2024-01-20 15:00:00,train
797880,2024-01-20 15:00:00,train
797881,2024-01-20 15:00:00,train
799496,2024-01-20 15:30:00,train
797870,2024-01-20 18:00:00,train
797872,2024-01-20 18:00:00,train
10066636,2024-01-20 18:00:00,train
797876,2024-01-20 18:05:00,train
797878,2024-01-20 18:05:00,train
10066633,2024-01-20 18:05:00,train
800315,2024-01-20 21:20:00,train
800316,2024-01-20 21:20:00,train
800317,2024-01-20 21:20:00,train
10066668,2024-01-20 22:00:00,train
10066669,2024-01-20 22:00:00,train
10066670,2024-01-20 22:00:00,train
10066671,2024-01-20 22:00:00,train
10066657,2024-01-20 22:10:00,train
10066658,2024-01-20 22:10:00,train
10066659,2024-01-20 22:10:00,train
10066672,2024-01-20 23:00:00,train
10066673,2024-01-20 23:10:00,train
10066692,2024-01-21 01:30:00,train
799131,2024-01-21 02:00:00,train
799132,2024-01-21 02:00:00,train
10066693,2024-01-21 05:30:00,train
796253,2024-01-21 06:00:00,train
799363,2024-01-21 06:00:00,train
796336,2024-01-21 08:00:00,train
10066576,2024-01-21 09:00:00,train
10066585,2024-01-21 09:00:00,train
10066596,2024-01-21 09:00:00,train
10066598,2024-01-21 09:00:00,train
799585,2024-01-21 11:00:00,train
800038,2024-01-21 12:00:00,train
802131,2024-01-21 12:00:00,train
802329,2024-01-21 14:00:00,train
10066597,2024-01-21 14:30:00,train
10066584,2024-01-21 15:00:00,train
801291,2024-01-21 16:00:00,train
801292,2024-01-21 16:00:00,train
10066676,2024-01-21 16:00:00,train
10066599,2024-01-21 19:00:00,train
10066680,2024-01-21 19:50:00,train
802166,2024-01-21 20:00:00,train
10066686,2024-01-21 20:00:00,train
10066687,2024-01-21 20:00:00,train
10066681,2024-01-21 22:20:00,train
802162,2024-01-21 23:00:00,train
802163,2024-01-21 23:00:00,train
802164,2024-01-21 23:00:00,train
10066738,2024-01-21 23:00:00,train
10066736,2024-01-22 03:00:00,train
10066737,2024-01-22 03:00:00,train
10066739,2024-01-22 08:30:00,train
10066740,2024-01-22 08:30:00,train
805127,2024-01-22 13:15:00,train
805128,2024-01-22 13:15:00,train
787382,2024-01-22 14:00:00,train
787381,2024-01-22 15:50:00,train
787384,2024-01-22 18:30:00,train
787383,2024-01-22 20:25:00,train
805765,2024-01-23 08:30:00,train
10066742,2024-01-23 12:30:00,train
806178,2024-01-23 14:00:00,train
806177,2024-01-23 17:40:00,train
806778,2024-01-23 19:30:00,train
806777,2024-01-23 22:50:00,train
787380,2024-01-24 14:00:00,train
787379,2024-01-24 16:35:00,train
787378,2024-01-24 20:00:00,train
787377,2024-01-24 22:15:00,train
812850,2024-01-25 14:00:00,train
812849,2024-01-25 16:10:00,train
813406,2024-01-25 18:30:00,train
813405,2024-01-25 22:00:00,train
10067020,2024-01-26 12:30:00,train
10067021,2024-01-26 12:30:00,train
810096,2024-01-26 14:00:00,train
10067022,2024-01-26 16:30:00,train
10067023,2024-01-26 16:30:00,train
809464,2024-01-26 17:30:00,train
10067966,2024-01-26 18:00:00,train
10067967,2024-01-26 18:00:00,train
10067968,2024-01-26 19:00:00,train
10067969,2024-01-26 19:00:00,train
815409,2024-01-26 19:45:00,train
10067970,2024-01-26 20:00:00,train
10067973,2024-01-26 21:00:00,train
816384,2024-01-26 23:00:00,train
10067024,2024-01-27 12:30:00,train
818252,2024-01-27 14:00:00,train
10067025,2024-01-27 16:30:00,train
818472,2024-01-27 17:25:00,train
10067971,2024-01-27 18:00:00,train
10067972,2024-01-27 18:00:00,train
818886,2024-01-27 19:30:00,train
10067974,2024-01-27 21:00:00,train
10067975,2024-01-27 21:00:00,train
819092,2024-01-27 21:40:00,train
10067977,2024-01-28 13:15:00,train
10067978,2024-01-28 16:00:00,train
821411,2024-01-28 16:30:00,train
10067976,2024-01-28 19:20:00,train
821095,2024-01-28 20:30:00,train
10067093,2024-01-29 14:00:00,train
822509,2024-01-29 17:00:00,train
822508,2024-01-30 14:00:00,train
826771,2024-01-30 20:00:00,train
10067101,2024-01-30 20:00:00,train
10067102,2024-01-30 20:00:00,train
10067104,2024-01-30 20:00:00,train
10067105,2024-01-30 20:00:00,train
10067106,2024-01-30 20:00:00,train
10067108,2024-01-30 20:00:00,train
822506,2024-01-31 14:00:00,train
822505,2024-01-31 17:00:00,train
800026,2024-01-31 17:30:00,train
10066639,2024-01-31 17:30:00,train
800025,2024-01-31 18:45:00,train
10066638,2024-01-31 18:45:00,train
800023,2024-01-31 19:55:00,train
800022,2024-01-31 20:00:00,train
800024,2024-01-31 20:45:00,train
800021,2024-01-31 21:00:00,train
831944,2024-01-31 22:10:00,train
10067122,2024-01-31 22:10:00,train
822504,2024-02-01 14:00:00,train
832380,2024-02-01 15:30:00,train
832381,2024-02-01 15:30:00,train
822503,2024-02-01 17:00:00,train
10067126,2024-02-01 18:30:00,train
832377,2024-02-01 18:45:00,train
832378,2024-02-01 21:30:00,train
831943,2024-02-01 22:30:00,train
835097,2024-02-02 18:30:00,train
835283,2024-02-02 18:30:00,train
10067133,2024-02-02 21:35:00,train
835282,2024-02-02 22:00:00,train
837314,2024-02-03 15:30:00,train
837316,2024-02-03 15:30:00,train
10066646,2024-02-03 18:30:00,train
837315,2024-02-03 19:25:00,train
837661,2024-02-03 21:30:00,train
837660,2024-02-03 23:00:00,train
837313,2024-02-04 15:30:00,train
837659,2024-02-04 15:30:00,train
839543,2024-02-04 18:30:00,train
839541,2024-02-04 19:30:00,train
10067181,2024-02-04 21:30:00,train
839270,2024-02-04 23:00:00,train
839723,2024-02-05 15:30:00,train
841470,2024-02-05 15:30:00,train
10067214,2024-02-05 17:00:00,train
841469,2024-02-05 18:30:00,train
839722,2024-02-05 19:30:00,train
841904,2024-02-05 21:30:00,train
841734,2024-02-05 21:45:00,train
10067215,2024-02-06 14:00:00,train
844176,2024-02-06 15:30:00,train
844329,2024-02-06 15:30:00,train
837895,2024-02-06 17:00:00,train
842070,2024-02-06 18:30:00,train
844897,2024-02-06 18:30:00,train
844328,2024-02-06 21:30:00,train
847132,2024-02-06 21:30:00,train
837894,2024-02-07 14:00:00,train
837893,2024-02-07 17:00:00,train
837892,2024-02-08 14:00:00,train
837891,2024-02-08 17:30:00,train
851025,2024-02-08 17:30:00,train
851026,2024-02-08 17:30:00,train
851027,2024-02-08 17:30:00,train
10067302,2024-02-08 17:30:00,train
854449,2024-02-08 21:30:00,train
854451,2024-02-08 21:30:00,train
854452,2024-02-08 21:30:00,train
10067306,2024-02-08 21:30:00,train
849274,2024-02-09 16:00:00,train
855147,2024-02-09 17:30:00,train
10067290,2024-02-09 17:30:00,train
10067311,2024-02-09 17:30:00,train
10067291,2024-02-09 18:00:00,train
847918,2024-02-09 18:15:00,train
10067292,2024-02-09 19:15:00,train
10067293,2024-02-09 20:30:00,train
847919,2024-02-09 21:30:00,train
855148,2024-02-09 21:30:00,train
857715,2024-02-09 21:30:00,train
849272,2024-02-10 16:00:00,train
858102,2024-02-10 17:30:00,train
10067295,2024-02-10 17:30:00,train
10067296,2024-02-10 18:00:00,train
857776,2024-02-10 18:15:00,train
10067297,2024-02-10 19:00:00,train
10067298,2024-02-10 20:00:00,train
858291,2024-02-10 21:30:00,train
861321,2024-02-10 23:00:00,train
862189,2024-02-11 16:00:00,train
861529,2024-02-11 19:00:00,train
862188,2024-02-11 19:30:00,train
864737,2024-02-11 22:00:00,train
849621,2024-02-14 14:00:00,train
849622,2024-02-14 14:00:00,train
849619,2024-02-14 15:00:00,train
10067283,2024-02-14 15:00:00,train
849618,2024-02-14 16:00:00,train
849615,2024-02-14 17:15:00,train
10067287,2024-02-14 17:15:00,train
877145,2024-02-14 19:00:00,train
877146,2024-02-14 19:00:00,train
10067451,2024-02-14 19:50:00,train
877142,2024-02-14 20:40:00,train
10067452,2024-02-14 21:00:00,train
877139,2024-02-14 21:40:00,train
877141,2024-02-14 22:10:00,train
878398,2024-02-15 14:00:00,train
10067459,2024-02-15 14:00:00,train
878396,2024-02-15 14:55:00,train
878395,2024-02-15 16:15:00,train
878394,2024-02-15 16:25:00,train
878393,2024-02-15 18:35:00,train
878392,2024-02-15 18:40:00,train
882161,2024-02-16 14:00:00,train
10067468,2024-02-16 14:00:00,train
10067522,2024-02-16 16:00:00,train
882159,2024-02-16 16:40:00,train
882160,2024-02-16 17:00:00,train
10067523,2024-02-16 17:00:00,train
10067524,2024-02-16 19:00:00,train
10067472,2024-02-16 19:20:00,train
10067525,2024-02-16 20:00:00,train
10067526,2024-02-16 21:00:00,train
885878,2024-02-17 14:00:00,train
10067527,2024-02-17 16:00:00,train
10067528,2024-02-17 17:00:00,train
885877,2024-02-17 17:25:00,train
10067529,2024-02-17 18:30:00,train
10067521,2024-02-17 19:15:00,train
10067530,2024-02-17 20:30:00,train
10067533,2024-02-17 20:35:00,train
889069,2024-02-18 16:00:00,train
889068,2024-02-18 19:00:00,train
10067534,2024-02-18 22:30:00,train
853203,2024-02-19 14:00:00,train
853204,2024-02-19 14:00:00,train
853202,2024-02-19 14:50:00,train
853201,2024-02-19 15:10:00,train
853199,2024-02-19 15:35:00,train
853200,2024-02-19 16:15:00,train
853198,2024-02-19 16:25:00,train
853197,2024-02-19 17:20:00,train
10067548,2024-02-19 19:30:00,train
10067549,2024-02-19 19:30:00,train
894207,2024-02-19 20:30:00,train
894208,2024-02-19 20:30:00,train
894034,2024-02-19 21:40:00,train
894206,2024-02-19 21:40:00,train
894033,2024-02-19 22:45:00,train
10067555,2024-02-19 22:45:00,train
894993,2024-02-20 14:00:00,train
894994,2024-02-20 14:00:00,train
894991,2024-02-20 15:00:00,train
894992,2024-02-20 15:00:00,train
894989,2024-02-20 16:20:00,train
894990,2024-02-20 16:25:00,train
894987,2024-02-20 19:20:00,train
894988,2024-02-20 19:45:00,train
898159,2024-02-21 14:00:00,train
898160,2024-02-21 14:00:00,train
898158,2024-02-21 17:00:00,train
898157,2024-02-21 17:40:00,train
898155,2024-02-21 19:00:00,train
898156,2024-02-21 19:30:00,train
10067747,2024-02-22 08:30:00,train
10067748,2024-02-22 08:30:00,train
10067749,2024-02-22 12:30:00,train
10067750,2024-02-22 12:30:00,train
901929,2024-02-22 14:00:00,train
10067593,2024-02-22 16:15:00,train
901928,2024-02-22 19:00:00,train
10067741,2024-02-22 22:30:00,train
10067742,2024-02-22 22:30:00,train
10067743,2024-02-23 02:30:00,train
10067744,2024-02-23 02:30:00,train
10067751,2024-02-23 08:30:00,train
10067725,2024-02-23 09:30:00,train
10067752,2024-02-23 12:30:00,train
10067726,2024-02-23 12:45:00,train
904917,2024-02-23 14:00:00,train
904916,2024-02-23 16:20:00,train
904915,2024-02-23 18:25:00,train
10067745,2024-02-23 22:30:00,train
908532,2024-02-24 02:30:00,train
10067731,2024-02-24 09:30:00,train
10067732,2024-02-24 12:45:00,train
908100,2024-02-24 14:00:00,train
910831,2024-02-24 16:50:00,train
10067727,2024-02-25 09:30:00,train
10067728,2024-02-25 12:45:00,train
10067733,2024-02-25 17:00:00,train
10067734,2024-02-25 20:15:00,train
10067777,2024-02-26 01:30:00,train
10067778,2024-02-26 01:30:00,train
10067764,2024-02-26 05:00:00,train
10067779,2024-02-26 05:30:00,train
10067780,2024-02-26 05:30:00,train
10067765,2024-02-26 05:55:00,train
10067767,2024-02-26 07:05:00,train
10067766,2024-02-26 08:05:00,train
10067768,2024-02-26 09:15:00,train
10067729,2024-02-26 09:30:00,train
10067769,2024-02-26 10:05:00,train
10067730,2024-02-26 12:45:00,train
10069323,2024-02-26 13:00:00,train
858555,2024-02-26 14:00:00,train
10069324,2024-02-26 16:00:00,train
10067735,2024-02-26 17:00:00,train
10067736,2024-02-26 20:15:00,train
917106,2024-02-26 22:00:00,train
10067672,2024-02-26 22:00:00,train
10067781,2024-02-27 01:30:00,train
916250,2024-02-27 05:00:00,train
10067782,2024-02-27 05:30:00,train
916645,2024-02-27 08:00:00,train
10067773,2024-02-27 11:00:00,train
10069325,2024-02-27 13:00:00,train
858553,2024-02-27 14:00:00,train
920689,2024-02-27 14:00:00,train
10069326,2024-02-27 16:00:00,train
10067350,2024-02-27 17:00:00,train
10067737,2024-02-27 17:00:00,train
10067738,2024-02-27 20:45:00,train
917104,2024-02-27 22:00:00,train
916982,2024-02-28 05:00:00,train
921537,2024-02-28 08:00:00,train
924485,2024-02-28 11:00:00,train
10067809,2024-02-28 13:00:00,train
10069327,2024-02-28 13:00:00,train
10067351,2024-02-28 14:00:00,train
10067814,2024-02-28 16:00:00,train
10069328,2024-02-28 16:00:00,train
858550,2024-02-28 17:00:00,train
10067740,2024-02-28 17:00:00,train
10067831,2024-02-28 17:30:00,train
10067832,2024-02-28 17:30:00,train
10067833,2024-02-28 17:30:00,train
10067834,2024-02-28 17:30:00,train
923736,2024-02-28 19:00:00,train
10067739,2024-02-28 21:00:00,train
926163,2024-02-28 21:30:00,train
10067835,2024-02-28 21:30:00,train
10067836,2024-02-28 21:30:00,train
10067838,2024-02-28 21:30:00,train
10067815,2024-02-28 22:00:00,train
907491,2024-02-29 13:00:00,train
10069329,2024-02-29 13:00:00,train
858549,2024-02-29 14:00:00,train
907489,2024-02-29 16:00:00,train
10069330,2024-02-29 16:00:00,train
858548,2024-02-29 17:00:00,train
926742,2024-02-29 17:30:00,train
10067841,2024-02-29 17:30:00,train
907490,2024-02-29 19:00:00,train
926740,2024-02-29 21:30:00,train
10067842,2024-02-29 21:30:00,train
907488,2024-02-29 22:00:00,train
926360,2024-03-01 13:00:00,train
10067816,2024-03-01 16:00:00,train
929683,2024-03-01 17:30:00,train
926359,2024-03-01 19:00:00,train
931781,2024-03-01 21:30:00,train
917102,2024-03-01 22:00:00,train
917103,2024-03-01 22:00:00,train
10067817,2024-03-01 22:00:00,train
917101,2024-03-01 23:00:00,train
917100,2024-03-01 23:15:00,train
917098,2024-03-02 00:00:00,train
917099,2024-03-02 00:25:00,train
917096,2024-03-02 00:50:00,train
917097,2024-03-02 01:15:00,train
929389,2024-03-02 13:00:00,train
10069335,2024-03-02 13:00:00,train
929696,2024-03-02 16:00:00,train
10069331,2024-03-02 16:00:00,train
932760,2024-03-02 19:00:00,train
932761,2024-03-02 19:00:00,train
10067822,2024-03-02 19:00:00,train
932758,2024-03-02 20:00:00,train
932759,2024-03-02 20:00:00,train
932756,2024-03-02 21:00:00,train
932757,2024-03-02 21:10:00,train
10067827,2024-03-02 22:00:00,train
932755,2024-03-02 23:00:00,train
932754,2024-03-02 23:20:00,train
934251,2024-03-03 13:00:00,train
10069332,2024-03-03 13:00:00,train
932256,2024-03-03 16:00:00,train
10069333,2024-03-03 16:00:00,train
934079,2024-03-03 19:00:00,train
934504,2024-03-03 19:00:00,train
934505,2024-03-03 19:00:00,train
934855,2024-03-03 20:00:00,train
934857,2024-03-03 20:00:00,train
934859,2024-03-03 20:00:00,train
934860,2024-03-03 20:00:00,train
10067894,2024-03-03 20:00:00,train
10067895,2024-03-03 20:00:00,train
10067898,2024-03-03 20:00:00,train
10067900,2024-03-03 20:00:00,train
934503,2024-03-03 21:00:00,train
931893,2024-03-03 22:00:00,train
934501,2024-03-03 22:00:00,train
10067923,2024-03-03 22:25:00,train
10067924,2024-03-03 22:30:00,train
934502,2024-03-03 22:45:00,train
934500,2024-03-04 00:25:00,train
10067953,2024-03-04 10:00:00,train
10067927,2024-03-04 13:00:00,train
10069336,2024-03-04 13:00:00,train
933171,2024-03-04 14:00:00,train
937140,2024-03-04 16:00:00,train
10069337,2024-03-04 17:00:00,train
937141,2024-03-04 19:00:00,train
937372,2024-03-04 19:00:00,train
937371,2024-03-04 20:50:00,train
10067926,2024-03-04 22:00:00,train
937370,2024-03-05 00:10:00,train
10069334,2024-03-05 13:00:00,train
939991,2024-03-05 16:00:00,train
933169,2024-03-05 17:00:00,train
939518,2024-03-05 19:00:00,train
942893,2024-03-05 20:00:00,train
10067979,2024-03-05 20:00:00,train
10067980,2024-03-05 20:00:00,train
10067981,2024-03-05 20:00:00,train
10067982,2024-03-05 20:00:00,train
10067983,2024-03-05 20:00:00,train
10067984,2024-03-05 20:00:00,train
10067986,2024-03-05 20:00:00,train
10067998,2024-03-05 21:00:00,train
10067987,2024-03-05 21:05:00,train
10067999,2024-03-05 21:20:00,train
10068000,2024-03-05 21:40:00,train
935368,2024-03-05 22:00:00,train
10068001,2024-03-05 22:00:00,train
10068002,2024-03-05 22:45:00,train
933168,2024-03-06 14:00:00,train
933167,2024-03-06 17:00:00,train
922895,2024-03-06 17:30:00,train
944724,2024-03-06 19:00:00,train
948419,2024-03-06 19:00:00,train
922894,2024-03-06 19:55:00,train
935361,2024-03-06 22:00:00,train
935362,2024-03-06 22:00:00,train
939136,2024-03-06 22:00:00,train
10067695,2024-03-06 22:00:00,train
922891,2024-03-06 22:15:00,train
10069340,2024-03-07 13:00:00,train
10068027,2024-03-07 14:00:00,train
10069341,2024-03-07 16:00:00,train
950496,2024-03-07 17:15:00,train
922893,2024-03-07 17:30:00,train
10067704,2024-03-07 19:00:00,train
950495,2024-03-07 20:15:00,train
922892,2024-03-07 21:15:00,train
922890,2024-03-08 00:45:00,train
10069344,2024-03-08 13:00:00,train
10069342,2024-03-08 16:00:00,train
922889,2024-03-08 17:30:00,train
10067714,2024-03-08 19:00:00,train
922888,2024-03-08 19:20:00,train
950455,2024-03-08 22:15:00,train
10069343,2024-03-09 13:00:00,train
10069345,2024-03-09 13:00:00,train
10067804,2024-03-09 17:30:00,train
955933,2024-03-09 19:20:00,train
959458,2024-03-09 22:00:00,train
10069338,2024-03-10 13:00:00,train
10069339,2024-03-10 16:00:00,train
963502,2024-03-10 20:00:00,train
964523,2024-03-10 22:15:00,train
956501,2024-03-11 17:30:00,train
956502,2024-03-11 17:30:00,train
956504,2024-03-11 17:30:00,train
10068188,2024-03-11 17:30:00,train
948418,2024-03-11 20:00:00,train
973537,2024-03-11 21:30:00,train
973538,2024-03-11 21:30:00,train
973749,2024-03-11 22:00:00,train
10068265,2024-03-11 22:00:00,train
10069349,2024-03-12 13:00:00,train
10069350,2024-03-12 13:00:00,train
974357,2024-03-12 17:30:00,train
974561,2024-03-12 17:30:00,train
974560,2024-03-12 21:30:00,train
10068270,2024-03-12 21:30:00,train
10069346,2024-03-13 13:00:00,train
10069347,2024-03-13 15:00:00,train
979450,2024-03-13 17:30:00,train
963335,2024-03-13 18:00:00,train
963332,2024-03-13 21:00:00,train
963337,2024-03-13 22:00:00,train
963338,2024-03-13 22:00:00,train
10067685,2024-03-13 22:00:00,train
10067703,2024-03-13 22:00:00,train
10069348,2024-03-14 13:00:00,train
10069351,2024-03-14 13:00:00,train
963331,2024-03-14 22:00:00,train
10067675,2024-03-14 22:00:00,train
10069352,2024-03-15 13:00:00,train
10069353,2024-03-15 16:00:00,train
10067706,2024-03-15 18:30:00,train
10069354,2024-03-15 19:00:00,train
10067677,2024-03-15 20:00:00,train
941778,2024-03-17 15:00:00,train
941779,2024-03-17 15:00:00,train
941776,2024-03-17 16:00:00,train
941777,2024-03-17 16:15:00,train
941775,2024-03-17 17:05:00,train
10067963,2024-03-17 18:00:00,train
10067964,2024-03-17 18:00:00,train
941772,2024-03-17 19:10:00,train
1001022,2024-03-17 21:00:00,train
1001029,2024-03-17 21:00:00,train
1001025,2024-03-17 22:00:00,train
1001027,2024-03-17 22:00:00,train
1001028,2024-03-17 23:20:00,train
10068512,2024-03-17 23:30:00,train
1001026,2024-03-18 00:30:00,train
1001023,2024-03-18 00:45:00,train
1001798,2024-03-18 15:00:00,train
1001799,2024-03-18 15:00:00,train
1001796,2024-03-18 15:50:00,train
1001797,2024-03-18 16:00:00,train
1001794,2024-03-18 16:55:00,train
1001795,2024-03-18 16:55:00,train
1001792,2024-03-18 19:30:00,train
10068526,2024-03-18 19:55:00,train
10068630,2024-03-19 14:00:00,train
1005006,2024-03-19 15:00:00,train
1005007,2024-03-19 15:00:00,train
10068631,2024-03-19 16:20:00,train
1005004,2024-03-19 17:00:00,train
1005005,2024-03-19 17:55:00,train
1005002,2024-03-19 20:30:00,train
1005003,2024-03-19 20:30:00,train
10068632,2024-03-20 14:00:00,train
10068626,2024-03-20 15:00:00,train
1008949,2024-03-20 16:55:00,train
10068633,2024-03-20 17:15:00,train
1008948,2024-03-20 20:30:00,train
10068634,2024-03-21 14:00:00,train
1012605,2024-03-21 15:00:00,train
1012683,2024-03-21 15:00:00,train
1012604,2024-03-21 16:00:00,train
1012607,2024-03-21 16:15:00,train
1008273,2024-03-21 17:00:00,train
1012606,2024-03-21 17:05:00,train
1012684,2024-03-21 17:25:00,train
988041,2024-03-21 18:00:00,train
1012603,2024-03-21 18:05:00,train
1012685,2024-03-21 18:30:00,train
1015695,2024-03-21 20:25:00,train
1015696,2024-03-21 20:25:00,train
1015693,2024-03-21 21:25:00,train
1015694,2024-03-21 21:25:00,train
1015691,2024-03-21 22:35:00,train
1015692,2024-03-21 23:00:00,train
1015689,2024-03-21 23:25:00,train
1015690,2024-03-22 00:10:00,train
1011804,2024-03-22 14:00:00,train
1016577,2024-03-22 15:00:00,train
1016578,2024-03-22 15:00:00,train
1016575,2024-03-22 16:05:00,train
1016576,2024-03-22 16:10:00,train
1012431,2024-03-22 17:00:00,train
1016573,2024-03-22 17:05:00,train
1016574,2024-03-22 17:10:00,train
1016571,2024-03-22 19:30:00,train
1016572,2024-03-22 21:20:00,train
988040,2024-03-22 22:00:00,train
10068638,2024-03-23 14:00:00,train
1019859,2024-03-23 15:00:00,train
1019860,2024-03-23 15:00:00,train
1018923,2024-03-23 17:00:00,train
1019857,2024-03-23 18:30:00,train
1019858,2024-03-23 18:30:00,train
1019855,2024-03-23 21:45:00,train
10067666,2024-03-23 22:00:00,train
1019856,2024-03-23 22:15:00,train
10068640,2024-03-24 14:00:00,train
1023010,2024-03-24 15:00:00,train
1023009,2024-03-24 16:50:00,train
1023008,2024-03-24 21:00:00,train
996611,2024-03-25 19:00:00,train
929390,2024-03-25 20:00:00,train
996604,2024-03-25 20:00:00,train
1030252,2024-03-26 16:00:00,train
996617,2024-03-26 22:00:00,train
10068937,2024-03-27 20:00:00,train
10068938,2024-03-27 20:00:00,train
10068939,2024-03-27 20:00:00,train
10068940,2024-03-27 20:00:00,train
10068941,2024-03-27 20:00:00,train
10068942,2024-03-27 20:00:00,train
10068943,2024-03-27 20:00:00,train
10068944,2024-03-27 20:00:00,train
10068945,2024-03-27 20:00:00,train
10068946,2024-03-27 20:00:00,train
10068947,2024-03-27 20:00:00,train
10068948,2024-03-27 20:00:00,train
10068949,2024-03-27 20:00:00,train
10068950,2024-03-27 20:00:00,train
10068951,2024-03-27 20:00:00,train
10068952,2024-03-27 20:00:00,train
10068995,2024-03-27 21:00:00,train
10068996,2024-03-27 21:00:00,train
10068999,2024-03-27 21:00:00,train
10069000,2024-03-27 21:00:00,train
10069001,2024-03-27 21:00:00,train
10069002,2024-03-27 21:00:00,train
10068997,2024-03-27 21:30:00,train
10068998,2024-03-27 21:30:00,train
10069003,2024-03-27 22:10:00,train
10069004,2024-03-27 22:10:00,train
10069005,2024-03-27 22:20:00,train
1038684,2024-03-27 22:45:00,train
1030251,2024-03-28 17:00:00,train
10067709,2024-03-28 18:00:00,train
988042,2024-03-28 19:00:00,train
1026923,2024-03-28 19:00:00,train
996605,2024-03-28 20:00:00,train
10067665,2024-03-28 20:00:00,train
10067667,2024-03-28 20:00:00,train
996598,2024-03-28 22:00:00,train
1026922,2024-03-28 22:00:00,train
963334,2024-03-29 19:00:00,train
1026921,2024-03-29 19:00:00,train
935364,2024-03-29 20:00:00,train
1022702,2024-03-29 22:00:00,train
1026920,2024-03-29 22:20:00,train
1042496,2024-03-30 19:00:00,train
1045502,2024-03-30 22:50:00,train
996609,2024-03-31 16:00:00,train
996614,2024-03-31 19:00:00,train
10068980,2024-03-31 19:15:00,train
1048414,2024-03-31 21:00:00,train
10069081,2024-04-01 12:30:00,train
10069053,2024-04-01 13:00:00,train
10069082,2024-04-01 15:30:00,train
10069086,2024-04-01 18:30:00,train
996616,2024-04-01 19:00:00,train
10069055,2024-04-01 19:00:00,train
996601,2024-04-01 21:00:00,train
10069076,2024-04-01 21:30:00,train
1024294,2024-04-02 11:30:00,train
10069047,2024-04-02 11:30:00,train
10069075,2024-04-02 12:30:00,train
1050860,2024-04-02 13:00:00,train
1056786,2024-04-02 15:30:00,train
10069050,2024-04-02 15:30:00,train
1050859,2024-04-02 16:00:00,train
10069093,2024-04-02 16:00:00,train
1041667,2024-04-02 16:30:00,train
1041668,2024-04-02 16:30:00,train
1041669,2024-04-02 16:30:00,train
1041670,2024-04-02 16:30:00,train
10069094,2024-04-02 17:00:00,train
10069095,2024-04-02 18:15:00,train
1038333,2024-04-02 18:30:00,train
996599,2024-04-02 20:00:00,train
1057896,2024-04-02 20:30:00,train
1057897,2024-04-02 20:30:00,train
1058170,2024-04-02 20:45:00,train
1058171,2024-04-02 20:45:00,train
1057598,2024-04-02 21:00:00,train
10067692,2024-04-02 21:00:00,train
1024298,2024-04-02 22:30:00,train
1024299,2024-04-02 22:30:00,train
1024296,2024-04-03 00:30:00,train
1024297,2024-04-03 00:30:00,train
10069043,2024-04-03 02:30:00,train
10069044,2024-04-03 02:30:00,train
10069037,2024-04-03 04:30:00,train
10069038,2024-04-03 04:30:00,train
10069051,2024-04-03 11:30:00,train
1038335,2024-04-03 12:30:00,train
996606,2024-04-03 13:00:00,train
10069058,2024-04-03 14:00:00,train
1038338,2024-04-03 15:30:00,train
1063038,2024-04-03 15:30:00,train
963330,2024-04-03 16:00:00,train
1058984,2024-04-03 16:30:00,train
1059257,2024-04-03 16:30:00,train
996608,2024-04-03 17:00:00,train
996612,2024-04-03 17:00:00,train
1059240,2024-04-03 17:00:00,train
1050005,2024-04-03 20:00:00,train
1058983,2024-04-03 20:30:00,train
1064605,2024-04-03 20:30:00,train
940693,2024-04-03 21:00:00,train
10067699,2024-04-03 21:00:00,train
10067715,2024-04-03 21:00:00,train
1038339,2024-04-03 21:30:00,train
10069098,2024-04-03 21:30:00,train
10069045,2024-04-03 22:30:00,train
1061158,2024-04-04 00:30:00,train
10069046,2024-04-04 02:30:00,train
10069040,2024-04-04 04:30:00,train
1038344,2024-04-04 12:30:00,train
10069059,2024-04-04 13:00:00,train
1038348,2024-04-04 15:30:00,train
1050856,2024-04-04 16:00:00,train
1055090,2024-04-04 16:00:00,train
1065362,2024-04-04 16:30:00,train
996610,2024-04-04 17:00:00,train
10069100,2024-04-04 17:00:00,train
996603,2024-04-04 18:00:00,train
10069101,2024-04-04 18:00:00,train
10069156,2024-04-04 18:00:00,train
10069091,2024-04-04 18:30:00,train
10067693,2024-04-04 20:00:00,train
1067890,2024-04-04 20:30:00,train
996596,2024-04-04 21:00:00,train
996600,2024-04-04 21:00:00,train
10067687,2024-04-04 21:00:00,train
10069102,2024-04-04 21:00:00,train
1065685,2024-04-04 21:30:00,train
1038336,2024-04-05 12:30:00,train
1038342,2024-04-05 15:30:00,train
1068537,2024-04-05 17:00:00,train
1038343,2024-04-05 18:30:00,train
1065684,2024-04-05 19:00:00,train
1072512,2024-04-05 20:00:00,train
1065683,2024-04-05 21:30:00,train
1073609,2024-04-06 21:30:00,train
1068635,2024-04-07 01:30:00,train
1068634,2024-04-08 00:30:00,train
1073608,2024-04-08 02:30:00,train
1034845,2024-04-08 07:30:00,train
1035035,2024-04-08 07:30:00,train
1034843,2024-04-08 08:30:00,train
1034844,2024-04-08 08:30:00,train
1034840,2024-04-08 09:55:00,train
1034839,2024-04-08 10:20:00,train
10068934,2024-04-08 11:05:00,train
1034842,2024-04-08 11:30:00,train
1086379,2024-04-08 12:00:00,train
10069355,2024-04-08 12:00:00,train
1086378,2024-04-08 12:45:00,train
10069356,2024-04-08 15:00:00,train
1086653,2024-04-08 15:05:00,train
1086655,2024-04-08 15:30:00,train
1075385,2024-04-08 16:00:00,train
10069105,2024-04-08 16:00:00,train
10069111,2024-04-08 16:00:00,train
1038177,2024-04-08 16:30:00,train
1055087,2024-04-08 17:00:00,train
10069112,2024-04-08 17:25:00,train
10069113,2024-04-08 18:45:00,train
1038176,2024-04-08 19:45:00,train
10069108,2024-04-08 20:00:00,train
1088992,2024-04-08 21:00:00,train
1085711,2024-04-08 21:30:00,train
1089234,2024-04-08 21:50:00,train
1084635,2024-04-09 00:30:00,train
1087197,2024-04-09 08:30:00,train
1087198,2024-04-09 08:30:00,train
1087466,2024-04-09 11:30:00,train
1075791,2024-04-09 12:00:00,train
1087467,2024-04-09 12:15:00,train
10069242,2024-04-09 13:00:00,train
1090184,2024-04-09 14:00:00,train
1088756,2024-04-09 14:30:00,train
1089004,2024-04-09 14:30:00,train
1075790,2024-04-09 15:00:00,train
1075384,2024-04-09 16:00:00,train
10069224,2024-04-09 16:30:00,train
10069110,2024-04-09 17:00:00,train
10069115,2024-04-09 18:00:00,train
1091491,2024-04-09 18:30:00,train
1075382,2024-04-09 19:00:00,train
1050891,2024-04-09 19:55:00,train
1071998,2024-04-09 21:00:00,train
1072000,2024-04-09 21:00:00,train
1072002,2024-04-09 21:00:00,train
1072003,2024-04-09 21:00:00,train
1072004,2024-04-09 21:00:00,train
10069260,2024-04-09 21:00:00,train
10069264,2024-04-09 21:00:00,train
1095538,2024-04-09 21:30:00,train
1091490,2024-04-09 22:30:00,train
1093354,2024-04-10 08:30:00,train
1093916,2024-04-10 08:30:00,train
1089003,2024-04-10 11:30:00,train
1093915,2024-04-10 11:30:00,train
1075789,2024-04-10 12:00:00,train
1094736,2024-04-10 14:30:00,train
1099111,2024-04-10 14:30:00,train
10069360,2024-04-10 15:00:00,train
1075380,2024-04-10 16:00:00,train
1089718,2024-04-10 16:30:00,train
10069118,2024-04-10 18:00:00,train
1096520,2024-04-10 18:30:00,train
1095811,2024-04-10 20:00:00,train
1096404,2024-04-10 21:00:00,train
1096405,2024-04-10 21:00:00,train
1096406,2024-04-10 21:00:00,train
1096407,2024-04-10 21:00:00,train
1096606,2024-04-10 21:00:00,train
10069369,2024-04-10 21:00:00,train
10069373,2024-04-10 21:00:00,train
1096519,2024-04-10 21:30:00,train
1071999,2024-04-11 15:00:00,train
10069120,2024-04-11 15:00:00,train
10069362,2024-04-11 15:00:00,train
1075378,2024-04-11 16:00:00,train
1089719,2024-04-11 16:00:00,train
1102040,2024-04-11 18:30:00,train
1075379,2024-04-11 19:00:00,train
10069227,2024-04-11 19:00:00,train
1102175,2024-04-11 19:30:00,train
10069121,2024-04-11 21:15:00,train
10069368,2024-04-12 02:30:00,train
1100503,2024-04-12 10:00:00,train
1100502,2024-04-12 13:15:00,train
1105444,2024-04-12 16:30:00,train
1105287,2024-04-12 19:05:00,train
1105435,2024-04-12 21:00:00,train
1105883,2024-04-13 10:00:00,train
1106483,2024-04-13 13:45:00,train
1107430,2024-04-13 14:30:00,train
10069372,2024-04-13 17:00:00,train
10069233,2024-04-13 18:00:00,train
10069234,2024-04-13 20:45:00,train
10069427,2024-04-14 11:30:00,train
1110327,2024-04-14 13:30:00,train
1111439,2024-04-14 17:30:00,train
10069428,2024-04-15 12:00:00,train
10069436,2024-04-15 13:00:00,train
1106381,2024-04-15 15:00:00,train
10069437,2024-04-15 16:00:00,train
1109060,2024-04-15 21:00:00,train
1106380,2024-04-16 12:00:00,train
1114847,2024-04-16 13:00:00,train
1077657,2024-04-16 13:30:00,train
1106379,2024-04-16 15:00:00,train
10069440,2024-04-16 16:00:00,train
1077656,2024-04-16 16:30:00,train
10069123,2024-04-16 18:30:00,train
1114845,2024-04-16 19:00:00,train
1106378,2024-04-17 12:00:00,train
10069648,2024-04-17 12:00:00,train
1077655,2024-04-17 12:30:00,train
1114843,2024-04-17 13:00:00,train
10069479,2024-04-17 13:00:00,train
10069480,2024-04-17 13:00:00,train
10069481,2024-04-17 13:00:00,train
10069482,2024-04-17 13:00:00,train
1126452,2024-04-17 14:30:00,train
10069484,2024-04-17 14:30:00,train
10069650,2024-04-17 15:00:00,train
1114844,2024-04-17 17:35:00,train
10069485,2024-04-17 18:00:00,train
10069486,2024-04-17 18:00:00,train
10069487,2024-04-17 18:00:00,train
10069488,2024-04-17 18:00:00,train
10069649,2024-04-17 18:00:00,train
10069568,2024-04-17 21:00:00,train
10069569,2024-04-17 21:00:00,train
10069651,2024-04-17 21:00:00,train
10069566,2024-04-17 22:00:00,train
10069567,2024-04-17 22:00:00,train
10069564,2024-04-17 23:00:00,train
10069565,2024-04-17 23:00:00,train
10069570,2024-04-17 23:00:00,train
1125269,2024-04-18 00:00:00,train
1125270,2024-04-18 00:00:00,train
1125271,2024-04-18 00:00:00,train
10069476,2024-04-18 00:00:00,train
10069467,2024-04-18 01:00:00,train
10069468,2024-04-18 01:00:00,train
10069469,2024-04-18 01:00:00,train
10069470,2024-04-18 01:00:00,train
10069477,2024-04-18 01:00:00,train
10069478,2024-04-18 01:00:00,train
10069471,2024-04-18 02:00:00,train
10069472,2024-04-18 02:00:00,train
1106372,2024-04-18 12:00:00,train
10069652,2024-04-18 12:00:00,train
1077652,2024-04-18 12:30:00,train
10069585,2024-04-18 12:30:00,train
10069586,2024-04-18 12:30:00,train
1106375,2024-04-18 15:00:00,train
10069654,2024-04-18 15:00:00,train
1077651,2024-04-18 15:30:00,train
10069591,2024-04-18 15:30:00,train
10069592,2024-04-18 15:30:00,train
10069587,2024-04-18 16:30:00,train
10069588,2024-04-18 16:30:00,train
1063387,2024-04-18 18:30:00,train
1077650,2024-04-18 18:30:00,train
1129083,2024-04-18 19:00:00,train
1129085,2024-04-18 19:00:00,train
1129087,2024-04-18 19:00:00,train
1129088,2024-04-18 19:00:00,train
1129089,2024-04-18 19:00:00,train
10069559,2024-04-18 19:00:00,train
10069562,2024-04-18 19:00:00,train
10069563,2024-04-18 19:00:00,train
1131800,2024-04-18 19:30:00,train
1131801,2024-04-18 19:30:00,train
1021780,2024-04-18 20:00:00,train
1132142,2024-04-18 20:15:00,train
10069627,2024-04-18 20:15:00,train
10069629,2024-04-18 20:15:00,train
10069630,2024-04-18 20:15:00,train
10069655,2024-04-18 21:00:00,train
1021781,2024-04-18 21:30:00,train
10069631,2024-04-18 21:30:00,train
10069632,2024-04-18 21:30:00,train
10069268,2024-04-18 23:00:00,train
1021778,2024-04-18 23:30:00,train
1130932,2024-04-18 23:30:00,train
1130929,2024-04-19 00:30:00,train
1130930,2024-04-19 00:30:00,train
1130931,2024-04-19 00:45:00,train
1132775,2024-04-19 03:00:00,train
10069582,2024-04-19 03:00:00,train
10069575,2024-04-19 04:30:00,train
10069576,2024-04-19 04:30:00,train
10069581,2024-04-19 05:10:00,train
1131452,2024-04-19 09:30:00,train
1131453,2024-04-19 09:30:00,train
10069656,2024-04-19 12:00:00,train
1131971,2024-04-19 12:30:00,train
1132429,2024-04-19 13:30:00,train
1134799,2024-04-19 13:30:00,train
1134800,2024-04-19 13:30:00,train
1128362,2024-04-19 15:30:00,train
1132478,2024-04-19 15:30:00,train
1132432,2024-04-19 16:30:00,train
10069590,2024-04-19 16:30:00,train
10069642,2024-04-19 16:30:00,train
10069643,2024-04-19 16:30:00,train
1132774,2024-04-19 17:00:00,train
1127762,2024-04-19 18:00:00,train
1133122,2024-04-19 19:30:00,train
1135898,2024-04-19 19:30:00,train
1134232,2024-04-19 20:30:00,train
10069644,2024-04-19 20:30:00,train
10069646,2024-04-19 20:30:00,train
1128361,2024-04-19 21:00:00,train
10069391,2024-04-19 21:00:00,train
10069392,2024-04-19 21:00:00,train
1132987,2024-04-19 22:00:00,train
1134231,2024-04-20 00:30:00,train
1136668,2024-04-20 01:15:00,train
1137054,2024-04-20 02:30:00,train
1137159,2024-04-20 04:30:00,train
10069578,2024-04-20 04:30:00,train
1137160,2024-04-20 07:00:00,train
1135543,2024-04-20 09:30:00,train
1139060,2024-04-20 13:30:00,train
10069489,2024-04-20 13:30:00,train
1132870,2024-04-20 15:00:00,train
1071996,2024-04-20 16:00:00,train
1138144,2024-04-20 16:25:00,train
10069466,2024-04-20 16:30:00,train
10069647,2024-04-20 16:30:00,train
1132355,2024-04-20 18:00:00,train
10069670,2024-04-20 19:00:00,train
10069645,2024-04-20 20:30:00,train
1140210,2024-04-20 20:35:00,train
1071994,2024-04-20 21:00:00,train
1071995,2024-04-20 21:00:00,train
1132869,2024-04-20 21:00:00,train
1140635,2024-04-20 23:45:00,train
10069658,2024-04-21 12:00:00,train
1140209,2024-04-21 14:00:00,train
10069661,2024-04-21 15:00:00,train
1139629,2024-04-21 16:30:00,train
1140301,2024-04-21 18:00:00,train
1140734,2024-04-21 21:00:00,train
1138351,2024-04-22 12:00:00,train
1144026,2024-04-22 12:00:00,train
1144173,2024-04-22 15:00:00,train
10069695,2024-04-22 15:00:00,train
1143694,2024-04-22 15:30:00,train
1144025,2024-04-22 18:00:00,train
1137216,2024-04-22 19:00:00,train
1144024,2024-04-22 21:00:00,train
10069690,2024-04-23 13:00:00,train
1123907,2024-04-23 14:30:00,train
1123908,2024-04-23 14:30:00,train
10069683,2024-04-23 15:00:00,train
10069691,2024-04-23 16:00:00,train
10069692,2024-04-23 16:00:00,train
1123906,2024-04-23 17:45:00,train
10069684,2024-04-23 18:00:00,train
1123909,2024-04-23 18:05:00,train
10069689,2024-04-23 19:00:00,train
1123910,2024-04-23 20:30:00,train
10069289,2024-04-23 20:30:00,train
10069693,2024-04-24 12:00:00,train
1137213,2024-04-24 13:00:00,train
1123903,2024-04-24 14:30:00,train
10069290,2024-04-24 14:30:00,train
1137212,2024-04-24 16:00:00,train
1138346,2024-04-24 16:00:00,train
1151268,2024-04-24 17:30:00,train
1151269,2024-04-24 17:45:00,train
1151746,2024-04-24 18:00:00,train
1152084,2024-04-24 20:30:00,train
1152085,2024-04-24 20:30:00,train
1138345,2024-04-25 12:00:00,train
10069745,2024-04-25 14:00:00,train
1155514,2024-04-25 14:30:00,train
1155515,2024-04-25 14:30:00,train
1138344,2024-04-25 15:00:00,train
1156279,2024-04-25 17:00:00,train
10069520,2024-04-25 17:30:00,train
1152081,2024-04-25 18:00:00,train
1156278,2024-04-25 20:00:00,train
1155905,2024-04-25 20:30:00,train
1156662,2024-04-25 21:15:00,train
1136379,2024-04-26 03:00:00,train
1136378,2024-04-26 04:25:00,train
1136377,2024-04-26 05:50:00,train
1136376,2024-04-26 07:15:00,train
10069761,2024-04-26 08:40:00,train
10069766,2024-04-26 10:40:00,train
1161837,2024-04-26 12:15:00,train
1159882,2024-04-26 14:30:00,train
1160198,2024-04-26 14:30:00,train
1156663,2024-04-26 17:30:00,train
1160814,2024-04-26 18:55:00,train
1160197,2024-04-26 20:30:00,train
10069527,2024-04-26 22:20:00,train
1161393,2024-04-27 06:00:00,train
1162745,2024-04-27 09:15:00,train
1165547,2024-04-27 10:45:00,train
1163204,2024-04-27 14:30:00,train
1163527,2024-04-27 14:30:00,train
1164606,2024-04-27 17:30:00,train
1156472,2024-04-27 17:45:00,train
1163998,2024-04-27 20:30:00,train
10069799,2024-04-28 06:00:00,train
1166527,2024-04-28 09:15:00,train
10069801,2024-04-28 12:30:00,train
1159883,2024-04-28 14:30:00,train
1167783,2024-04-28 17:30:00,train
1167484,2024-04-28 20:30:00,train
10069813,2024-04-29 12:00:00,train
10069805,2024-04-29 14:00:00,train
1163508,2024-04-29 15:00:00,train
1165862,2024-04-29 17:00:00,train
1165861,2024-04-29 20:20:00,train
1174437,2024-04-30 11:00:00,train
1163507,2024-04-30 12:00:00,train
10069808,2024-04-30 14:00:00,train
1123901,2024-04-30 14:30:00,train
1123902,2024-04-30 14:30:00,train
1163506,2024-04-30 15:00:00,train
10069809,2024-04-30 17:00:00,train
1123897,2024-04-30 17:30:00,train
1123898,2024-04-30 17:30:00,train
1176213,2024-04-30 20:10:00,train
1123899,2024-04-30 20:30:00,train
1123900,2024-04-30 20:30:00,train
10069849,2024-05-01 11:00:00,train
1163505,2024-05-01 12:00:00,train
10070118,2024-05-01 12:00:00,train
10069811,2024-05-01 14:00:00,train
10069854,2024-05-01 14:00:00,train
1123895,2024-05-01 14:30:00,train
1123896,2024-05-01 14:30:00,train
10070119,2024-05-01 15:00:00,train
10069848,2024-05-01 15:30:00,train
10069855,2024-05-01 17:00:00,train
1179053,2024-05-01 17:15:00,train
1179247,2024-05-01 17:30:00,train
1179248,2024-05-01 17:30:00,train
10070120,2024-05-01 18:00:00,train
1179057,2024-05-01 20:00:00,train
1180392,2024-05-01 20:30:00,train
1180393,2024-05-01 20:30:00,train
10070121,2024-05-01 21:00:00,train
1179055,2024-05-02 11:00:00,train
1184773,2024-05-02 12:00:00,train
1179062,2024-05-02 14:00:00,train
1183798,2024-05-02 14:30:00,train
1183799,2024-05-02 14:30:00,train
10069861,2024-05-02 15:00:00,train
10070122,2024-05-02 15:00:00,train
1179060,2024-05-02 17:00:00,train
1179743,2024-05-02 17:30:00,train
1179744,2024-05-02 17:30:00,train
10070123,2024-05-02 18:00:00,train
1184771,2024-05-02 18:30:00,train
10069812,2024-05-02 19:00:00,train
1184970,2024-05-02 20:45:00,train
1184407,2024-05-02 21:00:00,train
1179061,2024-05-02 21:15:00,train
1184962,2024-05-03 11:00:00,train
1188098,2024-05-03 14:00:00,train
1187811,2024-05-03 14:30:00,train
1188388,2024-05-03 14:30:00,train
1188807,2024-05-03 17:00:00,train
1185996,2024-05-03 17:30:00,train
1188812,2024-05-03 17:30:00,train
10070124,2024-05-03 18:00:00,train
1188386,2024-05-03 20:30:00,train
1191203,2024-05-03 20:30:00,train
1187208,2024-05-03 21:00:00,train
1191735,2024-05-04 13:00:00,train
1188811,2024-05-04 14:30:00,train
1191202,2024-05-04 14:30:00,train
10069864,2024-05-04 16:00:00,train
1191607,2024-05-04 17:45:00,train
1192128,2024-05-04 18:05:00,train
10069868,2024-05-04 19:00:00,train
1184972,2024-05-04 20:30:00,train
1195047,2024-05-05 14:30:00,train
1194905,2024-05-05 17:30:00,train
1188389,2024-05-05 21:20:00,train
1199751,2024-05-07 17:15:00,train
1199753,2024-05-07 17:15:00,train
1199750,2024-05-07 20:30:00,train
1199752,2024-05-07 21:00:00,train
1208435,2024-05-08 17:15:00,train
1208613,2024-05-08 17:15:00,train
1208961,2024-05-08 21:00:00,train
1209149,2024-05-08 21:00:00,train
10074267,2024-05-09 12:00:00,train
10074272,2024-05-09 15:00:00,train
1214108,2024-05-09 17:15:00,train
10074266,2024-05-09 18:00:00,train
1213483,2024-05-09 20:30:00,train
10074269,2024-05-09 21:00:00,train
10074270,2024-05-10 12:00:00,train
1213482,2024-05-10 17:15:00,train
10074273,2024-05-10 18:00:00,train
1214107,2024-05-10 20:30:00,train
10074264,2024-05-10 21:00:00,train
1221621,2024-05-11 17:15:00,train
10070275,2024-05-11 18:00:00,train
10070277,2024-05-11 21:00:00,train
1218144,2024-05-11 21:15:00,train
10070273,2024-05-12 00:00:00,train
1225352,2024-05-12 18:00:00,train
10070272,2024-05-12 18:00:00,train
10070276,2024-05-12 21:00:00,train
10070271,2024-05-13 00:00:00,train
10070270,2024-05-13 18:00:00,train
10070274,2024-05-13 21:00:00,train
1228034,2024-05-14 13:00:00,train
10069869,2024-05-14 15:35:00,train
1228036,2024-05-14 16:00:00,train
1196844,2024-05-14 19:35:00,train
1190137,2024-05-14 21:00:00,train
1190280,2024-05-14 21:00:00,train
1190282,2024-05-14 21:00:00,train
10069641,2024-05-14 21:00:00,train
10070098,2024-05-15 12:00:00,train
1196842,2024-05-15 13:00:00,train
10070017,2024-05-15 13:00:00,train
10070103,2024-05-15 15:00:00,train
1196841,2024-05-15 16:00:00,train
1228033,2024-05-15 16:00:00,train
10070064,2024-05-15 16:30:00,train
10070099,2024-05-15 18:00:00,train
1240288,2024-05-15 19:50:00,train
1228887,2024-05-15 21:00:00,train
1242635,2024-05-15 21:00:00,train
10070108,2024-05-16 12:00:00,train
1223286,2024-05-16 12:30:00,train
1237946,2024-05-16 13:00:00,train
1240289,2024-05-16 13:20:00,train
1228884,2024-05-16 15:00:00,train
1223285,2024-05-16 15:30:00,train
1239053,2024-05-16 16:00:00,train
1244215,2024-05-16 17:15:00,train
1228885,2024-05-16 18:00:00,train
1244214,2024-05-16 20:25:00,train
1248115,2024-05-16 20:45:00,train
1228883,2024-05-16 21:15:00,train
1248116,2024-05-16 23:30:00,train
10070100,2024-05-17 12:00:00,train
1249250,2024-05-17 12:30:00,train
10070021,2024-05-17 13:00:00,train
1244987,2024-05-17 15:00:00,train
1247983,2024-05-17 15:00:00,train
1223284,2024-05-17 16:30:00,train
10070101,2024-05-17 18:00:00,train
1244230,2024-05-17 18:30:00,train
1248694,2024-05-17 18:45:00,train
1223283,2024-05-17 19:00:00,train
1244986,2024-05-17 21:00:00,train
1252452,2024-05-17 23:30:00,train
10070110,2024-05-18 12:00:00,train
1252451,2024-05-18 12:30:00,train
1251498,2024-05-18 13:00:00,train
1248799,2024-05-18 15:00:00,train
1252299,2024-05-18 15:00:00,train
10070024,2024-05-18 16:00:00,train
10069999,2024-05-18 16:40:00,train
1252300,2024-05-18 18:00:00,train
10070111,2024-05-18 18:00:00,train
10070026,2024-05-18 20:00:00,train
1223282,2024-05-18 20:15:00,train
1248798,2024-05-18 21:00:00,train
1223281,2024-05-18 23:00:00,train
1251945,2024-05-19 12:00:00,train
1256763,2024-05-19 12:30:00,train
1252599,2024-05-19 15:00:00,train
1256762,2024-05-19 15:30:00,train
1255833,2024-05-19 16:00:00,train
1259516,2024-05-19 18:30:00,train
10070112,2024-05-19 18:30:00,train
1256273,2024-05-19 21:25:00,train
1223280,2024-05-19 21:30:00,train
10070292,2024-05-19 23:00:00,train
10070290,2024-05-20 01:40:00,train
10070288,2024-05-20 02:00:00,train
10070008,2024-05-20 12:00:00,train
10070189,2024-05-20 12:00:00,train
10070254,2024-05-20 12:00:00,train
10070255,2024-05-20 15:10:00,train
1260662,2024-05-20 15:30:00,train
1263290,2024-05-20 15:30:00,train
10070191,2024-05-20 18:00:00,train
10070256,2024-05-20 18:00:00,train
10070006,2024-05-20 19:00:00,train
10070257,2024-05-20 21:00:00,train
1260170,2024-05-20 21:15:00,train
10070009,2024-05-20 22:15:00,train
10070285,2024-05-20 23:00:00,train
10070286,2024-05-21 02:00:00,train
10070291,2024-05-21 05:00:00,train
10070258,2024-05-21 12:00:00,train
1260672,2024-05-21 13:00:00,train
1264579,2024-05-21 15:00:00,train
1266476,2024-05-21 15:30:00,train
10070259,2024-05-21 15:30:00,train
1265246,2024-05-21 18:00:00,train
10070198,2024-05-21 18:30:00,train
10070067,2024-05-21 21:00:00,train
10070125,2024-05-21 21:00:00,train
10070260,2024-05-21 21:00:00,train
1260671,2024-05-21 21:30:00,train
10070287,2024-05-21 23:00:00,train
10070289,2024-05-22 02:00:00,train
10070262,2024-05-22 12:00:00,train
1268906,2024-05-22 13:30:00,train
1270125,2024-05-22 17:30:00,train
1269278,2024-05-22 18:00:00,train
10070264,2024-05-22 18:00:00,train
10070245,2024-05-22 21:00:00,train
10070265,2024-05-22 21:25:00,train
10070248,2024-05-23 11:00:00,train
10070266,2024-05-23 12:00:00,train
1270061,2024-05-23 14:00:00,train
10070267,2024-05-23 15:00:00,train
1273635,2024-05-23 16:30:00,train
1270060,2024-05-23 17:00:00,train
1269879,2024-05-23 18:00:00,train
10070247,2024-05-23 20:00:00,train
10070269,2024-05-23 21:00:00,train
1274673,2024-05-24 01:00:00,train
1275005,2024-05-24 04:00:00,train
10070253,2024-05-24 11:00:00,train
10070328,2024-05-24 12:00:00,train
1270057,2024-05-24 14:00:00,train
10070329,2024-05-24 15:00:00,train
1270056,2024-05-24 17:00:00,train
10070330,2024-05-24 18:00:00,train
10070252,2024-05-24 20:00:00,train
10070331,2024-05-24 21:00:00,train
1277422,2024-05-25 04:00:00,train
1277316,2024-05-25 11:00:00,train
1276074,2024-05-25 14:00:00,train
1276807,2024-05-25 15:00:00,train
1276806,2024-05-25 18:00:00,train
10070327,2024-05-25 18:00:00,train
1276509,2024-05-25 20:45:00,train
1276805,2024-05-25 21:50:00,train
10070390,2024-05-26 12:00:00,train
1280449,2024-05-26 13:00:00,train
1280853,2024-05-26 15:00:00,train
10070360,2024-05-26 16:00:00,train
1280852,2024-05-26 18:00:00,train
1282145,2024-05-26 19:00:00,train
1280851,2024-05-27 12:00:00,train
1280849,2024-05-27 18:00:00,train
1251704,2024-05-27 20:30:00,train
1251705,2024-05-27 20:30:00,train
1251706,2024-05-27 21:55:00,train
1251707,2024-05-27 21:55:00,train
1251700,2024-05-27 22:50:00,train
1251703,2024-05-27 23:20:00,train
1251701,2024-05-27 23:55:00,train
1251702,2024-05-28 00:20:00,train
1284638,2024-05-28 00:50:00,train
1284637,2024-05-28 01:20:00,train
1284730,2024-05-28 03:30:00,train
1284731,2024-05-28 03:30:00,train
1263578,2024-05-28 10:00:00,train
10070465,2024-05-28 12:00:00,train
1263577,2024-05-28 13:15:00,train
1284816,2024-05-28 18:00:00,train
1284913,2024-05-28 20:00:00,train
1284914,2024-05-28 20:00:00,train
1284912,2024-05-28 23:00:00,train
1284915,2024-05-28 23:00:00,train
1285089,2024-05-29 02:00:00,train
1285418,2024-05-29 03:10:00,train
10070213,2024-05-29 07:00:00,train
1263575,2024-05-29 10:15:00,train
1286088,2024-05-29 13:30:00,train
1286649,2024-05-29 20:00:00,train
1287065,2024-05-29 20:00:00,train
1287066,2024-05-29 23:00:00,train
1285419,2024-05-29 23:15:00,train
1287313,2024-05-30 02:00:00,train
1289035,2024-05-30 02:00:00,train
1288000,2024-05-30 07:30:00,train
1286089,2024-05-30 10:45:00,train
10070677,2024-05-30 12:00:00,train
1288001,2024-05-30 14:30:00,train
10070673,2024-05-30 15:00:00,train
10070680,2024-05-30 18:00:00,train
10070682,2024-05-30 21:00:00,train
10070684,2024-05-31 12:00:00,train
10070653,2024-05-31 15:00:00,train
10070675,2024-05-31 15:00:00,train
10070654,2024-05-31 16:30:00,train
10070655,2024-05-31 17:30:00,train
10070679,2024-05-31 18:00:00,train
10070685,2024-05-31 18:00:00,train
1293495,2024-05-31 18:30:00,train
10070657,2024-05-31 19:50:00,train
1290307,2024-05-31 21:00:00,train
10070690,2024-05-31 21:20:00,train
1289612,2024-05-31 21:30:00,train
1282216,2024-05-31 22:45:00,train
1290306,2024-06-01 00:15:00,train
1294282,2024-06-01 01:55:00,train
1294281,2024-06-01 02:30:00,train
1290683,2024-06-01 05:30:00,train
1291050,2024-06-01 08:45:00,train
10070222,2024-06-01 12:30:00,train
10070658,2024-06-01 15:00:00,train
10070678,2024-06-01 15:00:00,train
1295665,2024-06-01 15:15:00,train
10070659,2024-06-01 16:30:00,train
10070660,2024-06-01 18:00:00,train
10070683,2024-06-01 18:15:00,train
10070688,2024-06-01 19:00:00,train
10070661,2024-06-01 19:30:00,train
1294179,2024-06-01 21:00:00,train
10070662,2024-06-01 21:00:00,train
10070681,2024-06-01 21:45:00,train
10070694,2024-06-01 22:15:00,train
1294521,2024-06-02 00:15:00,train
1296292,2024-06-02 07:00:00,train
10070702,2024-06-02 12:00:00,train
10070223,2024-06-02 13:15:00,train
1296293,2024-06-02 15:00:00,train
10070852,2024-06-02 15:00:00,train
10070695,2024-06-02 18:00:00,train
10070701,2024-06-02 18:00:00,train
10070854,2024-06-02 18:00:00,train
10070703,2024-06-02 19:00:00,train
1297143,2024-06-02 21:00:00,train
10070696,2024-06-02 21:15:00,train
10070697,2024-06-03 00:00:00,train
10070711,2024-06-03 11:00:00,train
10070712,2024-06-03 14:00:00,train
1298684,2024-06-03 17:00:00,train
1298683,2024-06-03 20:00:00,train
1298682,2024-06-04 11:00:00,train
10070725,2024-06-04 12:00:00,train
10070716,2024-06-04 14:00:00,train
10070730,2024-06-04 15:00:00,train
10070717,2024-06-04 17:30:00,train
10070726,2024-06-04 18:00:00,train
1280228,2024-06-04 20:00:00,train
1280229,2024-06-04 20:00:00,train
1280230,2024-06-04 20:00:00,train
1280231,2024-06-04 20:00:00,train
1298679,2024-06-04 20:00:00,train
10070858,2024-06-04 21:30:00,train
10070859,2024-06-05 00:30:00,train
10070862,2024-06-05 03:30:00,train
1290447,2024-06-05 11:00:00,train
10070779,2024-06-05 11:00:00,train
1290462,2024-06-05 11:10:00,train
1298486,2024-06-05 12:00:00,train
1290446,2024-06-05 12:55:00,train
10070561,2024-06-05 13:00:00,train
1303271,2024-06-05 14:00:00,train
1298484,2024-06-05 15:00:00,train
1290460,2024-06-05 15:10:00,train
10070569,2024-06-05 15:35:00,train
10070563,2024-06-05 16:30:00,train
1290444,2024-06-05 16:55:00,train
1303270,2024-06-05 17:00:00,train
1298485,2024-06-05 18:00:00,train
1290458,2024-06-05 18:10:00,train
10070571,2024-06-05 18:35:00,train
1290457,2024-06-05 19:55:00,train
1290442,2024-06-05 20:00:00,train
1303213,2024-06-05 20:00:00,train
1303214,2024-06-05 20:00:00,train
1303307,2024-06-05 20:00:00,train
10070378,2024-06-05 20:00:00,train
10070782,2024-06-05 20:00:00,train
10070783,2024-06-05 20:00:00,train
1298483,2024-06-05 21:00:00,train
10070566,2024-06-05 21:30:00,train
10070867,2024-06-05 21:30:00,train
10070573,2024-06-05 21:45:00,train
10070864,2024-06-06 00:50:00,train
10070856,2024-06-06 03:30:00,train
1290440,2024-06-06 11:00:00,train
1290455,2024-06-06 11:00:00,train
10070727,2024-06-06 12:00:00,train
1290439,2024-06-06 12:30:00,train
1290454,2024-06-06 12:30:00,train
1290437,2024-06-06 14:00:00,train
1304155,2024-06-06 14:00:00,train
10070577,2024-06-06 14:10:00,train
10070732,2024-06-06 15:00:00,train
1290453,2024-06-06 15:30:00,train
10070584,2024-06-06 15:30:00,train
1290436,2024-06-06 17:00:00,train
1290451,2024-06-06 17:00:00,train
1304154,2024-06-06 17:00:00,train
1302997,2024-06-06 18:00:00,train
1290449,2024-06-06 18:30:00,train
10070588,2024-06-06 18:30:00,train
1290450,2024-06-06 20:00:00,train
1304153,2024-06-06 20:00:00,train
1305573,2024-06-06 20:00:00,train
1305665,2024-06-06 20:00:00,train
10070388,2024-06-06 20:00:00,train
1290435,2024-06-06 20:10:00,train
1290433,2024-06-06 21:30:00,train
10070581,2024-06-06 21:30:00,train
10070865,2024-06-06 21:30:00,train
10070861,2024-06-07 00:30:00,train
10070857,2024-06-07 03:30:00,train
1307549,2024-06-07 11:00:00,train
1305263,2024-06-07 12:00:00,train
1307548,2024-06-07 14:00:00,train
1305633,2024-06-07 15:00:00,train
10070663,2024-06-07 15:00:00,train
1281530,2024-06-07 16:10:00,train
10070833,2024-06-07 16:15:00,train
1307547,2024-06-07 17:00:00,train
10070665,2024-06-07 17:15:00,train
1305262,2024-06-07 18:00:00,train
10070666,2024-06-07 18:30:00,train
10070667,2024-06-07 19:30:00,train
10070841,2024-06-07 20:00:00,train
1307493,2024-06-07 20:30:00,train
1307624,2024-06-07 20:40:00,train
10070743,2024-06-07 21:00:00,train
1307536,2024-06-07 21:30:00,train
1307669,2024-06-08 00:30:00,train
1305882,2024-06-08 03:30:00,train
10070842,2024-06-08 11:00:00,train
1307266,2024-06-08 12:00:00,train
1307544,2024-06-08 14:00:00,train
1281529,2024-06-08 15:00:00,train
1308984,2024-06-08 16:00:00,train
1281528,2024-06-08 16:30:00,train
10070671,2024-06-08 17:25:00,train
1307543,2024-06-08 17:30:00,train
1308973,2024-06-08 18:00:00,train
10070670,2024-06-08 18:20:00,train
10070672,2024-06-08 19:30:00,train
1307542,2024-06-08 20:00:00,train
1309175,2024-06-08 20:00:00,train
1309172,2024-06-08 20:30:00,train
1309161,2024-06-08 21:00:00,train
10071085,2024-06-09 11:30:00,train
1310746,2024-06-09 12:00:00,train
1310778,2024-06-09 13:00:00,train
1310779,2024-06-09 13:00:00,train
1310780,2024-06-09 13:00:00,train
1310781,2024-06-09 13:00:00,train
1310774,2024-06-09 14:30:00,train
1310775,2024-06-09 14:30:00,train
1310776,2024-06-09 14:30:00,train
1310777,2024-06-09 14:30:00,train
1311217,2024-06-09 14:30:00,train
1310589,2024-06-09 15:00:00,train
1310745,2024-06-09 15:00:00,train
1310771,2024-06-09 16:00:00,train
1310772,2024-06-09 16:00:00,train
1310773,2024-06-09 16:00:00,train
10071052,2024-06-09 16:00:00,train
1310767,2024-06-09 17:30:00,train
1310768,2024-06-09 17:30:00,train
1310769,2024-06-09 17:30:00,train
1311216,2024-06-09 17:30:00,train
10071057,2024-06-09 17:30:00,train
1310698,2024-06-09 18:00:00,train
1310744,2024-06-09 18:00:00,train
1310590,2024-06-09 18:20:00,train
10070389,2024-06-09 18:45:00,train
10071033,2024-06-09 21:00:00,train
1310976,2024-06-10 04:00:00,train
1311215,2024-06-10 11:30:00,train
1312040,2024-06-10 13:00:00,train
1312041,2024-06-10 13:00:00,train
1312042,2024-06-10 13:00:00,train
1312043,2024-06-10 13:00:00,train
1312036,2024-06-10 14:30:00,train
1312037,2024-06-10 14:30:00,train
1312038,2024-06-10 14:30:00,train
1312039,2024-06-10 14:30:00,train
10071089,2024-06-10 14:30:00,train
1312150,2024-06-10 15:00:00,train
1312032,2024-06-10 16:00:00,train
1312033,2024-06-10 16:00:00,train
1312034,2024-06-10 16:00:00,train
10071070,2024-06-10 16:00:00,train
1311213,2024-06-10 17:30:00,train
10071125,2024-06-11 11:30:00,train
1313815,2024-06-11 14:00:00,train
10071126,2024-06-11 14:30:00,train
1313814,2024-06-11 17:25:00,train
1313768,2024-06-11 17:30:00,train
10071128,2024-06-11 20:00:00,train
10071129,2024-06-11 20:00:00,train
10071131,2024-06-11 20:00:00,train
1315173,2024-06-11 21:00:00,train
10071130,2024-06-11 21:00:00,train
10071184,2024-06-12 13:00:00,train
1292754,2024-06-12 14:00:00,train
1315049,2024-06-12 15:45:00,train
1292753,2024-06-12 16:25:00,train
1292752,2024-06-12 18:45:00,train
1315508,2024-06-12 20:00:00,train
1315510,2024-06-12 20:00:00,train
10071132,2024-06-12 20:00:00,train
10071134,2024-06-12 20:00:00,train
1292751,2024-06-12 23:00:00,train
1315577,2024-06-13 11:00:00,train
1315048,2024-06-13 13:00:00,train
1315576,2024-06-13 14:00:00,train
1317125,2024-06-13 14:00:00,train
10071118,2024-06-13 14:00:00,train
1315047,2024-06-13 15:50:00,train
1317126,2024-06-13 15:50:00,train
1315575,2024-06-13 17:00:00,train
10071119,2024-06-13 17:00:00,train
1314508,2024-06-13 18:40:00,train
1317591,2024-06-13 19:00:00,train
10071178,2024-06-13 20:00:00,train
1317358,2024-06-13 21:00:00,train
10071137,2024-06-13 21:00:00,train
1317592,2024-06-13 22:15:00,train
1315573,2024-06-14 11:00:00,train
10071161,2024-06-14 11:00:00,train
1308703,2024-06-14 12:25:00,train
1316992,2024-06-14 13:00:00,train
10071120,2024-06-14 14:00:00,train
10071166,2024-06-14 14:10:00,train
1314507,2024-06-14 15:00:00,train
1308701,2024-06-14 15:25:00,train
1315572,2024-06-14 16:05:00,train
1318586,2024-06-14 16:30:00,train
1315571,2024-06-14 17:00:00,train
1319699,2024-06-14 17:00:00,train
10071121,2024-06-14 17:00:00,train
1318827,2024-06-14 18:00:00,train
10071114,2024-06-14 18:00:00,train
1319869,2024-06-14 18:30:00,train
1296498,2024-06-14 20:00:00,train
1318898,2024-06-14 20:00:00,train
1318899,2024-06-14 20:00:00,train
1318900,2024-06-14 20:00:00,train
10071138,2024-06-14 20:00:00,train
10071169,2024-06-14 20:00:00,train
10071177,2024-06-14 20:00:00,train
1318946,2024-06-14 21:40:00,train
1296497,2024-06-14 22:00:00,train
1296496,2024-06-15 00:10:00,train
10071154,2024-06-15 01:15:00,train
1320243,2024-06-15 02:00:00,train
10071155,2024-06-15 03:30:00,train
1319698,2024-06-15 11:00:00,train
10071246,2024-06-15 11:00:00,train
1320009,2024-06-15 13:00:00,train
1320137,2024-06-15 13:55:00,train
1318821,2024-06-15 14:00:00,train
10071122,2024-06-15 14:00:00,train
1320242,2024-06-15 16:15:00,train
10071123,2024-06-15 17:00:00,train
10071165,2024-06-15 17:45:00,train
1318671,2024-06-15 18:00:00,train
1320042,2024-06-15 18:00:00,train
1320094,2024-06-15 18:00:00,train
1320381,2024-06-15 19:10:00,train
1320108,2024-06-15 20:00:00,train
1320109,2024-06-15 20:00:00,train
10071142,2024-06-15 20:00:00,train
10071144,2024-06-15 20:00:00,train
10071245,2024-06-15 21:00:00,train
1320244,2024-06-15 22:10:00,train
10071152,2024-06-15 23:00:00,train
1321217,2024-06-16 02:30:00,train
1321115,2024-06-16 11:00:00,train
1321149,2024-06-16 13:00:00,train
1321114,2024-06-16 14:15:00,train
10071124,2024-06-16 15:00:00,train
1321216,2024-06-16 16:15:00,train
1321251,2024-06-16 17:00:00,train
1321809,2024-06-16 17:00:00,train
1321871,2024-06-16 19:00:00,train
10071158,2024-06-16 19:00:00,train
1321161,2024-06-16 20:00:00,train
1321195,2024-06-16 20:00:00,train
1321563,2024-06-16 22:30:00,train
10071160,2024-06-17 02:00:00,train
1321776,2024-06-17 14:00:00,train
10071309,2024-06-21 19:00:00,train
10071310,2024-06-21 22:15:00,train
10071312,2024-06-22 16:00:00,train
10071311,2024-06-22 18:45:00,train
10071314,2024-06-23 16:00:00,train
10071313,2024-06-23 19:40:00,train
10071307,2024-06-27 06:45:00,train
10071308,2024-06-27 10:45:00,train
10071456,2024-06-27 12:40:00,train
10071457,2024-06-28 12:20:00,train
10071615,2024-07-06 13:00:00,train
10071616,2024-07-06 13:00:00,train
10071617,2024-07-06 13:00:00,train
10071650,2024-07-06 13:00:00,train
10071651,2024-07-06 13:00:00,train
10071630,2024-07-06 14:00:00,train
10071631,2024-07-06 14:00:00,train
10071640,2024-07-06 14:00:00,train
10071641,2024-07-06 14:00:00,train
10071618,2024-07-06 15:00:00,train
10071619,2024-07-06 15:00:00,train
10071620,2024-07-06 15:00:00,train
10071652,2024-07-06 15:00:00,train
10071653,2024-07-06 15:00:00,train
10071632,2024-07-06 16:00:00,train
10071633,2024-07-06 16:00:00,train
10071642,2024-07-06 16:00:00,train
10071643,2024-07-06 16:00:00,train
10071621,2024-07-06 17:00:00,train
10071622,2024-07-06 17:00:00,train
10071623,2024-07-06 17:00:00,train
10071654,2024-07-06 17:00:00,train
10071655,2024-07-06 17:00:00,train
10071634,2024-07-06 18:00:00,train
10071635,2024-07-06 18:00:00,train
10071644,2024-07-06 18:00:00,train
10071645,2024-07-06 18:00:00,train
10071660,2024-07-06 19:00:00,train
10071661,2024-07-06 19:00:00,train
10071686,2024-07-06 19:00:00,train
10071687,2024-07-06 19:00:00,train
10071670,2024-07-06 20:00:00,train
10071671,2024-07-06 20:00:00,train
10071680,2024-07-06 20:00:00,train
10071681,2024-07-06 20:00:00,train
10071662,2024-07-06 21:00:00,train
10071664,2024-07-06 21:00:00,train
10071688,2024-07-06 21:00:00,train
10071689,2024-07-06 21:00:00,train
10071672,2024-07-06 22:00:00,train
10071673,2024-07-06 22:00:00,train
10071682,2024-07-06 22:00:00,train
10071683,2024-07-06 22:00:00,train
10071624,2024-07-07 13:00:00,train
10071625,2024-07-07 13:00:00,train
10071626,2024-07-07 13:00:00,train
10071656,2024-07-07 13:00:00,train
10071657,2024-07-07 13:00:00,train
10071636,2024-07-07 14:00:00,train
10071637,2024-07-07 14:00:00,train
10071646,2024-07-07 14:00:00,train
10071647,2024-07-07 14:00:00,train
10071627,2024-07-07 15:00:00,train
10071628,2024-07-07 15:00:00,train
10071629,2024-07-07 15:00:00,train
10071658,2024-07-07 15:00:00,train
10071659,2024-07-07 15:00:00,train
10071638,2024-07-07 16:00:00,train
10071639,2024-07-07 16:00:00,train
10071648,2024-07-07 16:00:00,train
10071649,2024-07-07 16:00:00,train
10071665,2024-07-07 17:00:00,train
10071666,2024-07-07 17:00:00,train
10071690,2024-07-07 17:00:00,train
10071691,2024-07-07 17:00:00,train
10071674,2024-07-07 18:00:00,train
10071675,2024-07-07 18:00:00,train
10071684,2024-07-07 18:00:00,train
10071685,2024-07-07 18:00:00,train
10071667,2024-07-07 19:00:00,train
10071676,2024-07-07 19:00:00,train
10071677,2024-07-07 19:00:00,train
10071804,2024-07-07 19:00:00,train
10071668,2024-07-07 20:00:00,train
10071669,2024-07-07 20:00:00,train
10071678,2024-07-07 20:00:00,train
10071679,2024-07-07 20:00:00,train
10071855,2024-07-08 18:00:00,train
10071856,2024-07-08 18:00:00,train
10071857,2024-07-08 18:00:00,train
10071858,2024-07-08 18:00:00,train
10071859,2024-07-08 21:00:00,train
10071860,2024-07-08 21:00:00,train
10071862,2024-07-08 21:00:00,train
10071861,2024-07-08 22:00:00,train
10071805,2024-07-09 18:00:00,train
10071806,2024-07-09 18:00:00,train
10071807,2024-07-09 18:00:00,train
10071808,2024-07-09 18:00:00,train
10071814,2024-07-09 21:00:00,train
10071815,2024-07-09 21:00:00,train
10071816,2024-07-09 21:00:00,train
10071813,2024-07-09 21:55:00,train
10071817,2024-07-10 18:00:00,train
10071818,2024-07-10 18:00:00,train
10071867,2024-07-10 18:00:00,train
10071868,2024-07-10 18:00:00,train
10071809,2024-07-10 21:00:00,train
10071810,2024-07-10 21:00:00,train
10071854,2024-07-10 22:00:00,train
10071819,2024-07-13 18:00:00,train
10071820,2024-07-13 18:00:00,train
10071863,2024-07-13 21:00:00,train
10071864,2024-07-13 21:00:00,train
10071865,2024-07-14 18:00:00,train
10071822,2024-07-14 21:00:00,train
10071823,2024-07-14 21:00:00,train
10071869,2024-07-14 21:00:00,train
10071870,2024-07-14 21:00:00,train
10071811,2024-07-14 22:00:00,train
10071871,2024-07-14 22:00:00,train
10071872,2024-07-14 23:00:00,train
10071821,2024-07-14 23:30:00,train
10071866,2024-07-15 00:00:00,train
10071812,2024-07-15 01:00:00,train
1333704,2024-07-17 14:30:00,train
1333705,2024-07-17 14:30:00,train
1333710,2024-07-17 14:30:00,train
1333707,2024-07-17 17:45:00,train
1333709,2024-07-17 17:45:00,train
1333706,2024-07-17 21:00:00,train
1333708,2024-07-17 21:00:00,train
1380480,2024-07-18 13:30:00,train
1380481,2024-07-18 13:30:00,train
1380479,2024-07-18 15:00:00,train
10071699,2024-07-18 15:00:00,train
1384234,2024-07-18 17:00:00,train
1384669,2024-07-18 19:00:00,train
10071980,2024-07-18 20:30:00,train
1380476,2024-07-18 22:00:00,train
1380475,2024-07-19 14:30:00,train
1385724,2024-07-19 18:55:00,train
1380477,2024-07-19 22:40:00,train
10072190,2024-07-20 00:00:00,train
10072143,2024-07-20 12:00:00,train
10072145,2024-07-20 15:00:00,train
1389940,2024-07-20 17:45:00,train
10072148,2024-07-20 18:00:00,train
10072185,2024-07-20 18:00:00,train
1391226,2024-07-20 21:00:00,train
10072146,2024-07-20 21:00:00,train
10072188,2024-07-20 21:00:00,train
10072187,2024-07-21 00:00:00,train
10072144,2024-07-21 15:00:00,train
10072147,2024-07-21 18:00:00,train
1395259,2024-07-21 21:00:00,train
1399246,2024-07-22 18:00:00,train
10072191,2024-07-22 21:00:00,train
10072231,2024-07-23 11:35:00,train
10072203,2024-07-24 10:30:00,train
10072205,2024-07-24 10:30:00,train
10072204,2024-07-24 12:40:00,train
10072206,2024-07-24 13:25:00,train
10072207,2024-07-24 14:35:00,train
10072208,2024-07-24 16:00:00,train
10072209,2024-07-24 16:30:00,train
10072210,2024-07-24 18:15:00,train
10072211,2024-07-24 18:50:00,train
10072212,2024-07-25 10:30:00,train
10072213,2024-07-25 10:30:00,train
10072317,2024-07-25 12:00:00,train
10072214,2024-07-25 13:10:00,train
10072215,2024-07-25 13:30:00,train
10072318,2024-07-25 15:00:00,train
10072216,2024-07-25 15:45:00,train
10072217,2024-07-25 16:00:00,train
10072218,2024-07-25 18:00:00,train
10072309,2024-07-25 18:00:00,train
10072312,2024-07-25 21:30:00,train
10072219,2024-07-26 10:30:00,train
10072220,2024-07-26 10:30:00,train
10072311,2024-07-26 12:00:00,train
10072221,2024-07-26 12:30:00,train
10072222,2024-07-26 12:30:00,train
10072224,2024-07-26 14:35:00,train
10072315,2024-07-26 15:00:00,train
10072225,2024-07-26 16:30:00,train
10072223,2024-07-26 16:35:00,train
1349663,2024-07-26 18:45:00,train
10072314,2024-07-26 20:00:00,train
10072320,2024-07-26 21:00:00,train
1429772,2024-07-27 15:00:00,train
1429773,2024-07-27 17:50:00,train
1428500,2024-07-27 18:10:00,train
1433680,2024-07-28 10:45:00,train
10072344,2024-07-28 12:00:00,train
1434356,2024-07-28 13:50:00,train
1435176,2024-07-28 15:30:00,train
10072424,2024-07-28 17:00:00,train
1435175,2024-07-28 18:00:00,train
1440342,2024-07-28 19:00:00,train
10072429,2024-07-28 20:20:00,train
10072350,2024-07-28 21:00:00,train
10072418,2024-07-28 22:30:00,train
10072419,2024-07-28 22:30:00,train
10072425,2024-07-28 23:20:00,train
10072430,2024-07-29 02:00:00,train
10072420,2024-07-29 02:30:00,train
10072421,2024-07-29 02:30:00,train
10072346,2024-07-29 12:00:00,train
1370922,2024-07-29 13:00:00,train
1370921,2024-07-29 14:50:00,train
1440194,2024-07-29 15:00:00,train
10072426,2024-07-29 17:00:00,train
1370920,2024-07-29 17:30:00,train
1443453,2024-07-29 20:00:00,train
1370919,2024-07-29 21:20:00,train
1443819,2024-07-29 22:30:00,train
1442538,2024-07-29 23:00:00,train
1443452,2024-07-30 02:00:00,train
1450654,2024-07-30 02:30:00,train
1441988,2024-07-30 12:00:00,train
1447814,2024-07-30 13:00:00,train
1447813,2024-07-30 15:05:00,train
1435173,2024-07-30 15:30:00,train
1438112,2024-07-30 17:15:00,train
10072352,2024-07-30 18:00:00,train
1449801,2024-07-30 18:20:00,train
1438111,2024-07-30 20:00:00,train
1449800,2024-07-30 20:30:00,train
1438114,2024-07-30 23:00:00,train
10072435,2024-07-31 02:00:00,train
10072355,2024-07-31 12:00:00,train
1370918,2024-07-31 13:00:00,train
1370917,2024-07-31 16:25:00,train
10072436,2024-07-31 17:00:00,train
1435171,2024-07-31 18:00:00,train
1370916,2024-07-31 18:45:00,train
1456351,2024-07-31 20:00:00,train
1370915,2024-07-31 20:30:00,train
1435170,2024-07-31 21:25:00,train
1457855,2024-07-31 23:20:00,train
1456350,2024-08-01 02:00:00,train
10072541,2024-08-01 11:30:00,train
10072542,2024-08-01 11:30:00,train
10072348,2024-08-01 12:00:00,train
1461761,2024-08-01 13:00:00,train
1455873,2024-08-01 15:00:00,train
10072555,2024-08-01 15:45:00,train
10072556,2024-08-01 15:45:00,train
1461760,2024-08-01 16:00:00,train
10072428,2024-08-01 17:00:00,train
1460427,2024-08-01 18:00:00,train
1462699,2024-08-01 19:15:00,train
10072438,2024-08-01 20:20:00,train
1463089,2024-08-01 21:00:00,train
1462698,2024-08-01 22:40:00,train
1451234,2024-08-01 23:00:00,train
1463733,2024-08-02 02:00:00,train
1466429,2024-08-02 11:30:00,train
1460426,2024-08-02 12:00:00,train
1455438,2024-08-02 13:00:00,train
1456732,2024-08-02 15:00:00,train
1469894,2024-08-02 15:00:00,train
1470048,2024-08-02 15:30:00,train
1469201,2024-08-02 17:00:00,train
1463088,2024-08-02 18:00:00,train
1466696,2024-08-02 18:05:00,train
1469203,2024-08-02 20:00:00,train
1467883,2024-08-02 20:40:00,train
10072363,2024-08-02 21:00:00,train
1469202,2024-08-02 23:00:00,train
1469204,2024-08-03 02:00:00,train
1471480,2024-08-03 12:00:00,train
10072660,2024-08-03 12:45:00,train
1470113,2024-08-03 13:00:00,train
10072664,2024-08-03 15:30:00,train
10072365,2024-08-03 16:30:00,train
1470605,2024-08-03 16:45:00,train
1472102,2024-08-03 17:00:00,train
10072669,2024-08-03 19:00:00,train
1471631,2024-08-03 19:30:00,train
1472262,2024-08-03 19:30:00,train
1471071,2024-08-03 19:55:00,train
10072666,2024-08-03 21:30:00,train
1471222,2024-08-03 22:00:00,train
1472261,2024-08-03 22:15:00,train
10072643,2024-08-03 22:30:00,train
10072644,2024-08-03 22:30:00,train
1474921,2024-08-04 02:00:00,train
10072645,2024-08-04 02:30:00,train
10072646,2024-08-04 02:30:00,train
10072663,2024-08-04 12:30:00,train
10072368,2024-08-04 13:00:00,train
1475794,2024-08-04 15:30:00,train
10072661,2024-08-04 16:20:00,train
1475411,2024-08-04 17:00:00,train
1475795,2024-08-04 17:30:00,train
10072667,2024-08-04 19:30:00,train
10072658,2024-08-04 22:10:00,train
10072647,2024-08-04 22:30:00,train
10072648,2024-08-05 02:30:00,train
10072650,2024-08-05 12:00:00,train
10072665,2024-08-05 12:30:00,train
10072370,2024-08-05 13:00:00,train
10072673,2024-08-05 14:00:00,train
10072651,2024-08-05 15:00:00,train
10072674,2024-08-05 15:00:00,train
10072659,2024-08-05 15:30:00,train
10072675,2024-08-05 16:00:00,train
10072676,2024-08-05 17:00:00,train
10072652,2024-08-05 18:00:00,train
10072662,2024-08-05 18:00:00,train
10072677,2024-08-05 18:00:00,train
10072653,2024-08-05 21:00:00,train
1475585,2024-08-05 21:30:00,train
1480957,2024-08-06 12:00:00,train
1473026,2024-08-06 13:00:00,train
1484245,2024-08-06 13:30:00,train
1473025,2024-08-06 14:00:00,train
10072655,2024-08-06 15:00:00,train
10072680,2024-08-06 15:20:00,train
1484718,2024-08-06 16:30:00,train
1488209,2024-08-06 16:30:00,train
1488625,2024-08-06 17:20:00,train
1480955,2024-08-06 18:00:00,train
1488863,2024-08-06 19:30:00,train
1480954,2024-08-06 21:25:00,train
1423504,2024-08-07 11:30:00,train
1423506,2024-08-07 11:30:00,train
10072686,2024-08-07 12:00:00,train
10072684,2024-08-07 13:00:00,train
1484343,2024-08-07 14:45:00,train
1491116,2024-08-07 15:00:00,train
1423509,2024-08-07 15:15:00,train
1489775,2024-08-07 16:00:00,train
1423511,2024-08-07 16:45:00,train
1423510,2024-08-07 18:30:00,train
1491115,2024-08-07 19:00:00,train
1423507,2024-08-07 19:45:00,train
1493500,2024-08-07 20:00:00,train
1491114,2024-08-07 21:00:00,train
1423505,2024-08-07 21:25:00,train
1491113,2024-08-08 12:00:00,train
1492775,2024-08-08 14:30:00,train
10072550,2024-08-08 14:30:00,train
1491112,2024-08-08 15:00:00,train
1494308,2024-08-08 16:45:00,train
1494464,2024-08-08 17:45:00,train
1491111,2024-08-08 18:00:00,train
1494002,2024-08-08 20:15:00,train
1494001,2024-08-08 20:45:00,train
1491110,2024-08-08 21:00:00,train
10072880,2024-08-09 12:00:00,train
1494307,2024-08-09 14:30:00,train
1494465,2024-08-09 14:30:00,train
10072881,2024-08-09 15:00:00,train
10072552,2024-08-09 16:45:00,train
1497119,2024-08-09 18:00:00,train
10072876,2024-08-09 18:00:00,train
1497117,2024-08-09 20:30:00,train
10072877,2024-08-09 21:00:00,train
1499245,2024-08-09 21:30:00,train
10072878,2024-08-10 12:00:00,train
1499565,2024-08-10 14:30:00,train
1499566,2024-08-10 14:30:00,train
10072879,2024-08-10 15:00:00,train
1499567,2024-08-10 16:55:00,train
1499568,2024-08-10 18:00:00,train
10072874,2024-08-10 18:00:00,train
1499978,2024-08-10 19:45:00,train
1499981,2024-08-10 20:25:00,train
1497725,2024-08-10 21:00:00,train
10072910,2024-08-11 13:00:00,train
1499976,2024-08-11 14:30:00,train
1499977,2024-08-11 14:30:00,train
1502735,2024-08-11 16:15:00,train
1502360,2024-08-11 16:45:00,train
1502361,2024-08-11 17:40:00,train
1502734,2024-08-11 19:15:00,train
1502358,2024-08-11 19:50:00,train
1502359,2024-08-11 20:20:00,train
10072992,2024-08-12 12:00:00,train
1502733,2024-08-12 13:00:00,train
1504748,2024-08-12 14:30:00,train
1505049,2024-08-12 14:30:00,train
10072993,2024-08-12 15:00:00,train
1502732,2024-08-12 16:00:00,train
1504749,2024-08-12 17:00:00,train
1505050,2024-08-12 18:00:00,train
10072915,2024-08-12 19:00:00,train
1506048,2024-08-12 20:20:00,train
1505719,2024-08-12 20:30:00,train
10072994,2024-08-13 12:00:00,train
10072984,2024-08-13 12:30:00,train
1510806,2024-08-13 13:00:00,train
1509920,2024-08-13 14:30:00,train
1510095,2024-08-13 14:30:00,train
10072995,2024-08-13 15:00:00,train
10072985,2024-08-13 15:50:00,train
1510805,2024-08-13 16:30:00,train
1510630,2024-08-13 16:45:00,train
1505384,2024-08-13 17:00:00,train
1510676,2024-08-13 18:30:00,train
10072918,2024-08-13 19:00:00,train
1510097,2024-08-13 19:45:00,train
1513541,2024-08-13 19:45:00,train
1510675,2024-08-13 21:45:00,train
10072996,2024-08-14 12:00:00,train
1510674,2024-08-14 12:30:00,train
1500931,2024-08-14 15:00:00,train
1510673,2024-08-14 16:00:00,train
1510672,2024-08-14 18:30:00,train
10073123,2024-08-14 21:15:00,train
10073124,2024-08-14 21:20:00,train
1510671,2024-08-14 21:30:00,train
10073125,2024-08-14 21:40:00,train
10073103,2024-08-14 21:50:00,train
10073113,2024-08-14 21:50:00,train
10073122,2024-08-14 21:50:00,train
10073106,2024-08-14 21:55:00,train
10073115,2024-08-14 21:55:00,train
10073116,2024-08-14 22:00:00,train
10073118,2024-08-14 22:00:00,train
10073119,2024-08-14 22:00:00,train
10073136,2024-08-14 22:00:00,train
10073144,2024-08-14 22:00:00,train
10073146,2024-08-14 22:00:00,train
10073107,2024-08-14 22:05:00,train
10073114,2024-08-14 22:05:00,train
10073126,2024-08-14 22:05:00,train
10073108,2024-08-14 22:10:00,train
10073109,2024-08-14 22:10:00,train
10073120,2024-08-14 22:15:00,train
10073134,2024-08-14 22:15:00,train
10073142,2024-08-14 22:15:00,train
10073110,2024-08-14 22:25:00,train
10073117,2024-08-14 22:30:00,train
10073140,2024-08-14 22:30:00,train
10073129,2024-08-14 22:35:00,train
10073133,2024-08-14 22:40:00,train
10073147,2024-08-14 22:40:00,train
10073121,2024-08-14 22:45:00,train
10073111,2024-08-14 23:05:00,train
10073163,2024-08-15 10:00:00,train
10073162,2024-08-15 12:00:00,train
10073185,2024-08-15 12:30:00,train
1516056,2024-08-15 15:00:00,train
10073186,2024-08-15 15:30:00,train
10073112,2024-08-15 17:30:00,train
10073164,2024-08-15 18:45:00,train
10073187,2024-08-15 19:30:00,train
1516054,2024-08-15 21:00:00,train
1517274,2024-08-15 21:30:00,train
10073083,2024-08-15 21:35:00,train
10073084,2024-08-15 21:40:00,train
1516053,2024-08-16 12:00:00,train
10073189,2024-08-16 12:30:00,train
1516052,2024-08-16 15:30:00,train
1517272,2024-08-16 15:30:00,train
1514410,2024-08-16 16:45:00,train
10073160,2024-08-16 18:00:00,train
1517271,2024-08-16 19:00:00,train
1514409,2024-08-16 20:25:00,train
1516050,2024-08-16 21:20:00,train
1517270,2024-08-16 21:30:00,train
10073229,2024-08-16 22:25:00,train
10073230,2024-08-16 22:35:00,train
10073236,2024-08-16 22:35:00,train
10073237,2024-08-16 22:40:00,train
10073225,2024-08-16 22:45:00,train
10073235,2024-08-16 22:45:00,train
10073223,2024-08-16 22:50:00,train
10073227,2024-08-16 22:50:00,train
10073228,2024-08-16 22:50:00,train
10073233,2024-08-16 22:50:00,train
10073226,2024-08-16 22:55:00,train
10073231,2024-08-16 23:00:00,train
10073238,2024-08-16 23:05:00,train
10073232,2024-08-16 23:20:00,train
1519321,2024-08-17 12:00:00,train
10073245,2024-08-17 12:30:00,train
10073255,2024-08-17 13:00:00,train
1518893,2024-08-17 15:00:00,train
10073246,2024-08-17 15:30:00,train
1520829,2024-08-17 16:45:00,train
1520107,2024-08-17 18:00:00,train
1521111,2024-08-17 18:30:00,train
1521915,2024-08-17 19:00:00,train
1521916,2024-08-17 19:00:00,train
1521918,2024-08-17 19:00:00,train
1521919,2024-08-17 19:00:00,train
1521920,2024-08-17 19:00:00,train
10073248,2024-08-17 19:00:00,train
10073252,2024-08-17 19:00:00,train
1521063,2024-08-17 20:00:00,train
10073256,2024-08-17 20:05:00,train
10073259,2024-08-17 20:10:00,train
1522894,2024-08-17 20:15:00,train
10073258,2024-08-17 20:35:00,train
10073200,2024-08-17 21:00:00,train
1521110,2024-08-17 21:30:00,train
10073243,2024-08-18 12:30:00,train
1521108,2024-08-18 15:30:00,train
10073263,2024-08-18 15:30:00,train
10073260,2024-08-18 16:00:00,train
1523325,2024-08-18 18:00:00,train
1521106,2024-08-18 18:30:00,train
10073264,2024-08-18 19:00:00,train
1521107,2024-08-18 21:30:00,train
10073302,2024-08-18 22:50:00,train
10073297,2024-08-18 22:55:00,train
10073285,2024-08-18 23:10:00,train
10073288,2024-08-18 23:25:00,train
10073279,2024-08-18 23:30:00,train
10073284,2024-08-18 23:30:00,train
10073290,2024-08-18 23:30:00,train
10073282,2024-08-18 23:35:00,train
10073294,2024-08-18 23:35:00,train
10073296,2024-08-18 23:35:00,train
10073281,2024-08-18 23:45:00,train
10073287,2024-08-18 23:50:00,train
10073293,2024-08-18 23:55:00,train
10073299,2024-08-19 00:00:00,train
10073300,2024-08-19 00:00:00,train
10073291,2024-08-19 00:10:00,train
1521948,2024-08-19 12:00:00,train
1526383,2024-08-19 13:30:00,train
10073266,2024-08-19 16:55:00,train
1526582,2024-08-19 19:00:00,train
1526583,2024-08-19 19:00:00,train
1526584,2024-08-19 19:00:00,train
1526585,2024-08-19 19:00:00,train
1526587,2024-08-19 19:00:00,train
1526588,2024-08-19 19:00:00,train
10073286,2024-08-19 19:00:00,train
10073301,2024-08-19 19:00:00,train
1526825,2024-08-19 19:30:00,train
10073303,2024-08-19 20:05:00,train
1529663,2024-08-19 20:15:00,train
10073304,2024-08-19 20:30:00,train
10073305,2024-08-19 20:30:00,train
1529825,2024-08-19 21:20:00,train
10073307,2024-08-19 21:35:00,train
1521946,2024-08-20 12:00:00,train
1526381,2024-08-20 13:30:00,train
1526380,2024-08-20 16:30:00,train
1526379,2024-08-20 19:55:00,train
1524768,2024-08-21 09:30:00,train
1524769,2024-08-21 09:30:00,train
1517990,2024-08-21 12:00:00,train
1517997,2024-08-21 12:00:00,train
1518219,2024-08-21 12:00:00,train
1521944,2024-08-21 12:00:00,train
10073087,2024-08-21 12:00:00,train
1517995,2024-08-21 13:00:00,train
1517988,2024-08-21 13:15:00,train
1517989,2024-08-21 13:15:00,train
1517996,2024-08-21 13:15:00,train
10073364,2024-08-21 13:30:00,train
10073369,2024-08-21 13:30:00,train
10073371,2024-08-21 13:30:00,train
1517986,2024-08-21 14:15:00,train
1517987,2024-08-21 14:15:00,train
10073092,2024-08-21 14:15:00,train
1517985,2024-08-21 15:00:00,train
1521943,2024-08-21 15:00:00,train
10073094,2024-08-21 15:00:00,train
10073102,2024-08-21 15:25:00,train
1533810,2024-08-21 16:30:00,train
10073373,2024-08-21 17:00:00,train
10073378,2024-08-21 17:00:00,train
10073380,2024-08-21 17:00:00,train
1518112,2024-08-21 17:30:00,train
10073387,2024-08-21 18:10:00,train
10073375,2024-08-21 18:15:00,train
10073376,2024-08-21 18:15:00,train
10073384,2024-08-21 18:15:00,train
10073377,2024-08-21 19:10:00,train
10073379,2024-08-21 19:10:00,train
10073381,2024-08-21 19:10:00,train
10073383,2024-08-21 19:10:00,train
1533809,2024-08-21 19:30:00,train
1518110,2024-08-21 19:40:00,train
10073382,2024-08-21 20:00:00,train
10073388,2024-08-21 20:00:00,train
10073385,2024-08-21 20:15:00,train
1518109,2024-08-21 22:00:00,train
1536159,2024-08-22 09:30:00,train
1521942,2024-08-22 12:00:00,train
1536793,2024-08-22 12:00:00,train
1536794,2024-08-22 12:00:00,train
1536802,2024-08-22 12:00:00,train
1536791,2024-08-22 13:00:00,train
1536792,2024-08-22 13:00:00,train
1536800,2024-08-22 13:05:00,train
10073403,2024-08-22 13:10:00,train
1538310,2024-08-22 13:30:00,train
1536789,2024-08-22 14:00:00,train
1536790,2024-08-22 14:00:00,train
1536798,2024-08-22 14:00:00,train
10073399,2024-08-22 14:00:00,train
1521941,2024-08-22 15:00:00,train
1518105,2024-08-22 16:30:00,train
1536788,2024-08-22 18:00:00,train
10073406,2024-08-22 18:00:00,train
1518107,2024-08-22 18:50:00,train
1536916,2024-08-22 19:00:00,train
1518108,2024-08-22 21:05:00,train
1539344,2024-08-23 12:00:00,train
10073429,2024-08-23 12:00:00,train
10073430,2024-08-23 12:00:00,train
10073435,2024-08-23 12:00:00,train
10073438,2024-08-23 12:00:00,train
1539241,2024-08-23 15:00:00,train
1539243,2024-08-23 15:00:00,train
1539341,2024-08-23 15:00:00,train
1539342,2024-08-23 15:00:00,train
1539343,2024-08-23 15:00:00,train
10073433,2024-08-23 15:00:00,train
1518111,2024-08-23 18:00:00,train
10073449,2024-08-23 18:45:00,train
10073450,2024-08-23 18:45:00,train
10073451,2024-08-23 18:45:00,train
1541093,2024-08-23 19:15:00,train
1541095,2024-08-23 19:15:00,train
10073454,2024-08-23 19:15:00,train
1518106,2024-08-23 22:10:00,train
1537195,2024-08-24 00:45:00,train
1530248,2024-08-24 11:30:00,train
10073515,2024-08-24 15:55:00,train
1539469,2024-08-24 16:30:00,train
10073332,2024-08-24 18:00:00,train
1541209,2024-08-24 19:30:00,train
10073331,2024-08-24 20:15:00,train
1541670,2024-08-24 23:00:00,train
1543378,2024-08-25 12:00:00,train
1541110,2024-08-25 12:30:00,train
10073428,2024-08-25 14:00:00,train
1543379,2024-08-25 14:45:00,train
1541109,2024-08-25 15:30:00,train
1530246,2024-08-25 17:45:00,train
1541108,2024-08-25 18:30:00,train
1543721,2024-08-25 19:00:00,train
10073330,2024-08-25 20:25:00,train
1544067,2024-08-25 21:10:00,train
1541107,2024-08-25 21:30:00,train
1530245,2024-08-25 21:40:00,train
10073591,2024-08-26 11:30:00,train
10073443,2024-08-26 12:00:00,train
10073518,2024-08-26 12:00:00,train
1541106,2024-08-26 12:30:00,train
10073559,2024-08-26 12:30:00,train
1546169,2024-08-26 14:20:00,train
10073592,2024-08-26 14:30:00,train
10073440,2024-08-26 15:00:00,train
1544756,2024-08-26 15:30:00,train
10073542,2024-08-26 15:30:00,train
1541239,2024-08-26 16:30:00,train
1541240,2024-08-26 16:30:00,train
1541241,2024-08-26 16:30:00,train
1541242,2024-08-26 16:30:00,train
1546016,2024-08-26 16:30:00,train
1518734,2024-08-26 17:00:00,train
1518735,2024-08-26 17:00:00,train
1545744,2024-08-26 17:30:00,train
10073150,2024-08-26 18:10:00,train
10073151,2024-08-26 18:10:00,train
1544755,2024-08-26 18:30:00,train
1541104,2024-08-26 18:50:00,train
1518730,2024-08-26 19:20:00,train
1518731,2024-08-26 19:20:00,train
1546015,2024-08-26 19:45:00,train
1518729,2024-08-26 20:10:00,train
10073155,2024-08-26 20:10:00,train
1548739,2024-08-26 20:30:00,train
1548740,2024-08-26 20:30:00,train
1548889,2024-08-26 20:45:00,train
1548890,2024-08-26 20:45:00,train
1518629,2024-08-26 21:15:00,train
1518630,2024-08-26 21:15:00,train
1541103,2024-08-26 21:30:00,train
1544742,2024-08-26 21:30:00,train
10073594,2024-08-26 21:30:00,train
10073132,2024-08-26 22:00:00,train
10073145,2024-08-26 22:00:00,train
10073681,2024-08-26 22:00:00,train
10073682,2024-08-26 22:00:00,train
1546170,2024-08-26 23:00:00,train
1507744,2024-08-26 23:15:00,train
10073138,2024-08-26 23:15:00,train
10073683,2024-08-26 23:15:00,train
10073684,2024-08-26 23:15:00,train
1518624,2024-08-27 00:15:00,train
1549149,2024-08-27 00:15:00,train
1549152,2024-08-27 00:15:00,train
1549153,2024-08-27 00:15:00,train
10073688,2024-08-27 00:15:00,train
10073141,2024-08-27 00:30:00,train
10073696,2024-08-27 02:00:00,train
10073697,2024-08-27 02:00:00,train
10073698,2024-08-27 03:10:00,train
10073699,2024-08-27 03:10:00,train
10073701,2024-08-27 04:10:00,train
10073702,2024-08-27 04:10:00,train
10073700,2024-08-27 04:20:00,train
10073703,2024-08-27 04:20:00,train
1543129,2024-08-27 09:00:00,train
1543130,2024-08-27 09:00:00,train
10073653,2024-08-27 09:00:00,train
10073654,2024-08-27 09:00:00,train
1543127,2024-08-27 10:00:00,train
1543128,2024-08-27 10:00:00,train
10073655,2024-08-27 10:00:00,train
10073656,2024-08-27 10:00:00,train
1545742,2024-08-27 11:30:00,train
10073519,2024-08-27 12:00:00,train
10073650,2024-08-27 12:00:00,train
10073651,2024-08-27 12:00:00,train
10073657,2024-08-27 12:00:00,train
10073658,2024-08-27 12:00:00,train
1544754,2024-08-27 12:30:00,train
1545571,2024-08-27 12:30:00,train
1550282,2024-08-27 13:00:00,train
1550399,2024-08-27 13:00:00,train
1550453,2024-08-27 13:00:00,train
1550454,2024-08-27 13:00:00,train
1546013,2024-08-27 14:00:00,train
1549394,2024-08-27 14:20:00,train
1545741,2024-08-27 14:30:00,train
10073437,2024-08-27 15:00:00,train
1544753,2024-08-27 15:30:00,train
1546360,2024-08-27 15:30:00,train
1549254,2024-08-27 16:30:00,train
1549376,2024-08-27 16:30:00,train
1549861,2024-08-27 17:00:00,train
10073691,2024-08-27 17:00:00,train
10073525,2024-08-27 17:10:00,train
1545740,2024-08-27 18:20:00,train
1544751,2024-08-27 18:30:00,train
1546171,2024-08-27 18:30:00,train
1549859,2024-08-27 20:10:00,train
10073693,2024-08-27 20:10:00,train
1545739,2024-08-27 20:30:00,train
1549377,2024-08-27 20:30:00,train
1551135,2024-08-27 20:30:00,train
1549952,2024-08-27 21:00:00,train
10073705,2024-08-27 21:00:00,train
1549041,2024-08-27 21:30:00,train
1549856,2024-08-27 23:10:00,train
1549857,2024-08-27 23:10:00,train
1549949,2024-08-28 00:00:00,train
1549950,2024-08-28 00:00:00,train
1549947,2024-08-28 03:00:00,train
1549948,2024-08-28 03:00:00,train
1548807,2024-08-28 09:00:00,train
1550767,2024-08-28 09:00:00,train
1550823,2024-08-28 09:00:00,train
1550824,2024-08-28 09:00:00,train
10073612,2024-08-28 09:00:00,train
10073660,2024-08-28 09:00:00,train
1548804,2024-08-28 10:00:00,train
1548805,2024-08-28 10:00:00,train
1548806,2024-08-28 10:00:00,train
10073668,2024-08-28 10:00:00,train
1546014,2024-08-28 11:00:00,train
1548801,2024-08-28 11:00:00,train
1548802,2024-08-28 11:00:00,train
1551736,2024-08-28 11:30:00,train
1550514,2024-08-28 12:00:00,train
1550561,2024-08-28 12:00:00,train
1551375,2024-08-28 12:00:00,train
1553518,2024-08-28 12:00:00,train
10073442,2024-08-28 12:00:00,train
10073665,2024-08-28 12:00:00,train
10073556,2024-08-28 12:30:00,train
1553514,2024-08-28 13:00:00,train
1553515,2024-08-28 13:00:00,train
1553516,2024-08-28 13:00:00,train
1553555,2024-08-28 13:00:00,train
1553744,2024-08-28 13:00:00,train
10073672,2024-08-28 13:00:00,train
10072341,2024-08-28 13:30:00,train
1541154,2024-08-28 14:00:00,train
1546012,2024-08-28 14:00:00,train
1551307,2024-08-28 14:00:00,train
1553513,2024-08-28 14:00:00,train
1553963,2024-08-28 14:00:00,train
10073676,2024-08-28 14:00:00,train
1551735,2024-08-28 14:30:00,train
1541152,2024-08-28 15:00:00,train
1541155,2024-08-28 15:00:00,train
1551376,2024-08-28 15:00:00,train
1551741,2024-08-28 16:30:00,train
10072343,2024-08-28 16:30:00,train
10073566,2024-08-28 16:30:00,train
1546011,2024-08-28 17:00:00,train
1551459,2024-08-28 17:00:00,train
10073678,2024-08-28 17:00:00,train
10073679,2024-08-28 17:00:00,train
1551734,2024-08-28 17:30:00,train
10073638,2024-08-28 18:00:00,train
10073639,2024-08-28 18:00:00,train
1544752,2024-08-28 18:30:00,train
10074263,2024-08-28 19:30:00,train
1551377,2024-08-28 19:50:00,train
1555295,2024-08-28 20:00:00,train
10073716,2024-08-28 20:00:00,train
10073717,2024-08-28 20:00:00,train
10073718,2024-08-28 20:00:00,train
10073722,2024-08-28 20:30:00,train
10073723,2024-08-28 20:30:00,train
10073729,2024-08-28 20:45:00,train
1551378,2024-08-28 23:55:00,train
1552645,2024-08-29 00:10:00,train
1552646,2024-08-29 00:10:00,train
1552647,2024-08-29 00:10:00,train
1556042,2024-08-29 00:10:00,train
1554401,2024-08-29 09:00:00,train
1554438,2024-08-29 09:00:00,train
1554621,2024-08-29 09:00:00,train
1554620,2024-08-29 10:00:00,train
1554837,2024-08-29 10:00:00,train
1554625,2024-08-29 11:00:00,train
10073730,2024-08-29 11:30:00,train
1539315,2024-08-29 12:00:00,train
1554182,2024-08-29 12:00:00,train
1554866,2024-08-29 12:00:00,train
10073616,2024-08-29 12:00:00,train
1544748,2024-08-29 12:30:00,train
1554181,2024-08-29 13:00:00,train
1546010,2024-08-29 14:00:00,train
1555484,2024-08-29 14:00:00,train
10073623,2024-08-29 14:00:00,train
10073635,2024-08-29 14:00:00,train
10073641,2024-08-29 14:00:00,train
1539319,2024-08-29 15:00:00,train
10073628,2024-08-29 15:15:00,train
1544747,2024-08-29 15:30:00,train
1551731,2024-08-29 15:30:00,train
1556640,2024-08-29 15:50:00,train
1541330,2024-08-29 16:30:00,train
1541331,2024-08-29 16:30:00,train
1541332,2024-08-29 16:30:00,train
10073221,2024-08-29 16:30:00,train
1555072,2024-08-29 17:00:00,train
1546009,2024-08-29 17:30:00,train
1551730,2024-08-29 17:30:00,train
10073642,2024-08-29 18:00:00,train
1544746,2024-08-29 18:30:00,train
1554867,2024-08-29 18:40:00,train
1551631,2024-08-29 20:30:00,train
1559701,2024-08-29 20:30:00,train
1559702,2024-08-29 20:30:00,train
1556641,2024-08-29 21:10:00,train
1560025,2024-08-29 21:15:00,train
10073572,2024-08-29 21:15:00,train
1551729,2024-08-29 21:30:00,train
1544736,2024-08-30 00:30:00,train
1544737,2024-08-30 00:30:00,train
10073581,2024-08-30 04:30:00,train
10073582,2024-08-30 04:30:00,train
1559344,2024-08-30 11:00:00,train
1560533,2024-08-30 11:30:00,train
1559163,2024-08-30 12:00:00,train
1544745,2024-08-30 12:30:00,train
1559874,2024-08-30 14:00:00,train
1560196,2024-08-30 14:00:00,train
1562682,2024-08-30 14:00:00,train
10073742,2024-08-30 14:30:00,train
10073637,2024-08-30 15:15:00,train
1544744,2024-08-30 15:30:00,train
1560540,2024-08-30 16:30:00,train
1560541,2024-08-30 16:30:00,train
10073644,2024-08-30 16:45:00,train
1560531,2024-08-30 17:30:00,train
1560548,2024-08-30 17:30:00,train
1544743,2024-08-30 18:30:00,train
1560530,2024-08-30 20:30:00,train
1563365,2024-08-30 20:30:00,train
10073575,2024-08-30 20:30:00,train
1560549,2024-08-30 21:45:00,train
1562407,2024-08-31 00:30:00,train
10073584,2024-08-31 04:30:00,train
1560716,2024-08-31 11:30:00,train
10073609,2024-08-31 13:30:00,train
1563736,2024-08-31 14:00:00,train
10073746,2024-08-31 15:30:00,train
1563232,2024-08-31 16:30:00,train
10073577,2024-08-31 16:30:00,train
10073747,2024-08-31 17:30:00,train
1566113,2024-08-31 19:00:00,train
10073578,2024-08-31 20:30:00,train
1560713,2024-08-31 21:00:00,train
1541333,2024-09-01 00:30:00,train
1541334,2024-09-01 00:30:00,train
10073587,2024-09-01 04:30:00,train
10073588,2024-09-01 04:30:00,train
1567740,2024-09-01 13:30:00,train
1563843,2024-09-01 14:00:00,train
1566690,2024-09-01 14:00:00,train
1562827,2024-09-01 17:00:00,train
1567739,2024-09-01 17:00:00,train
1567738,2024-09-01 19:00:00,train
1567859,2024-09-02 00:30:00,train
10073590,2024-09-02 04:30:00,train
1569154,2024-09-02 11:00:00,train
10073890,2024-09-02 11:00:00,train
1560577,2024-09-02 12:00:00,train
1567737,2024-09-02 13:00:00,train
1560021,2024-09-02 13:30:00,train
1569153,2024-09-02 14:00:00,train
1569673,2024-09-02 14:00:00,train
1560576,2024-09-02 15:00:00,train
10073838,2024-09-02 16:00:00,train
10073645,2024-09-02 16:40:00,train
1567735,2024-09-02 19:00:00,train
1569671,2024-09-02 20:00:00,train
1569152,2024-09-03 11:00:00,train
10073894,2024-09-03 11:00:00,train
10073910,2024-09-03 13:00:00,train
1563841,2024-09-03 13:30:00,train
1569151,2024-09-03 14:00:00,train
1569804,2024-09-03 14:00:00,train
1560067,2024-09-03 14:30:00,train
1560069,2024-09-03 14:30:00,train
1560574,2024-09-03 15:00:00,train
10073911,2024-09-03 16:00:00,train
1558992,2024-09-03 16:30:00,train
1560070,2024-09-03 17:30:00,train
1560068,2024-09-03 17:40:00,train
1569803,2024-09-03 18:10:00,train
1573033,2024-09-03 19:00:00,train
1569802,2024-09-03 20:00:00,train
1560065,2024-09-03 20:30:00,train
10071465,2024-09-03 20:55:00,train
1569150,2024-09-04 11:00:00,train
1560573,2024-09-04 12:00:00,train
1575748,2024-09-04 13:30:00,train
1569149,2024-09-04 14:20:00,train
1576415,2024-09-04 14:20:00,train
1560064,2024-09-04 14:30:00,train
1560066,2024-09-04 14:30:00,train
1569394,2024-09-04 16:30:00,train
10073830,2024-09-04 17:00:00,train
10073919,2024-09-04 17:25:00,train
1575811,2024-09-04 17:30:00,train
1575812,2024-09-04 17:30:00,train
1576413,2024-09-04 20:00:00,train
1551645,2024-09-04 20:30:00,train
1575965,2024-09-04 20:30:00,train
1575967,2024-09-04 20:30:00,train
10073739,2024-09-04 20:30:00,train
1569148,2024-09-05 11:00:00,train
1576409,2024-09-05 11:00:00,train
10073965,2024-09-05 11:30:00,train
10073979,2024-09-05 12:50:00,train
1572138,2024-09-05 13:30:00,train
10073914,2024-09-05 14:00:00,train
1579168,2024-09-05 14:30:00,train
1579655,2024-09-05 14:30:00,train
10073767,2024-09-05 14:30:00,train
10073978,2024-09-05 15:00:00,train
10073906,2024-09-05 16:30:00,train
1576410,2024-09-05 17:00:00,train
1579166,2024-09-05 17:30:00,train
1579167,2024-09-05 17:50:00,train
10073969,2024-09-05 18:00:00,train
10073980,2024-09-05 18:00:00,train
1551644,2024-09-05 20:30:00,train
1580381,2024-09-05 20:30:00,train
10073815,2024-09-05 20:30:00,train
1580026,2024-09-05 20:55:00,train
10073913,2024-09-05 20:55:00,train
1579657,2024-09-05 21:30:00,train
1579654,2024-09-06 11:30:00,train
10074008,2024-09-06 14:00:00,train
1579653,2024-09-06 14:30:00,train
1583274,2024-09-06 14:30:00,train
1583684,2024-09-06 14:30:00,train
1583939,2024-09-06 17:20:00,train
1580380,2024-09-06 17:30:00,train
1584098,2024-09-06 17:45:00,train
1579652,2024-09-06 18:20:00,train
1583938,2024-09-06 20:00:00,train
1586615,2024-09-06 20:30:00,train
1579651,2024-09-06 20:50:00,train
10073774,2024-09-06 21:05:00,train
1583937,2024-09-07 11:00:00,train
1587030,2024-09-07 11:30:00,train
10074004,2024-09-07 14:00:00,train
1586613,2024-09-07 14:30:00,train
1587313,2024-09-07 14:30:00,train
10073764,2024-09-07 14:30:00,train
1583935,2024-09-07 17:00:00,train
1586598,2024-09-07 17:30:00,train
1587327,2024-09-07 17:30:00,train
10073765,2024-09-07 17:30:00,train
1583934,2024-09-07 20:00:00,train
1580027,2024-09-07 21:00:00,train
1584084,2024-09-07 21:30:00,train
1590809,2024-09-08 12:30:00,train
1589856,2024-09-08 13:00:00,train
1590141,2024-09-08 14:30:00,train
1590808,2024-09-08 15:30:00,train
1590810,2024-09-08 16:00:00,train
1590414,2024-09-08 17:30:00,train
1593043,2024-09-08 19:00:00,train
1583685,2024-09-08 20:30:00,train
10074115,2024-09-09 12:30:00,train
10074092,2024-09-09 14:00:00,train
1590805,2024-09-09 15:30:00,train
1588544,2024-09-09 17:00:00,train
10074121,2024-09-09 18:00:00,train
1590804,2024-09-09 18:30:00,train
10074106,2024-09-10 11:00:00,train
10074126,2024-09-10 12:00:00,train
1586323,2024-09-10 13:00:00,train
1588543,2024-09-10 14:00:00,train
1560059,2024-09-10 14:30:00,train
1560062,2024-09-10 14:30:00,train
10074127,2024-09-10 15:30:00,train
1586322,2024-09-10 17:00:00,train
1560056,2024-09-10 17:50:00,train
1560061,2024-09-10 18:10:00,train
1596679,2024-09-10 18:30:00,train
1560060,2024-09-10 20:30:00,train
1560055,2024-09-10 21:10:00,train
1586321,2024-09-11 13:00:00,train
1588541,2024-09-11 14:00:00,train
1560057,2024-09-11 14:30:00,train
1560058,2024-09-11 14:30:00,train
1588545,2024-09-11 16:00:00,train
1588540,2024-09-11 17:00:00,train
1600014,2024-09-11 17:30:00,train
1600161,2024-09-11 17:55:00,train
1551628,2024-09-11 20:30:00,train
1600163,2024-09-11 20:30:00,train
1600015,2024-09-11 20:45:00,train
1588539,2024-09-12 11:00:00,train
10074161,2024-09-12 11:00:00,train
1599274,2024-09-12 13:00:00,train
1602827,2024-09-12 14:00:00,train
1600310,2024-09-12 14:30:00,train
1602843,2024-09-12 14:30:00,train
1588683,2024-09-12 14:45:00,train
1599575,2024-09-12 17:05:00,train
1602826,2024-09-12 17:10:00,train
1600309,2024-09-12 17:30:00,train
1602844,2024-09-12 17:30:00,train
10074162,2024-09-12 20:25:00,train
1603767,2024-09-12 20:30:00,train
1604061,2024-09-12 20:30:00,train
10073805,2024-09-12 20:30:00,train
10073817,2024-09-12 20:30:00,train
1602824,2024-09-13 11:30:00,train
10074020,2024-09-13 13:00:00,train
1602823,2024-09-13 14:00:00,train
1606105,2024-09-13 14:30:00,train
1606613,2024-09-13 14:30:00,train
1603000,2024-09-13 16:00:00,train
1602822,2024-09-13 17:10:00,train
1603309,2024-09-13 17:30:00,train
1606859,2024-09-13 18:35:00,train
1606612,2024-09-13 20:30:00,train
10074164,2024-09-13 20:30:00,train
1609237,2024-09-13 21:40:00,train
1609868,2024-09-14 11:00:00,train
1609235,2024-09-14 13:00:00,train
10074167,2024-09-14 14:20:00,train
1606860,2024-09-14 14:30:00,train
1609236,2024-09-14 14:30:00,train
1606357,2024-09-14 16:00:00,train
1609621,2024-09-14 17:30:00,train
1610144,2024-09-14 17:30:00,train
1608574,2024-09-14 17:35:00,train
1609486,2024-09-14 20:00:00,train
10074025,2024-09-14 20:00:00,train
1604062,2024-09-14 21:00:00,train
1614835,2024-09-15 11:30:00,train
1612707,2024-09-15 12:30:00,train
1612865,2024-09-15 14:30:00,train
1614834,2024-09-15 14:30:00,train
1613310,2024-09-15 16:00:00,train
1612714,2024-09-15 17:30:00,train
1614833,2024-09-15 17:30:00,train
10074188,2024-09-15 19:00:00,train
1606486,2024-09-15 20:30:00,train
1614832,2024-09-15 20:30:00,train
1609948,2024-09-16 11:00:00,train
1614831,2024-09-16 11:30:00,train
1609951,2024-09-16 14:00:00,train
1614830,2024-09-16 14:45:00,train
1614829,2024-09-16 17:30:00,train
1614828,2024-09-16 20:30:00,train
10074244,2024-09-17 11:30:00,train
1609947,2024-09-17 14:00:00,train
1617386,2024-09-17 14:00:00,train
1617387,2024-09-17 14:00:00,train
1621243,2024-09-17 14:30:00,train
1617384,2024-09-17 17:15:00,train
1621242,2024-09-17 17:30:00,train
1617385,2024-09-17 20:30:00,train
10074247,2024-09-17 20:30:00,train
1611273,2024-09-18 11:00:00,train
1621240,2024-09-18 11:30:00,train
1609949,2024-09-18 14:00:00,train
1624027,2024-09-18 14:00:00,train
1624207,2024-09-18 14:00:00,train
1621239,2024-09-18 14:30:00,train
1621238,2024-09-18 17:30:00,train
1609950,2024-09-18 18:00:00,train
10074232,2024-09-18 18:15:00,train
1551626,2024-09-18 20:30:00,train
1551641,2024-09-18 20:30:00,train
1621237,2024-09-18 20:45:00,train
1625079,2024-09-18 21:00:00,train
1629910,2024-09-19 11:30:00,train
1629539,2024-09-19 14:00:00,train
1628613,2024-09-19 17:15:00,train
1629538,2024-09-19 17:30:00,train
1629908,2024-09-19 17:30:00,train
1629537,2024-09-19 20:00:00,train
1628614,2024-09-19 20:30:00,train
10073807,2024-09-19 20:30:00,train
10073819,2024-09-19 20:30:00,train
10074258,2024-09-19 20:30:00,train
1629906,2024-09-20 11:30:00,train
1629905,2024-09-20 14:30:00,train
1629180,2024-09-20 17:15:00,train
1629904,2024-09-20 18:05:00,train
1629559,2024-09-20 20:30:00,train
1629903,2024-09-20 20:30:00,train
1637219,2024-09-21 13:30:00,train
1637218,2024-09-21 16:30:00,train
1634013,2024-09-21 17:15:00,train
10074317,2024-09-21 19:30:00,train
1637382,2024-09-21 20:30:00,train
1637216,2024-09-22 13:30:00,train
1637215,2024-09-22 16:30:00,train
1640965,2024-09-22 18:00:00,train
1637214,2024-09-22 19:30:00,train
1642817,2024-09-23 11:00:00,train
10074402,2024-09-23 12:00:00,train
10074364,2024-09-23 13:30:00,train
1642816,2024-09-23 14:00:00,train
10074403,2024-09-23 15:00:00,train
1644422,2024-09-23 16:30:00,train
1642815,2024-09-23 17:00:00,train
10074404,2024-09-23 18:00:00,train
1644421,2024-09-23 19:30:00,train
1642814,2024-09-23 20:00:00,train
10074405,2024-09-23 21:00:00,train
1649129,2024-09-24 11:00:00,train
10074406,2024-09-24 12:00:00,train
1647758,2024-09-24 14:30:00,train
1647094,2024-09-24 17:00:00,train
1644512,2024-09-24 18:00:00,train
10074454,2024-09-24 19:00:00,train
1648687,2024-09-24 20:00:00,train
10074452,2024-09-24 20:00:00,train
10074453,2024-09-24 20:55:00,train
1644511,2024-09-24 21:00:00,train
1652748,2024-09-25 11:30:00,train
10074473,2024-09-25 12:45:00,train
1599510,2024-09-25 13:00:00,train
1652747,2024-09-25 14:30:00,train
1599509,2024-09-25 15:00:00,train
10074474,2024-09-25 15:10:00,train
1652746,2024-09-25 17:30:00,train
1654711,2024-09-25 18:00:00,train
1599508,2024-09-25 18:20:00,train
1599507,2024-09-25 20:20:00,train
1652745,2024-09-25 20:30:00,train
10073820,2024-09-25 20:30:00,train
1653363,2024-09-26 11:00:00,train
1652744,2024-09-26 11:30:00,train
1654709,2024-09-26 12:00:00,train
1657597,2024-09-26 13:00:00,train
1654353,2024-09-26 14:00:00,train
1652743,2024-09-26 14:30:00,train
1654708,2024-09-26 15:00:00,train
1657596,2024-09-26 16:45:00,train
1652742,2024-09-26 18:00:00,train
10074479,2024-09-26 18:00:00,train
10074362,2024-09-26 18:20:00,train
1658336,2024-09-26 18:50:00,train
1551623,2024-09-26 20:30:00,train
10073809,2024-09-26 20:30:00,train
10074458,2024-09-26 20:30:00,train
1654706,2024-09-26 21:00:00,train
1658335,2024-09-26 21:50:00,train
10074472,2024-09-27 11:30:00,train
1661913,2024-09-27 12:00:00,train
1661299,2024-09-27 14:30:00,train
10074643,2024-09-27 16:30:00,train
10074644,2024-09-27 16:30:00,train
10074645,2024-09-27 16:30:00,train
10074646,2024-09-27 16:30:00,train
1661568,2024-09-27 17:00:00,train
1658319,2024-09-27 17:30:00,train
1662042,2024-09-27 18:20:00,train
1661567,2024-09-27 20:20:00,train
1663698,2024-09-27 20:30:00,train
10074651,2024-09-27 20:30:00,train
10074602,2024-09-27 20:45:00,train
1662041,2024-09-27 21:00:00,train
10074647,2024-09-27 21:10:00,train
1663945,2024-09-27 21:15:00,train
1662040,2024-09-28 12:00:00,train
10074641,2024-09-28 13:30:00,train
1662039,2024-09-28 15:50:00,train
1664426,2024-09-28 16:30:00,train
1664427,2024-09-28 16:30:00,train
1664119,2024-09-28 16:45:00,train
1663891,2024-09-28 17:00:00,train
1662038,2024-09-28 18:25:00,train
1664308,2024-09-28 20:30:00,train
1666553,2024-09-28 20:30:00,train
10074639,2024-09-28 20:30:00,train
10074632,2024-09-28 21:00:00,train
1664253,2024-09-28 21:30:00,train
10074774,2024-09-28 22:30:00,train
10074775,2024-09-28 22:30:00,train
10074768,2024-09-29 00:30:00,train
10074770,2024-09-29 00:30:00,train
10074776,2024-09-29 02:30:00,train
10074778,2024-09-29 02:30:00,train
10074769,2024-09-29 04:30:00,train
10074771,2024-09-29 04:30:00,train
1667135,2024-09-29 16:30:00,train
1667178,2024-09-29 16:30:00,train
1667340,2024-09-29 17:00:00,train
1667177,2024-09-29 19:30:00,train
10074777,2024-09-29 22:30:00,train
10074772,2024-09-30 00:30:00,train
10074779,2024-09-30 02:30:00,train
10074773,2024-09-30 04:30:00,train
10074679,2024-09-30 11:00:00,train
10074663,2024-09-30 13:30:00,train
1670829,2024-09-30 14:20:00,train
1667175,2024-09-30 16:30:00,train
1670828,2024-09-30 17:00:00,train
1667174,2024-09-30 19:30:00,train
10074683,2024-09-30 20:00:00,train
1670826,2024-10-01 11:00:00,train
10074721,2024-10-01 13:30:00,train
1670825,2024-10-01 14:00:00,train
1670824,2024-10-01 18:20:00,train
1675523,2024-10-01 19:30:00,train
1670823,2024-10-01 20:20:00,train
10074780,2024-10-02 11:00:00,train
10074782,2024-10-02 14:00:00,train
10074786,2024-10-02 17:00:00,train
10074787,2024-10-02 20:00:00,train
10073810,2024-10-02 20:30:00,train
10073822,2024-10-02 20:30:00,train
10074781,2024-10-03 11:00:00,train
1682711,2024-10-03 12:00:00,train
1680007,2024-10-03 14:00:00,train
1682710,2024-10-03 15:00:00,train
1680006,2024-10-03 17:20:00,train
1680005,2024-10-03 20:00:00,train
10073823,2024-10-03 20:30:00,train
1682708,2024-10-03 21:50:00,train
10074852,2024-10-04 11:00:00,train
1682707,2024-10-04 12:00:00,train
1686474,2024-10-04 14:00:00,train
1682706,2024-10-04 15:00:00,train
1686473,2024-10-04 17:00:00,train
1660330,2024-10-04 17:30:00,train
10074826,2024-10-04 18:00:00,train
1660329,2024-10-04 18:55:00,train
10074849,2024-10-04 20:00:00,train
1660328,2024-10-04 20:15:00,train
1682704,2024-10-04 21:00:00,train
1660327,2024-10-04 21:35:00,train
1688348,2024-10-04 23:10:00,train
1688676,2024-10-05 00:30:00,train
1688675,2024-10-05 02:00:00,train
10074850,2024-10-05 11:00:00,train
1686172,2024-10-05 12:00:00,train
10074851,2024-10-05 14:00:00,train
1688140,2024-10-05 15:30:00,train
1686469,2024-10-05 17:00:00,train
10074841,2024-10-05 17:30:00,train
1688465,2024-10-05 18:00:00,train
1686468,2024-10-05 20:00:00,train
1689361,2024-10-05 20:45:00,train
1688920,2024-10-05 21:00:00,train
10074842,2024-10-05 23:30:00,train
1691444,2024-10-06 12:30:00,train
1690905,2024-10-06 13:30:00,train
1691443,2024-10-06 15:30:00,train
1691451,2024-10-06 17:00:00,train
1691661,2024-10-06 17:00:00,train
1691442,2024-10-06 18:30:00,train
1691876,2024-10-06 20:15:00,train
1693963,2024-10-06 21:15:00,train
10074868,2024-10-06 23:30:00,train
1691441,2024-10-07 12:30:00,train
1691440,2024-10-07 15:30:00,train
1656180,2024-10-07 17:00:00,train
10074716,2024-10-07 17:00:00,train
1656181,2024-10-07 18:10:00,train
10074713,2024-10-07 18:15:00,train
10074874,2024-10-07 18:30:00,train
1656175,2024-10-07 19:10:00,train
1656178,2024-10-07 19:10:00,train
1656177,2024-10-07 20:05:00,train
1656176,2024-10-07 20:30:00,train
1697751,2024-10-07 21:15:00,train
1697750,2024-10-07 21:50:00,train
1697946,2024-10-08 00:10:00,train
1697947,2024-10-08 01:30:00,train
1698515,2024-10-08 12:30:00,train
10074906,2024-10-08 15:30:00,train
1698318,2024-10-08 17:00:00,train
1698320,2024-10-08 17:00:00,train
1698513,2024-10-08 18:30:00,train
1698317,2024-10-08 19:40:00,train
1698319,2024-10-08 20:25:00,train
1699538,2024-10-08 22:00:00,train
1699387,2024-10-08 22:30:00,train
1701866,2024-10-09 17:00:00,train
1701984,2024-10-09 17:00:00,train
1701985,2024-10-09 19:40:00,train
1699540,2024-10-09 20:00:00,train
1702323,2024-10-09 22:00:00,train
1704866,2024-10-09 22:00:00,train
1704124,2024-10-10 11:00:00,train
1704123,2024-10-10 14:00:00,train
1704122,2024-10-10 17:00:00,train
1704121,2024-10-10 20:25:00,train
1704120,2024-10-11 11:00:00,train
10074931,2024-10-11 11:40:00,train
10074933,2024-10-11 12:20:00,train
10074934,2024-10-11 13:00:00,train
10074932,2024-10-11 13:40:00,train
10074935,2024-10-11 14:20:00,train
1704119,2024-10-11 14:35:00,train
10074936,2024-10-11 16:20:00,train
1705589,2024-10-11 18:00:00,train
10074937,2024-10-11 18:20:00,train
10074924,2024-10-11 18:40:00,train
1704117,2024-10-11 20:30:00,train
1705865,2024-10-11 21:15:00,train
1710439,2024-10-12 11:00:00,train
10074938,2024-10-12 11:00:00,train
10074942,2024-10-12 12:30:00,train
1707248,2024-10-12 14:00:00,train
10074941,2024-10-12 14:30:00,train
10074939,2024-10-12 16:30:00,train
1707966,2024-10-12 17:00:00,train
10074943,2024-10-12 17:00:00,train
1710668,2024-10-12 18:00:00,train
10074944,2024-10-12 18:40:00,train
10074940,2024-10-12 20:00:00,train
10074980,2024-10-12 20:00:00,train
1711152,2024-10-12 21:50:00,train
1713814,2024-10-13 12:30:00,train
1713124,2024-10-13 16:00:00,train
10074998,2024-10-13 18:00:00,train
10074983,2024-10-13 19:00:00,train
1713923,2024-10-13 20:00:00,train
1706809,2024-10-15 20:00:00,train
1706810,2024-10-15 20:00:00,train
10075016,2024-10-15 20:00:00,train
10075017,2024-10-15 20:00:00,train
1710404,2024-10-16 11:00:00,train
1704292,2024-10-16 13:00:00,train
1710403,2024-10-16 14:35:00,train
1704291,2024-10-16 15:40:00,train
10075041,2024-10-16 17:30:00,train
1710402,2024-10-16 18:45:00,train
1725232,2024-10-16 19:30:00,train
1723142,2024-10-16 20:00:00,train
10075012,2024-10-16 20:00:00,train
10075013,2024-10-16 20:00:00,train
10075030,2024-10-16 20:40:00,train
1722925,2024-10-16 21:00:00,train
1725543,2024-10-17 11:00:00,train
1704290,2024-10-17 13:00:00,train
1704289,2024-10-17 14:15:00,train
1725542,2024-10-17 14:40:00,train
1726128,2024-10-17 17:00:00,train
1728218,2024-10-17 17:00:00,train
1726127,2024-10-17 19:30:00,train
1728217,2024-10-17 19:45:00,train
1726252,2024-10-17 20:00:00,train
10075020,2024-10-17 20:00:00,train
10075021,2024-10-17 20:00:00,train
1728331,2024-10-18 13:00:00,train
1726258,2024-10-18 16:30:00,train
1728950,2024-10-18 17:00:00,train
1728943,2024-10-18 19:00:00,train
1729042,2024-10-18 20:00:00,train
1551618,2024-10-18 20:30:00,train
1551619,2024-10-18 20:30:00,train
1551633,2024-10-18 20:30:00,train
1551635,2024-10-18 20:30:00,train
10073824,2024-10-18 20:30:00,train
1730932,2024-10-19 13:00:00,train
1730933,2024-10-19 16:00:00,train
1731082,2024-10-19 16:30:00,train
1731153,2024-10-19 18:00:00,train
1731081,2024-10-19 19:45:00,train
1731375,2024-10-19 20:30:00,train
1732508,2024-10-19 21:15:00,train
1732883,2024-10-20 17:20:00,train
1732730,2024-10-20 18:00:00,train
1733056,2024-10-20 20:30:00,train
1729291,2024-10-21 12:30:00,train
10075143,2024-10-21 15:30:00,train
1736826,2024-10-21 19:10:00,train
1736825,2024-10-21 22:00:00,train
1729289,2024-10-22 12:30:00,train
1729288,2024-10-22 15:30:00,train
1739244,2024-10-22 19:00:00,train
1739243,2024-10-22 21:30:00,train
1729287,2024-10-23 12:30:00,train
1729286,2024-10-23 16:25:00,train
10075154,2024-10-23 20:00:00,train
1742297,2024-10-23 23:30:00,train
1729285,2024-10-24 12:30:00,train
1729284,2024-10-24 15:30:00,train
1744789,2024-10-24 18:30:00,train
1744788,2024-10-24 21:30:00,train
10075626,2024-10-25 11:00:00,train
1739749,2024-10-25 12:30:00,train
1721333,2024-10-25 13:00:00,train
10075627,2024-10-25 13:30:00,train
1721332,2024-10-25 14:30:00,train
1721330,2024-10-25 15:45:00,train
1737473,2024-10-25 16:00:00,train
1721331,2024-10-25 17:00:00,train
1747243,2024-10-25 18:10:00,train
1743019,2024-10-25 18:55:00,train
1747534,2024-10-25 19:30:00,train
1747533,2024-10-25 20:45:00,train
1745439,2024-10-25 21:30:00,train
10075631,2024-10-26 11:00:00,train
1748622,2024-10-26 13:00:00,train
1747242,2024-10-26 13:30:00,train
10075632,2024-10-26 14:00:00,train
1748352,2024-10-26 15:55:00,train
10075350,2024-10-26 16:25:00,train
1747382,2024-10-26 19:00:00,train
1750671,2024-10-26 19:00:00,train
1748620,2024-10-26 22:40:00,train
10075637,2024-10-27 12:00:00,train
1751716,2024-10-27 14:30:00,train
10075638,2024-10-27 14:55:00,train
1751715,2024-10-27 17:10:00,train
10075370,2024-10-27 20:40:00,train
10075642,2024-10-28 12:00:00,train
10075755,2024-10-28 12:00:00,train
10075643,2024-10-28 14:35:00,train
10075756,2024-10-28 17:25:00,train
10075628,2024-10-29 12:00:00,train
10075757,2024-10-29 12:00:00,train
10075758,2024-10-29 15:00:00,train
10075629,2024-10-29 16:00:00,train
10075759,2024-10-29 18:00:00,train
1730189,2024-10-30 09:00:00,train
1730188,2024-10-30 11:20:00,train
10075760,2024-10-30 12:00:00,train
1730187,2024-10-30 14:20:00,train
10075634,2024-10-30 14:30:00,train
10075770,2024-10-30 15:15:00,train
1730186,2024-10-30 17:00:00,train
10075633,2024-10-30 18:00:00,train
10075761,2024-10-30 18:00:00,train
1766230,2024-10-31 09:00:00,train
10075639,2024-10-31 12:00:00,train
10075762,2024-10-31 12:00:00,train
1766229,2024-10-31 12:10:00,train
1767165,2024-10-31 14:00:00,train
1767166,2024-10-31 17:35:00,train
10075766,2024-10-31 18:00:00,train
10075763,2024-10-31 21:00:00,train
1770853,2024-11-01 11:30:00,train
10075644,2024-11-01 12:00:00,train
10075764,2024-11-01 12:00:00,train
1771290,2024-11-01 14:10:00,train
10075645,2024-11-01 14:30:00,train
10075765,2024-11-01 15:00:00,train
10075640,2024-11-01 17:30:00,train
10075767,2024-11-01 18:00:00,train
10075768,2024-11-01 21:00:00,train
1773453,2024-11-02 11:35:00,train
10075641,2024-11-02 12:00:00,train
10075646,2024-11-02 15:50:00,train
1773943,2024-11-02 15:55:00,train
10075659,2024-11-02 17:00:00,train
10075769,2024-11-02 19:00:00,train
10075657,2024-11-02 19:45:00,train
1752170,2024-11-02 22:55:00,train
1778057,2024-11-03 12:00:00,train
10075630,2024-11-03 12:00:00,train
10075773,2024-11-03 12:00:00,train
10075636,2024-11-03 14:30:00,train
10075771,2024-11-03 15:00:00,train
1779216,2024-11-03 16:00:00,train
10075665,2024-11-03 17:00:00,train
1779217,2024-11-03 19:30:00,train
10075666,2024-11-03 20:05:00,train
10075647,2024-11-04 12:00:00,train
10075772,2024-11-04 12:00:00,train
10075774,2024-11-04 15:00:00,train
1777707,2024-11-04 15:30:00,train
10075775,2024-11-04 18:25:00,train
1783584,2024-11-05 12:00:00,train
1783583,2024-11-05 14:30:00,train
10075777,2024-11-05 15:00:00,train
10075776,2024-11-05 19:00:00,train
10075778,2024-11-05 21:00:00,train
1791622,2024-11-06 12:00:00,train
10075780,2024-11-06 12:00:00,train
1790467,2024-11-06 15:00:00,train
10075783,2024-11-06 15:00:00,train
10075784,2024-11-06 18:25:00,train
10075667,2024-11-07 12:00:00,train
10075781,2024-11-07 12:00:00,train
1791620,2024-11-07 14:30:00,train
10075785,2024-11-07 15:45:00,train
10075782,2024-11-07 18:00:00,train
1800525,2024-11-08 12:00:00,train
10075786,2024-11-08 12:00:00,train
10075787,2024-11-08 15:00:00,train
1800504,2024-11-08 15:15:00,train
1801193,2024-11-08 18:00:00,train
10075982,2024-11-08 20:00:00,train
10075996,2024-11-08 20:00:00,train
10076010,2024-11-08 20:00:00,train
10075983,2024-11-08 21:00:00,train
10075997,2024-11-08 21:00:00,train
10076011,2024-11-08 21:00:00,train
1804409,2024-11-09 12:00:00,train
10075687,2024-11-09 15:15:00,train
10075661,2024-11-09 17:00:00,train
10075662,2024-11-09 20:00:00,train
10075984,2024-11-09 20:00:00,train
10075998,2024-11-09 20:00:00,train
10076012,2024-11-09 20:00:00,train
10075985,2024-11-09 21:00:00,train
10075999,2024-11-09 21:00:00,train
10076013,2024-11-09 21:00:00,train
10075693,2024-11-10 12:00:00,train
10075790,2024-11-10 12:00:00,train
1804848,2024-11-10 15:30:00,train
1804847,2024-11-10 18:00:00,train
1782410,2024-11-10 19:00:00,train
10075986,2024-11-10 20:00:00,train
10076000,2024-11-10 20:00:00,train
10076014,2024-11-10 20:00:00,train
1804846,2024-11-10 21:00:00,train
10075987,2024-11-10 21:00:00,train
10076001,2024-11-10 21:00:00,train
10076015,2024-11-10 21:00:00,train
10075664,2024-11-10 21:30:00,train
1725717,2024-11-11 11:00:00,train
1725716,2024-11-11 12:00:00,train
10075688,2024-11-11 12:00:00,train
10075806,2024-11-11 12:00:00,train
1725715,2024-11-11 14:30:00,train
1811306,2024-11-11 15:30:00,train
1725714,2024-11-11 15:40:00,train
10075808,2024-11-11 18:15:00,train
10075988,2024-11-11 20:00:00,train
10076002,2024-11-11 20:00:00,train
10076016,2024-11-11 20:00:00,train
10075989,2024-11-11 21:00:00,train
10076003,2024-11-11 21:00:00,train
10076017,2024-11-11 21:00:00,train
10075809,2024-11-11 21:45:00,train
1813430,2024-11-12 05:00:00,train
1725724,2024-11-12 07:00:00,train
1725725,2024-11-12 07:00:00,train
1725722,2024-11-12 08:00:00,train
1725723,2024-11-12 08:00:00,train
1813889,2024-11-12 08:00:00,train
1725720,2024-11-12 09:30:00,train
1725721,2024-11-12 09:30:00,train
1725718,2024-11-12 10:45:00,train
1725719,2024-11-12 10:45:00,train
1813431,2024-11-12 11:00:00,train
10075824,2024-11-12 12:00:00,train
1816343,2024-11-12 12:30:00,train
1816342,2024-11-12 12:45:00,train
1816341,2024-11-12 13:30:00,train
1816340,2024-11-12 13:50:00,train
1813890,2024-11-12 14:00:00,train
1816338,2024-11-12 14:30:00,train
1816339,2024-11-12 14:30:00,train
1814695,2024-11-12 15:00:00,train
1816336,2024-11-12 15:50:00,train
1816337,2024-11-12 16:00:00,train
10075795,2024-11-12 18:25:00,train
10075990,2024-11-12 20:00:00,train
10076004,2024-11-12 20:00:00,train
10076018,2024-11-12 20:00:00,train
10075991,2024-11-12 21:00:00,train
10076005,2024-11-12 21:00:00,train
10076019,2024-11-12 21:00:00,train
1816595,2024-11-13 07:00:00,train
1817570,2024-11-13 07:00:00,train
1817571,2024-11-13 07:00:00,train
1817568,2024-11-13 08:00:00,train
1817569,2024-11-13 08:00:00,train
1817566,2024-11-13 09:00:00,train
1817567,2024-11-13 09:00:00,train
1817086,2024-11-13 10:45:00,train
1817564,2024-11-13 12:00:00,train
1817565,2024-11-13 12:00:00,train
1819677,2024-11-13 14:00:00,train
10075395,2024-11-13 16:00:00,train
10075396,2024-11-13 16:00:00,train
10075397,2024-11-13 16:00:00,train
10075398,2024-11-13 17:10:00,train
10075399,2024-11-13 17:10:00,train
10075400,2024-11-13 17:10:00,train
10075440,2024-11-13 19:00:00,train
10075441,2024-11-13 19:00:00,train
10075442,2024-11-13 19:00:00,train
10075992,2024-11-13 20:00:00,train
10076006,2024-11-13 20:00:00,train
10076020,2024-11-13 20:00:00,train
10075443,2024-11-13 20:50:00,train
10075444,2024-11-13 20:50:00,train
10075445,2024-11-13 20:50:00,train
10075993,2024-11-13 21:00:00,train
10076007,2024-11-13 21:00:00,train
10076021,2024-11-13 21:00:00,train
1820220,2024-11-14 07:00:00,train
1820221,2024-11-14 07:00:00,train
1820218,2024-11-14 10:00:00,train
1820219,2024-11-14 10:00:00,train
1820216,2024-11-14 13:00:00,train
1820217,2024-11-14 13:00:00,train
10075410,2024-11-14 14:00:00,train
10075411,2024-11-14 14:00:00,train
10075412,2024-11-14 14:00:00,train
10075413,2024-11-14 15:45:00,train
10075414,2024-11-14 15:45:00,train
10075415,2024-11-14 15:45:00,train
10075422,2024-11-14 16:45:00,train
10075423,2024-11-14 16:45:00,train
10075424,2024-11-14 16:45:00,train
10075425,2024-11-14 18:00:00,train
10075426,2024-11-14 18:00:00,train
10075427,2024-11-14 18:00:00,train
10075428,2024-11-14 20:00:00,train
10075429,2024-11-14 20:00:00,train
10075430,2024-11-14 20:00:00,train
10075994,2024-11-14 20:00:00,train
10076009,2024-11-14 20:00:00,train
10076023,2024-11-14 20:00:00,train
10075431,2024-11-14 21:00:00,train
10075432,2024-11-14 21:00:00,train
10075433,2024-11-14 21:00:00,train
10075995,2024-11-14 21:00:00,train
10076008,2024-11-14 21:00:00,train
10076022,2024-11-14 21:00:00,train
10075401,2024-11-14 22:30:00,train
10075402,2024-11-14 22:30:00,train
10075403,2024-11-14 22:30:00,train
10075446,2024-11-15 00:30:00,train
10075447,2024-11-15 00:30:00,train
10075448,2024-11-15 00:30:00,train
1822889,2024-11-15 05:00:00,train
1822888,2024-11-15 08:00:00,train
1822887,2024-11-15 11:50:00,train
10075404,2024-11-15 14:00:00,train
10075405,2024-11-15 14:00:00,train
10075406,2024-11-15 14:00:00,train
10075449,2024-11-15 14:00:00,train
10075450,2024-11-15 14:00:00,train
10075451,2024-11-15 14:00:00,train
10076096,2024-11-15 15:00:00,train
10075407,2024-11-15 15:45:00,train
10075408,2024-11-15 15:45:00,train
10075409,2024-11-15 15:45:00,train
10075452,2024-11-15 15:45:00,train
10075453,2024-11-15 15:45:00,train
10075454,2024-11-15 15:45:00,train
10075417,2024-11-15 17:30:00,train
10075418,2024-11-15 17:30:00,train
10075434,2024-11-15 17:30:00,train
10075435,2024-11-15 17:30:00,train
10075436,2024-11-15 17:30:00,train
10075416,2024-11-15 18:00:00,train
10075438,2024-11-15 18:30:00,train
10075421,2024-11-15 18:40:00,train
10075437,2024-11-15 18:45:00,train
10075439,2024-11-15 18:45:00,train
10075419,2024-11-15 19:40:00,train
10075420,2024-11-15 19:40:00,train
10076024,2024-11-15 20:00:00,train
10076026,2024-11-15 20:00:00,train
10076025,2024-11-15 22:30:00,train
10076027,2024-11-15 22:30:00,train
10076028,2024-11-16 16:00:00,train
10076029,2024-11-16 16:00:00,train
10076271,2024-11-16 16:00:00,train
10076274,2024-11-16 16:00:00,train
10076032,2024-11-16 18:30:00,train
10076272,2024-11-16 19:15:00,train
10076273,2024-11-16 20:00:00,train
10076030,2024-11-16 21:00:00,train
1725740,2024-11-17 07:00:00,train
1725741,2024-11-17 07:00:00,train
1725739,2024-11-17 08:10:00,train
1725738,2024-11-17 08:25:00,train
1725737,2024-11-17 09:10:00,train
1725736,2024-11-17 09:25:00,train
1725735,2024-11-17 10:15:00,train
1725734,2024-11-17 10:45:00,train
10076275,2024-11-17 12:00:00,train
10076276,2024-11-17 12:00:00,train
1827323,2024-11-17 12:30:00,train
1827324,2024-11-17 12:30:00,train
1827322,2024-11-17 13:30:00,train
1827321,2024-11-17 13:40:00,train
10076031,2024-11-17 14:00:00,train
1827319,2024-11-17 14:30:00,train
1827320,2024-11-17 14:30:00,train
1827317,2024-11-17 15:30:00,train
1827318,2024-11-17 15:30:00,train
10076318,2024-11-17 15:45:00,train
10076033,2024-11-17 18:00:00,train
10076277,2024-11-17 18:30:00,train
1827609,2024-11-18 07:00:00,train
1827610,2024-11-18 07:00:00,train
1827607,2024-11-18 08:00:00,train
1827608,2024-11-18 08:00:00,train
1827605,2024-11-18 09:00:00,train
1827606,2024-11-18 09:00:00,train
1827604,2024-11-18 12:10:00,train
1827603,2024-11-18 13:45:00,train
1829683,2024-11-19 05:00:00,train
1829684,2024-11-19 05:00:00,train
1829682,2024-11-19 08:00:00,train
1829681,2024-11-19 08:15:00,train
1829679,2024-11-19 11:00:00,train
1829680,2024-11-19 11:00:00,train
1831609,2024-11-19 15:00:00,train
1831763,2024-11-20 05:00:00,train
1831762,2024-11-20 08:00:00,train
1831761,2024-11-20 11:45:00,train
10076413,2024-11-20 16:20:00,train
1725732,2024-11-21 07:00:00,train
1725733,2024-11-21 07:30:00,train
1725730,2024-11-21 08:00:00,train
1725731,2024-11-21 08:25:00,train
1725728,2024-11-21 09:25:00,train
1725729,2024-11-21 09:25:00,train
1725727,2024-11-21 10:30:00,train
1725726,2024-11-21 10:35:00,train
1835771,2024-11-21 12:45:00,train
1835772,2024-11-21 12:45:00,train
1835770,2024-11-21 14:00:00,train
1835769,2024-11-21 14:10:00,train
1835768,2024-11-21 15:10:00,train
1835861,2024-11-21 15:10:00,train
1835859,2024-11-21 16:25:00,train
1835860,2024-11-21 16:50:00,train
1836359,2024-11-22 07:00:00,train
1836360,2024-11-22 07:00:00,train
1836357,2024-11-22 08:00:00,train
1836358,2024-11-22 08:00:00,train
1836355,2024-11-22 09:00:00,train
1836356,2024-11-22 09:00:00,train
1836353,2024-11-22 12:00:00,train
10076506,2024-11-22 12:00:00,train
1836354,2024-11-22 12:20:00,train
10076507,2024-11-22 13:30:00,train
10076512,2024-11-22 16:50:00,train
10076508,2024-11-22 18:40:00,train
10076514,2024-11-22 21:30:00,train
1837752,2024-11-23 07:00:00,train
1837753,2024-11-23 07:00:00,train
1837750,2024-11-23 10:00:00,train
1837751,2024-11-23 10:00:00,train
10076542,2024-11-23 12:00:00,train
1837551,2024-11-23 12:30:00,train
1837748,2024-11-23 13:00:00,train
1837749,2024-11-23 13:00:00,train
10076544,2024-11-23 15:00:00,train
1838851,2024-11-23 19:00:00,train
10075804,2024-11-23 19:20:00,train
1808260,2024-11-23 19:30:00,train
1838916,2024-11-24 05:00:00,train
1838915,2024-11-24 08:10:00,train
1838914,2024-11-24 11:00:00,train
10076545,2024-11-24 12:00:00,train
1839767,2024-11-24 15:00:00,train
10076546,2024-11-24 15:00:00,train
1839156,2024-11-24 15:15:00,train
1839163,2024-11-24 17:00:00,train
1839911,2024-11-24 18:30:00,train
10076613,2024-11-27 15:30:00,train
10076614,2024-11-27 18:10:00,train
10076616,2024-11-29 11:00:00,train
1840710,2024-11-30 06:00:00,train
1840711,2024-11-30 06:00:00,train
1840708,2024-11-30 07:25:00,train
1840709,2024-11-30 07:25:00,train
1840707,2024-11-30 08:25:00,train
1840706,2024-11-30 08:55:00,train
1840705,2024-11-30 09:30:00,train
1840704,2024-11-30 10:00:00,train
10076615,2024-11-30 11:00:00,train
1845159,2024-11-30 11:50:00,train
1845163,2024-11-30 11:55:00,train
1845161,2024-11-30 12:50:00,train
1845162,2024-11-30 12:50:00,train
1845158,2024-11-30 13:50:00,train
1845160,2024-11-30 13:55:00,train
1845156,2024-11-30 14:50:00,train
1845157,2024-11-30 14:50:00,train
1845385,2024-12-01 06:00:00,train
1845386,2024-12-01 06:00:00,train
1845383,2024-12-01 07:00:00,train
1845384,2024-12-01 07:00:00,train
1845382,2024-12-01 08:10:00,train
1845381,2024-12-01 08:20:00,train
1845379,2024-12-01 11:00:00,train
1845380,2024-12-01 11:40:00,train
1846249,2024-12-02 06:00:00,train
1846250,2024-12-02 06:00:00,train
1846248,2024-12-02 09:10:00,train
1846247,2024-12-02 09:15:00,train
1846245,2024-12-02 12:00:00,train
1846246,2024-12-02 12:15:00,train
1847264,2024-12-03 06:00:00,train
1847263,2024-12-03 09:05:00,train
1844941,2024-12-03 12:00:00,train
1847262,2024-12-03 12:00:00,train
1844940,2024-12-03 15:00:00,train
10076648,2024-12-03 18:00:00,train
10076649,2024-12-03 22:00:00,train
1844937,2024-12-04 12:00:00,train
10076651,2024-12-04 15:00:00,train
1845120,2024-12-04 18:00:00,train
1844935,2024-12-04 22:15:00,train
1847906,2024-12-05 06:00:00,train
1847907,2024-12-05 06:00:00,train
1847904,2024-12-05 07:00:00,train
1847905,2024-12-05 07:00:00,train
1847903,2024-12-05 08:10:00,train
1847969,2024-12-05 08:10:00,train
1847902,2024-12-05 09:00:00,train
1847901,2024-12-05 09:10:00,train
10076728,2024-12-05 11:15:00,train
10076729,2024-12-05 11:15:00,train
10076744,2024-12-05 12:00:00,train
1849032,2024-12-05 12:30:00,train
1849033,2024-12-05 12:30:00,train
1849031,2024-12-05 13:30:00,train
1849030,2024-12-05 13:55:00,train
1849028,2024-12-05 14:45:00,train
1849029,2024-12-05 14:45:00,train
10076745,2024-12-05 15:00:00,train
1848969,2024-12-05 18:00:00,train
1848968,2024-12-05 21:15:00,train
1849254,2024-12-06 06:00:00,train
1849255,2024-12-06 06:00:00,train
1849252,2024-12-06 07:00:00,train
1849253,2024-12-06 07:00:00,train
1849251,2024-12-06 08:10:00,train
1849250,2024-12-06 08:20:00,train
1849248,2024-12-06 11:00:00,train
1849249,2024-12-06 11:10:00,train
1848967,2024-12-06 12:00:00,train
10076749,2024-12-06 15:00:00,train
1848965,2024-12-06 18:15:00,train
10076751,2024-12-06 22:00:00,train
1850051,2024-12-07 06:00:00,train
1850052,2024-12-07 06:00:00,train
1850049,2024-12-07 09:00:00,train
1850050,2024-12-07 09:00:00,train
1850047,2024-12-07 12:00:00,train
1850048,2024-12-07 12:00:00,train
10076765,2024-12-07 12:00:00,train
10076767,2024-12-07 15:00:00,train
10076768,2024-12-07 18:00:00,train
1850363,2024-12-07 21:00:00,train
1850938,2024-12-08 06:00:00,train
1850937,2024-12-08 09:00:00,train
1850362,2024-12-08 12:00:00,train
1850936,2024-12-08 12:10:00,train
1850361,2024-12-08 15:00:00,train
10076772,2024-12-08 18:00:00,train
1850359,2024-12-08 21:00:00,train
10076800,2024-12-09 13:30:00,train
1852632,2024-12-09 16:30:00,train
1852631,2024-12-09 20:00:00,train
1852630,2024-12-10 13:30:00,train
1852629,2024-12-10 16:30:00,train
10076805,2024-12-10 19:45:00,train
1854845,2024-12-11 13:30:00,train
10076853,2024-12-11 16:50:00,train
10076854,2024-12-11 19:35:00,train
1852218,2024-12-12 09:00:00,train
10076953,2024-12-12 12:00:00,train
1852217,2024-12-12 12:30:00,train
10076946,2024-12-12 15:00:00,train
10076950,2024-12-12 18:15:00,train
10076952,2024-12-12 21:10:00,train
1852216,2024-12-13 09:00:00,train
1856181,2024-12-13 12:00:00,train
1852215,2024-12-13 13:00:00,train
1856180,2024-12-13 15:00:00,train
1856179,2024-12-13 18:00:00,train
1856177,2024-12-13 21:00:00,train
1856949,2024-12-14 09:00:00,train
10076543,2024-12-14 09:00:00,train
1857300,2024-12-14 12:00:00,train
10076547,2024-12-14 12:35:00,train
1858074,2024-12-14 13:35:00,train
1858132,2024-12-14 15:00:00,train
10076548,2024-12-14 16:00:00,train
1858424,2024-12-14 18:00:00,train
1857094,2024-12-14 21:00:00,train
10077005,2024-12-15 10:00:00,train
1859211,2024-12-15 12:20:00,train
1859399,2024-12-15 13:30:00,train
1859559,2024-12-15 16:30:00,train
10076549,2024-12-15 19:00:00,train
1860169,2024-12-15 19:30:00,train
10077119,2024-12-20 14:30:00,train
10077121,2024-12-20 16:00:00,train
10077126,2024-12-20 19:00:00,train
10077130,2024-12-21 22:10:00,train
10077131,2024-12-22 15:00:00,train
10077135,2024-12-22 16:00:00,train
10077138,2024-12-23 13:00:00,train
10077132,2024-12-23 16:00:00,train
10077134,2024-12-25 18:00:00,train
10077208,2024-12-27 13:15:00,train
10077209,2024-12-27 13:45:00,train
10077210,2024-12-27 14:30:00,train
10077211,2024-12-27 15:00:00,train
10077212,2024-12-27 16:15:00,train
10077213,2024-12-27 17:40:00,train
10077207,2024-12-27 18:00:00,train
10077215,2024-12-27 19:15:00,train
10077217,2024-12-27 21:00:00,train
10077219,2024-12-28 12:30:00,train
10077221,2024-12-28 13:30:00,train
10077222,2024-12-28 13:35:00,train
10077220,2024-12-28 15:00:00,train
10077223,2024-12-28 15:05:00,train
10077224,2024-12-28 17:00:00,train
10077341,2025-01-05 14:00:00,train
10077343,2025-01-05 14:30:00,train
10077344,2025-01-05 15:30:00,train
10077345,2025-01-05 15:50:00,train
10077346,2025-01-05 16:20:00,train
10077348,2025-01-05 16:55:00,train
10077350,2025-01-05 17:25:00,train
10077347,2025-01-05 19:00:00,train
10077342,2025-01-05 20:30:00,train
10077349,2025-01-06 13:00:00,train
10077351,2025-01-06 14:35:00,train
10077353,2025-01-06 15:35:00,train
10077354,2025-01-06 19:00:00,train
10077352,2025-01-06 20:45:00,train
10077517,2025-01-10 14:30:00,train
10077518,2025-01-10 16:45:00,train
10077519,2025-01-10 18:30:00,train
10077520,2025-01-11 14:30:00,train
10077521,2025-01-11 17:20:00,train
10077522,2025-01-11 19:15:00,train
10077715,2025-01-13 12:00:00,train
10077716,2025-01-13 15:00:00,train
1873416,2025-01-14 12:00:00,train
1873483,2025-01-14 14:00:00,train
10077718,2025-01-14 15:00:00,train
1873444,2025-01-14 16:30:00,train
1873562,2025-01-14 19:40:00,train
1873599,2025-01-14 22:00:00,train
1873414,2025-01-15 12:00:00,train
1873484,2025-01-15 14:00:00,train
10077720,2025-01-15 15:00:00,train
1873445,2025-01-15 16:30:00,train
1873524,2025-01-15 18:45:00,train
1873600,2025-01-15 21:30:00,train
1873442,2025-01-16 14:00:00,train
1873561,2025-01-16 16:30:00,train
1873411,2025-01-16 18:00:00,train
10077721,2025-01-16 18:00:00,train
1873563,2025-01-16 18:45:00,train
1873525,2025-01-16 21:40:00,train
1873443,2025-01-17 14:00:00,train
1873485,2025-01-17 17:30:00,train
1873598,2025-01-17 20:45:00,train
1873526,2025-01-18 01:00:00,train
1882774,2025-01-18 14:00:00,train
1882773,2025-01-18 17:30:00,train
1882770,2025-01-18 20:20:00,train
1882771,2025-01-18 21:55:00,train
1882776,2025-01-19 14:00:00,train
1882777,2025-01-19 16:50:00,train
1882772,2025-01-19 20:30:00,train
1882775,2025-01-19 22:35:00,train
1887667,2025-01-20 12:00:00,train
10077506,2025-01-20 12:00:00,train
10078068,2025-01-20 12:00:00,train
1871883,2025-01-20 13:30:00,train
1887666,2025-01-20 15:00:00,train
10078072,2025-01-20 15:00:00,train
1895393,2025-01-20 16:00:00,train
1895392,2025-01-20 17:30:00,train
1887665,2025-01-20 18:00:00,train
1887664,2025-01-20 21:00:00,train
1897931,2025-01-21 11:00:00,train
1883896,2025-01-21 12:00:00,train
1887663,2025-01-21 12:00:00,train
1887662,2025-01-21 15:00:00,train
10077509,2025-01-21 15:30:00,train
1883895,2025-01-21 16:00:00,train
10078062,2025-01-21 18:00:00,train
10078063,2025-01-21 21:00:00,train
1884988,2025-01-21 22:00:00,train
1884989,2025-01-21 22:00:00,train
1885002,2025-01-21 22:00:00,train
1909885,2025-01-22 12:00:00,train
1909884,2025-01-22 15:00:00,train
1909883,2025-01-22 18:30:00,train
1884972,2025-01-22 19:00:00,train
1909882,2025-01-22 21:00:00,train
1884957,2025-01-22 22:00:00,train
1884958,2025-01-22 22:00:00,train
1884959,2025-01-22 22:00:00,train
1884973,2025-01-22 22:00:00,train
1884974,2025-01-22 22:00:00,train
1909881,2025-01-23 12:00:00,train
1909880,2025-01-23 15:30:00,train
1909879,2025-01-23 18:00:00,train
1920857,2025-01-23 18:00:00,train
1909878,2025-01-23 21:00:00,train
1920856,2025-01-23 21:00:00,train
1884984,2025-01-23 22:00:00,train
1884986,2025-01-23 22:00:00,train
1884999,2025-01-23 22:00:00,train
1885001,2025-01-23 22:00:00,train
10078131,2025-01-23 22:00:00,train
10078143,2025-01-23 22:00:00,train
1929644,2025-01-24 12:00:00,train
1929643,2025-01-24 15:00:00,train
1885003,2025-01-24 18:00:00,train
1920855,2025-01-24 18:00:00,train
1929642,2025-01-24 18:00:00,train
1929641,2025-01-24 21:00:00,train
1920854,2025-01-24 21:15:00,train
1884954,2025-01-24 22:00:00,train
1884969,2025-01-24 22:00:00,train
1884970,2025-01-24 22:00:00,train
1884971,2025-01-24 22:00:00,train
1885004,2025-01-24 22:00:00,train
10078166,2025-01-24 22:00:00,train
10078167,2025-01-24 22:00:00,train
1929640,2025-01-25 12:00:00,train
1929639,2025-01-25 15:00:00,train
1938219,2025-01-25 18:00:00,train
10078320,2025-01-25 18:15:00,train
1929637,2025-01-25 21:00:00,train
1938218,2025-01-25 22:00:00,train
10078325,2025-01-26 15:00:00,train
1945134,2025-01-26 18:00:00,train
1947727,2025-01-26 18:00:00,train
1947726,2025-01-26 21:00:00,train
1947725,2025-01-27 15:00:00,train
1947724,2025-01-27 18:45:00,train
10078330,2025-01-27 21:00:00,train
10078133,2025-01-27 22:00:00,train
10078134,2025-01-27 22:00:00,train
10078146,2025-01-27 22:00:00,train
10078147,2025-01-27 22:00:00,train
1960733,2025-01-28 15:00:00,train
1960732,2025-01-28 18:00:00,train
1960731,2025-01-28 21:00:00,train
1884953,2025-01-28 22:00:00,train
1884966,2025-01-28 22:00:00,train
1884968,2025-01-28 22:00:00,train
1884987,2025-01-28 22:00:00,train
10078171,2025-01-28 22:00:00,train
10078361,2025-01-29 00:00:00,train
1882252,2025-01-29 12:30:00,train
1882254,2025-01-29 12:30:00,train
1882251,2025-01-29 15:00:00,train
1882253,2025-01-29 15:00:00,train
1882250,2025-01-29 17:35:00,train
1882249,2025-01-29 18:15:00,train
1882255,2025-01-29 20:00:00,train
1882256,2025-01-29 20:55:00,train
1968552,2025-01-30 15:00:00,train
1974305,2025-01-30 15:30:00,train
1974307,2025-01-30 15:30:00,train
1974306,2025-01-30 18:00:00,train
1974308,2025-01-30 18:00:00,train
1968551,2025-01-30 18:10:00,train
1975231,2025-01-30 20:30:00,train
10078359,2025-01-30 21:00:00,train
1976200,2025-01-30 21:10:00,train
10078354,2025-01-31 10:00:00,train
1968548,2025-01-31 15:00:00,train
1975230,2025-01-31 15:30:00,train
1976201,2025-01-31 15:30:00,train
1982394,2025-01-31 18:00:00,train
10078358,2025-01-31 18:00:00,train
1981582,2025-01-31 18:45:00,train
1987643,2025-01-31 20:30:00,train
1981583,2025-01-31 20:45:00,train
1968553,2025-01-31 21:00:00,train
1982347,2025-02-01 12:00:00,train
10078379,2025-02-01 13:00:00,train
1987322,2025-02-01 15:00:00,train
1988988,2025-02-01 15:30:00,train
1988989,2025-02-01 15:30:00,train
10078380,2025-02-01 16:20:00,train
1981264,2025-02-01 18:00:00,train
1988987,2025-02-01 18:00:00,train
1988990,2025-02-01 18:00:00,train
1983731,2025-02-01 19:50:00,train
1988984,2025-02-01 20:40:00,train
1988692,2025-02-01 21:00:00,train
1988985,2025-02-01 21:00:00,train
10078382,2025-02-01 22:50:00,train
1983729,2025-02-02 13:00:00,train
1993680,2025-02-02 14:00:00,train
1988983,2025-02-02 15:30:00,train
1988986,2025-02-02 15:30:00,train
1983728,2025-02-02 16:00:00,train
1995364,2025-02-02 17:30:00,train
1994813,2025-02-02 18:00:00,train
1994815,2025-02-02 18:45:00,train
1983727,2025-02-02 19:00:00,train
1994814,2025-02-02 21:10:00,train
2001943,2025-02-02 21:15:00,train
1983726,2025-02-02 22:00:00,train
1994812,2025-02-02 22:30:00,train
10078496,2025-02-03 13:00:00,train
2000919,2025-02-03 15:30:00,train
2000920,2025-02-03 15:30:00,train
2002549,2025-02-03 16:00:00,train
2000377,2025-02-03 18:00:00,train
2000378,2025-02-03 18:00:00,train
10078498,2025-02-03 19:35:00,train
2002556,2025-02-03 21:40:00,train
2002557,2025-02-03 21:45:00,train
2002547,2025-02-03 22:20:00,train
10078500,2025-02-04 13:00:00,train
2009093,2025-02-04 15:30:00,train
2009094,2025-02-04 15:30:00,train
2002545,2025-02-04 16:00:00,train
2002555,2025-02-04 18:00:00,train
2009960,2025-02-04 18:00:00,train
10078502,2025-02-04 19:10:00,train
2009095,2025-02-04 20:30:00,train
2014571,2025-02-04 20:45:00,train
2002543,2025-02-04 22:00:00,train
10078605,2025-02-05 02:05:00,train
10078558,2025-02-05 12:15:00,train
2016394,2025-02-05 13:00:00,train
2016396,2025-02-05 13:00:00,train
2016397,2025-02-05 13:00:00,train
2016399,2025-02-05 13:00:00,train
2016400,2025-02-05 13:00:00,train
2016401,2025-02-05 13:00:00,train
10078547,2025-02-05 13:00:00,train
10078560,2025-02-05 13:00:00,train
10078563,2025-02-05 16:00:00,train
10078564,2025-02-05 16:00:00,train
10078565,2025-02-05 16:00:00,train
10078566,2025-02-05 16:00:00,train
10078569,2025-02-05 16:30:00,train
10078570,2025-02-05 16:30:00,train
10078562,2025-02-05 16:45:00,train
2016469,2025-02-05 19:30:00,train
2016468,2025-02-05 22:00:00,train
2016467,2025-02-06 13:00:00,train
2021835,2025-02-06 13:00:00,train
2021836,2025-02-06 13:00:00,train
2022138,2025-02-06 13:00:00,train
2022139,2025-02-06 13:00:00,train
10078551,2025-02-06 16:00:00,train
10078552,2025-02-06 20:20:00,train
2016464,2025-02-06 22:45:00,train
10078619,2025-02-07 00:00:00,train
2028055,2025-02-07 13:00:00,train
10078576,2025-02-07 13:00:00,train
2028056,2025-02-07 14:00:00,train
10078617,2025-02-07 14:30:00,train
2027505,2025-02-07 16:00:00,train
10078618,2025-02-07 17:30:00,train
2016186,2025-02-07 17:45:00,train
2016476,2025-02-07 21:20:00,train
10078732,2025-02-08 13:00:00,train
10078734,2025-02-08 13:00:00,train
10078620,2025-02-08 14:30:00,train
10078735,2025-02-08 16:00:00,train
10078736,2025-02-08 16:00:00,train
10078621,2025-02-08 17:30:00,train
2035615,2025-02-08 17:45:00,train
10078714,2025-02-08 20:00:00,train
10078715,2025-02-08 20:00:00,train
10078716,2025-02-08 20:00:00,train
10078717,2025-02-08 20:00:00,train
10078718,2025-02-08 20:00:00,train
10078719,2025-02-08 20:00:00,train
10078720,2025-02-08 20:00:00,train
10078721,2025-02-08 20:00:00,train
10078722,2025-02-08 20:00:00,train
10078723,2025-02-08 20:00:00,train
10078724,2025-02-08 20:00:00,train
10078725,2025-02-08 20:00:00,train
10078726,2025-02-08 20:00:00,train
10078727,2025-02-08 20:00:00,train
10078728,2025-02-08 20:00:00,train
10078729,2025-02-08 20:00:00,train
10078622,2025-02-08 20:30:00,train
2036148,2025-02-08 21:00:00,train
10078753,2025-02-08 23:30:00,train
10078754,2025-02-09 00:30:00,train
2040793,2025-02-09 13:00:00,train
2043074,2025-02-09 14:30:00,train
2041948,2025-02-09 16:00:00,train
2043073,2025-02-09 17:30:00,train
2043075,2025-02-09 19:00:00,train
2048055,2025-02-09 19:30:00,train
2043072,2025-02-09 20:30:00,train
2019251,2025-02-10 11:00:00,train
10078771,2025-02-10 12:00:00,train
10078997,2025-02-10 12:00:00,train
2047718,2025-02-10 13:00:00,train
2047720,2025-02-10 13:00:00,train
2047721,2025-02-10 13:00:00,train
10078784,2025-02-10 13:00:00,train
2019250,2025-02-10 14:25:00,train
10078772,2025-02-10 15:00:00,train
10078998,2025-02-10 15:00:00,train
2047714,2025-02-10 16:00:00,train
2047715,2025-02-10 16:15:00,train
2047716,2025-02-10 16:15:00,train
2047717,2025-02-10 16:30:00,train
2019249,2025-02-10 17:00:00,train
10078999,2025-02-10 18:00:00,train
2030196,2025-02-10 19:00:00,train
2054628,2025-02-10 19:00:00,train
2054630,2025-02-10 19:00:00,train
10078843,2025-02-10 19:20:00,train
2019248,2025-02-10 20:00:00,train
2054627,2025-02-10 20:15:00,train
10079000,2025-02-10 21:00:00,train
2055568,2025-02-10 22:00:00,train
2055884,2025-02-10 22:00:00,train
10078848,2025-02-10 22:00:00,train
2055567,2025-02-10 23:00:00,train
2054663,2025-02-11 11:00:00,train
2030195,2025-02-11 12:00:00,train
10079001,2025-02-11 12:00:00,train
2057406,2025-02-11 13:00:00,train
2057709,2025-02-11 13:00:00,train
10078630,2025-02-11 15:00:00,train
10079002,2025-02-11 15:00:00,train
2057105,2025-02-11 16:15:00,train
2057405,2025-02-11 16:15:00,train
2054662,2025-02-11 17:30:00,train
2049409,2025-02-11 18:00:00,train
2062210,2025-02-11 19:10:00,train
2056539,2025-02-11 20:40:00,train
10079004,2025-02-11 21:00:00,train
2063103,2025-02-11 22:00:00,train
2063417,2025-02-12 11:00:00,train
10079035,2025-02-12 12:00:00,train
2054976,2025-02-12 13:00:00,train
2064260,2025-02-12 14:00:00,train
2030192,2025-02-12 15:00:00,train
10079036,2025-02-12 15:00:00,train
10078985,2025-02-12 16:00:00,train
10078634,2025-02-12 17:40:00,train
2030194,2025-02-12 18:00:00,train
10079037,2025-02-12 18:00:00,train
10078990,2025-02-12 19:00:00,train
2070554,2025-02-12 20:20:00,train
2065071,2025-02-12 21:00:00,train
2054973,2025-02-12 22:00:00,train
10078778,2025-02-13 12:00:00,train
10079030,2025-02-13 12:00:00,train
2054972,2025-02-13 13:00:00,train
2071497,2025-02-13 15:00:00,train
10078776,2025-02-13 15:00:00,train
10079031,2025-02-13 15:00:00,train
2054971,2025-02-13 16:00:00,train
2065068,2025-02-13 18:00:00,train
2054970,2025-02-13 19:00:00,train
10079034,2025-02-13 21:00:00,train
2054969,2025-02-13 22:00:00,train
2053957,2025-02-14 11:00:00,train
2053956,2025-02-14 11:45:00,train
10079104,2025-02-14 12:00:00,train
2053955,2025-02-14 13:20:00,train
10079105,2025-02-14 15:00:00,train
2053954,2025-02-14 15:10:00,train
2053953,2025-02-14 15:15:00,train
2053951,2025-02-14 17:15:00,train
2053952,2025-02-14 17:20:00,train
2079240,2025-02-14 18:00:00,train
2054268,2025-02-14 19:50:00,train
10079101,2025-02-14 21:00:00,train
2078425,2025-02-14 22:00:00,train
2084959,2025-02-15 11:00:00,train
2084960,2025-02-15 11:00:00,train
2079238,2025-02-15 12:00:00,train
10079109,2025-02-15 13:20:00,train
2084957,2025-02-15 13:45:00,train
2084980,2025-02-15 14:30:00,train
10079103,2025-02-15 15:00:00,train
2084955,2025-02-15 16:05:00,train
2084956,2025-02-15 16:15:00,train
2085504,2025-02-15 17:30:00,train
2084954,2025-02-15 18:00:00,train
10079098,2025-02-15 18:00:00,train
2084953,2025-02-15 19:15:00,train
2079235,2025-02-15 21:00:00,train
10079118,2025-02-15 21:40:00,train
2091952,2025-02-16 11:00:00,train
2091953,2025-02-16 11:00:00,train
2091946,2025-02-16 13:10:00,train
2091951,2025-02-16 13:15:00,train
2092228,2025-02-16 14:00:00,train
2091947,2025-02-16 15:30:00,train
2091950,2025-02-16 16:25:00,train
2091948,2025-02-16 17:10:00,train
10079132,2025-02-16 17:35:00,train
2091949,2025-02-16 18:40:00,train
2092226,2025-02-16 20:15:00,train
2098540,2025-02-17 12:00:00,train
2092225,2025-02-17 14:00:00,train
2099069,2025-02-17 14:00:00,train
2099070,2025-02-17 14:00:00,train
10079157,2025-02-17 15:00:00,train
2099068,2025-02-17 17:00:00,train
2099067,2025-02-17 17:15:00,train
2092224,2025-02-17 17:35:00,train
10079134,2025-02-17 20:00:00,train
2099066,2025-02-17 20:35:00,train
2099065,2025-02-17 21:30:00,train
2109456,2025-02-18 11:00:00,train
10079158,2025-02-18 12:00:00,train
10079227,2025-02-18 12:00:00,train
2109454,2025-02-18 13:15:00,train
10079225,2025-02-18 14:00:00,train
10079159,2025-02-18 15:00:00,train
2109455,2025-02-18 15:55:00,train
10079226,2025-02-18 17:55:00,train
1884967,2025-02-18 20:00:00,train
1884979,2025-02-18 22:00:00,train
1884980,2025-02-18 22:00:00,train
1884994,2025-02-18 22:00:00,train
1884995,2025-02-18 22:00:00,train
10078150,2025-02-18 22:00:00,train
2098536,2025-02-19 12:00:00,train
2098535,2025-02-19 15:00:00,train
1884948,2025-02-19 22:00:00,train
1884964,2025-02-19 22:00:00,train
10078145,2025-02-19 22:00:00,train
10078160,2025-02-19 22:00:00,train
10078172,2025-02-19 22:00:00,train
10078173,2025-02-19 22:00:00,train
2098534,2025-02-20 12:00:00,train
10079261,2025-02-20 12:00:00,train
2098533,2025-02-20 15:00:00,train
10079259,2025-02-20 15:30:00,train
2064515,2025-02-20 16:00:00,train
2118909,2025-02-20 18:00:00,train
10079258,2025-02-20 21:00:00,train
2117427,2025-02-21 11:00:00,train
2118907,2025-02-21 12:00:00,train
2117426,2025-02-21 14:00:00,train
10079257,2025-02-21 15:00:00,train
2117425,2025-02-21 16:55:00,train
10079265,2025-02-21 18:00:00,train
2117424,2025-02-21 20:40:00,train
2118904,2025-02-21 21:35:00,train
10079266,2025-02-22 12:00:00,train
10079262,2025-02-22 15:00:00,train
2141260,2025-02-22 18:00:00,train
2141264,2025-02-22 18:00:00,train
10079318,2025-02-22 21:00:00,train
2143059,2025-02-22 22:00:00,train
2149515,2025-02-23 14:00:00,train
2150393,2025-02-23 16:00:00,train
10079335,2025-02-23 17:00:00,train
10079340,2025-02-23 20:20:00,train
2150394,2025-02-23 20:50:00,train
10079345,2025-02-24 00:00:00,train
10079347,2025-02-24 12:00:00,train
2157745,2025-02-24 17:00:00,train
1884996,2025-02-24 18:00:00,train
1884963,2025-02-24 20:00:00,train
10078138,2025-02-24 20:00:00,train
10078151,2025-02-24 22:00:00,train
10086885,2025-02-25 11:00:00,train
2157744,2025-02-25 12:00:00,train
2157743,2025-02-25 15:00:00,train
1884992,2025-02-25 16:00:00,train
10078170,2025-02-25 20:00:00,train
1884975,2025-02-25 22:00:00,train
10078140,2025-02-25 22:00:00,train
10078141,2025-02-25 22:00:00,train
10078152,2025-02-25 22:00:00,train
10079350,2025-02-26 12:00:00,train
10079421,2025-02-26 13:00:00,train
10079422,2025-02-26 16:15:00,train
10079423,2025-02-26 19:00:00,train
1884945,2025-02-26 22:00:00,train
1884946,2025-02-26 22:00:00,train
1884960,2025-02-26 22:00:00,train
1884961,2025-02-26 22:00:00,train
1884962,2025-02-26 22:00:00,train
10078175,2025-02-26 22:00:00,train
10079424,2025-02-26 22:00:00,train
2157740,2025-02-27 12:00:00,train
2167204,2025-02-27 13:00:00,train
10079405,2025-02-27 13:00:00,train
10079406,2025-02-27 13:45:00,train
10079407,2025-02-27 14:20:00,train
2157739,2025-02-27 15:00:00,train
10079408,2025-02-27 15:00:00,train
2167203,2025-02-27 16:00:00,train
10079409,2025-02-27 16:20:00,train
10079410,2025-02-27 18:00:00,train
10079411,2025-02-27 18:45:00,train
10079427,2025-02-27 19:00:00,train
10079412,2025-02-27 19:35:00,train
10079413,2025-02-27 20:00:00,train
10079414,2025-02-27 21:15:00,train
2167201,2025-02-27 22:00:00,train
2189606,2025-02-28 13:00:00,train
10079437,2025-02-28 14:30:00,train
10079438,2025-02-28 16:00:00,train
2189605,2025-02-28 17:00:00,train
10079439,2025-02-28 17:30:00,train
2189604,2025-02-28 19:00:00,train
10079436,2025-02-28 22:30:00,train
2179845,2025-03-01 12:30:00,train
2179846,2025-03-01 12:30:00,train
10079429,2025-03-01 13:00:00,train
2179843,2025-03-01 15:00:00,train
2179844,2025-03-01 15:00:00,train
10079430,2025-03-01 16:10:00,train
2179841,2025-03-01 17:30:00,train
2179842,2025-03-01 18:10:00,train
10079431,2025-03-01 19:00:00,train
2179840,2025-03-01 20:15:00,train
2179839,2025-03-01 20:45:00,train
2189599,2025-03-01 22:00:00,train
2201528,2025-03-02 12:30:00,train
2201529,2025-03-02 12:30:00,train
2201548,2025-03-02 13:00:00,train
2201526,2025-03-02 15:00:00,train
2201527,2025-03-02 15:00:00,train
10079469,2025-03-02 16:00:00,train
2201524,2025-03-02 17:30:00,train
2201525,2025-03-02 17:30:00,train
2201546,2025-03-02 19:00:00,train
2201523,2025-03-02 20:00:00,train
2201522,2025-03-02 20:55:00,train
2201545,2025-03-02 22:25:00,train
2201537,2025-03-03 12:00:00,train
2207720,2025-03-03 12:00:00,train
2208084,2025-03-03 12:30:00,train
2208085,2025-03-03 12:30:00,train
10079466,2025-03-03 13:00:00,train
2201536,2025-03-03 15:00:00,train
2208083,2025-03-03 15:00:00,train
10079510,2025-03-03 15:00:00,train
2208082,2025-03-03 15:10:00,train
2201543,2025-03-03 16:00:00,train
2208081,2025-03-03 17:30:00,train
2201535,2025-03-03 18:00:00,train
2208080,2025-03-03 18:20:00,train
2201542,2025-03-03 19:00:00,train
2208078,2025-03-03 20:30:00,train
2208079,2025-03-03 20:35:00,train
10079516,2025-03-03 21:00:00,train
2201541,2025-03-03 22:00:00,train
2207718,2025-03-04 12:00:00,train
10079517,2025-03-04 12:00:00,train
10079557,2025-03-04 14:30:00,train
2201532,2025-03-04 15:00:00,train
2207717,2025-03-04 15:00:00,train
2215052,2025-03-04 15:30:00,train
2215053,2025-03-04 15:30:00,train
2215063,2025-03-04 17:30:00,train
2201531,2025-03-04 18:00:00,train
2215051,2025-03-04 18:00:00,train
2215050,2025-03-04 18:55:00,train
2215049,2025-03-04 20:30:00,train
10079559,2025-03-04 20:30:00,train
2201530,2025-03-04 21:00:00,train
2215048,2025-03-04 22:25:00,train
10079511,2025-03-05 12:00:00,train
10079669,2025-03-05 12:00:00,train
10079560,2025-03-05 14:30:00,train
10079670,2025-03-05 15:00:00,train
2222693,2025-03-05 15:30:00,train
10079512,2025-03-05 16:00:00,train
2215060,2025-03-05 17:30:00,train
10079671,2025-03-05 18:00:00,train
2222692,2025-03-05 19:30:00,train
2215059,2025-03-05 21:00:00,train
10079672,2025-03-05 21:15:00,train
2222691,2025-03-05 22:45:00,train
10079665,2025-03-06 12:00:00,train
10079676,2025-03-06 12:00:00,train
2229956,2025-03-06 14:30:00,train
2222353,2025-03-06 15:00:00,train
2229219,2025-03-06 15:00:00,train
2229955,2025-03-06 17:30:00,train
2222352,2025-03-06 18:00:00,train
10079678,2025-03-06 18:00:00,train
10079675,2025-03-06 20:30:00,train
2222351,2025-03-06 22:15:00,train
2221521,2025-03-07 12:00:00,train
2221529,2025-03-07 12:00:00,train
2221530,2025-03-07 12:00:00,train
10079634,2025-03-07 12:00:00,train
10079761,2025-03-07 12:00:00,train
2235728,2025-03-07 12:30:00,train
2235729,2025-03-07 12:30:00,train
2221520,2025-03-07 15:00:00,train
2221524,2025-03-07 15:00:00,train
2221532,2025-03-07 15:00:00,train
2235724,2025-03-07 15:00:00,train
10079607,2025-03-07 15:00:00,train
10079762,2025-03-07 15:10:00,train
2235723,2025-03-07 15:30:00,train
2221523,2025-03-07 17:00:00,train
10080469,2025-03-07 17:00:00,train
2221519,2025-03-07 17:15:00,train
2235726,2025-03-07 17:30:00,train
2181472,2025-03-07 17:40:00,train
2235727,2025-03-07 17:45:00,train
10079622,2025-03-07 18:00:00,train
2221528,2025-03-07 18:10:00,train
2238307,2025-03-07 18:15:00,train
10079637,2025-03-07 18:59:00,train
10080470,2025-03-07 20:00:00,train
2235725,2025-03-07 20:15:00,train
10079623,2025-03-07 20:15:00,train
2221518,2025-03-07 21:00:00,train
10079764,2025-03-07 21:00:00,train
2235722,2025-03-07 21:30:00,train
2238305,2025-03-08 12:00:00,train
2243340,2025-03-08 12:00:00,train
2243342,2025-03-08 12:00:00,train
2244373,2025-03-08 12:00:00,train
2246383,2025-03-08 12:30:00,train
2246384,2025-03-08 12:30:00,train
10079798,2025-03-08 13:00:00,train
2238304,2025-03-08 15:00:00,train
2244369,2025-03-08 15:00:00,train
2244374,2025-03-08 15:00:00,train
2245717,2025-03-08 15:00:00,train
2246048,2025-03-08 15:00:00,train
2246381,2025-03-08 15:00:00,train
2246382,2025-03-08 15:30:00,train
2246047,2025-03-08 15:35:00,train
10079793,2025-03-08 16:15:00,train
2238303,2025-03-08 18:00:00,train
2243341,2025-03-08 18:00:00,train
2244034,2025-03-08 18:00:00,train
10079640,2025-03-08 18:00:00,train
10079790,2025-03-08 18:15:00,train
2239179,2025-03-08 19:00:00,train
2246380,2025-03-08 19:00:00,train
2246888,2025-03-08 20:20:00,train
2246378,2025-03-08 20:45:00,train
2238302,2025-03-08 21:00:00,train
2244371,2025-03-08 21:00:00,train
2244377,2025-03-08 21:00:00,train
10079612,2025-03-08 21:00:00,train
10079613,2025-03-08 21:00:00,train
10079625,2025-03-08 21:00:00,train
2239178,2025-03-08 22:00:00,train
2251651,2025-03-09 12:00:00,train
2252586,2025-03-09 12:00:00,train
10079615,2025-03-09 12:00:00,train
10079643,2025-03-09 12:00:00,train
2253488,2025-03-09 12:30:00,train
2253489,2025-03-09 12:30:00,train
10079642,2025-03-09 13:00:00,train
10079796,2025-03-09 13:00:00,train
2251969,2025-03-09 14:20:00,train
10079614,2025-03-09 14:20:00,train
10079818,2025-03-09 15:00:00,train
2253487,2025-03-09 15:30:00,train
2239176,2025-03-09 16:00:00,train
2253486,2025-03-09 16:00:00,train
10079630,2025-03-09 16:00:00,train
2253497,2025-03-09 16:30:00,train
10080465,2025-03-09 17:00:00,train
2253484,2025-03-09 17:30:00,train
2252587,2025-03-09 18:00:00,train
2253492,2025-03-09 18:00:00,train
2253495,2025-03-09 18:00:00,train
10079819,2025-03-09 18:00:00,train
2253485,2025-03-09 18:15:00,train
2258542,2025-03-09 19:20:00,train
2239175,2025-03-09 19:55:00,train
2253482,2025-03-09 20:00:00,train
10079814,2025-03-09 20:00:00,train
10080466,2025-03-09 20:00:00,train
2259411,2025-03-09 20:10:00,train
2253803,2025-03-09 21:00:00,train
2258833,2025-03-09 21:00:00,train
10079644,2025-03-09 21:00:00,train
2239174,2025-03-09 23:05:00,train
10079835,2025-03-10 10:00:00,train
10079834,2025-03-10 12:00:00,train
2261063,2025-03-10 13:00:00,train
2259984,2025-03-10 15:00:00,train
10079815,2025-03-10 15:00:00,train
2260559,2025-03-10 15:30:00,train
2260560,2025-03-10 15:30:00,train
2260847,2025-03-10 16:00:00,train
10079633,2025-03-10 16:00:00,train
10079805,2025-03-10 16:00:00,train
2260561,2025-03-10 17:00:00,train
10080467,2025-03-10 17:00:00,train
2242133,2025-03-10 18:00:00,train
2253801,2025-03-10 18:00:00,train
2260558,2025-03-10 18:00:00,train
2266530,2025-03-10 18:00:00,train
2266529,2025-03-10 18:20:00,train
2260557,2025-03-10 18:45:00,train
2253721,2025-03-10 19:00:00,train
2266945,2025-03-10 19:30:00,train
10080468,2025-03-10 20:00:00,train
2260556,2025-03-10 20:30:00,train
2260555,2025-03-10 21:00:00,train
2242132,2025-03-10 21:05:00,train
2253800,2025-03-10 21:15:00,train
2267768,2025-03-10 22:30:00,train
10079801,2025-03-10 22:40:00,train
2266830,2025-03-11 12:00:00,train
10079831,2025-03-11 14:30:00,train
2268866,2025-03-11 15:00:00,train
2269767,2025-03-11 15:00:00,train
2269770,2025-03-11 15:00:00,train
2269370,2025-03-11 15:30:00,train
2269302,2025-03-11 18:00:00,train
2269766,2025-03-11 18:00:00,train
2269769,2025-03-11 18:00:00,train
10079836,2025-03-11 18:00:00,train
2269369,2025-03-11 18:20:00,train
2269768,2025-03-11 21:00:00,train
10079840,2025-03-11 21:15:00,train
10079833,2025-03-11 21:20:00,train
2269368,2025-03-11 21:45:00,train
2278687,2025-03-12 12:00:00,train
2274381,2025-03-12 15:00:00,train
10079664,2025-03-12 18:00:00,train
10079847,2025-03-12 18:30:00,train
10079899,2025-03-13 12:00:00,train
10079892,2025-03-13 15:00:00,train
2278780,2025-03-13 17:45:00,train
2282596,2025-03-13 18:00:00,train
10079898,2025-03-13 21:00:00,train
2278781,2025-03-13 22:15:00,train
2282603,2025-03-14 12:00:00,train
10079897,2025-03-14 15:45:00,train
2278779,2025-03-14 17:45:00,train
2282602,2025-03-14 18:35:00,train
2278778,2025-03-14 20:30:00,train
2282601,2025-03-14 22:00:00,train
10079901,2025-03-15 12:00:00,train
10079900,2025-03-15 15:30:00,train
10080472,2025-03-15 17:00:00,train
2292973,2025-03-15 17:45:00,train
10079918,2025-03-15 18:00:00,train
10079938,2025-03-15 19:15:00,train
10079940,2025-03-15 19:15:00,train
10079941,2025-03-15 19:15:00,train
10079943,2025-03-15 19:15:00,train
10080471,2025-03-15 20:00:00,train
2301207,2025-03-15 21:00:00,train
10079939,2025-03-15 21:30:00,train
2300556,2025-03-15 22:00:00,train
10079942,2025-03-15 22:00:00,train
10079944,2025-03-16 01:20:00,train
2307274,2025-03-16 14:00:00,train
2309007,2025-03-16 17:00:00,train
2310106,2025-03-16 19:00:00,train
10079922,2025-03-16 20:45:00,train
10079923,2025-03-17 18:00:00,train
10079924,2025-03-17 18:00:00,train
10079925,2025-03-17 18:00:00,train
10079926,2025-03-17 18:00:00,train
10079927,2025-03-17 18:00:00,train
10079928,2025-03-17 18:00:00,train
10079929,2025-03-17 18:00:00,train
10079930,2025-03-17 18:00:00,train
10079931,2025-03-17 19:15:00,train
10079934,2025-03-17 19:15:00,train
10079932,2025-03-17 19:25:00,train
10079933,2025-03-17 19:25:00,train
10079935,2025-03-17 22:20:00,train
10079936,2025-03-17 23:05:00,train
10079937,2025-03-18 01:30:00,train
2200138,2025-03-18 22:00:00,train
2200139,2025-03-18 22:00:00,train
2200140,2025-03-18 22:00:00,train
2200141,2025-03-18 22:00:00,train
2200143,2025-03-18 22:00:00,train
10079471,2025-03-18 22:00:00,train
2179838,2025-03-19 14:00:00,train
2179837,2025-03-19 16:15:00,train
2179835,2025-03-19 19:15:00,train
2179836,2025-03-19 21:20:00,train
2200136,2025-03-19 22:00:00,train
2200137,2025-03-19 22:00:00,train
2340577,2025-03-19 22:00:00,train
10079992,2025-03-19 22:00:00,train
2179834,2025-03-20 14:00:00,train
2179833,2025-03-20 16:45:00,train
2236875,2025-03-20 19:10:00,train
2179832,2025-03-20 22:45:00,train
2342626,2025-03-21 13:00:00,train
2344398,2025-03-21 15:50:00,train
2342627,2025-03-21 18:15:00,train
2344399,2025-03-21 22:50:00,train
10080120,2025-03-21 23:00:00,train
2349136,2025-03-22 13:00:00,train
2350954,2025-03-22 16:20:00,train
2356864,2025-03-22 18:00:00,train
2356866,2025-03-22 18:00:00,train
2356868,2025-03-22 18:00:00,train
2356869,2025-03-22 18:00:00,train
2356870,2025-03-22 18:00:00,train
2356871,2025-03-22 18:00:00,train
10080157,2025-03-22 18:00:00,train
10080159,2025-03-22 18:00:00,train
10080161,2025-03-22 19:15:00,train
10080162,2025-03-22 19:15:00,train
10080163,2025-03-22 19:15:00,train
10080164,2025-03-22 20:05:00,train
2349137,2025-03-22 20:40:00,train
10080165,2025-03-22 22:00:00,train
2350955,2025-03-22 23:30:00,train
10080166,2025-03-22 23:35:00,train
10080167,2025-03-23 02:00:00,train
2357022,2025-03-23 13:00:00,train
2356481,2025-03-23 18:10:00,train
2364262,2025-03-23 20:55:00,train
2363434,2025-03-23 23:20:00,train
2357023,2025-03-24 13:00:00,train
2369235,2025-03-24 15:45:00,train
2371525,2025-03-24 18:00:00,train
2371526,2025-03-24 18:00:00,train
2371530,2025-03-24 18:00:00,train
2371531,2025-03-24 18:00:00,train
10080168,2025-03-24 18:00:00,train
10080171,2025-03-24 18:00:00,train
10080172,2025-03-24 18:00:00,train
10080173,2025-03-24 18:00:00,train
2364263,2025-03-24 18:35:00,train
2375153,2025-03-24 19:10:00,train
10080177,2025-03-24 19:10:00,train
10080176,2025-03-24 19:15:00,train
10080178,2025-03-24 19:25:00,train
2370595,2025-03-24 21:05:00,train
10080181,2025-03-24 22:00:00,train
10080180,2025-03-24 22:30:00,train
10080182,2025-03-25 01:45:00,train
2340575,2025-03-25 22:00:00,train
2340576,2025-03-25 22:00:00,train
2340579,2025-03-26 22:00:00,train
2344228,2025-03-26 22:00:00,train
2385481,2025-03-27 12:00:00,train
2385489,2025-03-27 12:00:00,train
2385493,2025-03-27 12:00:00,train
2385480,2025-03-27 15:00:00,train
2385484,2025-03-27 15:00:00,train
2385485,2025-03-27 15:00:00,train
2385488,2025-03-27 15:00:00,train
2385492,2025-03-27 15:00:00,train
2385479,2025-03-27 18:00:00,train
10080213,2025-03-27 18:00:00,train
10080217,2025-03-27 18:00:00,train
10080221,2025-03-27 18:00:00,train
2385478,2025-03-27 21:00:00,train
2385490,2025-03-27 21:00:00,train
2385486,2025-03-27 21:20:00,train
2385482,2025-03-27 21:30:00,train
2392220,2025-03-28 12:00:00,train
2392222,2025-03-28 12:00:00,train
2392424,2025-03-28 12:00:00,train
2394010,2025-03-28 12:00:00,train
2393421,2025-03-28 15:00:00,train
2393617,2025-03-28 15:00:00,train
2394009,2025-03-28 15:00:00,train
10080257,2025-03-28 15:00:00,train
2392219,2025-03-28 18:00:00,train
2392221,2025-03-28 18:00:00,train
2392423,2025-03-28 18:00:00,train
2394008,2025-03-28 19:15:00,train
2376687,2025-03-28 19:30:00,train
2393418,2025-03-28 21:00:00,train
2394007,2025-03-28 21:00:00,train
10080240,2025-03-28 21:30:00,train
10080248,2025-03-28 21:30:00,train
2375857,2025-03-28 22:30:00,train
2397405,2025-03-29 12:00:00,train
2397586,2025-03-29 12:00:00,train
2397587,2025-03-29 12:00:00,train
2397588,2025-03-29 12:00:00,train
2398118,2025-03-29 15:00:00,train
2398123,2025-03-29 15:00:00,train
10080250,2025-03-29 15:45:00,train
2397767,2025-03-29 16:30:00,train
2397766,2025-03-29 18:00:00,train
10080242,2025-03-29 18:40:00,train
10080252,2025-03-29 18:40:00,train
2397657,2025-03-29 19:30:00,train
2398117,2025-03-29 21:00:00,train
2401337,2025-03-29 21:00:00,train
2401338,2025-03-29 21:00:00,train
2401518,2025-03-29 21:00:00,train
2401340,2025-03-29 22:15:00,train
2398193,2025-03-29 23:20:00,train
10080473,2025-03-30 12:00:00,train
2402399,2025-03-30 14:00:00,train
2402400,2025-03-30 14:00:00,train
2402401,2025-03-30 14:00:00,train
2402402,2025-03-30 14:00:00,train
10080245,2025-03-30 17:00:00,train
10080255,2025-03-30 17:00:00,train
10080269,2025-03-30 17:00:00,train
10080474,2025-03-30 17:00:00,train
10080263,2025-03-30 18:00:00,train
2402796,2025-03-30 18:30:00,train
2395501,2025-03-31 15:00:00,train
2404697,2025-03-31 17:00:00,train
2395500,2025-03-31 19:00:00,train
2404696,2025-03-31 20:00:00,train
2395499,2025-04-01 15:00:00,train
2408751,2025-04-01 17:00:00,train
2395498,2025-04-01 18:30:00,train
10079996,2025-04-01 20:45:00,train
2354184,2025-04-01 21:00:00,train
10080564,2025-04-02 11:00:00,train
10080579,2025-04-02 12:00:00,train
10080565,2025-04-02 12:30:00,train
10080580,2025-04-02 12:30:00,train
10080566,2025-04-02 14:00:00,train
10080581,2025-04-02 14:00:00,train
2411595,2025-04-02 15:00:00,train
2407396,2025-04-02 15:30:00,train
2407397,2025-04-02 15:30:00,train
2407394,2025-04-02 17:00:00,train
10080568,2025-04-02 17:00:00,train
2407392,2025-04-02 18:30:00,train
2407393,2025-04-02 18:30:00,train
2413941,2025-04-02 18:30:00,train
2407390,2025-04-02 20:00:00,train
10080570,2025-04-02 20:00:00,train
2414725,2025-04-02 21:00:00,train
10080229,2025-04-02 21:00:00,train
2407381,2025-04-03 11:00:00,train
2407389,2025-04-03 11:00:00,train
2407380,2025-04-03 12:30:00,train
2407388,2025-04-03 12:30:00,train
2407379,2025-04-03 14:00:00,train
2407387,2025-04-03 14:00:00,train
2411594,2025-04-03 15:00:00,train
2407378,2025-04-03 15:30:00,train
2407386,2025-04-03 15:30:00,train
2407377,2025-04-03 17:00:00,train
2407385,2025-04-03 17:00:00,train
2413940,2025-04-03 18:05:00,train
2407376,2025-04-03 18:30:00,train
10080576,2025-04-03 18:30:00,train
2407375,2025-04-03 20:00:00,train
10080577,2025-04-03 20:00:00,train
10080593,2025-04-03 21:30:00,train
2407382,2025-04-03 22:05:00,train
2421506,2025-04-04 15:00:00,train
2421740,2025-04-04 18:00:00,train
2406996,2025-04-06 10:00:00,train
2406997,2025-04-06 10:00:00,train
2406994,2025-04-06 12:00:00,train
2406995,2025-04-06 13:00:00,train
2406993,2025-04-06 14:30:00,train
2406992,2025-04-06 15:00:00,train
2406991,2025-04-06 17:00:00,train
2406990,2025-04-06 18:35:00,train
2428696,2025-04-07 10:00:00,train
2428697,2025-04-07 10:00:00,train
2428694,2025-04-07 11:50:00,train
2428695,2025-04-07 11:50:00,train
2428692,2025-04-07 14:15:00,train
2428693,2025-04-07 14:15:00,train
2428690,2025-04-07 16:25:00,train
2428691,2025-04-07 17:05:00,train
2431727,2025-04-08 10:00:00,train
2431728,2025-04-08 10:00:00,train
2431725,2025-04-08 12:05:00,train
2431726,2025-04-08 13:45:00,train
2431724,2025-04-08 14:30:00,train
2431723,2025-04-08 15:40:00,train
2431722,2025-04-08 17:50:00,train
2431721,2025-04-08 19:00:00,train
2397005,2025-04-08 21:00:00,train
10080230,2025-04-08 21:00:00,train
2434754,2025-04-09 10:00:00,train
2434755,2025-04-09 10:00:00,train
2434753,2025-04-09 12:15:00,train
2434752,2025-04-09 13:45:00,train
2434751,2025-04-09 14:25:00,train
2434750,2025-04-09 15:55:00,train
2434976,2025-04-09 21:00:00,train
2437159,2025-04-10 10:00:00,train
2437158,2025-04-10 12:05:00,train
2437157,2025-04-10 14:10:00,train
2439956,2025-04-11 10:00:00,train
2439955,2025-04-11 13:00:00,train
2439954,2025-04-11 14:45:00,train
2439953,2025-04-11 18:00:00,train
2442181,2025-04-12 17:00:00,train
2443082,2025-04-12 21:00:00,train
2446729,2025-04-13 15:00:00,train
2446728,2025-04-13 18:00:00,train
2442486,2025-04-14 11:00:00,train
2442487,2025-04-14 11:00:00,train
2442485,2025-04-14 12:30:00,train
10080735,2025-04-14 12:30:00,train
2442484,2025-04-14 14:00:00,train
10080733,2025-04-14 14:00:00,train
2442480,2025-04-14 15:30:00,train
2442481,2025-04-14 15:30:00,train
10080947,2025-04-14 17:20:00,train
10080948,2025-04-14 17:20:00,train
2451686,2025-04-14 18:50:00,train
10080949,2025-04-14 18:50:00,train
2451685,2025-04-14 20:20:00,train
2451684,2025-04-14 20:25:00,train
2451682,2025-04-14 21:50:00,train
2451683,2025-04-14 21:50:00,train
10080750,2025-04-15 05:00:00,train
10080751,2025-04-15 07:30:00,train
2443547,2025-04-15 11:00:00,train
2452478,2025-04-15 11:00:00,train
2452479,2025-04-15 11:00:00,train
2438834,2025-04-15 12:00:00,train
2443546,2025-04-15 13:30:00,train
10080976,2025-04-15 14:00:00,train
2452476,2025-04-15 14:45:00,train
10080749,2025-04-15 15:25:00,train
2452475,2025-04-15 15:35:00,train
2452474,2025-04-15 16:20:00,train
2452473,2025-04-15 17:00:00,train
2452472,2025-04-15 17:15:00,train
2443551,2025-04-15 18:00:00,train
2445013,2025-04-15 19:00:00,train
2443550,2025-04-15 20:30:00,train
2445012,2025-04-15 21:30:00,train
2443549,2025-04-15 23:00:00,train
2445011,2025-04-16 00:00:00,train
2443548,2025-04-16 01:30:00,train
2445010,2025-04-16 02:30:00,train
10080964,2025-04-16 05:00:00,train
2453995,2025-04-16 07:30:00,train
2455223,2025-04-16 11:00:00,train
2455225,2025-04-16 11:00:00,train
10080986,2025-04-16 11:00:00,train
2454617,2025-04-16 11:30:00,train
2454500,2025-04-16 12:00:00,train
2455221,2025-04-16 14:00:00,train
2455222,2025-04-16 14:00:00,train
2454616,2025-04-16 14:30:00,train
2455220,2025-04-16 14:30:00,train
10080960,2025-04-16 15:45:00,train
2455445,2025-04-16 18:00:00,train
2457617,2025-04-16 18:30:00,train
2457621,2025-04-16 18:30:00,train
2457623,2025-04-16 18:30:00,train
2455535,2025-04-16 19:00:00,train
2455444,2025-04-16 20:10:00,train
10080966,2025-04-16 21:20:00,train
10080973,2025-04-16 22:30:00,train
2455997,2025-04-17 00:00:00,train
2455800,2025-04-17 01:30:00,train
2455996,2025-04-17 02:30:00,train
10080963,2025-04-17 05:00:00,train
2458575,2025-04-17 07:30:00,train
2457249,2025-04-17 11:00:00,train
2457152,2025-04-17 12:00:00,train
10081027,2025-04-17 13:00:00,train
2459581,2025-04-17 13:30:00,train
2451896,2025-04-17 14:00:00,train
2454701,2025-04-17 14:00:00,train
2457837,2025-04-17 14:00:00,train
2451895,2025-04-17 15:00:00,train
2451910,2025-04-17 15:00:00,train
2451894,2025-04-17 16:00:00,train
10081030,2025-04-17 16:00:00,train
2451908,2025-04-17 17:00:00,train
2451892,2025-04-17 18:00:00,train
2458378,2025-04-17 18:00:00,train
2459620,2025-04-17 18:00:00,train
2451907,2025-04-17 18:20:00,train
2458773,2025-04-17 19:00:00,train
10081033,2025-04-17 19:20:00,train
2451888,2025-04-17 20:20:00,train
2458377,2025-04-17 20:25:00,train
2451891,2025-04-17 21:10:00,train
2451893,2025-04-17 22:20:00,train
2458772,2025-04-17 22:40:00,train
2460240,2025-04-18 01:00:00,train
2461225,2025-04-18 01:30:00,train
2451897,2025-04-18 12:00:00,train
2451905,2025-04-18 13:00:00,train
2451890,2025-04-18 13:15:00,train
10081035,2025-04-18 14:00:00,train
2451889,2025-04-18 14:25:00,train
2454698,2025-04-18 15:00:00,train
2451887,2025-04-18 16:00:00,train
2451902,2025-04-18 16:15:00,train
2451886,2025-04-18 17:00:00,train
10081038,2025-04-18 17:00:00,train
2451885,2025-04-18 18:10:00,train
2454697,2025-04-18 18:30:00,train
2451884,2025-04-18 19:20:00,train
10081040,2025-04-18 19:30:00,train
2451883,2025-04-18 20:30:00,train
2451898,2025-04-18 20:30:00,train
2467473,2025-04-19 17:45:00,train
10081057,2025-04-19 20:00:00,train
2478444,2025-04-20 13:00:00,train
2480345,2025-04-20 17:30:00,train
2493001,2025-04-20 21:15:00,train
2458846,2025-04-21 04:15:00,train
2458847,2025-04-21 04:15:00,train
2458848,2025-04-21 07:00:00,train
2458849,2025-04-21 08:05:00,train
2458844,2025-04-21 09:30:00,train
2458845,2025-04-21 11:10:00,train
2458842,2025-04-21 12:45:00,train
2458843,2025-04-21 13:00:00,train
2500220,2025-04-22 04:15:00,train
2502481,2025-04-22 04:15:00,train
2500221,2025-04-22 06:45:00,train
2502480,2025-04-22 07:00:00,train
2503737,2025-04-22 09:15:00,train
2503736,2025-04-22 09:30:00,train
2505826,2025-04-22 11:45:00,train
2505825,2025-04-22 12:00:00,train
2514153,2025-04-23 04:15:00,train
2515659,2025-04-23 04:15:00,train
2518779,2025-04-23 06:45:00,train
2518869,2025-04-23 07:15:00,train
2525892,2025-04-23 09:30:00,train
2515470,2025-04-23 09:55:00,train
2518780,2025-04-23 12:00:00,train
2526996,2025-04-23 12:15:00,train
2474305,2025-04-24 11:00:00,train
10081141,2025-04-24 14:00:00,train
2474206,2025-04-24 17:00:00,train
2474205,2025-04-24 20:00:00,train
2529330,2025-04-25 10:00:00,train
10081147,2025-04-25 11:00:00,train
2529865,2025-04-25 13:00:00,train
2544245,2025-04-25 14:00:00,train
2541496,2025-04-25 17:00:00,train
2544246,2025-04-25 20:00:00,train
2551303,2025-04-26 10:00:00,train
2555287,2025-04-26 11:00:00,train
2553312,2025-04-26 13:00:00,train
10081219,2025-04-26 14:00:00,train
2556688,2025-04-26 14:40:00,train
2556690,2025-04-26 18:30:00,train
10081224,2025-04-26 20:15:00,train
10081225,2025-04-26 22:45:00,train
2569387,2025-04-26 23:00:00,train
2566634,2025-04-27 09:30:00,train
2574461,2025-04-27 14:00:00,train
2587733,2025-04-27 19:00:00,train
10081230,2025-04-27 19:00:00,train
10081231,2025-04-27 20:30:00,train
10081232,2025-04-27 21:45:00,train
10081234,2025-04-29 14:00:00,train
10081236,2025-04-29 16:30:00,train
10081235,2025-04-29 17:45:00,train
10081237,2025-04-29 19:00:00,train
10081238,2025-04-29 20:15:00,train
10081239,2025-04-29 21:45:00,train
2542921,2025-04-30 06:00:00,train
2542920,2025-04-30 10:55:00,train
2520995,2025-04-30 12:00:00,train
10081240,2025-04-30 14:00:00,train
2542918,2025-04-30 14:10:00,train
2520996,2025-04-30 14:30:00,train
10081275,2025-04-30 17:55:00,train
2520997,2025-04-30 18:00:00,train
10081244,2025-04-30 19:00:00,train
2520994,2025-04-30 20:35:00,train
10081246,2025-04-30 21:40:00,train
10081279,2025-05-01 06:00:00,train
10081280,2025-05-01 10:50:00,train
2642941,2025-05-01 12:00:00,train
2642940,2025-05-01 14:45:00,train
2644464,2025-05-01 15:00:00,train
2644680,2025-05-01 18:45:00,train
2644463,2025-05-01 18:55:00,train
10081388,2025-05-01 19:30:00,train
2644679,2025-05-01 22:10:00,train
10081389,2025-05-01 23:00:00,train
10081281,2025-05-02 05:00:00,train
10081282,2025-05-02 08:00:00,train
2662494,2025-05-02 17:00:00,train
2550930,2025-05-02 19:15:00,train
2662927,2025-05-02 19:25:00,train
10081413,2025-05-02 20:05:00,train
2550929,2025-05-02 22:00:00,train
2677792,2025-05-03 02:00:00,train
2668992,2025-05-03 15:00:00,train
10081391,2025-05-03 15:00:00,train
2674286,2025-05-03 17:00:00,train
2668991,2025-05-03 19:00:00,train
2675845,2025-05-03 20:00:00,train
2691376,2025-05-04 07:55:00,train
10081507,2025-05-04 11:00:00,train
2691377,2025-05-04 12:00:00,train
10081512,2025-05-04 14:00:00,train
2691788,2025-05-04 17:00:00,train
10081506,2025-05-04 17:00:00,train
10081511,2025-05-04 20:00:00,train
2668484,2025-05-05 11:00:00,train
10081513,2025-05-05 11:00:00,train
10081509,2025-05-05 14:00:00,train
2668483,2025-05-05 15:25:00,train
10081508,2025-05-05 17:00:00,train
2668482,2025-05-05 18:20:00,train
10081510,2025-05-05 20:00:00,train
2668481,2025-05-05 20:30:00,train
2639755,2025-05-06 09:30:00,train
2723437,2025-05-06 11:00:00,train
2723945,2025-05-06 11:00:00,train
10081514,2025-05-06 11:00:00,train
10081444,2025-05-06 13:45:00,train
2721720,2025-05-06 14:00:00,train
2723940,2025-05-06 14:00:00,train
2723438,2025-05-06 14:30:00,train
2720855,2025-05-06 17:00:00,train
2723943,2025-05-06 17:00:00,train
2705978,2025-05-06 17:30:00,train
10081569,2025-05-06 20:00:00,train
10081462,2025-05-06 20:25:00,train
2723044,2025-05-06 20:30:00,train
2563017,2025-05-06 21:00:00,train
2563018,2025-05-06 21:00:00,train
2563019,2025-05-06 21:00:00,train
2563020,2025-05-06 21:00:00,train
2639752,2025-05-07 09:30:00,train
2723941,2025-05-07 11:00:00,train
2737247,2025-05-07 11:00:00,train
10081575,2025-05-07 11:00:00,train
2639753,2025-05-07 12:50:00,train
2723944,2025-05-07 14:00:00,train
2733001,2025-05-07 14:00:00,train
10081574,2025-05-07 14:00:00,train
2746541,2025-05-07 17:00:00,train
2747587,2025-05-07 17:00:00,train
2723939,2025-05-07 17:20:00,train
2748699,2025-05-07 20:10:00,train
10081573,2025-05-07 20:15:00,train
2736995,2025-05-07 21:00:00,train
2736997,2025-05-07 21:00:00,train
2737372,2025-05-07 21:00:00,train
10081327,2025-05-07 21:00:00,train
2732633,2025-05-08 09:30:00,train
2753453,2025-05-08 11:00:00,train
2732632,2025-05-08 13:10:00,train
2753452,2025-05-08 14:00:00,train
2751766,2025-05-08 15:00:00,train
2753451,2025-05-08 17:00:00,train
2753450,2025-05-08 20:00:00,train
2752902,2025-05-08 21:00:00,train
2753092,2025-05-08 21:00:00,train
10081335,2025-05-08 21:00:00,train
2746426,2025-05-09 09:40:00,train
2753449,2025-05-09 11:00:00,train
2746425,2025-05-09 13:30:00,train
2753448,2025-05-09 14:00:00,train
2753447,2025-05-09 17:00:00,train
2753446,2025-05-09 20:10:00,train
10081337,2025-05-09 21:00:00,train
2675333,2025-05-10 08:00:00,train
2675334,2025-05-10 08:00:00,train
10081454,2025-05-10 09:30:00,train
2675331,2025-05-10 10:50:00,train
2781488,2025-05-10 11:00:00,train
2675332,2025-05-10 11:15:00,train
2776870,2025-05-10 12:50:00,train
2675329,2025-05-10 14:00:00,train
2781487,2025-05-10 14:00:00,train
2675330,2025-05-10 14:10:00,train
2675328,2025-05-10 16:05:00,train
2781486,2025-05-10 17:00:00,train
2675327,2025-05-10 17:15:00,train
2781485,2025-05-10 20:50:00,train
2782755,2025-05-10 21:00:00,train
2792215,2025-05-11 08:00:00,train
2792216,2025-05-11 08:00:00,train
2788207,2025-05-11 09:30:00,train
2792214,2025-05-11 09:45:00,train
2781581,2025-05-11 11:00:00,train
2792213,2025-05-11 11:15:00,train
2792212,2025-05-11 11:55:00,train
2790094,2025-05-11 12:50:00,train
2781580,2025-05-11 14:00:00,train
2792209,2025-05-11 14:10:00,train
2792211,2025-05-11 14:35:00,train
10081676,2025-05-11 17:00:00,train
2792210,2025-05-11 18:00:00,train
2781578,2025-05-11 20:00:00,train
2794559,2025-05-11 21:00:00,train
2806513,2025-05-12 08:00:00,train
2806514,2025-05-12 08:00:00,train
2806511,2025-05-12 09:55:00,train
2806512,2025-05-12 11:15:00,train
2806510,2025-05-12 12:20:00,train
2808946,2025-05-12 14:00:00,train
2806508,2025-05-12 14:10:00,train
2806509,2025-05-12 14:30:00,train
2808945,2025-05-12 17:00:00,train
10081654,2025-05-12 17:00:00,train
2808944,2025-05-12 20:00:00,train
2819966,2025-05-13 08:00:00,train
2819967,2025-05-13 08:00:00,train
2819964,2025-05-13 10:00:00,train
2819965,2025-05-13 10:10:00,train
2819963,2025-05-13 11:55:00,train
2819962,2025-05-13 13:55:00,train
2808943,2025-05-13 14:00:00,train
10081787,2025-05-13 17:00:00,train
2808941,2025-05-13 20:45:00,train
2831806,2025-05-14 08:00:00,train
2831805,2025-05-14 10:10:00,train
2831804,2025-05-14 12:05:00,train
10081906,2025-05-14 14:00:00,train
10081907,2025-05-14 17:00:00,train
10081916,2025-05-15 11:00:00,train
10081911,2025-05-15 14:00:00,train
10081912,2025-05-15 18:30:00,train
10081908,2025-05-15 20:00:00,train
10081915,2025-05-15 21:30:00,train
2845164,2025-05-16 08:00:00,train
10081743,2025-05-16 09:30:00,train
2845163,2025-05-16 11:00:00,train
10081913,2025-05-16 11:00:00,train
10081744,2025-05-16 14:00:00,train
10081914,2025-05-16 14:00:00,train
2845162,2025-05-16 14:55:00,train
10081909,2025-05-16 17:00:00,train
2845161,2025-05-16 18:00:00,train
10081910,2025-05-16 20:40:00,train
10081917,2025-05-17 11:00:00,train
10081964,2025-05-17 11:00:00,train
10081965,2025-05-17 11:00:00,train
10081970,2025-05-17 11:00:00,train
10081971,2025-05-17 11:00:00,train
10081966,2025-05-17 12:00:00,train
10081967,2025-05-17 12:00:00,train
10081972,2025-05-17 12:00:00,train
10081973,2025-05-17 12:00:00,train
2872818,2025-05-17 13:00:00,train
10081968,2025-05-17 13:00:00,train
10081969,2025-05-17 13:00:00,train
10081974,2025-05-17 13:00:00,train
10081975,2025-05-17 13:00:00,train
10081936,2025-05-17 14:00:00,train
10081989,2025-05-17 15:00:00,train
10081990,2025-05-17 15:00:00,train
2875927,2025-05-17 17:00:00,train
10081944,2025-05-17 17:00:00,train
10081920,2025-05-17 20:00:00,train
2886630,2025-05-18 11:00:00,train
10081991,2025-05-18 11:00:00,train
10081988,2025-05-18 13:00:00,train
10081992,2025-05-18 14:00:00,train
2886629,2025-05-18 15:00:00,train
10082035,2025-05-18 16:00:00,train
10082062,2025-05-18 19:25:00,train
2759321,2025-05-19 19:30:00,train
2759439,2025-05-19 19:30:00,train
2759322,2025-05-19 22:00:00,train
2759440,2025-05-19 23:00:00,train
2759437,2025-05-20 00:30:00,train
2759319,2025-05-20 01:00:00,train
2759320,2025-05-20 03:00:00,train
2759438,2025-05-20 03:10:00,train
10082256,2025-05-20 11:00:00,train
10082257,2025-05-20 14:00:00,train
10082258,2025-05-20 17:00:00,train
2911509,2025-05-20 18:30:00,train
2911876,2025-05-20 18:30:00,train
10082259,2025-05-20 20:15:00,train
2911877,2025-05-20 21:00:00,train
2911510,2025-05-20 22:00:00,train
2914790,2025-05-20 23:30:00,train
2914788,2025-05-21 00:15:00,train
2914196,2025-05-21 02:15:00,train
2914198,2025-05-21 03:00:00,train
10082260,2025-05-21 11:00:00,train
10082261,2025-05-21 14:00:00,train
10082262,2025-05-21 17:00:00,train
2924691,2025-05-21 18:30:00,train
2924940,2025-05-21 18:30:00,train
2925529,2025-05-21 21:00:00,train
10082263,2025-05-21 21:00:00,train
2925734,2025-05-21 22:00:00,train
2933834,2025-05-22 00:00:00,train
2924941,2025-05-22 00:50:00,train
2925735,2025-05-22 03:00:00,train
2934857,2025-05-22 03:00:00,train
10082268,2025-05-22 11:00:00,train
10082269,2025-05-22 14:00:00,train
10082270,2025-05-22 17:00:00,train
10082271,2025-05-22 20:00:00,train
10082282,2025-05-22 20:00:00,train
10082283,2025-05-22 21:05:00,train
10082287,2025-05-22 22:05:00,train
10082288,2025-05-22 23:05:00,train
10082284,2025-05-23 00:30:00,train
10082289,2025-05-23 01:25:00,train
10082264,2025-05-23 11:00:00,train
10082265,2025-05-23 14:00:00,train
10082266,2025-05-23 17:00:00,train
10082290,2025-05-23 18:00:00,train
10082267,2025-05-23 20:00:00,train
2937089,2025-05-23 21:15:00,train
10082285,2025-05-23 21:30:00,train
10082291,2025-05-23 23:55:00,train
2937174,2025-05-24 00:15:00,train
10082286,2025-05-24 01:55:00,train
10082279,2025-05-24 11:00:00,train
10082278,2025-05-24 14:00:00,train
10082277,2025-05-24 17:00:00,train
10082293,2025-05-24 19:00:00,train
10082276,2025-05-24 20:00:00,train
2954629,2025-05-24 21:15:00,train
10082292,2025-05-24 21:50:00,train
2956206,2025-05-25 00:15:00,train
10082275,2025-05-25 11:00:00,train
10082274,2025-05-25 14:00:00,train
2954685,2025-05-25 17:30:00,train
10082294,2025-05-25 18:30:00,train
10082272,2025-05-25 20:00:00,train
2965980,2025-05-25 22:30:00,train
2974327,2025-05-26 14:30:00,train
10082304,2025-05-26 17:00:00,train
10082302,2025-05-26 20:00:00,train
10082301,2025-05-27 14:00:00,train
10082300,2025-05-27 17:00:00,train
10082303,2025-05-27 20:00:00,train
10082349,2025-05-28 14:00:00,train
10082350,2025-05-28 17:15:00,train
2989122,2025-05-28 20:30:00,train
10082371,2025-05-29 11:00:00,train
10082373,2025-05-29 15:00:00,train
10082368,2025-05-29 17:45:00,train
10082372,2025-05-29 20:00:00,train
10082367,2025-05-30 11:00:00,train
2996264,2025-05-30 15:00:00,train
10082374,2025-05-30 18:00:00,train
10082366,2025-05-30 18:05:00,train
10082369,2025-05-30 20:30:00,train
10082375,2025-05-30 21:00:00,train
10082382,2025-05-31 11:00:00,train
10082383,2025-05-31 14:25:00,train
10082376,2025-05-31 18:00:00,train
3009336,2025-05-31 18:45:00,train
3011220,2025-05-31 21:00:00,train
10082377,2025-05-31 21:00:00,train
10082425,2025-06-01 13:00:00,train
10082378,2025-06-01 16:00:00,train
10082426,2025-06-01 16:00:00,train
10082379,2025-06-01 19:00:00,train
10082451,2025-06-01 19:00:00,train
2731603,2025-06-03 18:00:00,train
2731604,2025-06-03 18:00:00,train
2731602,2025-06-03 19:15:00,train
2731601,2025-06-03 19:30:00,train
2731600,2025-06-03 20:30:00,train
2942891,2025-06-03 20:30:00,train
2942814,2025-06-03 21:45:00,train
2942890,2025-06-03 21:45:00,train
3036648,2025-06-03 23:30:00,train
3036649,2025-06-03 23:30:00,train
3036645,2025-06-04 00:25:00,train
3036647,2025-06-04 00:40:00,train
3036646,2025-06-04 01:40:00,train
10082170,2025-06-04 01:55:00,train
10082169,2025-06-04 02:40:00,train
10082171,2025-06-04 03:10:00,train
3037940,2025-06-04 18:00:00,train
3037941,2025-06-04 18:00:00,train
3037938,2025-06-04 18:55:00,train
3037939,2025-06-04 19:00:00,train
3037937,2025-06-04 19:45:00,train
3037936,2025-06-04 20:00:00,train
3037935,2025-06-04 22:45:00,train
3037934,2025-06-04 23:00:00,train
3042373,2025-06-05 18:00:00,train
3042374,2025-06-05 18:00:00,train
3042372,2025-06-05 20:10:00,train
3042371,2025-06-05 20:30:00,train
3042369,2025-06-05 21:50:00,train
3042370,2025-06-05 23:55:00,train
3047857,2025-06-06 18:00:00,train
3047856,2025-06-06 21:05:00,train
3047887,2025-06-06 23:00:00,train
3051908,2025-06-07 18:00:00,train
3051909,2025-06-07 18:00:00,train
3051906,2025-06-07 18:45:00,train
3051907,2025-06-07 19:00:00,train
3051904,2025-06-07 19:40:00,train
3051905,2025-06-07 20:00:00,train
3051903,2025-06-07 20:30:00,train
3051902,2025-06-07 20:55:00,train
3055360,2025-06-07 22:30:00,train
3055361,2025-06-07 22:30:00,train
3055358,2025-06-07 23:20:00,train
3055359,2025-06-07 23:40:00,train
3055357,2025-06-08 00:20:00,train
3055355,2025-06-08 00:30:00,train
3055356,2025-06-08 01:15:00,train
3055354,2025-06-08 01:35:00,train
3055950,2025-06-08 18:00:00,train
3055951,2025-06-08 18:00:00,train
3055949,2025-06-08 18:55:00,train
3055948,2025-06-08 19:00:00,train
3055947,2025-06-08 19:50:00,train
3055946,2025-06-08 20:05:00,train
3055945,2025-06-08 22:00:00,train
3055944,2025-06-08 22:50:00,train
3058167,2025-06-09 18:00:00,train
3058168,2025-06-09 18:00:00,train
3058166,2025-06-09 19:50:00,train
3058165,2025-06-09 21:35:00,train
3058163,2025-06-09 21:45:00,train
3058164,2025-06-10 01:45:00,train
10082829,2025-06-10 11:00:00,train
10082830,2025-06-10 14:00:00,train
10082831,2025-06-10 17:00:00,train
3062479,2025-06-10 18:00:00,train
10082832,2025-06-10 20:00:00,train
3062478,2025-06-10 20:30:00,train
3062477,2025-06-10 23:30:00,train
10082833,2025-06-11 11:00:00,train
10082834,2025-06-11 14:00:00,train
10082835,2025-06-11 17:00:00,train
10082836,2025-06-11 20:00:00,train
10082837,2025-06-12 11:00:00,train
10082838,2025-06-12 14:00:00,train
10082839,2025-06-12 17:00:00,train
3067307,2025-06-12 18:00:00,train
3067308,2025-06-12 18:00:00,train
3067306,2025-06-12 18:55:00,train
3067305,2025-06-12 19:10:00,train
3067303,2025-06-12 19:45:00,train
3067304,2025-06-12 20:00:00,train
10082840,2025-06-12 20:00:00,train
3067302,2025-06-12 20:45:00,train
3067301,2025-06-12 21:05:00,train
3079155,2025-06-12 22:30:00,train
3079157,2025-06-12 22:30:00,train
3079156,2025-06-12 23:35:00,train
3079158,2025-06-12 23:40:00,train
10082236,2025-06-13 00:35:00,train
3079153,2025-06-13 01:00:00,train
3079152,2025-06-13 01:40:00,train
3079151,2025-06-13 01:50:00,train
10082841,2025-06-13 11:00:00,train
10082842,2025-06-13 14:00:00,train
10082843,2025-06-13 17:20:00,train
3080412,2025-06-13 18:00:00,train
3080413,2025-06-13 18:00:00,train
3080411,2025-06-13 18:45:00,train
3080410,2025-06-13 19:00:00,train
3080409,2025-06-13 19:35:00,train
3080408,2025-06-13 19:55:00,train
10082844,2025-06-13 20:00:00,train
3080406,2025-06-13 21:40:00,train
3080407,2025-06-13 21:40:00,train
10082849,2025-06-14 11:00:00,train
10082859,2025-06-14 11:00:00,train
10082850,2025-06-14 13:00:00,train
10082860,2025-06-14 14:00:00,train
10082852,2025-06-14 15:00:00,train
10082855,2025-06-14 17:00:00,train
3085896,2025-06-14 18:00:00,train
3085897,2025-06-14 18:00:00,train
10082856,2025-06-14 20:20:00,train
3085894,2025-06-14 20:25:00,train
3085895,2025-06-14 20:30:00,train
3085892,2025-06-14 22:25:00,train
3085893,2025-06-14 23:45:00,train
10082857,2025-06-15 11:00:00,train
10082858,2025-06-15 14:00:00,train
10082851,2025-06-15 16:50:00,train
10082853,2025-06-15 17:55:00,train
3093618,2025-06-15 18:00:00,train
3093617,2025-06-15 21:15:00,train
3085568,2025-06-15 22:15:00,train
3093616,2025-06-16 00:45:00,train
10082911,2025-06-16 14:00:00,train
10082912,2025-06-16 17:45:00,train
10082913,2025-06-16 20:00:00,train
10082914,2025-06-17 14:00:00,train
10082915,2025-06-17 17:00:00,train
10082917,2025-06-17 20:45:00,train
10082988,2025-06-18 14:00:00,train
10082989,2025-06-18 17:00:00,train
10082990,2025-06-18 20:00:00,train
10082993,2025-06-19 11:00:00,train
10082996,2025-06-19 14:00:00,train
10082994,2025-06-19 17:00:00,train
10082995,2025-06-19 20:00:00,train
3099264,2025-06-19 22:00:00,train
3099261,2025-06-20 03:20:00,train
10082997,2025-06-20 11:00:00,train
10082992,2025-06-20 14:40:00,train
10082998,2025-06-20 17:00:00,train
10082991,2025-06-20 20:00:00,train
3099263,2025-06-20 21:10:00,train
3099262,2025-06-21 00:15:00,train
10083035,2025-06-21 11:00:00,train
10083008,2025-06-21 14:00:00,train
10083007,2025-06-21 17:00:00,train
10083036,2025-06-21 20:00:00,train
3122295,2025-06-21 21:00:00,train
3122996,2025-06-22 00:50:00,train
10083037,2025-06-22 13:00:00,train
10083038,2025-06-22 16:00:00,train
10083039,2025-06-22 19:00:00,train
10083083,2025-06-22 20:30:00,train
3127838,2025-06-22 22:30:00,train
10083256,2025-07-05 16:00:00,train
10083257,2025-07-05 18:25:00,train
10083259,2025-07-06 19:30:00,train
10083258,2025-07-06 22:00:00,train
10083480,2025-07-14 12:00:00,train
10083484,2025-07-14 12:00:00,train
10083486,2025-07-14 15:00:00,train
10083491,2025-07-14 15:30:00,train
10083481,2025-07-14 18:00:00,train
10083482,2025-07-14 18:00:00,train
10083483,2025-07-14 18:00:00,train
10083485,2025-07-14 18:00:00,train
10083490,2025-07-14 21:00:00,train
10083488,2025-07-14 21:20:00,train
10083487,2025-07-14 21:30:00,train
10083489,2025-07-14 21:40:00,train
3189462,2025-07-15 12:00:00,train
3189496,2025-07-15 12:00:00,train
3189495,2025-07-15 15:00:00,train
3189461,2025-07-15 16:15:00,train
10083492,2025-07-15 16:30:00,train
10083493,2025-07-15 16:30:00,train
10083494,2025-07-15 16:30:00,train
10083495,2025-07-15 16:30:00,train
3189492,2025-07-15 17:25:00,train
3189494,2025-07-15 19:00:00,train
10083504,2025-07-15 20:30:00,train
10083505,2025-07-15 20:30:00,train
10083503,2025-07-15 20:45:00,train
10083502,2025-07-15 20:55:00,train
3189491,2025-07-15 21:35:00,train
3189493,2025-07-15 22:30:00,train
3259053,2025-07-16 12:00:00,train
3259439,2025-07-16 12:00:00,train
3259438,2025-07-16 14:20:00,train
3259052,2025-07-16 15:00:00,train
10083506,2025-07-16 16:30:00,train
10083507,2025-07-16 16:30:00,train
3260974,2025-07-16 17:05:00,train
3260972,2025-07-16 19:05:00,train
3260973,2025-07-16 20:00:00,train
10083509,2025-07-16 20:30:00,train
10083508,2025-07-16 21:00:00,train
3260971,2025-07-16 23:00:00,train
3266479,2025-07-17 12:00:00,train
3265952,2025-07-17 15:00:00,train
10083510,2025-07-17 16:30:00,train
3271267,2025-07-17 18:45:00,train
3267467,2025-07-17 20:25:00,train
3268170,2025-07-17 23:25:00,train
3272914,2025-07-18 11:00:00,train
3272913,2025-07-18 13:50:00,train
3272912,2025-07-18 18:15:00,train
3272911,2025-07-18 21:30:00,train
3276080,2025-07-19 15:00:00,train
3277720,2025-07-19 18:40:00,train
3283885,2025-07-20 16:00:00,train
3230304,2025-07-23 11:30:00,train
3230305,2025-07-23 11:30:00,train
3230302,2025-07-23 14:00:00,train
3230303,2025-07-23 14:00:00,train
3230307,2025-07-23 17:30:00,train
3230309,2025-07-23 18:30:00,train
3230306,2025-07-23 19:30:00,train
3230308,2025-07-23 20:45:00,train
3310146,2025-07-24 14:30:00,train
3310147,2025-07-24 14:30:00,train
3311603,2025-07-24 17:00:00,train
3312707,2025-07-24 18:00:00,train
3312756,2025-07-24 20:00:00,train
3312708,2025-07-24 20:45:00,train
3311601,2025-07-25 14:30:00,train
3312758,2025-07-25 14:30:00,train
3320304,2025-07-25 17:00:00,train
3320168,2025-07-25 17:35:00,train
3319459,2025-07-25 19:50:00,train
3325279,2025-07-25 19:50:00,train
3326400,2025-07-26 14:30:00,train
3326401,2025-07-26 14:30:00,train
3326399,2025-07-26 17:00:00,train
3326402,2025-07-26 17:00:00,train
3326360,2025-07-26 19:30:00,train
3326361,2025-07-26 19:30:00,train
3326359,2025-07-27 14:30:00,train
3326398,2025-07-27 14:30:00,train
3332474,2025-07-27 17:00:00,train
3332475,2025-07-27 17:00:00,train
3332592,2025-07-27 19:30:00,train
3332590,2025-07-27 21:00:00,train
3339652,2025-07-28 14:30:00,train
3339818,2025-07-28 14:30:00,train
3339651,2025-07-28 17:00:00,train
3339820,2025-07-28 17:00:00,train
3342116,2025-07-28 19:30:00,train
3342690,2025-07-28 19:30:00,train
10083788,2025-07-29 11:00:00,train
10083789,2025-07-29 14:00:00,train
3353530,2025-07-29 14:30:00,train
3355158,2025-07-29 14:30:00,train
3355156,2025-07-29 17:00:00,train
10083790,2025-07-29 17:00:00,train
3342115,2025-07-29 17:35:00,train
3368815,2025-07-29 19:35:00,train
10083791,2025-07-29 20:05:00,train
3356942,2025-07-29 21:15:00,train
10083792,2025-07-30 11:00:00,train
10083793,2025-07-30 14:00:00,train
10083794,2025-07-30 17:00:00,train
10083795,2025-07-30 20:00:00,train
10083822,2025-07-31 11:00:00,train
10083823,2025-07-31 14:00:00,train
10083824,2025-07-31 17:35:00,train
10083825,2025-07-31 20:00:00,train
10083826,2025-08-01 11:00:00,train
3330359,2025-08-01 12:00:00,train
10083827,2025-08-01 14:00:00,train
10083863,2025-08-01 16:00:00,train
3371840,2025-08-01 16:45:00,train
10083828,2025-08-01 17:00:00,train
10083864,2025-08-01 18:00:00,train
10083829,2025-08-01 20:00:00,train
3372417,2025-08-01 20:10:00,train
10083865,2025-08-01 21:00:00,train
10083891,2025-08-02 11:00:00,train
10083892,2025-08-02 14:00:00,train
3412335,2025-08-02 15:00:00,train
3413147,2025-08-02 16:45:00,train
10083887,2025-08-02 17:00:00,train
10084893,2025-08-02 17:00:00,train
10083867,2025-08-02 18:00:00,train
10083888,2025-08-02 20:00:00,train
10084894,2025-08-02 20:00:00,train
3415817,2025-08-02 20:45:00,train
10083889,2025-08-03 11:00:00,train
10083890,2025-08-03 14:00:00,train
10084891,2025-08-03 17:00:00,train
3419626,2025-08-03 17:45:00,train
3428769,2025-08-03 18:00:00,train
3430045,2025-08-03 18:00:00,train
10084892,2025-08-03 20:00:00,train
10083886,2025-08-03 21:00:00,train
10084074,2025-08-04 16:00:00,train
10084075,2025-08-04 19:00:00,train
3444815,2025-08-04 21:00:00,train
10084243,2025-08-05 11:00:00,train
10083883,2025-08-05 13:00:00,train
10084071,2025-08-05 14:00:00,train
10084196,2025-08-05 14:00:00,train
10084244,2025-08-05 14:00:00,train
10083882,2025-08-05 15:30:00,train
10084198,2025-08-05 15:30:00,train
10084072,2025-08-05 17:00:00,train
10084245,2025-08-05 17:00:00,train
10084200,2025-08-05 17:40:00,train
10083877,2025-08-05 18:35:00,train
10084201,2025-08-05 19:30:00,train
10084073,2025-08-05 20:00:00,train
10084203,2025-08-05 21:00:00,train
3412972,2025-08-05 21:30:00,train
10084248,2025-08-06 11:00:00,train
10084263,2025-08-06 11:00:00,train
3412967,2025-08-06 13:00:00,train
10084205,2025-08-06 13:00:00,train
10084077,2025-08-06 14:00:00,train
10084249,2025-08-06 14:00:00,train
10084265,2025-08-06 14:15:00,train
10084206,2025-08-06 14:20:00,train
10084207,2025-08-06 15:00:00,train
10084213,2025-08-06 15:45:00,train
3412971,2025-08-06 16:00:00,train
10084208,2025-08-06 17:10:00,train
10084250,2025-08-06 17:20:00,train
10084078,2025-08-06 18:15:00,train
10084214,2025-08-06 18:25:00,train
3412874,2025-08-06 19:15:00,train
10084215,2025-08-06 19:40:00,train
10084079,2025-08-06 21:40:00,train
3412966,2025-08-06 22:25:00,train
10084229,2025-08-07 11:00:00,train
10084246,2025-08-07 11:00:00,train
10084269,2025-08-07 11:00:00,train
3412970,2025-08-07 13:00:00,train
10084270,2025-08-07 13:30:00,train
10084228,2025-08-07 14:00:00,train
10084251,2025-08-07 14:00:00,train
3412875,2025-08-07 15:05:00,train
10084231,2025-08-07 17:00:00,train
10084247,2025-08-07 17:00:00,train
10083881,2025-08-07 18:15:00,train
10084225,2025-08-07 20:00:00,train
10084252,2025-08-07 20:00:00,train
3412962,2025-08-07 21:35:00,train
10084227,2025-08-08 11:00:00,train
10084253,2025-08-08 11:00:00,train
10084273,2025-08-08 11:00:00,train
3412974,2025-08-08 12:00:00,train
10084274,2025-08-08 13:30:00,train
10084254,2025-08-08 14:00:00,train
10084230,2025-08-08 15:00:00,train
3412973,2025-08-08 15:05:00,train
10084226,2025-08-08 17:20:00,train
3412876,2025-08-08 17:25:00,train
10084255,2025-08-08 17:45:00,train
10083878,2025-08-08 19:20:00,train
10084232,2025-08-08 20:00:00,train
10084241,2025-08-09 11:00:00,train
10084258,2025-08-09 11:00:00,train
3519852,2025-08-09 13:00:00,train
3473644,2025-08-09 13:30:00,train
3436438,2025-08-09 14:00:00,train
3516310,2025-08-09 14:00:00,train
3519851,2025-08-09 16:10:00,train
10084895,2025-08-09 17:00:00,train
3519222,2025-08-09 17:30:00,train
10084260,2025-08-09 18:20:00,train
3519850,2025-08-09 19:40:00,train
10084257,2025-08-09 19:41:00,train
3517670,2025-08-09 20:00:00,train
10084896,2025-08-09 20:00:00,train
3519849,2025-08-09 23:00:00,train
10084266,2025-08-10 11:00:00,train
10084383,2025-08-10 11:00:00,train
3519848,2025-08-10 13:00:00,train
10084366,2025-08-10 13:00:00,train
10084267,2025-08-10 13:30:00,train
10084261,2025-08-10 14:00:00,train
10084384,2025-08-10 14:10:00,train
10084353,2025-08-10 15:00:00,train
3519847,2025-08-10 15:20:00,train
10084308,2025-08-10 16:00:00,train
10084385,2025-08-10 17:00:00,train
10084897,2025-08-10 17:00:00,train
10084307,2025-08-10 17:35:00,train
10084256,2025-08-10 18:00:00,train
10084431,2025-08-10 18:30:00,train
10084433,2025-08-10 18:30:00,train
10084435,2025-08-10 18:30:00,train
10084437,2025-08-10 18:30:00,train
10084354,2025-08-10 19:00:00,train
10084438,2025-08-10 19:10:00,train
3519845,2025-08-10 19:15:00,train
10084432,2025-08-10 19:55:00,train
10084898,2025-08-10 20:00:00,train
10084434,2025-08-10 20:10:00,train
10084436,2025-08-10 20:45:00,train
10084386,2025-08-10 21:00:00,train
3553411,2025-08-10 22:30:00,train
10084271,2025-08-11 11:00:00,train
10084387,2025-08-11 11:00:00,train
10084422,2025-08-11 11:00:00,train
10084388,2025-08-11 14:00:00,train
10084419,2025-08-11 14:00:00,train
10084272,2025-08-11 14:10:00,train
10084389,2025-08-11 17:00:00,train
10084420,2025-08-11 17:00:00,train
10084439,2025-08-11 17:00:00,train
10084440,2025-08-11 17:00:00,train
10084441,2025-08-11 17:00:00,train
10084442,2025-08-11 17:00:00,train
3473645,2025-08-11 17:30:00,train
3500693,2025-08-11 20:00:00,train
10084424,2025-08-11 20:00:00,train
10084444,2025-08-11 20:00:00,train
10084445,2025-08-11 20:00:00,train
10084446,2025-08-11 20:00:00,train
10084447,2025-08-11 20:00:00,train
10084448,2025-08-11 20:00:00,train
10084450,2025-08-11 20:00:00,train
10084451,2025-08-11 20:00:00,train
10084390,2025-08-11 20:15:00,train
10084358,2025-08-11 21:30:00,train
10084276,2025-08-12 11:00:00,train
10084423,2025-08-12 11:00:00,train
10084523,2025-08-12 11:00:00,train
3515933,2025-08-12 14:00:00,train
3561820,2025-08-12 14:00:00,train
3580831,2025-08-12 14:00:00,train
10084525,2025-08-12 17:00:00,train
10084421,2025-08-12 17:10:00,train
3500684,2025-08-12 20:00:00,train
3500685,2025-08-12 20:00:00,train
3500686,2025-08-12 20:00:00,train
3500687,2025-08-12 20:00:00,train
3500688,2025-08-12 20:00:00,train
3500689,2025-08-12 20:00:00,train
3500690,2025-08-12 20:00:00,train
3500691,2025-08-12 20:00:00,train
3561818,2025-08-12 20:00:00,train
3580829,2025-08-12 20:25:00,train
10084279,2025-08-13 11:00:00,train
10084443,2025-08-13 11:00:00,train
10084527,2025-08-13 11:00:00,train
3581495,2025-08-13 13:00:00,train
3581497,2025-08-13 13:00:00,train
3575108,2025-08-13 14:00:00,train
3580825,2025-08-13 14:00:00,train
3591933,2025-08-13 14:00:00,train
3581496,2025-08-13 16:00:00,train
3581494,2025-08-13 16:30:00,train
3580826,2025-08-13 17:00:00,train
10084460,2025-08-13 18:30:00,train
10084590,2025-08-13 19:40:00,train
3577594,2025-08-13 20:00:00,train
3578939,2025-08-13 20:00:00,train
3580827,2025-08-13 20:00:00,train
3598082,2025-08-13 20:00:00,train
3598582,2025-08-13 20:00:00,train
3598709,2025-08-13 20:00:00,train
3599099,2025-08-13 20:00:00,train
10084499,2025-08-13 20:00:00,train
10084500,2025-08-13 20:00:00,train
3598523,2025-08-13 21:00:00,train
10084595,2025-08-13 21:10:00,train
10084539,2025-08-14 11:00:00,train
10084608,2025-08-14 11:00:00,train
10084627,2025-08-14 11:00:00,train
3581491,2025-08-14 13:00:00,train
3581493,2025-08-14 13:00:00,train
3614693,2025-08-14 13:30:00,train
3619341,2025-08-14 14:00:00,train
10084615,2025-08-14 14:00:00,train
10084362,2025-08-14 15:00:00,train
3581490,2025-08-14 16:00:00,train
3581492,2025-08-14 16:00:00,train
3617672,2025-08-14 17:00:00,train
3619452,2025-08-14 17:00:00,train
3617671,2025-08-14 19:20:00,train
3577593,2025-08-14 20:00:00,train
3578203,2025-08-14 20:00:00,train
3578936,2025-08-14 20:00:00,train
3589775,2025-08-14 20:00:00,train
3598077,2025-08-14 20:00:00,train
3598577,2025-08-14 20:00:00,train
3598702,2025-08-14 20:00:00,train
3599091,2025-08-14 20:00:00,train
3619451,2025-08-14 20:00:00,train
10084591,2025-08-15 10:00:00,train
3619450,2025-08-15 11:00:00,train
10084537,2025-08-15 11:00:00,train
10084605,2025-08-15 13:00:00,train
10084538,2025-08-15 14:00:00,train
3619449,2025-08-15 14:30:00,train
10084600,2025-08-15 14:30:00,train
3633108,2025-08-15 16:00:00,train
3615795,2025-08-15 17:00:00,train
3617670,2025-08-15 17:00:00,train
3619448,2025-08-15 17:00:00,train
10084601,2025-08-15 19:10:00,train
10084620,2025-08-15 20:00:00,train
10084621,2025-08-15 20:00:00,train
10084622,2025-08-15 20:00:00,train
10084623,2025-08-15 20:00:00,train
10084624,2025-08-15 20:00:00,train
10084625,2025-08-15 20:00:00,train
10084626,2025-08-15 20:00:00,train
10084645,2025-08-15 20:00:00,train
3617669,2025-08-15 20:20:00,train
10084364,2025-08-15 21:00:00,train
3619447,2025-08-15 23:00:00,train
10084356,2025-08-15 23:30:00,train
10084682,2025-08-16 11:00:00,train
10084684,2025-08-16 13:30:00,train
3650480,2025-08-16 14:00:00,train
10084602,2025-08-16 14:00:00,train
3646425,2025-08-16 16:00:00,train
3634220,2025-08-16 17:00:00,train
10084675,2025-08-16 17:00:00,train
10084672,2025-08-16 18:35:00,train
3647997,2025-08-16 19:35:00,train
10084607,2025-08-16 19:35:00,train
3634905,2025-08-16 20:00:00,train
10084641,2025-08-16 20:00:00,train
10084643,2025-08-16 20:00:00,train
10084644,2025-08-16 20:00:00,train
10084666,2025-08-16 20:00:00,train
10084667,2025-08-16 20:00:00,train
10084668,2025-08-16 20:00:00,train
10084669,2025-08-16 20:00:00,train
10084676,2025-08-16 22:00:00,train
10084685,2025-08-17 11:00:00,train
10084686,2025-08-17 13:30:00,train
10084677,2025-08-17 14:00:00,train
3661826,2025-08-17 16:00:00,train
10084671,2025-08-17 16:00:00,train
10084702,2025-08-17 16:00:00,train
3661345,2025-08-17 17:00:00,train
10084678,2025-08-17 17:00:00,train
3661827,2025-08-17 19:00:00,train
10084707,2025-08-17 19:00:00,train
3661825,2025-08-17 20:00:00,train
10084679,2025-08-17 20:00:00,train
10084695,2025-08-17 22:00:00,train
3672276,2025-08-18 13:30:00,train
10084718,2025-08-18 14:00:00,train
10084687,2025-08-18 16:00:00,train
10084719,2025-08-18 17:00:00,train
10084715,2025-08-18 20:00:00,train
10084720,2025-08-18 20:00:00,train
10084802,2025-08-19 10:00:00,train
10084713,2025-08-19 11:00:00,train
10084801,2025-08-19 11:00:00,train
10084811,2025-08-19 11:00:00,train
10084683,2025-08-19 13:30:00,train
10084799,2025-08-19 14:00:00,train
10084812,2025-08-19 14:00:00,train
10084796,2025-08-19 17:00:00,train
10084813,2025-08-19 17:25:00,train
10084814,2025-08-19 20:40:00,train
3691331,2025-08-20 11:00:00,train
3694395,2025-08-20 11:00:00,train
3696203,2025-08-20 11:00:00,train
3709230,2025-08-20 13:30:00,train
3518490,2025-08-20 14:00:00,train
3518491,2025-08-20 14:00:00,train
3694394,2025-08-20 14:00:00,train
3696202,2025-08-20 14:00:00,train
10084830,2025-08-20 14:00:00,train
3691330,2025-08-20 17:00:00,train
3694393,2025-08-20 17:00:00,train
3696327,2025-08-20 17:00:00,train
3706025,2025-08-20 17:10:00,train
3518492,2025-08-20 17:15:00,train
3518493,2025-08-20 18:05:00,train
3691329,2025-08-20 20:00:00,train
3694392,2025-08-20 20:00:00,train
3696326,2025-08-20 20:00:00,train
3518486,2025-08-20 21:00:00,train
3518487,2025-08-20 21:15:00,train
3709232,2025-08-21 11:00:00,train
3729946,2025-08-21 11:00:00,train
3731149,2025-08-21 11:00:00,train
10084833,2025-08-21 11:00:00,train
3518488,2025-08-21 14:00:00,train
3518489,2025-08-21 14:00:00,train
3728651,2025-08-21 14:00:00,train
3731148,2025-08-21 14:00:00,train
10084834,2025-08-21 14:00:00,train
3727111,2025-08-21 14:25:00,train
3691326,2025-08-21 17:00:00,train
3724119,2025-08-21 17:00:00,train
3731147,2025-08-21 17:00:00,train
3727244,2025-08-21 17:15:00,train
3691325,2025-08-21 20:00:00,train
3706672,2025-08-21 20:00:00,train
3731146,2025-08-21 20:00:00,train
3729139,2025-08-21 21:30:00,train
10084819,2025-08-22 11:00:00,train
3742547,2025-08-22 14:00:00,train
10084693,2025-08-22 14:00:00,train
10084820,2025-08-22 14:00:00,train
10084846,2025-08-22 17:00:00,train
3730986,2025-08-22 17:30:00,train
10084821,2025-08-22 17:30:00,train
10084822,2025-08-22 20:00:00,train
3741599,2025-08-22 20:45:00,train
3757428,2025-08-22 21:00:00,train
10084694,2025-08-23 11:00:00,train
10084876,2025-08-23 11:00:00,train
10084883,2025-08-23 11:00:00,train
10084900,2025-08-23 11:15:00,train
3748508,2025-08-23 14:00:00,train
10084884,2025-08-23 14:00:00,train
3771595,2025-08-23 16:45:00,train
10084877,2025-08-23 17:00:00,train
3744954,2025-08-23 17:30:00,train
10083741,2025-08-23 17:30:00,train
10084885,2025-08-23 17:30:00,train
10083742,2025-08-23 20:00:00,train
10084886,2025-08-23 20:00:00,train
3748510,2025-08-23 20:10:00,train
3760537,2025-08-23 21:20:00,train
3778076,2025-08-24 10:00:00,train
10084878,2025-08-24 11:00:00,train
10084887,2025-08-24 11:00:00,train
10084915,2025-08-24 13:15:00,train
10084916,2025-08-24 13:15:00,train
3778077,2025-08-24 13:40:00,train
10084888,2025-08-24 14:00:00,train
10084874,2025-08-24 14:30:00,train
10084879,2025-08-24 17:00:00,train
10084889,2025-08-24 17:00:00,train
10084890,2025-08-24 20:00:00,train
10084875,2025-08-24 20:10:00,train
10084995,2025-08-25 14:00:00,train
10084996,2025-08-25 17:00:00,train
10084997,2025-08-25 20:00:00,train
10085001,2025-08-26 11:00:00,train
10084998,2025-08-26 14:00:00,train
10085002,2025-08-26 14:30:00,train
10084999,2025-08-26 17:00:00,train
10085003,2025-08-26 17:30:00,train
3661999,2025-08-26 20:00:00,train
10084696,2025-08-26 20:00:00,train
10084699,2025-08-26 20:00:00,train
10085000,2025-08-26 20:00:00,train
10084697,2025-08-26 20:35:00,train
3795464,2025-08-26 21:15:00,train
10085005,2025-08-27 11:00:00,train
3743622,2025-08-27 13:00:00,train
10085006,2025-08-27 14:00:00,train
10085021,2025-08-27 14:00:00,train
3743621,2025-08-27 16:10:00,train
10085007,2025-08-27 17:00:00,train
10085022,2025-08-27 17:00:00,train
3743620,2025-08-27 18:05:00,train
10084700,2025-08-27 20:00:00,train
10084701,2025-08-27 20:00:00,train
10085008,2025-08-27 20:00:00,train
10085009,2025-08-27 20:00:00,train
10085010,2025-08-27 20:00:00,train
3833597,2025-08-27 21:15:00,train
3743619,2025-08-27 21:30:00,train
10085028,2025-08-28 11:00:00,train
10085034,2025-08-28 11:00:00,train
3743708,2025-08-28 13:00:00,train
10085029,2025-08-28 14:00:00,train
10085039,2025-08-28 15:50:00,train
3743707,2025-08-28 16:00:00,train
10085030,2025-08-28 17:00:00,train
3743706,2025-08-28 17:55:00,train
10085027,2025-08-28 18:00:00,train
3743705,2025-08-28 19:40:00,train
3851058,2025-08-28 20:00:00,train
10085025,2025-08-28 20:00:00,train
10085026,2025-08-28 20:00:00,train
10084937,2025-08-29 06:00:00,train
10084938,2025-08-29 09:00:00,train
10085031,2025-08-29 11:00:00,train
10085038,2025-08-29 11:00:00,train
3850294,2025-08-29 13:00:00,train
10085052,2025-08-29 13:00:00,train
3851011,2025-08-29 14:00:00,train
10085036,2025-08-29 14:00:00,train
3847282,2025-08-29 14:55:00,train
10084939,2025-08-29 16:00:00,train
10085040,2025-08-29 17:00:00,train
3877277,2025-08-29 17:15:00,train
10085032,2025-08-29 17:15:00,train
3847281,2025-08-29 17:50:00,train
10085037,2025-08-29 20:00:00,train
10085048,2025-08-29 20:00:00,train
3877279,2025-08-29 20:40:00,train
10084941,2025-08-29 20:40:00,train
3850292,2025-08-29 21:10:00,train
3863930,2025-08-30 06:00:00,train
3874520,2025-08-30 09:55:00,train
10084943,2025-08-30 11:00:00,train
10084944,2025-08-30 11:00:00,train
10085046,2025-08-30 11:00:00,train
10085060,2025-08-30 11:00:00,train
10085055,2025-08-30 12:20:00,train
3862883,2025-08-30 13:00:00,train
3881501,2025-08-30 14:00:00,train
10085061,2025-08-30 14:00:00,train
3881391,2025-08-30 15:00:00,validation
10085049,2025-08-30 15:45:00,validation
3866078,2025-08-30 16:15:00,validation
10084949,2025-08-30 17:00:00,validation
10085062,2025-08-30 17:00:00,validation
10084948,2025-08-30 18:20:00,validation
10085047,2025-08-30 18:50:00,validation
3862882,2025-08-30 19:25:00,validation
10085024,2025-08-30 20:00:00,validation
3889152,2025-08-30 20:45:00,validation
3891643,2025-08-30 21:00:00,validation
3880977,2025-08-30 21:10:00,validation
3866076,2025-08-30 21:30:00,validation
10085056,2025-08-31 09:00:00,validation
10085065,2025-08-31 11:00:00,validation
3879910,2025-08-31 13:00:00,validation
10085057,2025-08-31 13:00:00,validation
10085063,2025-08-31 13:00:00,validation
10084952,2025-08-31 14:00:00,validation
10085066,2025-08-31 14:00:00,validation
3880957,2025-08-31 15:35:00,validation
10085064,2025-08-31 16:00:00,validation
3899323,2025-08-31 18:00:00,validation
3892798,2025-08-31 18:45:00,validation
3900251,2025-08-31 19:35:00,validation
10085050,2025-08-31 20:00:00,validation
3892029,2025-08-31 21:00:00,validation
10085067,2025-09-01 11:00:00,validation
3880955,2025-09-01 13:00:00,validation
10085068,2025-09-01 14:00:00,validation
3900142,2025-09-01 17:15:00,validation
3892796,2025-09-01 19:40:00,validation
10085051,2025-09-01 20:00:00,validation
3901415,2025-09-01 22:10:00,validation
10085096,2025-09-05 17:30:00,validation
3911419,2025-09-05 21:15:00,validation
10085182,2025-09-06 11:00:00,validation
10085183,2025-09-06 14:00:00,validation
3958511,2025-09-06 17:30:00,validation
3960292,2025-09-06 20:15:00,validation
10085184,2025-09-07 11:00:00,validation
10085185,2025-09-07 13:50:00,validation
3978324,2025-09-07 17:30:00,validation
10085186,2025-09-08 11:00:00,validation
10085187,2025-09-08 13:30:00,validation
10085162,2025-09-08 20:00:00,validation
10085163,2025-09-08 20:00:00,validation
10085164,2025-09-08 20:00:00,validation
10085165,2025-09-08 20:00:00,validation
10085166,2025-09-08 20:00:00,validation
10085167,2025-09-08 20:00:00,validation
10085168,2025-09-08 20:00:00,validation
10085169,2025-09-08 20:00:00,validation
10085188,2025-09-09 11:00:00,validation
10085341,2025-09-09 11:00:00,validation
10085349,2025-09-09 11:30:00,validation
3960882,2025-09-09 14:50:00,validation
10085342,2025-09-09 15:00:00,validation
10085350,2025-09-09 15:00:00,validation
10085343,2025-09-09 17:00:00,validation
3968296,2025-09-09 18:50:00,validation
3966874,2025-09-09 20:00:00,validation
10085170,2025-09-09 20:00:00,validation
10085171,2025-09-09 20:00:00,validation
10085172,2025-09-09 20:00:00,validation
10085173,2025-09-09 20:00:00,validation
10085174,2025-09-09 20:00:00,validation
10085176,2025-09-09 20:00:00,validation
10085177,2025-09-09 20:00:00,validation
10085344,2025-09-09 20:00:00,validation
3968295,2025-09-09 20:45:00,validation
10085345,2025-09-10 11:00:00,validation
10085354,2025-09-10 11:00:00,validation
10085390,2025-09-10 11:00:00,validation
10085346,2025-09-10 14:00:00,validation
3968293,2025-09-10 15:05:00,validation
3985579,2025-09-10 15:20:00,validation
10085347,2025-09-10 17:00:00,validation
3968292,2025-09-10 17:50:00,validation
10085296,2025-09-10 20:00:00,validation
10085299,2025-09-10 20:00:00,validation
10085300,2025-09-10 20:00:00,validation
10085301,2025-09-10 20:00:00,validation
10085302,2025-09-10 20:00:00,validation
10085303,2025-09-10 20:00:00,validation
10085304,2025-09-10 20:00:00,validation
10085305,2025-09-10 20:00:00,validation
10085348,2025-09-10 20:00:00,validation
10085352,2025-09-10 20:20:00,validation
10085393,2025-09-11 11:00:00,validation
10085402,2025-09-11 11:00:00,validation
10085411,2025-09-11 11:00:00,validation
4017630,2025-09-11 13:30:00,validation
10085357,2025-09-11 14:00:00,validation
10085412,2025-09-11 14:00:00,validation
10085394,2025-09-11 16:30:00,validation
10085358,2025-09-11 17:00:00,validation
10085413,2025-09-11 17:00:00,validation
10085295,2025-09-11 20:00:00,validation
10085297,2025-09-11 20:00:00,validation
10085298,2025-09-11 20:00:00,validation
10085306,2025-09-11 20:00:00,validation
10085307,2025-09-11 20:00:00,validation
10085308,2025-09-11 20:00:00,validation
10085309,2025-09-11 20:00:00,validation
10085310,2025-09-11 20:00:00,validation
10085359,2025-09-11 20:00:00,validation
10085414,2025-09-11 20:00:00,validation
3993905,2025-09-12 11:00:00,validation
10085415,2025-09-12 11:00:00,validation
10085449,2025-09-12 11:00:00,validation
10085397,2025-09-12 13:30:00,validation
3993904,2025-09-12 13:45:00,validation
10085416,2025-09-12 14:00:00,validation
10085450,2025-09-12 14:00:00,validation
10085417,2025-09-12 17:00:00,validation
10085451,2025-09-12 17:00:00,validation
3993903,2025-09-12 17:10:00,validation
3993902,2025-09-12 19:20:00,validation
10085403,2025-09-12 20:00:00,validation
10085404,2025-09-12 20:00:00,validation
10085405,2025-09-12 20:00:00,validation
10085406,2025-09-12 20:00:00,validation
10085407,2025-09-12 20:00:00,validation
10085408,2025-09-12 20:00:00,validation
10085409,2025-09-12 20:00:00,validation
10085410,2025-09-12 20:00:00,validation
10085418,2025-09-12 20:00:00,validation
10085452,2025-09-12 20:00:00,validation
3997852,2025-09-13 11:00:00,validation
10085453,2025-09-13 11:00:00,validation
10085477,2025-09-13 11:00:00,validation
10085400,2025-09-13 13:30:00,validation
10085454,2025-09-13 14:00:00,validation
10085478,2025-09-13 14:00:00,validation
3993901,2025-09-13 14:50:00,validation
10085455,2025-09-13 17:00:00,validation
3993900,2025-09-13 17:30:00,validation
10085399,2025-09-13 17:30:00,validation
10085473,2025-09-13 17:30:00,validation
4117510,2025-09-13 20:00:00,validation
10085421,2025-09-13 20:00:00,validation
10085422,2025-09-13 20:00:00,validation
10085424,2025-09-13 20:00:00,validation
10085445,2025-09-13 20:00:00,validation
10085446,2025-09-13 20:00:00,validation
10085447,2025-09-13 20:00:00,validation
10085448,2025-09-13 20:00:00,validation
3993899,2025-09-13 20:15:00,validation
10085474,2025-09-13 20:15:00,validation
10085456,2025-09-13 23:15:00,validation
4172628,2025-09-14 11:00:00,validation
4172629,2025-09-14 11:00:00,validation
10085398,2025-09-14 11:00:00,validation
10085475,2025-09-14 11:00:00,validation
10085479,2025-09-14 11:00:00,validation
10085401,2025-09-14 13:30:00,validation
4172626,2025-09-14 13:45:00,validation
10085476,2025-09-14 14:00:00,validation
10085480,2025-09-14 14:00:00,validation
4172627,2025-09-14 14:15:00,validation
4172624,2025-09-14 16:30:00,validation
10085471,2025-09-14 17:00:00,validation
10085481,2025-09-14 17:00:00,validation
4172625,2025-09-14 17:15:00,validation
4172622,2025-09-14 18:50:00,validation
10085472,2025-09-14 20:00:00,validation
10085482,2025-09-14 20:00:00,validation
4172623,2025-09-14 20:15:00,validation
4197272,2025-09-15 11:00:00,validation
4197273,2025-09-15 11:00:00,validation
10085483,2025-09-15 11:00:00,validation
10085395,2025-09-15 13:30:00,validation
10085484,2025-09-15 14:00:00,validation
10085487,2025-09-15 14:00:00,validation
4197270,2025-09-15 14:35:00,validation
4197271,2025-09-15 14:55:00,validation
10085392,2025-09-15 16:00:00,validation
10085485,2025-09-15 17:00:00,validation
10085488,2025-09-15 17:00:00,validation
4197268,2025-09-15 19:00:00,validation
4197269,2025-09-15 19:05:00,validation
10085489,2025-09-15 20:00:00,validation
10085486,2025-09-15 20:55:00,validation
4197267,2025-09-15 21:20:00,validation
4197266,2025-09-15 21:50:00,validation
10085493,2025-09-16 11:00:00,validation
4223634,2025-09-16 12:00:00,validation
4223635,2025-09-16 12:00:00,validation
10085490,2025-09-16 14:00:00,validation
10085494,2025-09-16 14:00:00,validation
4223633,2025-09-16 16:05:00,validation
4223632,2025-09-16 17:00:00,validation
10085491,2025-09-16 17:00:00,validation
10085495,2025-09-16 18:00:00,validation
10085496,2025-09-16 20:15:00,validation
4223631,2025-09-16 20:30:00,validation
10085492,2025-09-16 21:00:00,validation
4223630,2025-09-16 21:05:00,validation
10085497,2025-09-17 11:00:00,validation
10085570,2025-09-17 11:15:00,validation
4247351,2025-09-17 12:20:00,validation
10085571,2025-09-17 13:50:00,validation
10085511,2025-09-17 14:00:00,validation
10085498,2025-09-17 14:30:00,validation
4247350,2025-09-17 15:00:00,validation
10085512,2025-09-17 17:00:00,validation
10085499,2025-09-17 18:00:00,validation
4247349,2025-09-17 18:05:00,validation
10085457,2025-09-17 20:00:00,validation
10085459,2025-09-17 20:00:00,validation
10085460,2025-09-17 20:00:00,validation
10085461,2025-09-17 20:00:00,validation
10085500,2025-09-17 20:00:00,validation
10085513,2025-09-17 20:00:00,validation
10085557,2025-09-18 11:00:00,validation
10085572,2025-09-18 11:00:00,validation
4000541,2025-09-18 12:00:00,validation
10085545,2025-09-18 14:00:00,validation
10085553,2025-09-18 14:00:00,validation
10085573,2025-09-18 14:45:00,validation
4000540,2025-09-18 15:00:00,validation
10085546,2025-09-18 17:00:00,validation
10085556,2025-09-18 17:00:00,validation
4000542,2025-09-18 18:00:00,validation
10085458,2025-09-18 20:00:00,validation
10085462,2025-09-18 20:00:00,validation
10085464,2025-09-18 20:00:00,validation
10085547,2025-09-18 20:00:00,validation
10085551,2025-09-18 20:00:00,validation
10085463,2025-09-18 20:30:00,validation
4000543,2025-09-18 21:10:00,validation
4271146,2025-09-19 11:00:00,validation
10085559,2025-09-19 11:00:00,validation
10085574,2025-09-19 11:00:00,validation
10085598,2025-09-19 11:30:00,validation
4291968,2025-09-19 12:00:00,validation
10085548,2025-09-19 14:00:00,validation
10085554,2025-09-19 14:00:00,validation
10085575,2025-09-19 14:30:00,validation
10085599,2025-09-19 14:30:00,validation
4299249,2025-09-19 15:00:00,validation
4271145,2025-09-19 15:20:00,validation
10085549,2025-09-19 17:00:00,validation
10085558,2025-09-19 17:00:00,validation
4291969,2025-09-19 17:15:00,validation
10085600,2025-09-19 17:30:00,validation
4271144,2025-09-19 18:35:00,validation
4299251,2025-09-19 19:20:00,validation
10085465,2025-09-19 20:00:00,validation
10085466,2025-09-19 20:00:00,validation
10085552,2025-09-19 20:00:00,validation
10085550,2025-09-19 20:15:00,validation
10085601,2025-09-19 20:45:00,validation
4271143,2025-09-19 22:10:00,validation
4247575,2025-09-20 11:00:00,validation
10085560,2025-09-20 11:00:00,validation
10085602,2025-09-20 11:30:00,validation
4316720,2025-09-20 12:00:00,validation
10085577,2025-09-20 13:30:00,validation
10085592,2025-09-20 14:00:00,validation
10085610,2025-09-20 14:00:00,validation
10085603,2025-09-20 14:30:00,validation
4315566,2025-09-20 15:00:00,validation
4318839,2025-09-20 15:10:00,validation
10085583,2025-09-20 17:00:00,validation
10085611,2025-09-20 17:00:00,validation
4318841,2025-09-20 17:30:00,validation
10085604,2025-09-20 17:30:00,validation
4320967,2025-09-20 19:00:00,validation
4337143,2025-09-20 19:50:00,validation
10085468,2025-09-20 20:00:00,validation
10085612,2025-09-20 20:00:00,validation
4317584,2025-09-20 20:15:00,validation
10085605,2025-09-20 20:30:00,validation
10085579,2025-09-21 11:00:00,validation
10085726,2025-09-21 11:00:00,validation
10085713,2025-09-21 11:30:00,validation
10085617,2025-09-21 13:00:00,validation
10085580,2025-09-21 13:30:00,validation
10085722,2025-09-21 14:00:00,validation
10085714,2025-09-21 14:30:00,validation
4341903,2025-09-21 16:00:00,validation
10085609,2025-09-21 16:30:00,validation
10085727,2025-09-21 17:00:00,validation
10085715,2025-09-21 17:45:00,validation
4340520,2025-09-21 18:00:00,validation
10085712,2025-09-21 19:00:00,validation
4364559,2025-09-21 19:10:00,validation
4298043,2025-09-21 20:00:00,validation
10085724,2025-09-21 20:30:00,validation
10085716,2025-09-21 20:45:00,validation
10085607,2025-09-22 11:00:00,validation
10085717,2025-09-22 11:00:00,validation
10085721,2025-09-22 11:00:00,validation
4335466,2025-09-22 13:30:00,validation
10085725,2025-09-22 14:00:00,validation
10085718,2025-09-22 14:30:00,validation
4342454,2025-09-22 17:00:00,validation
4366171,2025-09-22 17:30:00,validation
10085720,2025-09-22 20:15:00,validation
10085723,2025-09-22 20:15:00,validation
4368818,2025-09-22 20:20:00,validation
10085613,2025-09-23 11:00:00,validation
10085756,2025-09-23 11:00:00,validation
10085819,2025-09-23 11:30:00,validation
10085757,2025-09-23 14:00:00,validation
4397084,2025-09-23 14:40:00,validation
10085614,2025-09-23 15:00:00,validation
10085748,2025-09-23 17:00:00,validation
10085821,2025-09-23 18:05:00,validation
4396911,2025-09-23 20:00:00,validation
10085758,2025-09-23 20:15:00,validation
10085822,2025-09-23 20:30:00,validation
10085823,2025-09-24 11:30:00,validation
10085816,2025-09-24 14:00:00,validation
10085824,2025-09-24 14:30:00,validation
10085817,2025-09-24 17:00:00,validation
10085825,2025-09-24 18:00:00,validation
10085616,2025-09-24 19:00:00,validation
10085826,2025-09-24 20:30:00,validation
10085818,2025-09-24 21:00:00,validation
4262560,2025-09-25 11:00:00,validation
10085615,2025-09-25 11:00:00,validation
4262559,2025-09-25 14:00:00,validation
10085910,2025-09-25 14:30:00,validation
4262558,2025-09-25 17:25:00,validation
10085911,2025-09-25 17:30:00,validation
10085912,2025-09-25 20:30:00,validation
4262557,2025-09-25 21:00:00,validation
4475277,2025-09-26 11:00:00,validation
4481590,2025-09-26 14:00:00,validation
10085913,2025-09-26 14:30:00,validation
4475276,2025-09-26 17:00:00,validation
10085914,2025-09-26 17:30:00,validation
4481588,2025-09-26 20:00:00,validation
10085915,2025-09-26 20:30:00,validation
4505975,2025-09-27 11:00:00,validation
10086031,2025-09-27 14:30:00,validation
4509391,2025-09-27 14:45:00,validation
4530673,2025-09-27 17:15:00,validation
10086032,2025-09-27 17:30:00,validation
10085740,2025-09-27 20:00:00,validation
10086033,2025-09-27 20:30:00,validation
10086015,2025-09-28 10:00:00,validation
10086016,2025-09-28 10:00:00,validation
10086017,2025-09-28 10:00:00,validation
10086018,2025-09-28 10:00:00,validation
4412677,2025-09-28 11:30:00,validation
4412678,2025-09-28 11:30:00,validation
10086037,2025-09-28 11:30:00,validation
4412676,2025-09-28 14:00:00,validation
10086014,2025-09-28 14:00:00,validation
4412884,2025-09-28 14:30:00,validation
10086019,2025-09-28 14:30:00,validation
10086020,2025-09-28 14:30:00,validation
10086040,2025-09-28 14:30:00,validation
4537132,2025-09-28 15:00:00,validation
4412885,2025-09-28 17:00:00,validation
4412887,2025-09-28 17:00:00,validation
4539818,2025-09-28 18:20:00,validation
10086022,2025-09-28 18:45:00,validation
4527670,2025-09-28 19:00:00,validation
10086021,2025-09-28 19:00:00,validation
4533157,2025-09-28 19:30:00,validation
10086036,2025-09-28 20:35:00,validation
4564391,2025-09-29 11:30:00,validation
4564392,2025-09-29 11:30:00,validation
10086035,2025-09-29 11:30:00,validation
10086039,2025-09-29 11:30:00,validation
4564389,2025-09-29 14:00:00,validation
4564390,2025-09-29 14:00:00,validation
4564387,2025-09-29 17:10:00,validation
4564388,2025-09-29 17:30:00,validation
10086034,2025-09-29 17:30:00,validation
4564385,2025-09-29 19:20:00,validation
4564386,2025-09-29 20:10:00,validation
10086041,2025-09-29 21:10:00,validation
10086118,2025-09-30 11:00:00,validation
4588213,2025-09-30 11:30:00,validation
4588214,2025-09-30 11:30:00,validation
10086048,2025-09-30 11:30:00,validation
4588211,2025-09-30 14:00:00,validation
4588212,2025-09-30 14:00:00,validation
10086119,2025-09-30 14:00:00,validation
10086045,2025-09-30 14:30:00,validation
4588209,2025-09-30 17:00:00,validation
4588210,2025-09-30 17:00:00,validation
10086120,2025-09-30 17:00:00,validation
10086060,2025-09-30 17:30:00,validation
4588208,2025-09-30 19:00:00,validation
4588207,2025-09-30 19:15:00,validation
10086121,2025-09-30 20:00:00,validation
10086044,2025-09-30 20:30:00,validation
10086122,2025-10-01 11:00:00,validation
10086106,2025-10-01 13:00:00,validation
10086123,2025-10-01 14:00:00,validation
4613351,2025-10-01 14:30:00,validation
4613352,2025-10-01 14:30:00,validation
10086107,2025-10-01 16:00:00,validation
4613349,2025-10-01 17:00:00,validation
10086124,2025-10-01 17:00:00,validation
4613350,2025-10-01 17:15:00,validation
10086108,2025-10-01 19:30:00,validation
4613347,2025-10-01 19:50:00,validation
10086125,2025-10-01 20:00:00,validation
4613348,2025-10-01 20:30:00,validation
10086205,2025-10-02 11:00:00,validation
10086206,2025-10-02 14:00:00,validation
4639660,2025-10-02 14:30:00,validation
4639659,2025-10-02 17:00:00,validation
10086207,2025-10-02 17:00:00,validation
10086208,2025-10-02 19:30:00,validation
4639658,2025-10-02 20:10:00,validation
10086209,2025-10-03 11:00:00,validation
10086210,2025-10-03 14:00:00,validation
10086211,2025-10-03 17:25:00,validation
10086212,2025-10-03 20:30:00,validation
10086321,2025-10-04 11:00:00,validation
4669944,2025-10-04 11:30:00,validation
4669945,2025-10-04 11:30:00,validation
4669942,2025-10-04 14:00:00,validation
10086322,2025-10-04 14:00:00,validation
4669943,2025-10-04 14:30:00,validation
4669940,2025-10-04 16:30:00,validation
10086329,2025-10-04 17:00:00,validation
4669941,2025-10-04 17:30:00,validation
4669939,2025-10-04 19:00:00,validation
10086231,2025-10-04 19:00:00,validation
10086330,2025-10-04 20:00:00,validation
10086274,2025-10-05 11:00:00,validation
4694883,2025-10-05 11:30:00,validation
4695084,2025-10-05 11:30:00,validation
4694882,2025-10-05 14:00:00,validation
4695083,2025-10-05 14:00:00,validation
10086275,2025-10-05 14:15:00,validation
4694881,2025-10-05 16:30:00,validation
10086276,2025-10-05 17:00:00,validation
4695087,2025-10-05 17:15:00,validation
4695081,2025-10-05 19:00:00,validation
4664453,2025-10-05 20:00:00,validation
4695080,2025-10-05 20:00:00,validation
10086277,2025-10-05 20:00:00,validation
10086278,2025-10-05 20:00:00,validation
10086279,2025-10-05 20:00:00,validation
10086280,2025-10-05 20:00:00,validation
10086281,2025-10-05 20:00:00,validation
10086282,2025-10-05 20:00:00,validation
10086283,2025-10-05 20:00:00,validation
10086320,2025-10-05 20:00:00,validation
4723689,2025-10-06 11:30:00,validation
4723690,2025-10-06 11:30:00,validation
4723914,2025-10-06 14:00:00,validation
4723915,2025-10-06 14:00:00,validation
10086325,2025-10-06 14:00:00,validation
4723912,2025-10-06 16:30:00,validation
10086324,2025-10-06 17:00:00,validation
4723913,2025-10-06 17:20:00,validation
4723911,2025-10-06 19:00:00,validation
10086285,2025-10-06 20:00:00,validation
10086286,2025-10-06 20:00:00,validation
10086287,2025-10-06 20:00:00,validation
10086288,2025-10-06 20:00:00,validation
10086290,2025-10-06 20:00:00,validation
10086291,2025-10-06 20:00:00,validation
10086292,2025-10-06 20:00:00,validation
10086323,2025-10-06 20:00:00,validation
10086289,2025-10-06 20:20:00,validation
4723910,2025-10-06 20:35:00,validation
10086328,2025-10-07 14:00:00,validation
4758193,2025-10-07 14:30:00,validation
4758194,2025-10-07 14:30:00,validation
4758191,2025-10-07 17:00:00,validation
10086327,2025-10-07 17:00:00,validation
4758192,2025-10-07 17:45:00,validation
4758189,2025-10-07 19:45:00,validation
4758190,2025-10-07 19:45:00,validation
10086298,2025-10-07 20:00:00,validation
10086300,2025-10-07 20:00:00,validation
10086305,2025-10-07 20:00:00,validation
10086306,2025-10-07 20:00:00,validation
10086307,2025-10-07 20:20:00,validation
4724125,2025-10-07 21:00:00,validation
10086297,2025-10-07 21:00:00,validation
10086299,2025-10-07 21:00:00,validation
10086308,2025-10-07 21:45:00,validation
10086371,2025-10-08 11:00:00,validation
10086372,2025-10-08 14:00:00,validation
4784810,2025-10-08 14:30:00,validation
4784809,2025-10-08 17:00:00,validation
10086373,2025-10-08 17:00:00,validation
4784808,2025-10-08 19:30:00,validation
4779672,2025-10-08 20:00:00,validation
10086293,2025-10-08 20:00:00,validation
10086294,2025-10-08 20:00:00,validation
10086296,2025-10-08 20:00:00,validation
10086301,2025-10-08 20:00:00,validation
10086302,2025-10-08 20:00:00,validation
10086303,2025-10-08 20:00:00,validation
10086304,2025-10-08 20:00:00,validation
10086388,2025-10-09 11:00:00,validation
10086387,2025-10-09 14:00:00,validation
10086389,2025-10-09 18:00:00,validation
4809614,2025-10-09 20:00:00,validation
10086353,2025-10-09 20:00:00,validation
10086357,2025-10-09 20:00:00,validation
10086358,2025-10-09 20:00:00,validation
10086359,2025-10-09 20:00:00,validation
10086360,2025-10-09 20:00:00,validation
10086361,2025-10-09 20:00:00,validation
4810096,2025-10-09 20:30:00,validation
10086385,2025-10-09 20:45:00,validation
10086386,2025-10-10 11:00:00,validation
10086520,2025-10-10 11:00:00,validation
4810796,2025-10-10 11:30:00,validation
10086390,2025-10-10 14:00:00,validation
10086526,2025-10-10 14:00:00,validation
4810795,2025-10-10 15:00:00,validation
10086517,2025-10-10 17:00:00,validation
10086392,2025-10-10 17:20:00,validation
4810794,2025-10-10 18:30:00,validation
10086381,2025-10-10 20:00:00,validation
10086382,2025-10-10 20:00:00,validation
10086383,2025-10-10 20:00:00,validation
10086384,2025-10-10 20:00:00,validation
10086391,2025-10-10 20:00:00,validation
10086439,2025-10-10 20:00:00,validation
10086440,2025-10-10 20:00:00,validation
10086442,2025-10-10 20:00:00,validation
10086443,2025-10-10 20:00:00,validation
10086523,2025-10-10 20:00:00,validation
4810793,2025-10-10 20:35:00,validation
10086522,2025-10-11 11:00:00,validation
10086441,2025-10-11 14:00:00,validation
10086519,2025-10-11 14:00:00,validation
4855476,2025-10-11 16:45:00,validation
4836899,2025-10-11 17:00:00,validation
10086411,2025-10-11 17:00:00,validation
4860065,2025-10-11 20:00:00,validation
10086444,2025-10-11 20:00:00,validation
10086528,2025-10-11 20:30:00,validation
4882087,2025-10-12 14:30:00,validation
4875478,2025-10-12 16:00:00,validation
10086524,2025-10-12 17:00:00,validation
4882088,2025-10-12 18:00:00,validation
10086529,2025-10-12 19:00:00,validation
10086527,2025-10-12 20:00:00,validation
4899255,2025-10-13 14:00:00,validation
10086574,2025-10-13 17:00:00,validation
10086575,2025-10-13 21:10:00,validation
4602088,2025-10-14 06:00:00,validation
4602089,2025-10-14 06:00:00,validation
4602086,2025-10-14 07:00:00,validation
4602087,2025-10-14 07:00:00,validation
4602084,2025-10-14 08:00:00,validation
4602085,2025-10-14 08:00:00,validation
4602082,2025-10-14 10:45:00,validation
4602083,2025-10-14 10:55:00,validation
4940519,2025-10-14 12:05:00,validation
4939280,2025-10-14 12:30:00,validation
4939281,2025-10-14 15:10:00,validation
4940521,2025-10-14 16:05:00,validation
10086447,2025-10-14 20:00:00,validation
10086448,2025-10-14 20:00:00,validation
10086449,2025-10-14 20:00:00,validation
10086450,2025-10-14 20:00:00,validation
4941820,2025-10-15 06:00:00,validation
4943310,2025-10-15 06:00:00,validation
4943312,2025-10-15 09:40:00,validation
4941821,2025-10-15 10:40:00,validation
4835376,2025-10-15 11:30:00,validation
4948828,2025-10-15 12:00:00,validation
4949144,2025-10-15 13:50:00,validation
10086682,2025-10-15 14:05:00,validation
4835375,2025-10-15 14:30:00,validation
10086684,2025-10-15 15:05:00,validation
10086685,2025-10-15 15:50:00,validation
10086686,2025-10-15 16:50:00,validation
4835374,2025-10-15 17:30:00,validation
10086683,2025-10-15 17:55:00,validation
10086689,2025-10-15 19:10:00,validation
10086687,2025-10-15 19:50:00,validation
10086445,2025-10-15 20:00:00,validation
10086446,2025-10-15 20:00:00,validation
10086451,2025-10-15 20:00:00,validation
10086452,2025-10-15 20:00:00,validation
4835373,2025-10-15 21:10:00,validation
10086688,2025-10-15 21:30:00,validation
10086691,2025-10-15 23:30:00,validation
4966775,2025-10-16 06:00:00,validation
4968725,2025-10-16 06:00:00,validation
4949146,2025-10-16 09:00:00,validation
4968727,2025-10-16 09:00:00,validation
4971453,2025-10-16 11:30:00,validation
4971480,2025-10-16 12:45:00,validation
4988843,2025-10-16 12:45:00,validation
10086692,2025-10-16 14:15:00,validation
4971452,2025-10-16 14:30:00,validation
10086690,2025-10-16 15:45:00,validation
10086693,2025-10-16 16:40:00,validation
10086694,2025-10-16 18:20:00,validation
4978661,2025-10-16 18:45:00,validation
10086453,2025-10-16 20:00:00,validation
10086454,2025-10-16 20:00:00,validation
10086703,2025-10-16 20:10:00,validation
4978660,2025-10-16 22:30:00,validation
4996781,2025-10-17 08:00:00,validation
4996780,2025-10-17 12:00:00,validation
4998157,2025-10-17 16:00:00,validation
10086405,2025-10-17 19:30:00,validation
10086455,2025-10-17 20:00:00,validation
5014614,2025-10-18 08:00:00,validation
5019360,2025-10-18 12:00:00,validation
5025359,2025-10-18 17:00:00,validation
10086457,2025-10-18 20:00:00,validation
5025358,2025-10-18 20:30:00,validation
5039904,2025-10-19 06:00:00,validation
5039905,2025-10-19 10:00:00,validation
5047221,2025-10-19 14:30:00,validation
5047220,2025-10-19 18:55:00,validation
10086456,2025-10-19 20:00:00,validation
10086458,2025-10-20 20:00:00,validation
10086855,2025-10-21 11:00:00,validation
5082459,2025-10-21 13:00:00,validation
10086833,2025-10-21 13:00:00,validation
10086834,2025-10-21 13:00:00,validation
10086835,2025-10-21 13:00:00,validation
10086836,2025-10-21 13:00:00,validation
10086837,2025-10-21 13:00:00,validation
10086839,2025-10-21 13:00:00,validation
10086856,2025-10-21 14:00:00,validation
5106309,2025-10-21 14:30:00,validation
10086840,2025-10-21 14:30:00,validation
10086841,2025-10-21 14:30:00,validation
10086842,2025-10-21 14:30:00,validation
10086857,2025-10-21 17:00:00,validation
10086858,2025-10-21 20:00:00,validation
10086859,2025-10-22 11:00:00,validation
5112389,2025-10-22 13:00:00,validation
10086844,2025-10-22 13:00:00,validation
10086860,2025-10-22 14:30:00,validation
10086861,2025-10-22 17:00:00,validation
10086862,2025-10-22 20:00:00,validation
10086863,2025-10-23 11:00:00,validation
10086864,2025-10-23 14:00:00,validation
10086865,2025-10-23 17:00:00,validation
5140606,2025-10-23 18:00:00,validation
10086866,2025-10-23 20:00:00,validation
10086867,2025-10-24 11:00:00,validation
10086868,2025-10-24 14:40:00,validation
10086869,2025-10-24 17:05:00,validation
10086870,2025-10-24 20:30:00,validation
10086881,2025-10-25 14:00:00,validation
10086886,2025-10-25 17:00:00,validation
10086882,2025-10-25 20:00:00,validation
5080990,2025-10-26 11:00:00,validation
5080991,2025-10-26 11:00:00,validation
10086883,2025-10-26 12:00:00,validation
5080988,2025-10-26 14:00:00,validation
5080989,2025-10-26 14:15:00,validation
10086884,2025-10-26 15:00:00,validation
5080986,2025-10-26 15:55:00,validation
10086851,2025-10-26 17:20:00,validation
10086879,2025-10-26 18:00:00,validation
5080984,2025-10-26 19:05:00,validation
5080985,2025-10-26 19:20:00,validation
10086880,2025-10-26 21:00:00,validation
10086898,2025-10-27 11:00:00,validation
10086901,2025-10-27 11:00:00,validation
5267063,2025-10-27 14:00:00,validation
5267064,2025-10-27 14:15:00,validation
10086905,2025-10-27 15:00:00,validation
5267225,2025-10-27 17:00:00,validation
5267226,2025-10-27 17:00:00,validation
10086906,2025-10-27 18:00:00,validation
5267223,2025-10-27 18:45:00,validation
5267224,2025-10-27 20:05:00,validation
10086907,2025-10-27 21:00:00,validation
5295971,2025-10-28 11:00:00,validation
5295972,2025-10-28 11:00:00,validation
10086923,2025-10-28 12:30:00,validation
5295970,2025-10-28 13:35:00,validation
10086908,2025-10-28 15:00:00,validation
5295969,2025-10-28 15:05:00,validation
10086924,2025-10-28 15:30:00,validation
5295967,2025-10-28 16:00:00,validation
5295965,2025-10-28 18:00:00,validation
10086909,2025-10-28 18:00:00,validation
5295968,2025-10-28 18:10:00,validation
10086925,2025-10-28 18:55:00,validation
10086910,2025-10-28 21:15:00,validation
5295966,2025-10-28 21:30:00,validation
10086926,2025-10-28 21:30:00,validation
5321157,2025-10-29 11:00:00,validation
5321158,2025-10-29 11:00:00,validation
10086927,2025-10-29 12:30:00,validation
5321155,2025-10-29 13:05:00,validation
5321156,2025-10-29 14:35:00,validation
10086940,2025-10-29 15:00:00,validation
10086928,2025-10-29 15:30:00,validation
5321153,2025-10-29 16:20:00,validation
5321154,2025-10-29 17:00:00,validation
10086941,2025-10-29 18:00:00,validation
10086929,2025-10-29 18:30:00,validation
10086942,2025-10-29 21:00:00,validation
10086930,2025-10-29 21:40:00,validation
5341926,2025-10-30 11:00:00,validation
10086957,2025-10-30 12:00:00,validation
10086958,2025-10-30 12:30:00,validation
5341925,2025-10-30 13:05:00,validation
10086953,2025-10-30 15:00:00,validation
5341924,2025-10-30 15:20:00,validation
10086959,2025-10-30 15:30:00,validation
10086954,2025-10-30 18:15:00,validation
10086960,2025-10-30 18:30:00,validation
10086955,2025-10-30 21:00:00,validation
10086961,2025-10-30 21:30:00,validation
5361526,2025-10-31 11:00:00,validation
5361527,2025-10-31 11:00:00,validation
10086952,2025-10-31 12:00:00,validation
10086962,2025-10-31 12:30:00,validation
5361524,2025-10-31 14:00:00,validation
5361525,2025-10-31 14:00:00,validation
10086950,2025-10-31 15:00:00,validation
10086963,2025-10-31 15:30:00,validation
10086993,2025-10-31 17:15:00,validation
10086951,2025-10-31 18:00:00,validation
10086964,2025-10-31 18:45:00,validation
5379732,2025-10-31 20:00:00,validation
5344670,2025-10-31 21:30:00,validation
5344790,2025-10-31 22:35:00,validation
5382946,2025-11-01 12:00:00,validation
10086997,2025-11-01 12:00:00,validation
10087001,2025-11-01 12:30:00,validation
10086988,2025-11-01 15:10:00,validation
5382945,2025-11-01 15:25:00,validation
10087002,2025-11-01 15:30:00,validation
10086998,2025-11-01 18:15:00,validation
10087003,2025-11-01 18:30:00,validation
10086966,2025-11-01 21:25:00,validation
10087004,2025-11-01 21:40:00,validation
10087005,2025-11-02 12:30:00,validation
10087008,2025-11-02 14:00:00,validation
10086999,2025-11-02 15:30:00,validation
10087007,2025-11-02 17:00:00,validation
10087000,2025-11-02 18:30:00,validation
10087006,2025-11-02 21:30:00,validation
10087009,2025-11-02 21:40:00,validation
5166828,2025-11-03 05:00:00,validation
5167056,2025-11-03 05:00:00,validation
5167054,2025-11-03 07:30:00,validation
5167055,2025-11-03 07:30:00,validation
5166827,2025-11-03 10:00:00,validation
5167053,2025-11-03 10:55:00,validation
5166826,2025-11-03 12:45:00,validation
5167057,2025-11-03 13:00:00,validation
10087085,2025-11-03 15:30:00,validation
10087086,2025-11-03 18:30:00,validation
10087087,2025-11-03 21:30:00,validation
5423465,2025-11-04 05:00:00,validation
5423466,2025-11-04 05:00:00,validation
5424395,2025-11-04 07:30:00,validation
5424396,2025-11-04 08:30:00,validation
5428253,2025-11-04 10:30:00,validation
5428254,2025-11-04 12:00:00,validation
5427388,2025-11-04 13:30:00,validation
5427389,2025-11-04 14:00:00,validation
10087082,2025-11-04 15:30:00,validation
10087083,2025-11-04 18:30:00,validation
10087084,2025-11-04 21:30:00,validation
5439104,2025-11-05 05:00:00,validation
5440005,2025-11-05 05:00:00,validation
5442306,2025-11-05 07:30:00,validation
5442305,2025-11-05 08:40:00,validation
5440006,2025-11-05 11:00:00,validation
5452092,2025-11-05 11:45:00,validation
5442307,2025-11-05 14:10:00,validation
5454241,2025-11-05 14:20:00,validation
10087142,2025-11-05 15:30:00,validation
10087143,2025-11-05 18:30:00,validation
10087144,2025-11-05 21:30:00,validation
10087194,2025-11-06 12:30:00,validation
10087191,2025-11-06 15:30:00,validation
10087197,2025-11-06 18:30:00,validation
5461973,2025-11-06 21:30:00,validation
5457836,2025-11-07 09:30:00,validation
10087025,2025-11-07 09:30:00,validation
10087189,2025-11-07 12:30:00,validation
10087022,2025-11-07 13:00:00,validation
5457835,2025-11-07 13:10:00,validation
10087214,2025-11-07 14:00:00,validation
10087215,2025-11-07 14:00:00,validation
10087216,2025-11-07 14:00:00,validation
10087220,2025-11-07 14:00:00,validation
10087221,2025-11-07 14:00:00,validation
10087222,2025-11-07 14:00:00,validation
10087226,2025-11-07 14:00:00,validation
10087227,2025-11-07 14:00:00,validation
10087228,2025-11-07 14:00:00,validation
10087232,2025-11-07 14:00:00,validation
10087233,2025-11-07 14:00:00,validation
10087234,2025-11-07 14:00:00,validation
10087188,2025-11-07 15:30:00,validation
10087217,2025-11-07 15:30:00,validation
10087218,2025-11-07 15:30:00,validation
10087219,2025-11-07 15:30:00,validation
10087223,2025-11-07 15:30:00,validation
10087224,2025-11-07 15:30:00,validation
10087225,2025-11-07 15:30:00,validation
10087229,2025-11-07 15:30:00,validation
10087230,2025-11-07 15:30:00,validation
10087231,2025-11-07 15:30:00,validation
10087235,2025-11-07 15:30:00,validation
10087236,2025-11-07 15:30:00,validation
10087237,2025-11-07 15:30:00,validation
10087026,2025-11-07 16:25:00,validation
10087238,2025-11-07 16:30:00,validation
10087239,2025-11-07 16:30:00,validation
10087240,2025-11-07 16:30:00,validation
10087241,2025-11-07 16:30:00,validation
10087242,2025-11-07 16:30:00,validation
10087243,2025-11-07 16:30:00,validation
10087244,2025-11-07 16:30:00,validation
10087245,2025-11-07 16:30:00,validation
10087246,2025-11-07 16:30:00,validation
10087247,2025-11-07 16:30:00,validation
10087248,2025-11-07 16:30:00,validation
10087249,2025-11-07 16:30:00,validation
10087251,2025-11-07 17:45:00,validation
10087252,2025-11-07 17:45:00,validation
10087253,2025-11-07 17:45:00,validation
10087257,2025-11-07 18:00:00,validation
10087258,2025-11-07 18:00:00,validation
10087259,2025-11-07 18:00:00,validation
10087260,2025-11-07 18:00:00,validation
10087261,2025-11-07 18:00:00,validation
10087262,2025-11-07 18:00:00,validation
10087193,2025-11-07 18:30:00,validation
10087255,2025-11-07 18:30:00,validation
10087256,2025-11-07 18:30:00,validation
10087254,2025-11-07 18:45:00,validation
10087264,2025-11-07 19:00:00,validation
10087265,2025-11-07 19:00:00,validation
10087266,2025-11-07 19:00:00,validation
10087267,2025-11-07 19:00:00,validation
10087269,2025-11-07 19:00:00,validation
10087270,2025-11-07 19:00:00,validation
10087271,2025-11-07 19:00:00,validation
10087272,2025-11-07 19:00:00,validation
10087275,2025-11-07 19:00:00,validation
10087268,2025-11-07 19:20:00,validation
10087273,2025-11-07 19:30:00,validation
10087274,2025-11-07 19:30:00,validation
10087196,2025-11-07 21:30:00,validation
5502736,2025-11-07 22:00:00,validation
10087278,2025-11-07 22:00:00,validation
10087280,2025-11-07 22:00:00,validation
10087281,2025-11-07 22:00:00,validation
5496051,2025-11-08 09:30:00,validation
10087023,2025-11-08 09:30:00,validation
10087282,2025-11-08 12:00:00,validation
10087283,2025-11-08 12:00:00,validation
10087284,2025-11-08 12:00:00,validation
10087285,2025-11-08 12:00:00,validation
10087192,2025-11-08 12:30:00,validation
5359644,2025-11-08 13:00:00,validation
5498371,2025-11-08 13:45:00,validation
10087286,2025-11-08 15:00:00,validation
10087287,2025-11-08 15:00:00,validation
10087024,2025-11-08 15:15:00,validation
10087213,2025-11-08 15:30:00,validation
10087198,2025-11-08 18:40:00,validation
10087195,2025-11-08 21:30:00,validation
10087288,2025-11-08 22:00:00,validation
5513453,2025-11-09 07:00:00,validation
10087029,2025-11-09 10:00:00,validation
5513454,2025-11-09 11:00:00,validation
10087028,2025-11-09 12:00:00,validation
10087311,2025-11-09 14:00:00,validation
10087303,2025-11-09 18:00:00,validation
10087313,2025-11-09 20:30:00,validation
10087379,2025-11-11 12:00:00,validation
10087380,2025-11-11 15:00:00,validation
10087381,2025-11-11 18:00:00,validation
10087382,2025-11-11 21:10:00,validation
5297028,2025-11-12 05:00:00,validation
5297027,2025-11-12 08:45:00,validation
5297026,2025-11-12 11:30:00,validation
10087383,2025-11-12 12:00:00,validation
5297025,2025-11-12 14:45:00,validation
10087384,2025-11-12 15:00:00,validation
10087385,2025-11-12 18:00:00,validation
10087386,2025-11-12 21:00:00,validation
5560861,2025-11-13 05:00:00,validation
5560860,2025-11-13 07:10:00,validation
5563916,2025-11-13 09:30:00,validation
10087391,2025-11-13 12:00:00,validation
5563915,2025-11-13 13:05:00,validation
10087392,2025-11-13 15:00:00,validation
10087393,2025-11-13 18:00:00,validation
10087394,2025-11-13 21:00:00,validation
5572641,2025-11-14 11:00:00,validation
10087387,2025-11-14 12:00:00,validation
5574452,2025-11-14 13:30:00,validation
10087388,2025-11-14 15:00:00,validation
10087389,2025-11-14 18:00:00,validation
10087390,2025-11-14 21:20:00,validation
5583021,2025-11-15 10:30:00,validation
10087398,2025-11-15 11:00:00,validation
5585218,2025-11-15 13:15:00,validation
10087399,2025-11-15 15:00:00,validation
10087400,2025-11-15 18:00:00,validation
10087401,2025-11-15 21:00:00,validation
5594624,2025-11-16 11:00:00,validation
10087402,2025-11-16 12:00:00,validation
10087403,2025-11-16 15:00:00,validation
10087404,2025-11-16 18:00:00,validation
10087405,2025-11-16 21:00:00,validation
10087534,2025-11-17 15:00:00,validation
10087535,2025-11-17 18:00:00,validation
10087536,2025-11-17 21:00:00,validation
10087531,2025-11-18 15:00:00,validation
10087532,2025-11-18 18:00:00,validation
5614391,2025-11-18 21:00:00,validation
5606394,2025-11-18 22:30:00,validation
10087537,2025-11-19 15:00:00,validation
10087538,2025-11-19 18:00:00,validation
10087529,2025-11-19 21:00:00,validation
10087539,2025-11-19 22:00:00,validation
10087521,2025-11-20 12:00:00,validation
10087560,2025-11-20 12:00:00,validation
5633204,2025-11-20 15:00:00,validation
10087525,2025-11-20 15:00:00,validation
10087563,2025-11-20 18:00:00,validation
10087526,2025-11-20 18:30:00,validation
10087530,2025-11-20 21:00:00,validation
10087559,2025-11-20 21:00:00,validation
5618633,2025-11-20 22:00:00,validation
10087524,2025-11-21 12:00:00,validation
10087557,2025-11-21 12:00:00,validation
10087523,2025-11-21 15:45:00,validation
10087556,2025-11-21 15:45:00,validation
10087527,2025-11-21 18:00:00,validation
10087558,2025-11-21 18:00:00,validation
10087522,2025-11-21 21:00:00,validation
10087562,2025-11-21 21:00:00,validation
10087564,2025-11-22 12:00:00,validation
10087565,2025-11-22 12:00:00,validation
10087687,2025-11-22 14:30:00,validation
10087568,2025-11-22 15:00:00,validation
10087569,2025-11-22 15:00:00,validation
10087561,2025-11-22 18:00:00,validation
5642568,2025-11-22 18:25:00,validation
10087566,2025-11-22 21:00:00,validation
10087567,2025-11-22 21:00:00,validation
10087692,2025-11-23 12:45:00,validation
5661858,2025-11-23 14:00:00,validation
10087571,2025-11-23 14:00:00,validation
10087693,2025-11-23 15:50:00,validation
5662794,2025-11-23 16:00:00,validation
10087575,2025-11-23 17:10:00,validation
10087576,2025-11-23 20:00:00,validation
10087577,2025-11-23 20:00:00,validation
10087697,2025-11-24 12:00:00,validation
5462194,2025-11-24 15:00:00,validation
5462197,2025-11-24 15:00:00,validation
10087698,2025-11-24 15:15:00,validation
5462198,2025-11-24 16:15:00,validation
5462201,2025-11-24 16:15:00,validation
5462196,2025-11-24 17:15:00,validation
5462195,2025-11-24 17:20:00,validation
5462199,2025-11-24 18:20:00,validation
5462200,2025-11-24 18:25:00,validation
5677084,2025-11-24 22:00:00,validation
5677085,2025-11-24 22:15:00,validation
5677081,2025-11-24 23:05:00,validation
5677083,2025-11-24 23:35:00,validation
5677082,2025-11-25 00:05:00,validation
5677078,2025-11-25 01:15:00,validation
5677080,2025-11-25 01:25:00,validation
5677079,2025-11-25 02:30:00,validation
10087702,2025-11-25 14:30:00,validation
5678921,2025-11-25 17:00:00,validation
5678922,2025-11-25 17:00:00,validation
10087703,2025-11-25 17:30:00,validation
5678919,2025-11-25 18:10:00,validation
5678920,2025-11-25 18:10:00,validation
5678917,2025-11-25 19:05:00,validation
5678918,2025-11-25 19:20:00,validation
10087679,2025-11-25 19:50:00,validation
10087680,2025-11-25 19:50:00,validation
10087677,2025-11-25 19:55:00,validation
10087678,2025-11-25 19:55:00,validation
5678916,2025-11-25 21:05:00,validation
5678915,2025-11-25 21:30:00,validation
10087681,2025-11-26 14:00:00,validation
10087690,2025-11-26 14:55:00,validation
5684936,2025-11-26 17:00:00,validation
5684983,2025-11-26 17:00:00,validation
10087683,2025-11-26 18:30:00,validation
5684981,2025-11-26 19:00:00,validation
5684982,2025-11-26 19:15:00,validation
5685029,2025-11-26 22:30:00,validation
5685030,2025-11-26 22:30:00,validation
10087704,2025-11-27 10:00:00,validation
10087694,2025-11-27 12:00:00,validation
5692352,2025-11-27 17:00:00,validation
5692351,2025-11-27 20:00:00,validation
5692350,2025-11-27 22:15:00,validation
10087699,2025-11-28 12:00:00,validation
10087700,2025-11-28 14:30:00,validation
10087695,2025-11-28 17:30:00,validation
10087705,2025-11-29 12:00:00,validation
10087710,2025-11-29 15:00:00,validation
10087711,2025-11-29 15:00:00,validation
5699559,2025-11-29 16:10:00,validation
5699560,2025-11-29 16:10:00,validation
5699558,2025-11-29 17:05:00,validation
5699557,2025-11-29 17:20:00,validation
5699556,2025-11-29 18:05:00,validation
5699555,2025-11-29 18:15:00,validation
5711846,2025-11-29 20:00:00,validation
5711845,2025-11-29 20:05:00,validation
5711844,2025-11-29 21:05:00,validation
5711843,2025-11-29 21:10:00,validation
5711842,2025-11-29 22:15:00,validation
5711841,2025-11-29 22:20:00,validation
5711840,2025-11-29 23:25:00,validation
5711839,2025-11-29 23:30:00,validation
10087701,2025-11-30 12:00:00,validation
10087834,2025-11-30 12:00:00,validation
10087706,2025-11-30 15:00:00,validation
5713298,2025-11-30 17:00:00,validation
5713299,2025-11-30 17:00:00,validation
10087691,2025-11-30 17:30:00,validation
5713296,2025-11-30 18:00:00,validation
5713297,2025-11-30 18:00:00,validation
5713292,2025-11-30 19:15:00,validation
5713295,2025-11-30 19:15:00,validation
5713294,2025-11-30 21:30:00,validation
5713293,2025-11-30 22:00:00,validation
10087696,2025-12-01 14:30:00,validation
5718846,2025-12-01 17:00:00,validation
5718847,2025-12-01 17:15:00,validation
5718844,2025-12-01 19:20:00,validation
5718845,2025-12-01 20:15:00,validation
5718842,2025-12-01 22:45:00,validation
5718843,2025-12-01 23:30:00,validation
10087859,2025-12-02 00:00:00,validation
10087882,2025-12-02 12:00:00,validation
10087860,2025-12-02 14:30:00,validation
10087883,2025-12-02 15:10:00,validation
5725246,2025-12-02 17:00:00,validation
10087884,2025-12-02 18:00:00,validation
5725245,2025-12-02 20:10:00,validation
10087885,2025-12-02 21:00:00,validation
5725244,2025-12-02 22:20:00,validation
10087861,2025-12-03 12:00:00,validation
10087916,2025-12-03 12:00:00,validation
10087862,2025-12-03 15:00:00,validation
10087917,2025-12-03 15:00:00,validation
5722850,2025-12-03 17:30:00,validation
10087918,2025-12-03 19:15:00,validation
5724509,2025-12-03 22:30:00,validation
10087863,2025-12-04 12:00:00,validation
10087964,2025-12-04 12:00:00,validation
5731275,2025-12-04 15:00:00,validation
5731276,2025-12-04 15:00:00,validation
10087965,2025-12-04 15:00:00,validation
5731273,2025-12-04 16:30:00,validation
5731274,2025-12-04 16:30:00,validation
10087924,2025-12-04 17:35:00,validation
5731271,2025-12-04 17:50:00,validation
10087966,2025-12-04 18:00:00,validation
5731269,2025-12-04 18:45:00,validation
5731270,2025-12-04 19:00:00,validation
5743105,2025-12-04 20:40:00,validation
5743104,2025-12-04 21:00:00,validation
10087967,2025-12-04 21:30:00,validation
5743102,2025-12-04 21:50:00,validation
5743103,2025-12-04 21:50:00,validation
5743100,2025-12-04 22:45:00,validation
5743101,2025-12-04 22:45:00,validation
5743098,2025-12-05 00:00:00,validation
5743099,2025-12-05 00:00:00,validation
10087865,2025-12-05 12:00:00,validation
10087968,2025-12-05 12:00:00,validation
10087992,2025-12-05 12:00:00,validation
10087866,2025-12-05 14:30:00,validation
10087969,2025-12-05 15:00:00,validation
10087990,2025-12-05 15:00:00,validation
10087972,2025-12-05 17:00:00,validation
10087973,2025-12-05 17:00:00,validation
10087975,2025-12-05 17:55:00,validation
10087970,2025-12-05 18:00:00,validation
10087974,2025-12-05 18:00:00,validation
10087988,2025-12-05 18:05:00,validation
5744437,2025-12-05 18:55:00,validation
5744438,2025-12-05 19:15:00,validation
10087996,2025-12-05 21:00:00,validation
5744435,2025-12-05 21:05:00,validation
10087971,2025-12-05 21:30:00,validation
5744436,2025-12-05 22:50:00,validation
10087941,2025-12-06 09:00:00,validation
10087867,2025-12-06 12:00:00,validation
10087993,2025-12-06 12:00:00,validation
10088023,2025-12-06 12:00:00,validation
10087942,2025-12-06 12:30:00,validation
10087936,2025-12-06 14:30:00,validation
10087987,2025-12-06 15:00:00,validation
10088024,2025-12-06 15:15:00,validation
10087943,2025-12-06 16:00:00,validation
5751087,2025-12-06 17:00:00,validation
5751088,2025-12-06 17:00:00,validation
10088021,2025-12-06 18:00:00,validation
5709426,2025-12-06 19:20:00,validation
5751131,2025-12-06 19:35:00,validation
5751130,2025-12-06 19:55:00,validation
10088022,2025-12-06 21:00:00,validation
5751128,2025-12-06 22:15:00,validation
10087995,2025-12-06 22:20:00,validation
5751129,2025-12-06 23:05:00,validation
10087963,2025-12-07 12:00:00,validation
10087989,2025-12-07 12:00:00,validation
10088019,2025-12-07 12:00:00,validation
10087944,2025-12-07 12:45:00,validation
10087980,2025-12-07 14:30:00,validation
5741637,2025-12-07 15:00:00,validation
10087991,2025-12-07 15:00:00,validation
5757370,2025-12-07 17:00:00,validation
10087999,2025-12-07 18:00:00,validation
10088017,2025-12-07 18:30:00,validation
5757369,2025-12-07 19:30:00,validation
10087997,2025-12-07 21:45:00,validation
10088018,2025-12-07 21:45:00,validation
5757368,2025-12-07 22:00:00,validation
10088039,2025-12-08 10:00:00,validation
10087998,2025-12-08 12:00:00,validation
10088047,2025-12-08 14:00:00,validation
10088048,2025-12-08 14:00:00,validation
10088030,2025-12-08 14:30:00,validation
10088049,2025-12-08 17:45:00,validation
10088050,2025-12-08 17:45:00,validation
10088025,2025-12-08 18:00:00,validation
10088040,2025-12-08 18:00:00,validation
10088031,2025-12-08 21:00:00,validation
10088053,2025-12-08 21:00:00,validation
10088054,2025-12-08 21:10:00,validation
10088041,2025-12-08 21:15:00,validation
10088045,2025-12-09 12:00:00,validation
10088051,2025-12-09 14:00:00,validation
10088052,2025-12-09 14:00:00,validation
10088038,2025-12-09 15:00:00,validation
10088042,2025-12-09 15:00:00,validation
10088055,2025-12-09 17:00:00,validation
10088043,2025-12-09 18:00:00,validation
5771030,2025-12-09 18:15:00,validation
10088059,2025-12-09 20:00:00,validation
5771598,2025-12-09 20:35:00,validation
5762768,2025-12-09 21:45:00,validation
10088046,2025-12-10 12:00:00,validation
10088186,2025-12-10 15:00:00,validation
10088187,2025-12-10 18:00:00,validation
10088188,2025-12-10 21:00:00,validation
10088214,2025-12-11 01:00:00,validation
10088211,2025-12-11 15:00:00,validation
10088217,2025-12-11 18:00:00,validation
5763121,2025-12-11 19:00:00,validation
10088210,2025-12-11 21:00:00,validation
5763120,2025-12-11 22:05:00,validation
10088209,2025-12-12 12:00:00,validation
10088213,2025-12-12 15:00:00,validation
5777137,2025-12-12 18:30:00,validation
5763118,2025-12-12 19:00:00,validation
10088216,2025-12-12 21:25:00,validation
5763119,2025-12-12 22:00:00,validation
5783570,2025-12-13 19:00:00,validation
5790721,2025-12-13 23:00:00,validation
10088238,2025-12-14 14:00:00,validation
5796076,2025-12-14 17:30:00,validation
10088240,2025-12-14 18:00:00,validation
5796473,2025-12-14 20:00:00,validation
10088239,2025-12-14 21:00:00,validation
10088257,2025-12-18 13:00:00,validation
10088268,2025-12-18 19:30:00,validation
10088258,2025-12-19 13:00:00,validation
10088218,2025-12-20 09:00:00,validation
10088219,2025-12-20 12:35:00,validation
10088220,2025-12-20 16:20:00,validation
10088221,2025-12-20 19:00:00,validation
10088222,2025-12-21 09:00:00,validation
10088058,2025-12-21 11:00:00,validation
10088223,2025-12-21 12:20:00,validation
10088262,2025-12-21 13:00:00,validation
10088060,2025-12-21 16:00:00,validation
10088224,2025-12-21 16:30:00,validation
10088225,2025-12-21 19:15:00,validation
10088263,2025-12-21 19:40:00,validation
10088226,2025-12-22 09:00:00,validation
10088227,2025-12-22 12:05:00,validation
10088264,2025-12-22 13:00:00,validation
10088228,2025-12-22 15:10:00,validation
10088265,2025-12-22 16:00:00,validation
10088229,2025-12-22 18:15:00,validation
10088230,2025-12-23 09:00:00,validation
10088231,2025-12-23 11:30:00,validation
10088338,2025-12-23 15:00:00,validation
10088232,2025-12-23 15:10:00,validation
10088233,2025-12-23 18:15:00,validation
10088352,2025-12-28 16:00:00,validation
5842295,2026-01-03 08:00:00,validation
5842337,2026-01-03 08:00:00,validation
5842335,2026-01-03 11:00:00,validation
5849508,2026-01-03 12:00:00,validation
5898417,2026-01-03 14:00:00,validation
5898418,2026-01-03 15:40:00,validation
5899425,2026-01-03 16:15:00,validation
5899426,2026-01-03 18:30:00,validation
5900141,2026-01-03 18:45:00,validation
5900903,2026-01-03 22:00:00,validation
5900902,2026-01-04 10:00:00,validation
5901567,2026-01-04 10:00:00,validation
5904850,2026-01-04 14:30:00,validation
5905288,2026-01-04 17:45:00,validation
5903743,2026-01-04 18:00:00,validation
5903744,2026-01-04 18:00:00,validation
5903745,2026-01-04 18:00:00,validation
5903746,2026-01-04 18:00:00,validation
5905770,2026-01-04 22:00:00,validation
5905771,2026-01-04 22:00:00,validation
10088496,2026-01-05 01:00:00,validation
10088495,2026-01-05 03:15:00,validation
10088431,2026-01-05 11:00:00,validation
10088432,2026-01-05 11:00:00,validation
10088433,2026-01-05 14:00:00,validation
10088434,2026-01-05 14:15:00,validation
5906878,2026-01-05 17:35:00,validation
10088436,2026-01-05 17:35:00,validation
10088588,2026-01-10 04:00:00,validation
10088589,2026-01-10 04:00:00,validation
10088593,2026-01-10 07:00:00,validation
10088594,2026-01-10 07:00:00,validation
10088590,2026-01-10 21:15:00,validation
10088591,2026-01-10 21:15:00,validation
10088595,2026-01-11 00:00:00,validation
10088596,2026-01-11 00:00:00,validation
10088592,2026-01-11 03:00:00,validation
10088597,2026-01-11 06:00:00,validation
10088598,2026-01-11 21:00:00,validation
10088599,2026-01-12 00:00:00,validation
5946902,2026-01-12 04:00:00,validation
5925478,2026-01-13 14:00:00,validation
5925555,2026-01-13 16:30:00,validation
5925554,2026-01-13 19:00:00,validation
5925553,2026-01-13 22:20:00,validation
5925552,2026-01-14 14:00:00,validation
5957749,2026-01-14 17:00:00,validation
5925550,2026-01-14 18:35:00,validation
10088763,2026-01-14 20:00:00,validation
5925549,2026-01-14 22:15:00,validation
10088762,2026-01-14 22:30:00,validation
10088761,2026-01-15 01:00:00,validation
10088764,2026-01-15 04:00:00,validation
5925547,2026-01-15 14:00:00,validation
5925546,2026-01-15 15:50:00,validation
5925545,2026-01-15 19:00:00,validation
10088767,2026-01-15 19:00:00,validation
10088768,2026-01-15 22:00:00,validation
5925544,2026-01-15 22:30:00,validation
10088765,2026-01-16 01:00:00,validation
10088766,2026-01-16 04:00:00,validation
5925548,2026-01-16 13:00:00,validation
5925543,2026-01-16 15:55:00,validation
5925542,2026-01-16 18:00:00,validation
5925541,2026-01-16 20:00:00,validation
10088769,2026-01-16 22:00:00,validation
10088770,2026-01-17 01:00:00,validation
10088773,2026-01-17 04:00:00,validation
10088782,2026-01-17 10:00:00,validation
10088781,2026-01-17 13:00:00,validation
6019789,2026-01-17 14:00:00,validation
10088904,2026-01-17 14:00:00,validation
10088779,2026-01-17 16:00:00,validation
6019788,2026-01-17 16:30:00,validation
10088905,2026-01-17 17:00:00,validation
6019787,2026-01-17 19:10:00,validation
6021205,2026-01-17 20:00:00,validation
10088884,2026-01-17 20:00:00,validation
10088885,2026-01-17 20:00:00,validation
10088886,2026-01-17 20:00:00,validation
10088887,2026-01-17 20:00:00,validation
10088888,2026-01-17 20:00:00,validation
10088890,2026-01-17 20:00:00,validation
10088891,2026-01-17 20:50:00,validation
6020630,2026-01-17 21:00:00,validation
10088893,2026-01-17 21:15:00,validation
10088894,2026-01-17 21:15:00,validation
10088895,2026-01-17 21:30:00,validation
10088892,2026-01-17 21:45:00,validation
10088771,2026-01-17 22:00:00,validation
6019786,2026-01-17 22:40:00,validation
10088772,2026-01-18 04:00:00,validation
10088780,2026-01-18 10:00:00,validation
10088943,2026-01-18 12:00:00,validation
10088778,2026-01-18 13:00:00,validation
6019785,2026-01-18 14:00:00,validation
10088908,2026-01-18 14:00:00,validation
10088944,2026-01-18 15:00:00,validation
6019784,2026-01-18 15:50:00,validation
10088775,2026-01-18 17:10:00,validation
10088945,2026-01-18 18:00:00,validation
10088909,2026-01-18 18:15:00,validation
6019783,2026-01-18 18:35:00,validation
10088946,2026-01-18 21:00:00,validation
6019782,2026-01-18 21:05:00,validation
10088910,2026-01-18 21:30:00,validation
10088774,2026-01-19 02:00:00,validation
10088776,2026-01-19 06:00:00,validation
6019352,2026-01-19 09:00:00,validation
10088947,2026-01-19 12:00:00,validation
10088948,2026-01-19 15:00:00,validation
10088949,2026-01-19 18:00:00,validation
10088950,2026-01-19 21:00:00,validation
10089013,2026-01-20 12:00:00,validation
10089014,2026-01-20 15:00:00,validation
10089015,2026-01-20 18:00:00,validation
10089016,2026-01-20 21:00:00,validation
10089009,2026-01-21 12:00:00,validation
6059495,2026-01-21 13:00:00,validation
6059496,2026-01-21 13:00:00,validation
6059497,2026-01-21 13:00:00,validation
6059583,2026-01-21 13:00:00,validation
10089010,2026-01-21 15:00:00,validation
6059579,2026-01-21 17:00:00,validation
6059582,2026-01-21 17:15:00,validation
6059580,2026-01-21 17:20:00,validation
6059581,2026-01-21 17:50:00,validation
10089011,2026-01-21 18:00:00,validation
6085805,2026-01-21 20:15:00,validation
6086242,2026-01-21 20:15:00,validation
10089012,2026-01-21 21:00:00,validation
6088852,2026-01-21 22:40:00,validation
6085809,2026-01-21 22:45:00,validation
6086243,2026-01-21 23:10:00,validation
6087637,2026-01-21 23:30:00,validation
6088851,2026-01-22 01:15:00,validation
6087636,2026-01-22 01:30:00,validation
10089189,2026-01-22 12:00:00,validation
10089190,2026-01-22 15:00:00,validation
6091114,2026-01-22 16:00:00,validation
6091292,2026-01-22 16:00:00,validation
6091998,2026-01-22 16:00:00,validation
6093749,2026-01-22 16:00:00,validation
6089303,2026-01-22 18:00:00,validation
10089191,2026-01-22 18:40:00,validation
6091290,2026-01-22 19:00:00,validation
6091819,2026-01-22 19:00:00,validation
6100425,2026-01-22 19:00:00,validation
6100982,2026-01-22 20:00:00,validation
6089302,2026-01-22 21:00:00,validation
10089192,2026-01-22 21:00:00,validation
6102259,2026-01-22 23:00:00,validation
6102336,2026-01-22 23:00:00,validation
10089114,2026-01-23 06:00:00,validation
10089115,2026-01-23 09:30:00,validation
10089193,2026-01-23 12:00:00,validation
10089198,2026-01-23 12:00:00,validation
10089194,2026-01-23 15:00:00,validation
10089199,2026-01-23 15:00:00,validation
6055818,2026-01-23 15:15:00,validation
6089301,2026-01-23 18:00:00,validation
6089722,2026-01-23 18:00:00,validation
10089200,2026-01-23 18:00:00,validation
6055724,2026-01-23 18:35:00,validation
6101791,2026-01-23 19:00:00,validation
10089006,2026-01-23 19:00:00,validation
6089300,2026-01-23 20:50:00,validation
10089201,2026-01-23 21:00:00,validation
10089196,2026-01-23 21:35:00,validation
6113540,2026-01-23 23:05:00,validation
10089117,2026-01-24 10:00:00,validation
10089202,2026-01-24 12:00:00,validation
6112719,2026-01-24 13:00:00,validation
10089203,2026-01-24 15:00:00,validation
10089229,2026-01-24 15:00:00,validation
6102910,2026-01-24 18:00:00,validation
10089230,2026-01-24 18:00:00,validation
6114038,2026-01-24 21:20:00,validation
6113972,2026-01-24 21:30:00,validation
10089205,2026-01-24 21:40:00,validation
10089119,2026-01-25 12:00:00,validation
10089362,2026-01-25 12:00:00,validation
10089384,2026-01-25 12:30:00,validation
10089232,2026-01-25 15:00:00,validation
10089363,2026-01-25 15:00:00,validation
10089385,2026-01-25 17:10:00,validation
6121896,2026-01-25 18:00:00,validation
10089233,2026-01-25 18:00:00,validation
10089386,2026-01-25 20:00:00,validation
10089361,2026-01-25 21:00:00,validation
10089234,2026-01-25 21:45:00,validation
10089387,2026-01-25 22:15:00,validation
10089366,2026-01-26 12:00:00,validation
10089388,2026-01-26 12:30:00,validation
10089367,2026-01-26 15:00:00,validation
10089369,2026-01-26 15:00:00,validation
10089389,2026-01-26 15:30:00,validation
10089368,2026-01-26 18:00:00,validation
10089370,2026-01-26 18:00:00,validation
10089391,2026-01-26 18:45:00,validation
10089365,2026-01-26 21:00:00,validation
10089371,2026-01-26 21:25:00,validation
10089392,2026-01-26 21:30:00,validation
6120648,2026-01-27 11:00:00,validation
6120649,2026-01-27 11:00:00,validation
6120700,2026-01-27 11:00:00,validation
10089429,2026-01-27 12:00:00,validation
10089492,2026-01-27 12:00:00,validation
10089417,2026-01-27 12:30:00,validation
10089494,2026-01-27 13:30:00,test
10089436,2026-01-27 14:45:00,test
10089437,2026-01-27 14:45:00,test
10089440,2026-01-27 14:45:00,test
10089430,2026-01-27 15:00:00,test
10089450,2026-01-27 15:00:00,test
10089418,2026-01-27 15:30:00,test
10089438,2026-01-27 17:40:00,test
6139933,2026-01-27 18:00:00,test
10089451,2026-01-27 18:00:00,test
10089419,2026-01-27 18:45:00,test
10089424,2026-01-27 21:00:00,test
10089448,2026-01-27 21:00:00,test
10089420,2026-01-27 21:30:00,test
6148224,2026-01-28 11:00:00,test
10089431,2026-01-28 12:00:00,test
10089495,2026-01-28 12:00:00,test
10089449,2026-01-28 12:10:00,test
10089421,2026-01-28 12:30:00,test
6029638,2026-01-28 13:00:00,test
6029639,2026-01-28 13:00:00,test
10089497,2026-01-28 14:30:00,test
6153365,2026-01-28 15:10:00,test
10089455,2026-01-28 15:25:00,test
6029741,2026-01-28 15:30:00,test
10089422,2026-01-28 15:30:00,test
10089426,2026-01-28 15:30:00,test
6029740,2026-01-28 16:05:00,test
6029743,2026-01-28 18:00:00,test
6154302,2026-01-28 18:00:00,test
10089428,2026-01-28 18:00:00,test
6139983,2026-01-28 18:30:00,test
10089423,2026-01-28 18:30:00,test
6029742,2026-01-28 18:55:00,test
6029637,2026-01-28 20:30:00,test
10089425,2026-01-28 21:00:00,test
10089453,2026-01-28 21:00:00,test
10089390,2026-01-28 22:00:00,test
6029744,2026-01-28 22:20:00,test
10089447,2026-01-29 12:00:00,test
10089498,2026-01-29 12:00:00,test
10089478,2026-01-29 12:30:00,test
10089446,2026-01-29 15:00:00,test
10089487,2026-01-29 15:00:00,test
10089499,2026-01-29 15:00:00,test
10089479,2026-01-29 15:30:00,test
6153846,2026-01-29 16:00:00,test
6155134,2026-01-29 16:00:00,test
10089488,2026-01-29 18:00:00,test
6157399,2026-01-29 18:30:00,test
10089480,2026-01-29 18:30:00,test
6156556,2026-01-29 18:45:00,test
10089457,2026-01-29 18:45:00,test
6157398,2026-01-29 21:00:00,test
10089459,2026-01-29 21:00:00,test
6156559,2026-01-29 21:25:00,test
10089481,2026-01-29 21:45:00,test
10089489,2026-01-30 12:00:00,test
10089500,2026-01-30 12:00:00,test
10089482,2026-01-30 12:30:00,test
6165008,2026-01-30 14:00:00,test
10089490,2026-01-30 15:00:00,test
10089501,2026-01-30 15:15:00,test
10089483,2026-01-30 15:30:00,test
6153847,2026-01-30 16:00:00,test
6155132,2026-01-30 16:00:00,test
10089475,2026-01-30 17:20:00,test
10089491,2026-01-30 18:00:00,test
6166073,2026-01-30 18:30:00,test
10089484,2026-01-30 18:30:00,test
6164918,2026-01-30 19:10:00,test
10089469,2026-01-30 21:00:00,test
10089471,2026-01-30 21:15:00,test
10089485,2026-01-30 21:30:00,test
10089477,2026-01-30 21:35:00,test
6155012,2026-01-31 10:00:00,test
6155014,2026-01-31 10:00:00,test
10089593,2026-01-31 12:00:00,test
6155011,2026-01-31 13:00:00,test
6155013,2026-01-31 13:00:00,test
10089496,2026-01-31 14:30:00,test
10089594,2026-01-31 15:00:00,test
10089612,2026-01-31 15:30:00,test
6176202,2026-01-31 16:00:00,test
6176203,2026-01-31 16:00:00,test
6183720,2026-01-31 16:40:00,test
10089514,2026-01-31 17:30:00,test
10089595,2026-01-31 18:15:00,test
6146355,2026-01-31 18:20:00,test
6176385,2026-01-31 18:30:00,test
10089613,2026-01-31 18:30:00,test
6176383,2026-01-31 19:45:00,test
10089509,2026-01-31 20:10:00,test
6176201,2026-01-31 21:00:00,test
6184074,2026-01-31 21:10:00,test
10089614,2026-01-31 21:30:00,test
6176382,2026-01-31 22:15:00,test
10089511,2026-01-31 23:00:00,test
10089516,2026-02-01 01:00:00,test
10089517,2026-02-01 10:00:00,test
10089522,2026-02-01 10:00:00,test
10089502,2026-02-01 12:00:00,test
6155009,2026-02-01 13:35:00,test
10089523,2026-02-01 14:00:00,test
10089503,2026-02-01 15:15:00,test
10089615,2026-02-01 15:30:00,test
6176200,2026-02-01 16:00:00,test
6176380,2026-02-01 16:00:00,test
10089519,2026-02-01 16:00:00,test
10089524,2026-02-01 16:45:00,test
6185231,2026-02-01 18:30:00,test
10089616,2026-02-01 18:30:00,test
6185230,2026-02-01 19:15:00,test
10089520,2026-02-01 19:20:00,test
10089525,2026-02-01 20:35:00,test
10089617,2026-02-01 21:30:00,test
6185835,2026-02-01 21:45:00,test
6185837,2026-02-01 22:30:00,test
10089521,2026-02-01 22:30:00,test
10089526,2026-02-01 23:00:00,test
10089504,2026-02-02 12:00:00,test
10089619,2026-02-02 12:00:00,test
10089641,2026-02-02 12:00:00,test
10089642,2026-02-02 12:00:00,test
10089505,2026-02-02 15:00:00,test
10089618,2026-02-02 15:00:00,test
10089640,2026-02-02 15:00:00,test
10089643,2026-02-02 15:15:00,test
10089723,2026-02-02 15:30:00,test
6186574,2026-02-02 16:00:00,test
6193807,2026-02-02 16:00:00,test
10089645,2026-02-02 18:00:00,test
10089644,2026-02-02 18:15:00,test
10089620,2026-02-02 18:25:00,test
6186573,2026-02-02 18:30:00,test
6193806,2026-02-02 18:30:00,test
10089724,2026-02-02 18:30:00,test
10089623,2026-02-02 21:00:00,test
10089646,2026-02-02 21:00:00,test
10089647,2026-02-02 21:00:00,test
6196158,2026-02-02 21:20:00,test
6196374,2026-02-02 21:30:00,test
10089725,2026-02-02 21:45:00,test
10089621,2026-02-03 11:00:00,test
6203394,2026-02-03 12:00:00,test
10089648,2026-02-03 12:00:00,test
10089649,2026-02-03 12:00:00,test
10089734,2026-02-03 12:30:00,test
10089624,2026-02-03 15:00:00,test
10089733,2026-02-03 15:45:00,test
6206315,2026-02-03 16:00:00,test
6206465,2026-02-03 16:00:00,test
6207740,2026-02-03 16:00:00,test
10089650,2026-02-03 16:00:00,test
6188588,2026-02-03 18:30:00,test
6196157,2026-02-03 18:30:00,test
6207684,2026-02-03 18:30:00,test
10089732,2026-02-03 18:30:00,test
6216021,2026-02-03 19:35:00,test
10089735,2026-02-03 21:30:00,test
6204833,2026-02-03 21:40:00,test
10089622,2026-02-03 21:40:00,test
6215558,2026-02-03 22:10:00,test
10089653,2026-02-03 23:10:00,test
6203393,2026-02-04 12:00:00,test
10089738,2026-02-04 12:00:00,test
10089729,2026-02-04 12:30:00,test
10089726,2026-02-04 15:00:00,test
10089731,2026-02-04 15:30:00,test
10089720,2026-02-04 18:00:00,test
10089728,2026-02-04 18:30:00,test
10089727,2026-02-04 21:00:00,test
10089730,2026-02-04 21:30:00,test
10089745,2026-02-05 12:00:00,test
10089746,2026-02-05 12:30:00,test
6229102,2026-02-05 15:00:00,test
10089747,2026-02-05 15:30:00,test
10089767,2026-02-05 18:00:00,test
10089736,2026-02-05 18:30:00,test
10089737,2026-02-05 21:30:00,test
10089764,2026-02-06 13:00:00,test
10089782,2026-02-06 13:00:00,test
10089783,2026-02-06 16:00:00,test
10089765,2026-02-06 16:25:00,test
6218296,2026-02-06 17:45:00,test
6239442,2026-02-06 19:35:00,test
6247002,2026-02-06 20:45:00,test
6218295,2026-02-06 21:00:00,test
6239440,2026-02-06 23:00:00,test
10089786,2026-02-07 13:00:00,test
6249014,2026-02-07 16:00:00,test
6246926,2026-02-07 17:45:00,test
6248502,2026-02-07 22:10:00,test
10089836,2026-02-08 12:00:00,test
10089837,2026-02-08 15:00:00,test
6258176,2026-02-08 15:30:00,test
6255972,2026-02-08 16:00:00,test
10089838,2026-02-08 18:00:00,test
6258175,2026-02-08 19:00:00,test
10089824,2026-02-08 20:00:00,test
10089825,2026-02-08 20:00:00,test
10089826,2026-02-08 20:00:00,test
10089827,2026-02-08 20:00:00,test
10089828,2026-02-08 20:00:00,test
10089829,2026-02-08 20:00:00,test
10089830,2026-02-08 20:00:00,test
10089831,2026-02-08 20:00:00,test
10089834,2026-02-08 21:00:00,test
10089833,2026-02-08 21:25:00,test
10089839,2026-02-08 21:25:00,test
10089835,2026-02-08 21:30:00,test
10089832,2026-02-08 21:40:00,test
10089840,2026-02-09 12:00:00,test
10089841,2026-02-09 15:00:00,test
10089842,2026-02-09 18:00:00,test
10089944,2026-02-10 12:00:00,test
6279563,2026-02-10 13:00:00,test
6279565,2026-02-10 13:00:00,test
6279564,2026-02-10 13:30:00,test
6279566,2026-02-10 13:30:00,test
6279559,2026-02-10 16:00:00,test
6279560,2026-02-10 16:00:00,test
6279562,2026-02-10 16:00:00,test
6279561,2026-02-10 17:15:00,test
10089946,2026-02-10 18:00:00,test
6291417,2026-02-10 19:05:00,test
10089930,2026-02-10 20:15:00,test
10089947,2026-02-10 21:00:00,test
10089920,2026-02-10 21:15:00,test
10089929,2026-02-10 21:35:00,test
6293011,2026-02-10 22:05:00,test
10089932,2026-02-10 22:55:00,test
6293010,2026-02-10 23:50:00,test
10089925,2026-02-11 00:00:00,test
10089948,2026-02-11 12:00:00,test
10089949,2026-02-11 15:00:00,test
6294993,2026-02-11 16:00:00,test
6294994,2026-02-11 16:00:00,test
6296716,2026-02-11 16:00:00,test
6297396,2026-02-11 16:00:00,test
10089950,2026-02-11 18:00:00,test
6294995,2026-02-11 19:00:00,test
10089927,2026-02-11 19:00:00,test
10089937,2026-02-11 19:00:00,test
10089938,2026-02-11 19:30:00,test
10089951,2026-02-11 21:00:00,test
10089939,2026-02-11 23:00:00,test
10089940,2026-02-11 23:00:00,test
10090035,2026-02-12 12:00:00,test
10090020,2026-02-12 14:15:00,test
10090021,2026-02-12 14:15:00,test
10090022,2026-02-12 16:30:00,test
10090023,2026-02-12 16:30:00,test
10090037,2026-02-12 18:00:00,test
10090024,2026-02-12 18:30:00,test
6307958,2026-02-12 19:00:00,test
10089941,2026-02-12 19:00:00,test
10090038,2026-02-12 21:00:00,test
10090025,2026-02-12 21:15:00,test
10089942,2026-02-12 22:00:00,test
6246318,2026-02-13 00:30:00,test
10090039,2026-02-13 12:00:00,test
10090028,2026-02-13 12:35:00,test
10090040,2026-02-13 15:00:00,test
6320013,2026-02-13 16:00:00,test
10090041,2026-02-13 18:00:00,test
10090030,2026-02-13 18:30:00,test
10090042,2026-02-13 21:00:00,test
6242508,2026-02-14 11:30:00,test
6242509,2026-02-14 11:30:00,test
10090058,2026-02-14 12:00:00,test
10090059,2026-02-14 12:00:00,test
10090060,2026-02-14 12:00:00,test
10090061,2026-02-14 12:00:00,test
6242507,2026-02-14 14:00:00,test
10090072,2026-02-14 14:00:00,test
6242506,2026-02-14 14:50:00,test
10090062,2026-02-14 15:00:00,test
10090063,2026-02-14 15:00:00,test
10090067,2026-02-14 15:00:00,test
10090032,2026-02-14 15:30:00,test
10090068,2026-02-14 16:00:00,test
10090073,2026-02-14 17:25:00,test
10090033,2026-02-14 17:30:00,test
6242504,2026-02-14 17:35:00,test
6242505,2026-02-14 17:40:00,test
10090064,2026-02-14 18:00:00,test
10090069,2026-02-14 18:00:00,test
10090065,2026-02-14 19:20:00,test
6242502,2026-02-14 19:55:00,test
6347628,2026-02-14 20:45:00,test
10090074,2026-02-14 21:00:00,test
6242503,2026-02-14 21:30:00,test
6349583,2026-02-15 11:00:00,test
6349582,2026-02-15 11:15:00,test
10090066,2026-02-15 12:00:00,test
10090096,2026-02-15 12:00:00,test
6349673,2026-02-15 13:25:00,test
6349674,2026-02-15 13:35:00,test
10090075,2026-02-15 15:00:00,test
10090097,2026-02-15 15:00:00,test
6359492,2026-02-15 15:45:00,test
6349671,2026-02-15 16:30:00,test
6349672,2026-02-15 17:00:00,test
10090076,2026-02-15 18:00:00,test
10090098,2026-02-15 18:00:00,test
10090070,2026-02-15 18:30:00,test
6349669,2026-02-15 19:30:00,test
6349670,2026-02-15 20:40:00,test
10090077,2026-02-15 21:00:00,test
10090099,2026-02-15 21:00:00,test
6363780,2026-02-16 11:00:00,test
6363781,2026-02-16 11:00:00,test
10090100,2026-02-16 12:00:00,test
6363779,2026-02-16 14:05:00,test
6363778,2026-02-16 14:45:00,test
10090105,2026-02-16 15:00:00,test
6363776,2026-02-16 16:15:00,test
10090103,2026-02-16 18:00:00,test
10090106,2026-02-16 18:00:00,test
6363777,2026-02-16 18:10:00,test
6363774,2026-02-16 19:10:00,test
6363775,2026-02-16 20:10:00,test
10090107,2026-02-16 21:15:00,test
10090104,2026-02-16 21:30:00,test
10090137,2026-02-17 12:00:00,test
6379243,2026-02-17 13:00:00,test
6379244,2026-02-17 13:00:00,test
6379241,2026-02-17 15:05:00,test
10090155,2026-02-17 15:20:00,test
6379242,2026-02-17 15:35:00,test
10090142,2026-02-17 15:40:00,test
6379239,2026-02-17 17:25:00,test
6379240,2026-02-17 18:25:00,test
10090156,2026-02-17 18:40:00,test
6379910,2026-02-17 19:40:00,test
10090157,2026-02-17 21:00:00,test
6379909,2026-02-17 22:45:00,test
10090143,2026-02-18 12:00:00,test
10090158,2026-02-18 12:00:00,test
6401002,2026-02-18 13:00:00,test
10090141,2026-02-18 15:00:00,test
10090159,2026-02-18 15:00:00,test
6401001,2026-02-18 15:20:00,test
10090138,2026-02-18 18:00:00,test
10090160,2026-02-18 18:15:00,test
6401000,2026-02-18 19:05:00,test
10090144,2026-02-18 21:00:00,test
10090161,2026-02-18 21:00:00,test
10090162,2026-02-19 12:00:00,test
6333590,2026-02-19 13:00:00,test
10090175,2026-02-19 13:00:00,test
6442356,2026-02-19 14:30:00,test
6442357,2026-02-19 14:30:00,test
10090146,2026-02-19 15:00:00,test
10090195,2026-02-19 15:00:00,test
10090178,2026-02-19 18:00:00,test
10090196,2026-02-19 18:00:00,test
10090145,2026-02-19 19:00:00,test
10090153,2026-02-19 21:00:00,test
10090197,2026-02-19 21:00:00,test
6333767,2026-02-19 22:00:00,test
10090179,2026-02-19 22:00:00,test
10090181,2026-02-19 23:00:00,test
6452396,2026-02-19 23:25:00,test
10090183,2026-02-20 01:15:00,test
6423319,2026-02-20 11:00:00,test
10090198,2026-02-20 12:00:00,test
6333765,2026-02-20 13:00:00,test
6333766,2026-02-20 13:00:00,test
10090171,2026-02-20 14:00:00,test
6470202,2026-02-20 14:30:00,test
10090187,2026-02-20 14:30:00,test
10090199,2026-02-20 15:00:00,test
6423318,2026-02-20 15:10:00,test
6472367,2026-02-20 17:00:00,test
10090172,2026-02-20 17:00:00,test
10090200,2026-02-20 18:20:00,test
6423317,2026-02-20 18:55:00,test
10090190,2026-02-20 20:00:00,test
6333764,2026-02-20 20:10:00,test
10090173,2026-02-20 20:30:00,test
10090201,2026-02-20 21:00:00,test
10090191,2026-02-20 21:30:00,test
10090192,2026-02-20 21:30:00,test
6423316,2026-02-20 21:50:00,test
10090286,2026-02-21 00:00:00,test
10090193,2026-02-21 00:30:00,test
10090278,2026-02-21 14:00:00,test
10090279,2026-02-21 17:30:00,test
6474130,2026-02-21 18:00:00,test
10090287,2026-02-21 18:00:00,test
6486600,2026-02-21 20:00:00,test
6480560,2026-02-21 21:00:00,test
10090288,2026-02-21 21:00:00,test
10090281,2026-02-21 22:00:00,test
6499796,2026-02-22 14:00:00,test
6501759,2026-02-22 15:00:00,test
10090289,2026-02-22 15:00:00,test
6416415,2026-02-22 15:30:00,test
10090231,2026-02-22 15:30:00,test
10090232,2026-02-22 15:30:00,test
10090247,2026-02-22 15:30:00,test
6416410,2026-02-22 16:30:00,test
6416411,2026-02-22 16:30:00,test
10090234,2026-02-22 16:30:00,test
6416413,2026-02-22 17:00:00,test
6416406,2026-02-22 17:45:00,test
6416407,2026-02-22 17:45:00,test
10090290,2026-02-22 18:00:00,test
6416408,2026-02-22 18:15:00,test
6416409,2026-02-22 18:15:00,test
6416402,2026-02-22 18:45:00,test
6416403,2026-02-22 18:45:00,test
6502877,2026-02-22 18:50:00,test
6501758,2026-02-22 19:00:00,test
6416405,2026-02-22 19:30:00,test
6416396,2026-02-22 20:00:00,test
6416397,2026-02-22 20:00:00,test
6416400,2026-02-22 20:00:00,test
6416404,2026-02-22 20:00:00,test
6416398,2026-02-22 21:00:00,test
6416392,2026-02-22 21:15:00,test
6416393,2026-02-22 21:15:00,test
6416399,2026-02-22 21:15:00,test
6416401,2026-02-22 21:15:00,test
6481394,2026-02-22 21:25:00,test
6519978,2026-02-22 21:45:00,test
6519979,2026-02-22 21:45:00,test
6416389,2026-02-22 22:30:00,test
10090243,2026-02-22 22:30:00,test
6416388,2026-02-22 23:00:00,test
6416395,2026-02-22 23:30:00,test
6416391,2026-02-23 00:00:00,test
10090245,2026-02-23 00:45:00,test
6527261,2026-02-23 12:00:00,test
10090261,2026-02-23 12:00:00,test
10090263,2026-02-23 12:00:00,test
10090264,2026-02-23 12:00:00,test
6533779,2026-02-23 15:00:00,test
10090266,2026-02-23 15:00:00,test
10090267,2026-02-23 15:00:00,test
10090268,2026-02-23 15:00:00,test
10090293,2026-02-23 15:00:00,test
10090294,2026-02-23 18:00:00,test
6535944,2026-02-23 19:00:00,test
10090272,2026-02-23 19:00:00,test
10090295,2026-02-23 21:40:00,test
10090273,2026-02-23 22:00:00,test
10090269,2026-02-24 12:00:00,test
10090301,2026-02-24 12:00:00,test
10090274,2026-02-24 15:00:00,test
10090305,2026-02-24 15:00:00,test
10090270,2026-02-24 18:00:00,test
6546400,2026-02-24 18:40:00,test
10090298,2026-02-24 21:00:00,test
10090304,2026-02-25 12:00:00,test
10090299,2026-02-25 15:00:00,test
6546396,2026-02-25 18:30:00,test
10090302,2026-02-25 22:00:00,test
10090306,2026-02-26 12:00:00,test
10090322,2026-02-26 12:00:00,test
10090347,2026-02-26 13:00:00,test
10090349,2026-02-26 13:15:00,test
10090307,2026-02-26 15:00:00,test
10090323,2026-02-26 15:00:00,test
10090350,2026-02-26 16:50:00,test
10090352,2026-02-26 17:00:00,test
6583116,2026-02-26 18:00:00,test
10090308,2026-02-26 18:00:00,test
6588077,2026-02-26 21:20:00,test
6439895,2026-02-26 21:30:00,test
10090312,2026-02-27 12:00:00,test
10090336,2026-02-27 14:00:00,test
10090353,2026-02-27 14:00:00,test
10090354,2026-02-27 14:00:00,test
10090337,2026-02-27 17:00:00,test
10090310,2026-02-27 18:00:00,test
10090313,2026-02-27 18:00:00,test
6619635,2026-02-27 20:00:00,test
10090311,2026-02-27 21:30:00,test
6620892,2026-02-28 12:00:00,test
10090314,2026-02-28 15:00:00,test
10090317,2026-02-28 18:00:00,test
10090316,2026-02-28 21:05:00,test
10090358,2026-03-01 12:00:00,test
6583936,2026-03-01 13:30:00,test
6583943,2026-03-01 13:30:00,test
10090318,2026-03-01 14:00:00,test
10090359,2026-03-01 15:00:00,test
6583940,2026-03-01 16:00:00,test
6583942,2026-03-01 16:15:00,test
6644437,2026-03-01 17:00:00,test
10090360,2026-03-01 18:00:00,test
6583937,2026-03-01 18:45:00,test
6583941,2026-03-01 18:50:00,test
10090361,2026-03-01 21:00:00,test
6583938,2026-03-01 22:00:00,test
6583939,2026-03-01 22:45:00,test
10090362,2026-03-02 12:00:00,test
10090423,2026-03-02 12:00:00,test
6650159,2026-03-02 13:30:00,test
6650160,2026-03-02 13:30:00,test
10090363,2026-03-02 15:00:00,test
10090428,2026-03-02 15:05:00,test
6650158,2026-03-02 16:15:00,test
6650157,2026-03-02 16:45:00,test
10090364,2026-03-02 18:00:00,test
6650156,2026-03-02 18:30:00,test
10090426,2026-03-02 18:55:00,test
6650155,2026-03-02 19:30:00,test
10090432,2026-03-02 21:15:00,test
10090365,2026-03-02 21:25:00,test
6650153,2026-03-02 21:50:00,test
6650154,2026-03-02 22:55:00,test
10090389,2026-03-03 11:40:00,test
10090394,2026-03-03 11:40:00,test
10090409,2026-03-03 12:00:00,test
10090431,2026-03-03 12:00:00,test
6662750,2026-03-03 13:30:00,test
6662751,2026-03-03 13:30:00,test
10090390,2026-03-03 14:00:00,test
10090395,2026-03-03 14:00:00,test
10090410,2026-03-03 15:00:00,test
10090434,2026-03-03 15:00:00,test
6662749,2026-03-03 16:00:00,test
6662748,2026-03-03 16:40:00,test
10090396,2026-03-03 17:05:00,test
6673874,2026-03-03 17:50:00,test
10090412,2026-03-03 18:00:00,test
10090425,2026-03-03 18:00:00,test
6662747,2026-03-03 18:35:00,test
10090397,2026-03-03 19:15:00,test
10090386,2026-03-03 20:00:00,test
10090411,2026-03-03 21:00:00,test
6662745,2026-03-03 21:05:00,test
6673873,2026-03-03 21:15:00,test
10090429,2026-03-03 21:45:00,test
6676562,2026-03-03 23:15:00,test
6662744,2026-03-03 23:45:00,test
10090393,2026-03-04 00:00:00,test
10090399,2026-03-04 10:00:00,test
10090413,2026-03-04 12:00:00,test
10090433,2026-03-04 12:00:00,test
10090400,2026-03-04 13:00:00,test
10090404,2026-03-04 13:00:00,test
10090414,2026-03-04 14:45:00,test
10090430,2026-03-04 15:00:00,test
6681037,2026-03-04 15:30:00,test
6681038,2026-03-04 15:30:00,test
10090401,2026-03-04 16:00:00,test
10090405,2026-03-04 16:00:00,test
6681036,2026-03-04 18:00:00,test
10090415,2026-03-04 18:00:00,test
10090424,2026-03-04 18:00:00,test
10090402,2026-03-04 19:30:00,test
6681035,2026-03-04 19:50:00,test
10090406,2026-03-04 20:00:00,test
6681034,2026-03-04 20:30:00,test
10090416,2026-03-04 21:00:00,test
6681033,2026-03-04 22:00:00,test
10090403,2026-03-04 23:00:00,test
6660678,2026-03-04 23:40:00,test
6692815,2026-03-05 12:00:00,test
10090446,2026-03-05 12:00:00,test
10090436,2026-03-05 15:00:00,test
10090447,2026-03-05 15:00:00,test
6699408,2026-03-05 15:30:00,test
10090454,2026-03-05 17:00:00,test
10090455,2026-03-05 17:00:00,test
6699407,2026-03-05 18:00:00,test
10090448,2026-03-05 18:00:00,test
6717669,2026-03-05 19:50:00,test
6697558,2026-03-05 20:00:00,test
6697557,2026-03-05 20:25:00,test
6699406,2026-03-05 21:00:00,test
10090449,2026-03-05 21:00:00,test
6718687,2026-03-05 23:00:00,test
6718686,2026-03-06 01:00:00,test
10090459,2026-03-06 01:00:00,test
10090461,2026-03-06 01:00:00,test
10090450,2026-03-06 12:00:00,test
6723217,2026-03-06 13:30:00,test
6723218,2026-03-06 13:30:00,test
10090451,2026-03-06 15:00:00,test
10090462,2026-03-06 15:00:00,test
10090463,2026-03-06 15:00:00,test
6723216,2026-03-06 16:00:00,test
6723215,2026-03-06 16:30:00,test
10090465,2026-03-06 18:00:00,test
10090452,2026-03-06 18:20:00,test
10090464,2026-03-06 18:40:00,test
6723214,2026-03-06 19:00:00,test
10090453,2026-03-06 21:00:00,test
6723211,2026-03-06 21:10:00,test
6723213,2026-03-06 21:10:00,test
10090466,2026-03-06 21:10:00,test
6723212,2026-03-07 00:00:00,test
6745681,2026-03-07 00:40:00,test
6748637,2026-03-07 13:30:00,test
6748638,2026-03-07 13:30:00,test
10090644,2026-03-07 15:00:00,test
6748636,2026-03-07 16:00:00,test
6748635,2026-03-07 17:10:00,test
10090643,2026-03-07 18:40:00,test
6748633,2026-03-07 19:15:00,test
6748634,2026-03-07 19:20:00,test
10090645,2026-03-07 21:20:00,test
6748805,2026-03-07 22:05:00,test
6748632,2026-03-07 22:25:00,test
6771010,2026-03-08 13:30:00,test
6771011,2026-03-08 13:30:00,test
10090646,2026-03-08 15:00:00,test
6771009,2026-03-08 16:00:00,test
6771008,2026-03-08 17:00:00,test
6771007,2026-03-08 18:30:00,test
10090647,2026-03-08 18:40:00,test
6771006,2026-03-08 19:40:00,test
6771005,2026-03-08 21:00:00,test
6771004,2026-03-08 21:30:00,test
10090648,2026-03-08 21:45:00,test
10090649,2026-03-09 09:00:00,test
10090650,2026-03-09 09:00:00,test
10090651,2026-03-09 12:00:00,test
10090652,2026-03-09 12:00:00,test
10090683,2026-03-09 15:00:00,test
6811662,2026-03-09 15:20:00,test
6796584,2026-03-09 15:30:00,test
6796585,2026-03-09 15:30:00,test
6796583,2026-03-09 18:00:00,test
10090684,2026-03-09 18:00:00,test
10090654,2026-03-09 18:15:00,test
10090655,2026-03-09 18:15:00,test
6796581,2026-03-09 18:45:00,test
6796580,2026-03-09 20:30:00,test
10090685,2026-03-09 21:35:00,test
6817739,2026-03-09 21:50:00,test
10090657,2026-03-09 21:50:00,test
6796582,2026-03-09 22:30:00,test
10090658,2026-03-10 00:15:00,test
10090659,2026-03-10 09:00:00,test
10090660,2026-03-10 09:00:00,test
10090701,2026-03-10 12:00:00,test
10090661,2026-03-10 12:10:00,test
10090662,2026-03-10 12:10:00,test
10090702,2026-03-10 15:00:00,test
6820857,2026-03-10 15:30:00,test
10090663,2026-03-10 16:10:00,test
10090703,2026-03-10 18:25:00,test
10090664,2026-03-10 18:30:00,test
10090665,2026-03-10 18:30:00,test
6820856,2026-03-10 18:45:00,test
10090666,2026-03-10 21:05:00,test
10090667,2026-03-10 21:15:00,test
10090704,2026-03-10 21:30:00,test
6820855,2026-03-10 22:00:00,test
6845288,2026-03-11 00:10:00,test
10090705,2026-03-11 12:00:00,test
10090706,2026-03-11 15:00:00,test
10090764,2026-03-11 15:00:00,test
10090763,2026-03-11 18:00:00,test
10090765,2026-03-11 18:00:00,test
6821501,2026-03-11 18:45:00,test
10090708,2026-03-11 21:00:00,test
10090766,2026-03-11 21:00:00,test
6860682,2026-03-12 12:00:00,test
10090767,2026-03-12 12:00:00,test
10090709,2026-03-12 13:00:00,test
10090710,2026-03-12 13:00:00,test
10090711,2026-03-12 14:15:00,test
10090712,2026-03-12 14:15:00,test
10090801,2026-03-12 15:00:00,test
10090713,2026-03-12 15:30:00,test
10090714,2026-03-12 15:30:00,test
6869257,2026-03-12 16:25:00,test
10090715,2026-03-12 17:00:00,test
10090716,2026-03-12 17:00:00,test
6782456,2026-03-12 18:30:00,test
6782457,2026-03-12 18:30:00,test
10090749,2026-03-12 18:45:00,test
6886321,2026-03-12 19:00:00,test
10090719,2026-03-12 20:30:00,test
10090720,2026-03-12 20:40:00,test
10090841,2026-03-12 21:15:00,test
6866139,2026-03-12 22:00:00,test
10090722,2026-03-12 22:10:00,test
6782433,2026-03-12 22:15:00,test
10090723,2026-03-12 23:10:00,test
10090724,2026-03-12 23:30:00,test
6782428,2026-03-13 00:30:00,test
6782429,2026-03-13 00:30:00,test
6782427,2026-03-13 02:00:00,test
10090728,2026-03-13 02:00:00,test
6846776,2026-03-13 12:00:00,test
10090729,2026-03-13 13:00:00,test
10090730,2026-03-13 13:00:00,test
6886531,2026-03-13 14:00:00,test
10090731,2026-03-13 14:15:00,test
10090732,2026-03-13 14:15:00,test
6846775,2026-03-13 15:15:00,test
10090733,2026-03-13 15:30:00,test
10090734,2026-03-13 15:30:00,test
10090735,2026-03-13 16:45:00,test
10090736,2026-03-13 16:45:00,test
10090842,2026-03-13 17:15:00,test
10090737,2026-03-13 18:20:00,test
10090738,2026-03-13 18:20:00,test
6846774,2026-03-13 19:00:00,test
10090739,2026-03-13 20:30:00,test
10090740,2026-03-13 20:30:00,test
10090844,2026-03-13 21:30:00,test
10090742,2026-03-13 22:20:00,test
10090741,2026-03-13 22:30:00,test
6846773,2026-03-13 23:30:00,test
10090743,2026-03-13 23:30:00,test
6782440,2026-03-13 23:40:00,test
10090745,2026-03-14 00:30:00,test
10090746,2026-03-14 00:30:00,test
10090747,2026-03-14 01:30:00,test
10090748,2026-03-14 01:30:00,test
10090845,2026-03-14 14:00:00,test
10090847,2026-03-14 17:30:00,test
6908080,2026-03-14 17:45:00,test
6909892,2026-03-14 21:30:00,test
10090846,2026-03-14 21:30:00,test
10090848,2026-03-14 21:30:00,test
10090849,2026-03-15 14:00:00,test
6928140,2026-03-15 15:30:00,test
6928141,2026-03-15 19:15:00,test
10090850,2026-03-15 19:15:00,test
10090852,2026-03-15 22:00:00,test
10090851,2026-03-15 22:55:00,test
10090868,2026-03-16 17:30:00,test
10090869,2026-03-16 20:00:00,test
6495930,2026-03-18 13:00:00,test
6495929,2026-03-18 15:50:00,test
6495928,2026-03-18 20:30:00,test
6495927,2026-03-19 00:50:00,test
6495926,2026-03-19 13:00:00,test
6495925,2026-03-19 17:00:00,test
6495924,2026-03-19 19:50:00,test
6495923,2026-03-19 22:35:00,test
7016953,2026-03-20 14:00:00,test
7024959,2026-03-20 16:30:00,test
7016954,2026-03-20 20:15:00,test
7024961,2026-03-20 23:30:00,test
7042616,2026-03-21 14:00:00,test
7048401,2026-03-21 17:45:00,test
7042617,2026-03-21 21:35:00,test
7048403,2026-03-22 00:10:00,test
7073663,2026-03-22 14:00:00,test
7076648,2026-03-22 17:25:00,test
7101081,2026-03-22 20:40:00,test
7098612,2026-03-22 23:20:00,test
7076650,2026-03-23 14:00:00,test
10091046,2026-03-23 14:00:00,test
7119182,2026-03-23 16:30:00,test
10091047,2026-03-23 17:15:00,test
10091090,2026-03-23 20:40:00,test
7101083,2026-03-23 20:50:00,test
7124116,2026-03-23 23:45:00,test
10091048,2026-03-24 14:00:00,test
10091049,2026-03-24 17:00:00,test
10091093,2026-03-24 20:00:00,test
10091050,2026-03-25 14:00:00,test
10091104,2026-03-25 15:00:00,test
10091106,2026-03-25 15:00:00,test
10091108,2026-03-25 15:00:00,test
10091102,2026-03-25 15:10:00,test
10091051,2026-03-25 17:00:00,test
10091109,2026-03-25 18:00:00,test
10091111,2026-03-25 18:00:00,test
10091115,2026-03-25 18:10:00,test
10091113,2026-03-25 19:40:00,test
10091097,2026-03-25 20:00:00,test
10091107,2026-03-25 21:30:00,test
10091052,2026-03-26 14:00:00,test
10091053,2026-03-26 14:00:00,test
10091105,2026-03-26 15:00:00,test
10091112,2026-03-26 15:00:00,test
10091117,2026-03-26 17:00:00,test
10091118,2026-03-26 17:00:00,test
10091120,2026-03-26 19:00:00,test
10091119,2026-03-26 20:30:00,test
7207001,2026-03-26 21:15:00,test
10091123,2026-03-27 14:00:00,test
7148752,2026-03-27 17:00:00,test
10091124,2026-03-27 17:00:00,test
7148751,2026-03-27 19:35:00,test
10091125,2026-03-27 20:00:00,test
10091126,2026-03-27 23:00:00,test
10091130,2026-03-28 13:00:00,test
10091131,2026-03-28 13:00:00,test
10091127,2026-03-28 14:00:00,test
10091132,2026-03-28 14:30:00,test
10091133,2026-03-28 14:30:00,test
10091134,2026-03-28 15:30:00,test
10091135,2026-03-28 15:30:00,test
10091136,2026-03-28 16:45:00,test
10091137,2026-03-28 16:55:00,test
7227693,2026-03-28 17:00:00,test
10091128,2026-03-28 17:00:00,test
10091138,2026-03-28 18:00:00,test
10091139,2026-03-28 18:00:00,test
7230540,2026-03-28 19:40:00,test
10091129,2026-03-28 20:00:00,test
10091140,2026-03-28 20:30:00,test
10091141,2026-03-28 20:30:00,test
7159156,2026-03-28 21:45:00,test
10091143,2026-03-28 21:45:00,test
10091144,2026-03-28 23:00:00,test
10091145,2026-03-28 23:00:00,test
7159152,2026-03-29 01:05:00,test
10091147,2026-03-29 01:05:00,test
10091148,2026-03-29 02:00:00,test
10091149,2026-03-29 02:00:00,test
10091150,2026-03-29 12:00:00,test
10091151,2026-03-29 12:00:00,test
7159145,2026-03-29 13:30:00,test
7159146,2026-03-29 13:30:00,test
7255854,2026-03-29 13:30:00,test
7159143,2026-03-29 15:00:00,test
10091154,2026-03-29 15:00:00,test
10091156,2026-03-29 17:45:00,test
10091157,2026-03-29 17:45:00,test
7159139,2026-03-29 19:00:00,test
7159140,2026-03-29 19:00:00,test
10091160,2026-03-29 20:15:00,test
10091161,2026-03-29 20:15:00,test
7159135,2026-03-29 21:40:00,test
7159136,2026-03-29 21:40:00,test
7159133,2026-03-29 22:45:00,test
7159134,2026-03-29 22:45:00,test
10091171,2026-03-30 11:00:00,test
10091172,2026-03-30 11:00:00,test
7282201,2026-03-30 14:30:00,test
7282202,2026-03-30 15:45:00,test
7298778,2026-03-30 20:10:00,test
7298792,2026-03-30 20:40:00,test
7298807,2026-03-31 00:40:00,test
7298808,2026-03-31 00:40:00,test
7287898,2026-03-31 14:00:00,test
7287899,2026-03-31 14:00:00,test
7298777,2026-03-31 14:00:00,test
7298794,2026-03-31 14:00:00,test
7298796,2026-03-31 14:00:00,test
7287897,2026-03-31 17:00:00,test
7298852,2026-03-31 17:20:00,test
10091445,2026-03-31 17:20:00,test
7298853,2026-03-31 17:30:00,test
7298867,2026-03-31 19:10:00,test
7287896,2026-03-31 20:30:00,test
7298877,2026-03-31 21:30:00,test
7298854,2026-03-31 21:35:00,test
7298868,2026-03-31 21:40:00,test
7298880,2026-03-31 22:15:00,test
7298858,2026-04-01 11:00:00,test
7151028,2026-04-01 13:00:00,test
7298886,2026-04-01 14:00:00,test
7151027,2026-04-01 15:30:00,test
7298889,2026-04-01 16:00:00,test
7298894,2026-04-01 16:00:00,test
10092668,2026-04-01 16:00:00,test
10092669,2026-04-01 16:00:00,test
10092671,2026-04-01 16:00:00,test
10092672,2026-04-01 16:00:00,test
10092673,2026-04-01 16:00:00,test
10092674,2026-04-01 16:00:00,test
10092675,2026-04-01 16:00:00,test
7298857,2026-04-01 18:00:00,test
7151026,2026-04-01 18:20:00,test
10092676,2026-04-01 20:00:00,test
10092678,2026-04-01 20:00:00,test
10092679,2026-04-01 20:00:00,test
10092680,2026-04-01 20:00:00,test
10092681,2026-04-01 20:00:00,test
10092682,2026-04-01 20:00:00,test
10092683,2026-04-01 20:00:00,test
7298895,2026-04-01 20:05:00,test
10091453,2026-04-01 20:10:00,test
7298885,2026-04-01 20:15:00,test
7151025,2026-04-01 20:30:00,test
10091598,2026-04-02 09:00:00,test
10091599,2026-04-02 09:00:00,test
7298940,2026-04-02 11:00:00,test
10091600,2026-04-02 11:35:00,test
10091601,2026-04-02 12:00:00,test
7298932,2026-04-02 13:00:00,test
10091602,2026-04-02 13:50:00,test
7298965,2026-04-02 14:00:00,test
7298986,2026-04-02 15:30:00,test
10091455,2026-04-02 16:00:00,test
10091613,2026-04-02 16:45:00,test
7298964,2026-04-02 17:30:00,test
10091614,2026-04-02 17:35:00,test
7298931,2026-04-02 18:00:00,test
7299028,2026-04-02 20:00:00,test
10092684,2026-04-02 20:00:00,test
10092685,2026-04-02 20:00:00,test
10092686,2026-04-02 20:00:00,test
10092687,2026-04-02 20:00:00,test
10092688,2026-04-02 20:00:00,test
10092689,2026-04-02 20:00:00,test
10092690,2026-04-02 20:00:00,test
10092691,2026-04-02 20:00:00,test
10091615,2026-04-02 20:15:00,test
10091616,2026-04-02 20:15:00,test
7299031,2026-04-02 20:20:00,test
7298985,2026-04-02 20:45:00,test
10091617,2026-04-03 00:35:00,test
10091608,2026-04-03 09:00:00,test
10091609,2026-04-03 09:00:00,test
10091567,2026-04-03 10:00:00,test
10091610,2026-04-03 11:05:00,test
10091611,2026-04-03 11:05:00,test
7298959,2026-04-03 11:55:00,test
7299043,2026-04-03 13:00:00,test
7299050,2026-04-03 13:00:00,test
7298958,2026-04-03 13:30:00,test
10091612,2026-04-03 14:35:00,test
7299054,2026-04-03 15:30:00,test
7298957,2026-04-03 16:40:00,test
7299109,2026-04-03 17:00:00,test
10091604,2026-04-03 17:40:00,test
10091603,2026-04-03 18:00:00,test
7298956,2026-04-03 18:30:00,test
7299111,2026-04-03 19:45:00,test
10092692,2026-04-03 20:00:00,test
10092693,2026-04-03 20:00:00,test
10092694,2026-04-03 20:00:00,test
10092695,2026-04-03 20:00:00,test
10092697,2026-04-03 20:00:00,test
10092698,2026-04-03 20:00:00,test
10092699,2026-04-03 20:00:00,test
7298955,2026-04-03 20:45:00,test
10091605,2026-04-03 21:00:00,test
10091606,2026-04-03 21:00:00,test
10091607,2026-04-04 01:30:00,test
7298929,2026-04-04 10:00:00,test
7298930,2026-04-04 10:00:00,test
7298953,2026-04-04 10:00:00,test
7298954,2026-04-04 10:00:00,test
7298951,2026-04-04 11:35:00,test
7298952,2026-04-04 11:35:00,test
7299152,2026-04-04 12:00:00,test
7298928,2026-04-04 13:00:00,test
7298925,2026-04-04 14:50:00,test
7298926,2026-04-04 14:55:00,test
7298949,2026-04-04 15:00:00,test
7298950,2026-04-04 15:00:00,test
7299151,2026-04-04 15:00:00,test
7299126,2026-04-04 16:00:00,test
7298924,2026-04-04 17:00:00,test
7299150,2026-04-04 17:20:00,test
7298948,2026-04-04 18:30:00,test
7299183,2026-04-04 19:00:00,test
10091552,2026-04-04 19:00:00,test
7298947,2026-04-04 19:40:00,test
10092702,2026-04-04 20:00:00,test
10092703,2026-04-04 20:00:00,test
10092704,2026-04-04 20:00:00,test
7299149,2026-04-04 20:10:00,test
7298946,2026-04-04 21:05:00,test
7299198,2026-04-05 10:00:00,test
7299199,2026-04-05 10:00:00,test
7299207,2026-04-05 11:00:00,test
10091632,2026-04-05 11:00:00,test
7299196,2026-04-05 11:40:00,test
7299181,2026-04-05 12:00:00,test
7299197,2026-04-05 13:40:00,test
7299205,2026-04-05 14:00:00,test
7299206,2026-04-05 14:00:00,test
7299194,2026-04-05 14:45:00,test
7299201,2026-04-05 15:00:00,test
7299195,2026-04-05 17:05:00,test
7299245,2026-04-05 17:10:00,test
7299192,2026-04-05 17:25:00,test
7299243,2026-04-05 18:10:00,test
7299246,2026-04-05 18:10:00,test
7299244,2026-04-05 19:15:00,test
10092700,2026-04-05 20:00:00,test
10092701,2026-04-05 20:00:00,test
10092707,2026-04-05 20:00:00,test
7299252,2026-04-05 21:00:00,test
10091641,2026-04-05 21:00:00,test
7299262,2026-04-06 10:00:00,test
7299263,2026-04-06 10:00:00,test
7299260,2026-04-06 13:15:00,test
7299261,2026-04-06 13:15:00,test
7299258,2026-04-06 15:40:00,test
7299259,2026-04-06 16:00:00,test
7299256,2026-04-06 17:50:00,test
7299257,2026-04-06 18:05:00,test
10092710,2026-04-06 20:00:00,test
7299322,2026-04-07 10:00:00,test
7299323,2026-04-07 10:00:00,test
7299320,2026-04-07 12:00:00,test
7299321,2026-04-07 12:05:00,test
7299319,2026-04-07 14:00:00,test
7299318,2026-04-07 14:20:00,test
10092706,2026-04-07 20:00:00,test
10092712,2026-04-07 20:00:00,test
7299346,2026-04-08 10:00:00,test
7299345,2026-04-08 13:20:00,test
7299344,2026-04-08 15:30:00,test
10092713,2026-04-08 20:00:00,test
7299418,2026-04-09 10:00:00,test
7299417,2026-04-09 13:30:00,test
7299568,2026-04-09 16:00:00,test
7299415,2026-04-09 19:15:00,test
10092709,2026-04-09 20:00:00,test
7299577,2026-04-10 17:00:00,test
7299594,2026-04-10 19:50:00,test
7299631,2026-04-11 15:00:00,test
7299632,2026-04-11 17:00:00,test
7299086,2026-04-13 16:00:00,test
10091560,2026-04-13 16:00:00,test
10091561,2026-04-13 18:30:00,test
7299087,2026-04-13 19:15:00,test
7299091,2026-04-13 21:00:00,test
7299089,2026-04-13 21:30:00,test
7299092,2026-04-13 23:45:00,test
7299090,2026-04-14 00:30:00,test
7299709,2026-04-14 16:00:00,test
7299710,2026-04-14 16:00:00,test
7299711,2026-04-14 19:10:00,test
7299712,2026-04-14 19:45:00,test
7299733,2026-04-14 21:25:00,test
7299734,2026-04-14 21:25:00,test
7299735,2026-04-14 23:30:00,test
7299736,2026-04-15 00:35:00,test
7299749,2026-04-15 16:00:00,test
7299750,2026-04-15 16:00:00,test
7299751,2026-04-15 18:30:00,test
7299753,2026-04-15 19:00:00,test
7299748,2026-04-15 21:00:00,test
7299784,2026-04-15 21:00:00,test
7299785,2026-04-15 23:30:00,test
7299752,2026-04-16 00:30:00,test
7299795,2026-04-17 18:00:00,test
7299794,2026-04-17 21:15:00,test
7299888,2026-04-18 18:00:00,test
7299894,2026-04-18 21:15:00,test
7299912,2026-04-19 16:30:00,test
7299911,2026-04-19 20:00:00,test
10092209,2026-04-21 19:30:00,test
10092215,2026-04-22 14:00:00,test
10092216,2026-04-22 17:10:00,test
10092217,2026-04-22 23:00:00,test
10092218,2026-04-23 14:00:00,test
10092593,2026-04-23 16:00:00,test
10092594,2026-04-23 16:00:00,test
10092595,2026-04-23 16:00:00,test
10092596,2026-04-23 16:00:00,test
10092597,2026-04-23 16:00:00,test
10092598,2026-04-23 16:00:00,test
10092599,2026-04-23 16:00:00,test
10092600,2026-04-23 16:00:00,test
10092219,2026-04-23 16:30:00,test
10092601,2026-04-23 20:00:00,test
10092602,2026-04-23 20:00:00,test
10092603,2026-04-23 20:00:00,test
10092604,2026-04-23 20:00:00,test
10092605,2026-04-23 20:00:00,test
10092606,2026-04-23 20:00:00,test
10092607,2026-04-23 20:00:00,test
10092608,2026-04-23 20:00:00,test
10092214,2026-04-23 21:30:00,test
10092356,2026-04-24 11:00:00,test
10092279,2026-04-24 13:00:00,test
10092366,2026-04-24 14:00:00,test
10092282,2026-04-24 16:00:00,test
10092363,2026-04-24 17:00:00,test
10092365,2026-04-24 20:00:00,test
10092359,2026-04-25 11:00:00,test
10092368,2026-04-25 15:00:00,test
10092609,2026-04-25 16:00:00,test
10092610,2026-04-25 16:00:00,test
10092612,2026-04-25 16:00:00,test
10092613,2026-04-25 16:00:00,test
10092614,2026-04-25 16:00:00,test
10092615,2026-04-25 16:00:00,test
10092616,2026-04-25 16:00:00,test
10092611,2026-04-25 16:20:00,test
10092360,2026-04-25 18:30:00,test
10092617,2026-04-25 20:00:00,test
10092618,2026-04-25 20:00:00,test
10092619,2026-04-25 20:00:00,test
10092620,2026-04-25 20:00:00,test
10092621,2026-04-25 20:00:00,test
10092622,2026-04-25 20:00:00,test
10092623,2026-04-25 20:00:00,test
10092624,2026-04-25 20:00:00,test
10092362,2026-04-25 21:00:00,test
10092283,2026-04-25 21:45:00,test
10092358,2026-04-26 11:00:00,test
10092364,2026-04-26 14:00:00,test
10092284,2026-04-26 15:00:00,test
7300309,2026-04-26 17:00:00,test
10092344,2026-04-26 18:00:00,test
10092626,2026-04-26 20:00:00,test
10092627,2026-04-26 20:00:00,test
10092628,2026-04-26 20:00:00,test
10092629,2026-04-26 20:00:00,test
10092630,2026-04-26 20:00:00,test
10092631,2026-04-26 20:00:00,test
10092632,2026-04-26 20:00:00,test
10092633,2026-04-26 20:00:00,test
10092367,2026-04-26 20:20:00,test
10092370,2026-04-27 11:00:00,test
7300347,2026-04-27 14:00:00,test
7300406,2026-04-27 17:00:00,test
10092649,2026-04-27 20:00:00,test
10092650,2026-04-27 20:00:00,test
10092651,2026-04-27 20:00:00,test
10092652,2026-04-27 20:00:00,test
10092661,2026-04-27 20:00:00,test
10092662,2026-04-27 20:00:00,test
10092665,2026-04-27 20:00:00,test
10092666,2026-04-27 20:00:00,test
10092653,2026-04-28 20:00:00,test
10092654,2026-04-28 20:00:00,test
10092655,2026-04-28 20:00:00,test
10092656,2026-04-28 20:00:00,test
7299579,2026-04-29 18:00:00,test
10092657,2026-04-29 20:00:00,test
10092658,2026-04-29 20:00:00,test
10092663,2026-04-29 20:00:00,test
10092667,2026-04-29 20:00:00,test
7299578,2026-04-29 21:05:00,test
7299581,2026-04-29 23:15:00,test
7299580,2026-04-30 01:30:00,test
10092564,2026-04-30 18:00:00,test
7300568,2026-04-30 19:55:00,test
10092659,2026-04-30 20:00:00,test
10092660,2026-04-30 20:00:00,test
7300605,2026-04-30 23:30:00,test
7300606,2026-05-01 02:30:00,test
10092714,2026-05-01 20:10:00,test
10092664,2026-05-01 20:35:00,test
10092568,2026-05-01 22:30:00,test
7300742,2026-05-02 02:40:00,test
7300763,2026-05-02 20:00:00,test
7300769,2026-05-02 20:30:00,test
7300789,2026-05-02 23:05:00,test
10092831,2026-05-03 11:00:00,test
10092833,2026-05-03 14:20:00,test
10092834,2026-05-03 17:00:00,test
10092741,2026-05-03 20:00:00,test
10092835,2026-05-03 20:00:00,test
7300825,2026-05-03 20:30:00,test
10092836,2026-05-04 11:00:00,test
10092837,2026-05-04 14:00:00,test
7300818,2026-05-04 17:00:00,test
7300817,2026-05-04 20:00:00,test
10092860,2026-05-05 11:00:00,test
10092861,2026-05-05 14:00:00,test
10092862,2026-05-05 17:00:00,test
10092863,2026-05-05 20:00:00,test
7300906,2026-05-06 11:00:00,test
7300905,2026-05-06 14:00:00,test
10092866,2026-05-06 17:00:00,test
10092888,2026-05-06 17:00:00,test
7300903,2026-05-06 20:00:00,test
7300992,2026-05-07 11:00:00,test
7300991,2026-05-07 14:00:00,test
7300990,2026-05-07 17:00:00,test
7300989,2026-05-07 20:00:00,test
7300988,2026-05-08 11:00:00,test
7300987,2026-05-08 14:00:00,test
7300986,2026-05-08 17:20:00,test
7300985,2026-05-08 20:00:00,test
7300886,2026-05-09 08:00:00,test
7300887,2026-05-09 08:00:00,test
7300884,2026-05-09 10:00:00,test
7300885,2026-05-09 10:10:00,test
7300890,2026-05-09 13:00:00,test
7300883,2026-05-09 13:30:00,test
10092940,2026-05-09 14:00:00,test
7300889,2026-05-09 15:00:00,test
7300888,2026-05-09 15:35:00,test
7301077,2026-05-09 17:05:00,test
7301076,2026-05-09 20:00:00,test
7301098,2026-05-10 08:00:00,test
7301099,2026-05-10 08:00:00,test
7301104,2026-05-10 11:15:00,test
7301105,2026-05-10 11:40:00,test
7301102,2026-05-10 13:05:00,test
10092943,2026-05-10 14:00:00,test
7301103,2026-05-10 14:20:00,test
7301100,2026-05-10 14:50:00,test
7301101,2026-05-10 16:10:00,test
7301074,2026-05-10 17:00:00,test
7301073,2026-05-10 20:00:00,test
7301168,2026-05-11 08:00:00,test
7301169,2026-05-11 08:00:00,test
7301166,2026-05-11 09:50:00,test
7301167,2026-05-11 10:25:00,test
7301164,2026-05-11 13:00:00,test
7301165,2026-05-11 13:00:00,test
10093027,2026-05-11 14:00:00,test
10093010,2026-05-11 15:55:00,test
7301163,2026-05-11 16:10:00,test
10093028,2026-05-11 17:00:00,test
7300795,2026-05-11 18:30:00,test
7300797,2026-05-11 18:30:00,test
10093029,2026-05-11 20:00:00,test
7300798,2026-05-11 21:00:00,test
7300796,2026-05-11 21:40:00,test
7300794,2026-05-11 23:30:00,test
7300793,2026-05-12 00:10:00,test
7300791,2026-05-12 02:00:00,test
7300792,2026-05-12 03:25:00,test
7301214,2026-05-12 08:00:00,test
7301215,2026-05-12 08:00:00,test
7301213,2026-05-12 10:50:00,test
7301212,2026-05-12 11:00:00,test
7301223,2026-05-12 11:00:00,test
7301236,2026-05-12 14:00:00,test
7301210,2026-05-12 14:30:00,test
7301211,2026-05-12 14:30:00,test
10093061,2026-05-12 17:00:00,test
7301233,2026-05-12 18:30:00,test
7301237,2026-05-12 18:30:00,test
7301221,2026-05-12 20:00:00,test
7301234,2026-05-12 21:00:00,test
7301238,2026-05-12 21:00:00,test
7301240,2026-05-13 00:09:00,test
7301239,2026-05-13 01:05:00,test
7301250,2026-05-13 03:00:00,test
7301249,2026-05-13 04:15:00,test
7301279,2026-05-13 08:00:00,test
7301278,2026-05-13 10:30:00,test
7301220,2026-05-13 11:00:00,test
7301277,2026-05-13 13:00:00,test
7301235,2026-05-13 14:00:00,test
10093067,2026-05-13 17:00:00,test
7301282,2026-05-13 18:30:00,test
7301285,2026-05-13 18:30:00,test
7301218,2026-05-13 20:00:00,test
7301287,2026-05-13 21:00:00,test
7301315,2026-05-13 21:00:00,test
7301284,2026-05-13 23:30:00,test
10092998,2026-05-13 23:30:00,test
7301338,2026-05-14 02:00:00,test
7301286,2026-05-14 02:30:00,test
7301283,2026-05-14 11:00:00,test
7301346,2026-05-14 14:00:00,test
7301334,2026-05-14 17:00:00,test
7301262,2026-05-14 20:00:00,test
7301332,2026-05-15 08:00:00,test
7301331,2026-05-15 11:00:00,test
7301398,2026-05-15 13:00:00,test
7301330,2026-05-15 14:25:00,test
7301416,2026-05-15 16:00:00,test
7301329,2026-05-15 18:40:00,test
7301523,2026-05-15 19:00:00,test
10092990,2026-05-15 20:15:00,test
7301371,2026-05-16 00:30:00,test
7301519,2026-05-16 13:00:00,test
7301526,2026-05-16 16:00:00,test
7301532,2026-05-16 20:15:00,test
7301527,2026-05-17 00:05:00,test
7301564,2026-05-17 11:00:00,test
7301563,2026-05-17 14:00:00,test
7301585,2026-05-17 17:55:00,test
7301584,2026-05-17 21:25:00,test
7301020,2026-05-20 06:15:00,test
7301021,2026-05-20 06:15:00,test
7301022,2026-05-20 07:20:00,test
7301023,2026-05-20 07:20:00,test
7301016,2026-05-20 08:15:00,test
7301017,2026-05-20 08:30:00,test
7301019,2026-05-20 09:30:00,test
10092908,2026-05-20 09:45:00,test
7301746,2026-05-20 11:00:00,test
7301748,2026-05-20 11:00:00,test
7301752,2026-05-20 13:45:00,test
7301750,2026-05-20 14:20:00,test
7301745,2026-05-21 06:00:00,test
7301749,2026-05-21 06:00:00,test
7301747,2026-05-21 09:10:00,test
7301751,2026-05-21 09:55:00,test
7301801,2026-05-21 12:25:00,test
7301796,2026-05-21 12:35:00,test
7301803,2026-05-21 15:30:00,test
7301802,2026-05-21 15:50:00,test
7301753,2026-05-22 06:00:00,test
7301777,2026-05-22 06:00:00,test
7301812,2026-05-22 08:15:00,test
7301811,2026-05-22 09:00:00,test
7301853,2026-05-22 11:45:00,test
7301862,2026-05-22 12:00:00,test
7301891,2026-05-23 08:00:00,test
7301900,2026-05-23 12:25:00,test
7301930,2026-05-24 06:00:00,test
7301931,2026-05-24 09:00:00,test
7301665,2026-05-25 09:00:00,test
7301666,2026-05-25 09:00:00,test
7302030,2026-05-25 12:00:00,test
7302031,2026-05-25 12:00:00,test
7302034,2026-05-25 16:40:00,test
7301661,2026-05-25 18:50:00,test
7301662,2026-05-25 18:50:00,test
7302038,2026-05-25 21:45:00,test
7302039,2026-05-25 21:45:00,test
10093381,2026-05-26 00:35:00,test
7301663,2026-05-26 09:00:00,test
7301664,2026-05-26 09:00:00,test
7302072,2026-05-26 12:30:00,test
7302073,2026-05-26 12:30:00,test
7302075,2026-05-26 15:15:00,test
7301659,2026-05-26 18:00:00,test
7301660,2026-05-26 18:00:00,test
7302022,2026-05-26 20:00:00,test
7302084,2026-05-26 20:30:00,test
7302085,2026-05-26 20:30:00,test
7302088,2026-05-26 22:45:00,test
7302108,2026-05-27 11:00:00,test
7302112,2026-05-27 12:00:00,test
10093486,2026-05-27 13:00:00,test
7302107,2026-05-27 14:00:00,test
7302111,2026-05-27 15:00:00,test
10093488,2026-05-27 15:50:00,test
10093438,2026-05-27 17:00:00,test
10093487,2026-05-27 17:50:00,test
10093429,2026-05-27 18:30:00,test
10093489,2026-05-27 19:45:00,test
7302021,2026-05-27 20:00:00,test
10093439,2026-05-27 20:00:00,test
7302109,2026-05-27 20:55:00,test
7302104,2026-05-28 11:00:00,test
7302126,2026-05-28 12:00:00,test
7302103,2026-05-28 14:00:00,test
7302151,2026-05-28 15:00:00,test
10093491,2026-05-28 16:45:00,test
7302102,2026-05-28 18:00:00,test
10093434,2026-05-28 18:00:00,test
7302155,2026-05-28 20:00:00,test
10093442,2026-05-28 20:15:00,test
10093496,2026-05-28 20:35:00,test
7302173,2026-05-28 21:00:00,test
10093497,2026-05-28 23:45:00,test
7302181,2026-05-29 11:00:00,test
7302184,2026-05-29 13:00:00,test
10093490,2026-05-29 13:00:00,test
7302183,2026-05-29 14:00:00,test
7302193,2026-05-29 17:25:00,test
10093459,2026-05-29 17:55:00,test
7302194,2026-05-29 19:45:00,test
7302175,2026-05-29 21:30:00,test
7302216,2026-05-29 21:30:00,test
7302212,2026-05-30 13:00:00,test
7302225,2026-05-30 16:00:00,test
10093469,2026-05-30 16:30:00,test
7302247,2026-05-30 19:00:00,test
7302246,2026-05-30 19:30:00,test
10093794,2026-06-09 11:00:00,test
10093795,2026-06-09 14:00:00,test
7302548,2026-06-09 17:00:00,test
7302547,2026-06-09 20:00:00,test
7302558,2026-06-10 11:00:00,test
7302557,2026-06-10 14:00:00,test
10093800,2026-06-10 17:00:00,test
7302545,2026-06-10 20:30:00,test
7302601,2026-06-11 11:00:00,test
7302600,2026-06-11 14:00:00,test
10093937,2026-06-11 17:00:00,test
7302598,2026-06-11 20:00:00,test
7302597,2026-06-12 11:00:00,test
10093940,2026-06-12 14:00:00,test
10093941,2026-06-12 17:00:00,test
10093942,2026-06-12 20:15:00,test
10094046,2026-06-13 11:00:00,test
10094047,2026-06-13 14:00:00,test
10094048,2026-06-13 17:20:00,test
7302678,2026-06-13 20:00:00,test
7302677,2026-06-14 11:00:00,test
10094074,2026-06-14 13:30:00,test
10094051,2026-06-14 14:00:00,test
7302727,2026-06-14 16:30:00,test
7302675,2026-06-14 17:00:00,test
7302674,2026-06-14 20:00:00,test
10094075,2026-06-15 11:00:00,test
10094076,2026-06-15 13:30:00,test
7302757,2026-06-15 14:00:00,test
7302756,2026-06-15 17:25:00,test
10094149,2026-06-15 20:00:00,test
10094077,2026-06-16 11:00:00,test
7302754,2026-06-16 14:00:00,test
7302723,2026-06-16 14:30:00,test
10094145,2026-06-16 18:00:00,test
10094146,2026-06-16 21:00:00,test
7302722,2026-06-17 11:00:00,test
7302797,2026-06-17 14:00:00,test
10094080,2026-06-17 14:15:00,test
10094151,2026-06-17 18:00:00,test
7302795,2026-06-17 20:00:00,test
7302821,2026-06-18 11:00:00,test
7302767,2026-06-18 13:30:00,test
10094202,2026-06-18 14:00:00,test
7302742,2026-06-18 16:30:00,test
10094198,2026-06-18 17:00:00,test
10094199,2026-06-18 20:00:00,test
10094083,2026-06-19 11:00:00,test
10094196,2026-06-19 11:00:00,test
7302813,2026-06-19 14:00:00,test
7302826,2026-06-19 14:00:00,test
7302827,2026-06-19 17:00:00,test
7302828,2026-06-19 20:45:00,test
7302843,2026-06-20 11:00:00,test
7302855,2026-06-20 13:30:00,test
7302864,2026-06-20 14:00:00,test
10094277,2026-06-20 17:15:00,test
7302847,2026-06-20 21:15:00,test
7302868,2026-06-21 11:00:00,test
7302870,2026-06-21 13:00:00,test
7302875,2026-06-21 16:00:00,test
